INFO: 2026-02-25 19:17:07,495 - STARTING LOOP
INFO: 2026-02-25 19:17:07,495 - Nothing to insert into the database!
INFO: 2026-02-25 19:17:07,495 - FINISHED LOOP

INFO: 2026-02-25 19:18:20,077 - STARTING LOOP
INFO: 2026-02-25 19:18:20,077 - Nothing to insert into the database!
INFO: 2026-02-25 19:18:20,077 - FINISHED LOOP

INFO: 2026-02-25 19:23:07,902 - STARTING LOOP
INFO: 2026-02-25 19:23:07,902 - Nothing to insert into the database!
INFO: 2026-02-25 19:23:07,903 - FINISHED LOOP

INFO: 2026-02-25 19:24:04,554 - STARTING LOOP
INFO: 2026-02-25 19:24:04,555 - Nothing to insert into the database!
INFO: 2026-02-25 19:24:04,555 - FINISHED LOOP

INFO: 2026-02-25 19:25:09,635 - STARTING LOOP
INFO: 2026-02-25 19:25:09,636 - Nothing to insert into the database!
INFO: 2026-02-25 19:25:09,636 - FINISHED LOOP

INFO: 2026-02-25 19:26:09,380 - STARTING LOOP
INFO: 2026-02-25 19:26:09,381 - Nothing to insert into the database!
INFO: 2026-02-25 19:26:09,381 - FINISHED LOOP

INFO: 2026-02-25 19:27:07,634 - STARTING LOOP
INFO: 2026-02-25 19:27:07,635 - Inserting file 518379029 - Children Games Insights - We are Family #110060.csv...
INFO: 2026-02-25 19:27:09,754 - DONE!
INFO: 2026-02-25 19:27:09,756 - Saving for project 1993742 - hcr_usa_parents
INFO: 2026-02-25 19:27:09,787 - DONE!
INFO: 2026-02-25 19:27:10,861 - FINISHED LOOP

saving new records...
inserted 0 new records
failed converting to list in the column: 
projects_ids
updating 655 records
success!
INFO: 2026-02-25 19:28:05,027 - STARTING LOOP
INFO: 2026-02-25 19:28:05,028 - Nothing to insert into the database!
INFO: 2026-02-25 19:28:05,028 - FINISHED LOOP

INFO: 2026-02-25 19:29:04,917 - STARTING LOOP
INFO: 2026-02-25 19:29:04,918 - Nothing to insert into the database!
INFO: 2026-02-25 19:29:04,918 - FINISHED LOOP

INFO: 2026-02-25 19:30:05,499 - STARTING LOOP
INFO: 2026-02-25 19:30:05,500 - Nothing to insert into the database!
INFO: 2026-02-25 19:30:05,500 - FINISHED LOOP

INFO: 2026-02-25 19:31:07,790 - STARTING LOOP
INFO: 2026-02-25 19:31:07,797 - Nothing to insert into the database!
INFO: 2026-02-25 19:31:07,797 - FINISHED LOOP

INFO: 2026-02-25 19:32:08,322 - STARTING LOOP
INFO: 2026-02-25 19:32:08,323 - Nothing to insert into the database!
INFO: 2026-02-25 19:32:08,323 - FINISHED LOOP

INFO: 2026-02-25 19:35:01,583 - STARTING LOOP
INFO: 2026-02-25 19:35:01,583 - Nothing to insert into the database!
INFO: 2026-02-25 19:35:01,583 - FINISHED LOOP

INFO: 2026-02-25 19:35:03,625 - STARTING LOOP
INFO: 2026-02-25 19:35:03,626 - Nothing to insert into the database!
INFO: 2026-02-25 19:35:03,626 - FINISHED LOOP

INFO: 2026-02-25 19:36:05,095 - STARTING LOOP
INFO: 2026-02-25 19:36:05,096 - Nothing to insert into the database!
INFO: 2026-02-25 19:36:05,096 - FINISHED LOOP

INFO: 2026-02-25 19:52:05,024 - STARTING LOOP
INFO: 2026-02-25 19:52:05,025 - Nothing to insert into the database!
INFO: 2026-02-25 19:52:05,025 - FINISHED LOOP

INFO: 2026-02-25 19:53:04,622 - STARTING LOOP
INFO: 2026-02-25 19:53:04,623 - Nothing to insert into the database!
INFO: 2026-02-25 19:53:04,623 - FINISHED LOOP

INFO: 2026-02-25 19:55:34,855 - STARTING LOOP
INFO: 2026-02-25 19:55:34,856 - Nothing to insert into the database!
INFO: 2026-02-25 19:55:34,856 - FINISHED LOOP

INFO: 2026-02-25 20:37:04,478 - STARTING LOOP
INFO: 2026-02-25 20:37:04,479 - Nothing to insert into the database!
INFO: 2026-02-25 20:37:04,479 - FINISHED LOOP

INFO: 2026-02-25 20:51:10,339 - STARTING LOOP
INFO: 2026-02-25 20:51:10,340 - Nothing to insert into the database!
INFO: 2026-02-25 20:51:10,340 - FINISHED LOOP

INFO: 2026-02-25 20:52:06,621 - STARTING LOOP
INFO: 2026-02-25 20:52:06,622 - Nothing to insert into the database!
INFO: 2026-02-25 20:52:06,622 - FINISHED LOOP

INFO: 2026-02-25 20:55:07,454 - STARTING LOOP
INFO: 2026-02-25 20:55:07,456 - Nothing to insert into the database!
INFO: 2026-02-25 20:55:07,456 - FINISHED LOOP

INFO: 2026-02-25 21:00:07,973 - STARTING LOOP
INFO: 2026-02-25 21:00:07,975 - Nothing to insert into the database!
INFO: 2026-02-25 21:00:07,975 - FINISHED LOOP

INFO: 2026-02-25 21:05:09,578 - STARTING LOOP
INFO: 2026-02-25 21:05:09,605 - Nothing to insert into the database!
INFO: 2026-02-25 21:05:09,605 - FINISHED LOOP

INFO: 2026-02-25 21:10:07,304 - STARTING LOOP
INFO: 2026-02-25 21:10:07,306 - Nothing to insert into the database!
INFO: 2026-02-25 21:10:07,306 - FINISHED LOOP

INFO: 2026-02-25 21:15:06,253 - STARTING LOOP
INFO: 2026-02-25 21:15:06,254 - Nothing to insert into the database!
INFO: 2026-02-25 21:15:06,254 - FINISHED LOOP

INFO: 2026-02-25 21:20:06,530 - STARTING LOOP
INFO: 2026-02-25 21:20:06,531 - Nothing to insert into the database!
INFO: 2026-02-25 21:20:06,531 - FINISHED LOOP

INFO: 2026-02-25 21:25:05,042 - STARTING LOOP
INFO: 2026-02-25 21:25:05,043 - Nothing to insert into the database!
INFO: 2026-02-25 21:25:05,043 - FINISHED LOOP

INFO: 2026-02-25 21:30:07,546 - STARTING LOOP
INFO: 2026-02-25 21:30:07,547 - Nothing to insert into the database!
INFO: 2026-02-25 21:30:07,547 - FINISHED LOOP

INFO: 2026-02-25 21:35:24,177 - STARTING LOOP
INFO: 2026-02-25 21:35:24,180 - Nothing to insert into the database!
INFO: 2026-02-25 21:35:24,180 - FINISHED LOOP

INFO: 2026-02-25 21:55:07,148 - STARTING LOOP
INFO: 2026-02-25 21:55:07,149 - Nothing to insert into the database!
INFO: 2026-02-25 21:55:07,149 - FINISHED LOOP

INFO: 2026-02-25 22:02:07,140 - STARTING LOOP
INFO: 2026-02-25 22:02:07,141 - Nothing to insert into the database!
INFO: 2026-02-25 22:02:07,141 - FINISHED LOOP

INFO: 2026-02-25 23:05:07,041 - STARTING LOOP
INFO: 2026-02-25 23:05:07,042 - Nothing to insert into the database!
INFO: 2026-02-25 23:05:07,042 - FINISHED LOOP

INFO: 2026-02-25 23:25:06,540 - STARTING LOOP
INFO: 2026-02-25 23:25:06,541 - Nothing to insert into the database!
INFO: 2026-02-25 23:25:06,541 - FINISHED LOOP

INFO: 2026-02-25 23:30:07,740 - STARTING LOOP
INFO: 2026-02-25 23:30:07,741 - Nothing to insert into the database!
INFO: 2026-02-25 23:30:07,741 - FINISHED LOOP

INFO: 2026-02-25 23:35:06,633 - STARTING LOOP
INFO: 2026-02-25 23:35:06,636 - Inserting file apollo-contacts-export.csv...
INFO: 2026-02-25 23:35:16,560 - DONE!
INFO: 2026-02-25 23:35:17,625 - FINISHED LOOP

saving new records...
inserted 2343 new records
failed converting to list in the column: 
other_emails
updating 2805 records
INFO: 2026-02-25 23:40:06,544 - STARTING LOOP
INFO: 2026-02-25 23:40:06,545 - Nothing to insert into the database!
INFO: 2026-02-25 23:40:06,545 - FINISHED LOOP

INFO: 2026-02-25 23:45:07,094 - STARTING LOOP
INFO: 2026-02-25 23:45:07,096 - Nothing to insert into the database!
INFO: 2026-02-25 23:45:07,096 - FINISHED LOOP

INFO: 2026-02-25 23:50:07,419 - STARTING LOOP
INFO: 2026-02-25 23:50:07,420 - Nothing to insert into the database!
INFO: 2026-02-25 23:50:07,420 - FINISHED LOOP

INFO: 2026-02-25 23:55:06,796 - STARTING LOOP
INFO: 2026-02-25 23:55:06,798 - Nothing to insert into the database!
INFO: 2026-02-25 23:55:06,798 - FINISHED LOOP

INFO: 2026-02-26 00:00:09,151 - STARTING LOOP
INFO: 2026-02-26 00:00:09,152 - Nothing to insert into the database!
INFO: 2026-02-26 00:00:09,152 - FINISHED LOOP

INFO: 2026-02-26 00:05:06,121 - STARTING LOOP
INFO: 2026-02-26 00:05:06,123 - Nothing to insert into the database!
INFO: 2026-02-26 00:05:06,123 - FINISHED LOOP

INFO: 2026-02-26 00:06:24,375 - STARTING LOOP
INFO: 2026-02-26 00:06:24,375 - Nothing to insert into the database!
INFO: 2026-02-26 00:06:24,375 - FINISHED LOOP

INFO: 2026-02-26 00:07:09,016 - STARTING LOOP
INFO: 2026-02-26 00:07:09,017 - Nothing to insert into the database!
INFO: 2026-02-26 00:07:09,017 - FINISHED LOOP

INFO: 2026-02-26 00:07:20,863 - STARTING LOOP
INFO: 2026-02-26 00:07:20,863 - Nothing to insert into the database!
INFO: 2026-02-26 00:07:20,863 - FINISHED LOOP

INFO: 2026-02-26 00:07:54,726 - STARTING LOOP
INFO: 2026-02-26 00:07:54,727 - Preparing csv for database input...
WARNING: 2026-02-26 00:07:54,727 - Failed inserting new csv to database and assigning it to a project blast./nError: cannot access local variable 'source' where it is not associated with a value
INFO: 2026-02-26 00:07:54,727 - Moved to failed files directory...
INFO: 2026-02-26 00:07:54,727 - FINISHED LOOP

INFO: 2026-02-26 00:10:07,053 - STARTING LOOP
INFO: 2026-02-26 00:10:07,054 - Nothing to insert into the database!
INFO: 2026-02-26 00:10:07,055 - FINISHED LOOP

INFO: 2026-02-26 00:11:37,868 - STARTING LOOP
INFO: 2026-02-26 00:11:37,868 - Preparing csv for database input...
INFO: 2026-02-26 00:11:52,293 - DONE!
INFO: 2026-02-26 00:11:52,293 - Inserting file apollo-contacts-export.csv...
WARNING: 2026-02-26 00:11:52,293 - Failed inserting new csv to database and assigning it to a project blast./nError: [Errno 2] No such file or directory: '/Users/albertoruizcajiga/python/sis_international/modules/database/files/temp/pending_database_input/apollo-contacts-export.csv'
INFO: 2026-02-26 00:15:07,538 - STARTING LOOP
INFO: 2026-02-26 00:15:07,539 - Nothing to insert into the database!
INFO: 2026-02-26 00:15:07,539 - FINISHED LOOP

INFO: 2026-02-26 00:15:58,078 - STARTING LOOP
INFO: 2026-02-26 00:15:58,080 - Nothing to insert into the database!
INFO: 2026-02-26 00:15:58,080 - FINISHED LOOP

INFO: 2026-02-26 00:16:20,161 - STARTING LOOP
INFO: 2026-02-26 00:16:20,161 - Preparing csv for database input...
INFO: 2026-02-26 00:16:25,250 - DONE!
INFO: 2026-02-26 00:16:25,251 - Inserting file apollo-contacts-export.csv...
INFO: 2026-02-26 00:16:29,156 - DONE!
INFO: 2026-02-26 00:16:30,161 - FINISHED LOOP

INFO: 2026-02-26 00:20:07,999 - STARTING LOOP
INFO: 2026-02-26 00:20:08,000 - Nothing to insert into the database!
INFO: 2026-02-26 00:20:08,001 - FINISHED LOOP

INFO: 2026-02-26 00:20:50,669 - STARTING LOOP
INFO: 2026-02-26 00:20:50,669 - Preparing csv for database input...
INFO: 2026-02-26 00:20:50,678 - No mapper saved, need to process manually!
INFO: 2026-02-26 00:20:50,684 - DONE!
INFO: 2026-02-26 00:20:50,684 - Inserting file 160617480 - Compensated Interview for Children and Parents in Chicago - .csv...
WARNING: 2026-02-26 00:20:50,686 - Failed inserting new csv to database and assigning it to a project blast./nError: 'projects_ids'
INFO: 2026-02-26 00:20:50,686 - Moved to failed files directory...
INFO: 2026-02-26 00:20:50,686 - FINISHED LOOP

INFO: 2026-02-26 00:22:08,118 - STARTING LOOP
INFO: 2026-02-26 00:22:08,118 - Preparing csv for database input...
INFO: 2026-02-26 00:22:08,127 - No mapper saved, need to process manually!
INFO: 2026-02-26 00:22:08,133 - DONE!
INFO: 2026-02-26 00:22:08,133 - Inserting file 174195250 - Parent & Child Study - .csv...
WARNING: 2026-02-26 00:22:08,135 - Failed inserting new csv to database and assigning it to a project blast./nError: 'projects_ids'
INFO: 2026-02-26 00:22:08,135 - Moved to failed files directory...
INFO: 2026-02-26 00:22:08,136 - FINISHED LOOP

INFO: 2026-02-26 00:24:00,246 - STARTING LOOP
INFO: 2026-02-26 00:24:00,247 - Preparing csv for database input...
INFO: 2026-02-26 00:24:00,252 - No mapper saved, need to process manually!
INFO: 2026-02-26 00:24:58,276 - STARTING LOOP
INFO: 2026-02-26 00:24:58,276 - Preparing csv for database input...
INFO: 2026-02-26 00:25:05,717 - DONE!
INFO: 2026-02-26 00:25:05,718 - Inserting file apollo-contacts-export.csv...
INFO: 2026-02-26 00:26:15,662 - DONE!
INFO: 2026-02-26 00:26:16,668 - FINISHED LOOP

INFO: 2026-02-26 00:30:09,390 - STARTING LOOP
INFO: 2026-02-26 00:30:09,391 - Preparing csv for database input...
INFO: 2026-02-26 00:30:09,839 - DONE!
INFO: 2026-02-26 00:30:09,840 - Inserting file apollo--contacts-export.csv...
INFO: 2026-02-26 00:30:14,657 - DONE!
INFO: 2026-02-26 00:30:15,683 - FINISHED LOOP

saving new records...
inserted 15 new records
updating 985 records
INFO: 2026-02-26 00:31:04,239 - STARTING LOOP
INFO: 2026-02-26 00:31:04,240 - Preparing csv for database input...
INFO: 2026-02-26 00:31:04,597 - DONE!
INFO: 2026-02-26 00:31:04,597 - Inserting file apollo-contacts-export.csv...
INFO: 2026-02-26 00:31:07,250 - DONE!
INFO: 2026-02-26 00:31:08,256 - FINISHED LOOP

INFO: 2026-02-26 00:31:36,992 - STARTING LOOP
INFO: 2026-02-26 00:31:36,992 - Preparing csv for database input...
INFO: 2026-02-26 00:31:36,997 - No mapper saved, need to process manually!
INFO: 2026-02-26 00:31:58,163 - STARTING LOOP
INFO: 2026-02-26 00:31:58,163 - Preparing csv for database input...
INFO: 2026-02-26 00:31:58,167 - No mapper saved, need to process manually!
INFO: 2026-02-26 00:35:03,235 - STARTING LOOP
INFO: 2026-02-26 00:35:03,235 - Preparing csv for database input...
INFO: 2026-02-26 00:35:03,241 - No mapper saved, need to process manually!
INFO: 2026-02-26 00:35:03,241 - DONE!
INFO: 2026-02-26 00:35:03,241 - Inserting file 174195250 - Parent & Child Study - .csv...
WARNING: 2026-02-26 00:35:03,241 - Failed inserting new csv to database and assigning it to a project blast./nError: [Errno 2] No such file or directory: '/Users/albertoruizcajiga/python/sis_international/modules/database/files/temp/pending_database_input/174195250 - Parent & Child Study - .csv'
INFO: 2026-02-26 00:35:06,465 - STARTING LOOP
INFO: 2026-02-26 00:35:06,465 - Preparing csv for database input...
INFO: 2026-02-26 00:35:06,479 - No mapper saved, need to process manually!
INFO: 2026-02-26 00:35:06,480 - DONE!
INFO: 2026-02-26 00:35:06,480 - Inserting file 81374195 - FASNY Prospective Parents Survey - .csv...
WARNING: 2026-02-26 00:35:06,481 - Failed inserting new csv to database and assigning it to a project blast./nError: [Errno 2] No such file or directory: '/Users/albertoruizcajiga/python/sis_international/modules/database/files/temp/pending_database_input/81374195 - FASNY Prospective Parents Survey - .csv'
No column mapper found, please create a new one!
failed preparing csv for database input. Error:  'NoneType' object has no attribute 'columns'
Traceback (most recent call last):
  File "/Users/albertoruizcajiga/python/sis_international/database_worker.py", line 46, in main
    data = insert_new_csv_to_db(file_path)
           ^^^^^^^^^^^^^^^^^^^^^^^^^^^^^^^
  File "/Users/albertoruizcajiga/python/sis_international/modules/database/database.py", line 217, in insert_new_csv_to_db
    df = read_file_pandas(file_path)
         ^^^^^^^^^^^^^^^^^^^^^^^^^^^
  File "/Users/albertoruizcajiga/python/sis_international/modules/csv_tools/main.py", line 53, in read_file_pandas
    df = reader(file_path, on_bad_lines='skip', low_memory=False)
         ^^^^^^^^^^^^^^^^^^^^^^^^^^^^^^^^^^^^^^^^^^^^^^^^^^^^^^^^
  File "/Users/albertoruizcajiga/python/sis_international/.venv/lib/python3.11/site-packages/pandas/io/parsers/readers.py", line 1026, in read_csv
    return _read(filepath_or_buffer, kwds)
           ^^^^^^^^^^^^^^^^^^^^^^^^^^^^^^^
  File "/Users/albertoruizcajiga/python/sis_international/.venv/lib/python3.11/site-packages/pandas/io/parsers/readers.py", line 620, in _read
    parser = TextFileReader(filepath_or_buffer, **kwds)
             ^^^^^^^^^^^^^^^^^^^^^^^^^^^^^^^^^^^^^^^^^^
  File "/Users/albertoruizcajiga/python/sis_international/.venv/lib/python3.11/site-packages/pandas/io/parsers/readers.py", line 1620, in __init__
    self._engine = self._make_engine(f, self.engine)
                   ^^^^^^^^^^^^^^^^^^^^^^^^^^^^^^^^^
  File "/Users/albertoruizcajiga/python/sis_international/.venv/lib/python3.11/site-packages/pandas/io/parsers/readers.py", line 1880, in _make_engine
    self.handles = get_handle(
                   ^^^^^^^^^^^
  File "/Users/albertoruizcajiga/python/sis_international/.venv/lib/python3.11/site-packages/pandas/io/common.py", line 873, in get_handle
    handle = open(
             ^^^^^
FileNotFoundError: [Errno 2] No such file or directory: '/Users/albertoruizcajiga/python/sis_international/modules/database/files/temp/pending_database_input/81374195 - FASNY Prospective Parents Survey - .csv'

During handling of the above exception, another exception occurred:

Traceback (most recent call last):
  File "/Library/Frameworks/Python.framework/Versions/3.11/lib/python3.11/shutil.py", line 825, in move
    os.rename(src, real_dst)
FileNotFoundError: [Errno 2] No such file or directory: '/Users/albertoruizcajiga/python/sis_international/modules/database/files/temp/pending_database_input/81374195 - FASNY Prospective Parents Survey - .csv' -> '/Users/albertoruizcajiga/python/sis_international/modules/database/files/temp/pending_database_input/failed_files/81374195 - FASNY Prospective Parents Survey - .csv'

During handling of the above exception, another exception occurred:

Traceback (most recent call last):
  File "/Users/albertoruizcajiga/python/sis_international/database_worker.py", line 65, in <module>
    main()
  File "/Users/albertoruizcajiga/python/sis_international/database_worker.py", line 58, in main
    shutil.move(file_path, new_path)
  File "/Library/Frameworks/Python.framework/Versions/3.11/lib/python3.11/shutil.py", line 845, in move
    copy_function(src, real_dst)
  File "/Library/Frameworks/Python.framework/Versions/3.11/lib/python3.11/shutil.py", line 436, in copy2
    copyfile(src, dst, follow_symlinks=follow_symlinks)
  File "/Library/Frameworks/Python.framework/Versions/3.11/lib/python3.11/shutil.py", line 256, in copyfile
    with open(src, 'rb') as fsrc:
         ^^^^^^^^^^^^^^^
FileNotFoundError: [Errno 2] No such file or directory: '/Users/albertoruizcajiga/python/sis_international/modules/database/files/temp/pending_database_input/81374195 - FASNY Prospective Parents Survey - .csv'
INFO: 2026-02-26 00:36:06,335 - STARTING LOOP
INFO: 2026-02-26 00:36:06,335 - Preparing csv for database input...
INFO: 2026-02-26 00:36:06,339 - No mapper saved, need to process manually!
INFO: 2026-02-26 00:36:06,339 - DONE!
INFO: 2026-02-26 00:36:06,339 - Inserting file 159547615 - Test Development for Respiratory Diseases - for parents - .csv...
WARNING: 2026-02-26 00:36:06,340 - Failed inserting new csv to database and assigning it to a project blast./nError: [Errno 2] No such file or directory: '/Users/albertoruizcajiga/python/sis_international/modules/database/files/temp/pending_database_input/159547615 - Test Development for Respiratory Diseases - for parents - .csv'
INFO: 2026-02-26 05:45:07,358 - STARTING LOOP
INFO: 2026-02-26 05:45:07,359 - Preparing csv for database input...
INFO: 2026-02-26 05:45:07,378 - No mapper saved, need to process manually!
INFO: 2026-02-26 05:45:07,379 - DONE!
INFO: 2026-02-26 05:45:07,379 - Inserting file 174195250 - Parent & Child Study - .csv...
WARNING: 2026-02-26 05:45:07,380 - Failed inserting new csv to database and assigning it to a project blast./nError: [Errno 2] No such file or directory: '/Users/albertoruizcajiga/python/sis_international/modules/database/files/temp/pending_database_input/174195250 - Parent & Child Study - .csv'
No column mapper found, please create a new one!
failed preparing csv for database input. Error:  'NoneType' object has no attribute 'columns'
Traceback (most recent call last):
  File "/Users/albertoruizcajiga/python/sis_international/database_worker.py", line 46, in main
    data = insert_new_csv_to_db(file_path)
           ^^^^^^^^^^^^^^^^^^^^^^^^^^^^^^^
  File "/Users/albertoruizcajiga/python/sis_international/modules/database/database.py", line 217, in insert_new_csv_to_db
    df = read_file_pandas(file_path)
         ^^^^^^^^^^^^^^^^^^^^^^^^^^^
  File "/Users/albertoruizcajiga/python/sis_international/modules/csv_tools/main.py", line 53, in read_file_pandas
    df = reader(file_path, on_bad_lines='skip', low_memory=False)
         ^^^^^^^^^^^^^^^^^^^^^^^^^^^^^^^^^^^^^^^^^^^^^^^^^^^^^^^^
  File "/Users/albertoruizcajiga/python/sis_international/.venv/lib/python3.11/site-packages/pandas/io/parsers/readers.py", line 1026, in read_csv
    return _read(filepath_or_buffer, kwds)
           ^^^^^^^^^^^^^^^^^^^^^^^^^^^^^^^
  File "/Users/albertoruizcajiga/python/sis_international/.venv/lib/python3.11/site-packages/pandas/io/parsers/readers.py", line 620, in _read
    parser = TextFileReader(filepath_or_buffer, **kwds)
             ^^^^^^^^^^^^^^^^^^^^^^^^^^^^^^^^^^^^^^^^^^
  File "/Users/albertoruizcajiga/python/sis_international/.venv/lib/python3.11/site-packages/pandas/io/parsers/readers.py", line 1620, in __init__
    self._engine = self._make_engine(f, self.engine)
                   ^^^^^^^^^^^^^^^^^^^^^^^^^^^^^^^^^
  File "/Users/albertoruizcajiga/python/sis_international/.venv/lib/python3.11/site-packages/pandas/io/parsers/readers.py", line 1880, in _make_engine
    self.handles = get_handle(
                   ^^^^^^^^^^^
  File "/Users/albertoruizcajiga/python/sis_international/.venv/lib/python3.11/site-packages/pandas/io/common.py", line 873, in get_handle
    handle = open(
             ^^^^^
FileNotFoundError: [Errno 2] No such file or directory: '/Users/albertoruizcajiga/python/sis_international/modules/database/files/temp/pending_database_input/174195250 - Parent & Child Study - .csv'

During handling of the above exception, another exception occurred:

Traceback (most recent call last):
  File "/Library/Frameworks/Python.framework/Versions/3.11/lib/python3.11/shutil.py", line 825, in move
    os.rename(src, real_dst)
FileNotFoundError: [Errno 2] No such file or directory: '/Users/albertoruizcajiga/python/sis_international/modules/database/files/temp/pending_database_input/174195250 - Parent & Child Study - .csv' -> '/Users/albertoruizcajiga/python/sis_international/modules/database/files/temp/pending_database_input/failed_files/174195250 - Parent & Child Study - .csv'

During handling of the above exception, another exception occurred:

Traceback (most recent call last):
  File "/Users/albertoruizcajiga/python/sis_international/database_worker.py", line 65, in <module>
    main()
  File "/Users/albertoruizcajiga/python/sis_international/database_worker.py", line 58, in main
    shutil.move(file_path, new_path)
  File "/Library/Frameworks/Python.framework/Versions/3.11/lib/python3.11/shutil.py", line 845, in move
    copy_function(src, real_dst)
  File "/Library/Frameworks/Python.framework/Versions/3.11/lib/python3.11/shutil.py", line 436, in copy2
    copyfile(src, dst, follow_symlinks=follow_symlinks)
  File "/Library/Frameworks/Python.framework/Versions/3.11/lib/python3.11/shutil.py", line 256, in copyfile
    with open(src, 'rb') as fsrc:
         ^^^^^^^^^^^^^^^
FileNotFoundError: [Errno 2] No such file or directory: '/Users/albertoruizcajiga/python/sis_international/modules/database/files/temp/pending_database_input/174195250 - Parent & Child Study - .csv'
INFO: 2026-02-26 06:10:07,843 - STARTING LOOP
INFO: 2026-02-26 06:10:07,844 - Preparing csv for database input...
INFO: 2026-02-26 06:10:07,858 - No mapper saved, need to process manually!
INFO: 2026-02-26 06:10:07,860 - DONE!
INFO: 2026-02-26 06:10:07,860 - Inserting file 81374195 - FASNY Prospective Parents Survey - .csv...
WARNING: 2026-02-26 06:10:07,860 - Failed inserting new csv to database and assigning it to a project blast./nError: [Errno 2] No such file or directory: '/Users/albertoruizcajiga/python/sis_international/modules/database/files/temp/pending_database_input/81374195 - FASNY Prospective Parents Survey - .csv'
No column mapper found, please create a new one!
failed preparing csv for database input. Error:  'NoneType' object has no attribute 'columns'
Traceback (most recent call last):
  File "/Users/albertoruizcajiga/python/sis_international/database_worker.py", line 46, in main
    data = insert_new_csv_to_db(file_path)
           ^^^^^^^^^^^^^^^^^^^^^^^^^^^^^^^
  File "/Users/albertoruizcajiga/python/sis_international/modules/database/database.py", line 217, in insert_new_csv_to_db
    df = read_file_pandas(file_path)
         ^^^^^^^^^^^^^^^^^^^^^^^^^^^
  File "/Users/albertoruizcajiga/python/sis_international/modules/csv_tools/main.py", line 53, in read_file_pandas
    df = reader(file_path, on_bad_lines='skip', low_memory=False)
         ^^^^^^^^^^^^^^^^^^^^^^^^^^^^^^^^^^^^^^^^^^^^^^^^^^^^^^^^
  File "/Users/albertoruizcajiga/python/sis_international/.venv/lib/python3.11/site-packages/pandas/io/parsers/readers.py", line 1026, in read_csv
    return _read(filepath_or_buffer, kwds)
           ^^^^^^^^^^^^^^^^^^^^^^^^^^^^^^^
  File "/Users/albertoruizcajiga/python/sis_international/.venv/lib/python3.11/site-packages/pandas/io/parsers/readers.py", line 620, in _read
    parser = TextFileReader(filepath_or_buffer, **kwds)
             ^^^^^^^^^^^^^^^^^^^^^^^^^^^^^^^^^^^^^^^^^^
  File "/Users/albertoruizcajiga/python/sis_international/.venv/lib/python3.11/site-packages/pandas/io/parsers/readers.py", line 1620, in __init__
    self._engine = self._make_engine(f, self.engine)
                   ^^^^^^^^^^^^^^^^^^^^^^^^^^^^^^^^^
  File "/Users/albertoruizcajiga/python/sis_international/.venv/lib/python3.11/site-packages/pandas/io/parsers/readers.py", line 1880, in _make_engine
    self.handles = get_handle(
                   ^^^^^^^^^^^
  File "/Users/albertoruizcajiga/python/sis_international/.venv/lib/python3.11/site-packages/pandas/io/common.py", line 873, in get_handle
    handle = open(
             ^^^^^
FileNotFoundError: [Errno 2] No such file or directory: '/Users/albertoruizcajiga/python/sis_international/modules/database/files/temp/pending_database_input/81374195 - FASNY Prospective Parents Survey - .csv'

During handling of the above exception, another exception occurred:

Traceback (most recent call last):
  File "/Library/Frameworks/Python.framework/Versions/3.11/lib/python3.11/shutil.py", line 825, in move
    os.rename(src, real_dst)
FileNotFoundError: [Errno 2] No such file or directory: '/Users/albertoruizcajiga/python/sis_international/modules/database/files/temp/pending_database_input/81374195 - FASNY Prospective Parents Survey - .csv' -> '/Users/albertoruizcajiga/python/sis_international/modules/database/files/temp/pending_database_input/failed_files/81374195 - FASNY Prospective Parents Survey - .csv'

During handling of the above exception, another exception occurred:

Traceback (most recent call last):
  File "/Users/albertoruizcajiga/python/sis_international/database_worker.py", line 65, in <module>
    main()
  File "/Users/albertoruizcajiga/python/sis_international/database_worker.py", line 58, in main
    shutil.move(file_path, new_path)
  File "/Library/Frameworks/Python.framework/Versions/3.11/lib/python3.11/shutil.py", line 845, in move
    copy_function(src, real_dst)
  File "/Library/Frameworks/Python.framework/Versions/3.11/lib/python3.11/shutil.py", line 436, in copy2
    copyfile(src, dst, follow_symlinks=follow_symlinks)
  File "/Library/Frameworks/Python.framework/Versions/3.11/lib/python3.11/shutil.py", line 256, in copyfile
    with open(src, 'rb') as fsrc:
         ^^^^^^^^^^^^^^^
FileNotFoundError: [Errno 2] No such file or directory: '/Users/albertoruizcajiga/python/sis_international/modules/database/files/temp/pending_database_input/81374195 - FASNY Prospective Parents Survey - .csv'
INFO: 2026-02-26 06:18:51,450 - STARTING LOOP
INFO: 2026-02-26 06:18:51,451 - Nothing to insert into the database!
INFO: 2026-02-26 06:18:51,451 - FINISHED LOOP

INFO: 2026-02-26 06:21:29,260 - STARTING LOOP
INFO: 2026-02-26 06:21:29,261 - Nothing to insert into the database!
INFO: 2026-02-26 06:21:29,262 - FINISHED LOOP

INFO: 2026-02-26 06:28:03,027 - STARTING LOOP
INFO: 2026-02-26 06:28:03,028 - Nothing to insert into the database!
INFO: 2026-02-26 06:28:03,028 - FINISHED LOOP

INFO: 2026-02-26 06:37:51,558 - STARTING LOOP
INFO: 2026-02-26 06:37:51,559 - Nothing to insert into the database!
INFO: 2026-02-26 06:37:51,559 - FINISHED LOOP

INFO: 2026-02-26 06:41:12,490 - STARTING LOOP
INFO: 2026-02-26 06:41:12,491 - Nothing to insert into the database!
INFO: 2026-02-26 06:41:12,491 - FINISHED LOOP

INFO: 2026-02-26 06:46:46,752 - STARTING LOOP
INFO: 2026-02-26 06:46:46,753 - Nothing to insert into the database!
INFO: 2026-02-26 06:46:46,753 - FINISHED LOOP

INFO: 2026-02-26 06:55:54,464 - STARTING LOOP
INFO: 2026-02-26 06:55:54,465 - Nothing to insert into the database!
INFO: 2026-02-26 06:55:54,465 - FINISHED LOOP

INFO: 2026-02-26 07:05:24,517 - STARTING LOOP
INFO: 2026-02-26 07:05:24,519 - Nothing to insert into the database!
INFO: 2026-02-26 07:05:24,519 - FINISHED LOOP

INFO: 2026-02-26 07:14:15,630 - STARTING LOOP
INFO: 2026-02-26 07:14:15,636 - Nothing to insert into the database!
INFO: 2026-02-26 07:14:15,636 - FINISHED LOOP

INFO: 2026-02-26 07:15:05,458 - STARTING LOOP
INFO: 2026-02-26 07:15:05,459 - Nothing to insert into the database!
INFO: 2026-02-26 07:15:05,459 - FINISHED LOOP

INFO: 2026-02-26 07:20:07,626 - STARTING LOOP
INFO: 2026-02-26 07:20:07,627 - Nothing to insert into the database!
INFO: 2026-02-26 07:20:07,627 - FINISHED LOOP

INFO: 2026-02-26 07:32:25,852 - STARTING LOOP
INFO: 2026-02-26 07:32:25,853 - Nothing to insert into the database!
INFO: 2026-02-26 07:32:25,853 - FINISHED LOOP

INFO: 2026-02-26 07:35:05,539 - STARTING LOOP
INFO: 2026-02-26 07:35:05,539 - Nothing to insert into the database!
INFO: 2026-02-26 07:35:05,540 - FINISHED LOOP

INFO: 2026-02-26 07:40:06,081 - STARTING LOOP
INFO: 2026-02-26 07:40:06,082 - Nothing to insert into the database!
INFO: 2026-02-26 07:40:06,082 - FINISHED LOOP

INFO: 2026-02-26 07:50:24,926 - STARTING LOOP
INFO: 2026-02-26 07:50:24,927 - Nothing to insert into the database!
INFO: 2026-02-26 07:50:24,927 - FINISHED LOOP

INFO: 2026-02-26 08:02:31,972 - STARTING LOOP
INFO: 2026-02-26 08:02:31,980 - Nothing to insert into the database!
INFO: 2026-02-26 08:02:31,980 - FINISHED LOOP

INFO: 2026-02-26 08:02:36,610 - STARTING LOOP
INFO: 2026-02-26 08:02:36,611 - Nothing to insert into the database!
INFO: 2026-02-26 08:02:36,611 - FINISHED LOOP

INFO: 2026-02-26 08:30:07,908 - STARTING LOOP
INFO: 2026-02-26 08:30:07,909 - Nothing to insert into the database!
INFO: 2026-02-26 08:30:07,909 - FINISHED LOOP

INFO: 2026-02-26 09:10:07,030 - STARTING LOOP
INFO: 2026-02-26 09:10:07,031 - Nothing to insert into the database!
INFO: 2026-02-26 09:10:07,031 - FINISHED LOOP

INFO: 2026-02-26 09:15:09,759 - STARTING LOOP
INFO: 2026-02-26 09:15:09,764 - Nothing to insert into the database!
INFO: 2026-02-26 09:15:09,764 - FINISHED LOOP

INFO: 2026-02-26 09:20:07,041 - STARTING LOOP
INFO: 2026-02-26 09:20:07,042 - Nothing to insert into the database!
INFO: 2026-02-26 09:20:07,042 - FINISHED LOOP

INFO: 2026-02-26 09:25:06,469 - STARTING LOOP
INFO: 2026-02-26 09:25:06,470 - Nothing to insert into the database!
INFO: 2026-02-26 09:25:06,470 - FINISHED LOOP

INFO: 2026-02-26 09:30:08,006 - STARTING LOOP
INFO: 2026-02-26 09:30:08,008 - Nothing to insert into the database!
INFO: 2026-02-26 09:30:08,008 - FINISHED LOOP

INFO: 2026-02-26 09:35:07,146 - STARTING LOOP
INFO: 2026-02-26 09:35:07,147 - Nothing to insert into the database!
INFO: 2026-02-26 09:35:07,147 - FINISHED LOOP

INFO: 2026-02-26 09:40:07,292 - STARTING LOOP
INFO: 2026-02-26 09:40:07,293 - Nothing to insert into the database!
INFO: 2026-02-26 09:40:07,293 - FINISHED LOOP

INFO: 2026-02-26 09:45:07,642 - STARTING LOOP
INFO: 2026-02-26 09:45:07,644 - Nothing to insert into the database!
INFO: 2026-02-26 09:45:07,644 - FINISHED LOOP

INFO: 2026-02-26 09:50:07,498 - STARTING LOOP
INFO: 2026-02-26 09:50:07,498 - Nothing to insert into the database!
INFO: 2026-02-26 09:50:07,498 - FINISHED LOOP

INFO: 2026-02-26 09:55:07,493 - STARTING LOOP
INFO: 2026-02-26 09:55:07,495 - Nothing to insert into the database!
INFO: 2026-02-26 09:55:07,495 - FINISHED LOOP

INFO: 2026-02-26 10:00:07,703 - STARTING LOOP
INFO: 2026-02-26 10:00:07,705 - Nothing to insert into the database!
INFO: 2026-02-26 10:00:07,705 - FINISHED LOOP

INFO: 2026-02-26 10:05:10,092 - STARTING LOOP
INFO: 2026-02-26 10:05:10,092 - Nothing to insert into the database!
INFO: 2026-02-26 10:05:10,092 - FINISHED LOOP

INFO: 2026-02-26 10:10:08,394 - STARTING LOOP
INFO: 2026-02-26 10:10:08,402 - Nothing to insert into the database!
INFO: 2026-02-26 10:10:08,402 - FINISHED LOOP

INFO: 2026-02-26 10:15:07,037 - STARTING LOOP
INFO: 2026-02-26 10:15:07,038 - Nothing to insert into the database!
INFO: 2026-02-26 10:15:07,038 - FINISHED LOOP

INFO: 2026-02-26 10:20:10,895 - STARTING LOOP
INFO: 2026-02-26 10:20:10,897 - Nothing to insert into the database!
INFO: 2026-02-26 10:20:10,897 - FINISHED LOOP

INFO: 2026-02-26 10:25:09,470 - STARTING LOOP
INFO: 2026-02-26 10:25:09,471 - Nothing to insert into the database!
INFO: 2026-02-26 10:25:09,471 - FINISHED LOOP

INFO: 2026-02-26 10:30:08,787 - STARTING LOOP
INFO: 2026-02-26 10:30:08,788 - Nothing to insert into the database!
INFO: 2026-02-26 10:30:08,788 - FINISHED LOOP

INFO: 2026-02-26 10:35:08,552 - STARTING LOOP
INFO: 2026-02-26 10:35:08,553 - Nothing to insert into the database!
INFO: 2026-02-26 10:35:08,553 - FINISHED LOOP

INFO: 2026-02-26 10:40:09,653 - STARTING LOOP
INFO: 2026-02-26 10:40:09,654 - Nothing to insert into the database!
INFO: 2026-02-26 10:40:09,654 - FINISHED LOOP

INFO: 2026-02-26 10:45:11,709 - STARTING LOOP
INFO: 2026-02-26 10:45:11,711 - Nothing to insert into the database!
INFO: 2026-02-26 10:45:11,711 - FINISHED LOOP

INFO: 2026-02-26 10:50:11,961 - STARTING LOOP
INFO: 2026-02-26 10:50:11,962 - Nothing to insert into the database!
INFO: 2026-02-26 10:50:11,962 - FINISHED LOOP

INFO: 2026-02-26 10:55:18,652 - STARTING LOOP
INFO: 2026-02-26 10:55:18,653 - Nothing to insert into the database!
INFO: 2026-02-26 10:55:18,653 - FINISHED LOOP

INFO: 2026-02-26 11:00:19,388 - STARTING LOOP
INFO: 2026-02-26 11:00:19,389 - Nothing to insert into the database!
INFO: 2026-02-26 11:00:19,389 - FINISHED LOOP

INFO: 2026-02-26 11:05:17,667 - STARTING LOOP
INFO: 2026-02-26 11:05:17,668 - Nothing to insert into the database!
INFO: 2026-02-26 11:05:17,668 - FINISHED LOOP

INFO: 2026-02-26 11:10:09,618 - STARTING LOOP
INFO: 2026-02-26 11:10:09,620 - Nothing to insert into the database!
INFO: 2026-02-26 11:10:09,620 - FINISHED LOOP

INFO: 2026-02-26 11:15:13,568 - STARTING LOOP
INFO: 2026-02-26 11:15:13,569 - Nothing to insert into the database!
INFO: 2026-02-26 11:15:13,569 - FINISHED LOOP

INFO: 2026-02-26 11:20:08,912 - STARTING LOOP
INFO: 2026-02-26 11:20:08,913 - Nothing to insert into the database!
INFO: 2026-02-26 11:20:08,913 - FINISHED LOOP

INFO: 2026-02-26 11:25:10,291 - STARTING LOOP
INFO: 2026-02-26 11:25:10,292 - Nothing to insert into the database!
INFO: 2026-02-26 11:25:10,292 - FINISHED LOOP

INFO: 2026-02-26 11:30:09,593 - STARTING LOOP
INFO: 2026-02-26 11:30:09,594 - Nothing to insert into the database!
INFO: 2026-02-26 11:30:09,594 - FINISHED LOOP

INFO: 2026-02-26 11:35:09,763 - STARTING LOOP
INFO: 2026-02-26 11:35:09,764 - Nothing to insert into the database!
INFO: 2026-02-26 11:35:09,764 - FINISHED LOOP

INFO: 2026-02-26 11:40:12,807 - STARTING LOOP
INFO: 2026-02-26 11:40:12,808 - Nothing to insert into the database!
INFO: 2026-02-26 11:40:12,809 - FINISHED LOOP

INFO: 2026-02-26 11:45:07,592 - STARTING LOOP
INFO: 2026-02-26 11:45:07,593 - Nothing to insert into the database!
INFO: 2026-02-26 11:45:07,593 - FINISHED LOOP

INFO: 2026-02-26 11:50:08,374 - STARTING LOOP
INFO: 2026-02-26 11:50:08,375 - Nothing to insert into the database!
INFO: 2026-02-26 11:50:08,375 - FINISHED LOOP

INFO: 2026-02-26 11:55:07,779 - STARTING LOOP
INFO: 2026-02-26 11:55:07,780 - Nothing to insert into the database!
INFO: 2026-02-26 11:55:07,780 - FINISHED LOOP

INFO: 2026-02-26 12:00:08,544 - STARTING LOOP
INFO: 2026-02-26 12:00:08,553 - Nothing to insert into the database!
INFO: 2026-02-26 12:00:08,553 - FINISHED LOOP

INFO: 2026-02-26 12:05:07,694 - STARTING LOOP
INFO: 2026-02-26 12:05:07,695 - Nothing to insert into the database!
INFO: 2026-02-26 12:05:07,695 - FINISHED LOOP

INFO: 2026-02-26 12:10:07,105 - STARTING LOOP
INFO: 2026-02-26 12:10:07,106 - Nothing to insert into the database!
INFO: 2026-02-26 12:10:07,106 - FINISHED LOOP

INFO: 2026-02-26 12:15:09,314 - STARTING LOOP
INFO: 2026-02-26 12:15:09,315 - Nothing to insert into the database!
INFO: 2026-02-26 12:15:09,315 - FINISHED LOOP

INFO: 2026-02-26 12:20:08,169 - STARTING LOOP
INFO: 2026-02-26 12:20:08,170 - Nothing to insert into the database!
INFO: 2026-02-26 12:20:08,170 - FINISHED LOOP

INFO: 2026-02-26 12:25:12,766 - STARTING LOOP
INFO: 2026-02-26 12:25:12,767 - Nothing to insert into the database!
INFO: 2026-02-26 12:25:12,767 - FINISHED LOOP

INFO: 2026-02-26 12:30:07,511 - STARTING LOOP
INFO: 2026-02-26 12:30:07,512 - Nothing to insert into the database!
INFO: 2026-02-26 12:30:07,512 - FINISHED LOOP

INFO: 2026-02-26 12:35:07,889 - STARTING LOOP
INFO: 2026-02-26 12:35:07,890 - Nothing to insert into the database!
INFO: 2026-02-26 12:35:07,890 - FINISHED LOOP

INFO: 2026-02-26 12:40:10,125 - STARTING LOOP
INFO: 2026-02-26 12:40:10,126 - Nothing to insert into the database!
INFO: 2026-02-26 12:40:10,126 - FINISHED LOOP

INFO: 2026-02-26 12:45:09,126 - STARTING LOOP
INFO: 2026-02-26 12:45:09,127 - Nothing to insert into the database!
INFO: 2026-02-26 12:45:09,127 - FINISHED LOOP

INFO: 2026-02-26 12:50:09,240 - STARTING LOOP
INFO: 2026-02-26 12:50:09,241 - Nothing to insert into the database!
INFO: 2026-02-26 12:50:09,241 - FINISHED LOOP

INFO: 2026-02-26 12:55:16,897 - STARTING LOOP
INFO: 2026-02-26 12:55:16,899 - Nothing to insert into the database!
INFO: 2026-02-26 12:55:16,900 - FINISHED LOOP

INFO: 2026-02-26 13:00:08,832 - STARTING LOOP
INFO: 2026-02-26 13:00:08,833 - Nothing to insert into the database!
INFO: 2026-02-26 13:00:08,833 - FINISHED LOOP

INFO: 2026-02-26 13:05:08,374 - STARTING LOOP
INFO: 2026-02-26 13:05:08,375 - Nothing to insert into the database!
INFO: 2026-02-26 13:05:08,376 - FINISHED LOOP

INFO: 2026-02-26 13:10:08,837 - STARTING LOOP
INFO: 2026-02-26 13:10:08,839 - Nothing to insert into the database!
INFO: 2026-02-26 13:10:08,839 - FINISHED LOOP

INFO: 2026-02-26 13:15:08,244 - STARTING LOOP
INFO: 2026-02-26 13:15:08,245 - Nothing to insert into the database!
INFO: 2026-02-26 13:15:08,245 - FINISHED LOOP

INFO: 2026-02-26 13:20:08,621 - STARTING LOOP
INFO: 2026-02-26 13:20:08,622 - Nothing to insert into the database!
INFO: 2026-02-26 13:20:08,622 - FINISHED LOOP

INFO: 2026-02-26 13:25:07,839 - STARTING LOOP
INFO: 2026-02-26 13:25:07,840 - Nothing to insert into the database!
INFO: 2026-02-26 13:25:07,840 - FINISHED LOOP

INFO: 2026-02-26 13:30:18,552 - STARTING LOOP
INFO: 2026-02-26 13:30:18,554 - Nothing to insert into the database!
INFO: 2026-02-26 13:30:18,554 - FINISHED LOOP

INFO: 2026-02-26 13:50:08,206 - STARTING LOOP
INFO: 2026-02-26 13:50:08,206 - Nothing to insert into the database!
INFO: 2026-02-26 13:50:08,207 - FINISHED LOOP

INFO: 2026-02-26 13:55:07,937 - STARTING LOOP
INFO: 2026-02-26 13:55:07,938 - Nothing to insert into the database!
INFO: 2026-02-26 13:55:07,938 - FINISHED LOOP

INFO: 2026-02-26 14:02:29,244 - STARTING LOOP
INFO: 2026-02-26 14:02:29,245 - Nothing to insert into the database!
INFO: 2026-02-26 14:02:29,245 - FINISHED LOOP

INFO: 2026-02-26 14:05:06,325 - STARTING LOOP
INFO: 2026-02-26 14:05:06,326 - Nothing to insert into the database!
INFO: 2026-02-26 14:05:06,326 - FINISHED LOOP

INFO: 2026-02-26 14:10:45,559 - STARTING LOOP
INFO: 2026-02-26 14:10:45,560 - Nothing to insert into the database!
INFO: 2026-02-26 14:10:45,560 - FINISHED LOOP

INFO: 2026-02-26 14:15:06,716 - STARTING LOOP
INFO: 2026-02-26 14:15:06,717 - Nothing to insert into the database!
INFO: 2026-02-26 14:15:06,717 - FINISHED LOOP

INFO: 2026-02-26 14:20:53,347 - STARTING LOOP
INFO: 2026-02-26 14:20:53,349 - Nothing to insert into the database!
INFO: 2026-02-26 14:20:53,349 - FINISHED LOOP

INFO: 2026-02-26 14:25:09,859 - STARTING LOOP
INFO: 2026-02-26 14:25:09,860 - Nothing to insert into the database!
INFO: 2026-02-26 14:25:09,860 - FINISHED LOOP

INFO: 2026-02-26 14:30:07,010 - STARTING LOOP
INFO: 2026-02-26 14:30:07,011 - Nothing to insert into the database!
INFO: 2026-02-26 14:30:07,011 - FINISHED LOOP

INFO: 2026-02-26 14:35:06,799 - STARTING LOOP
INFO: 2026-02-26 14:35:06,801 - Nothing to insert into the database!
INFO: 2026-02-26 14:35:06,801 - FINISHED LOOP

INFO: 2026-02-26 14:40:09,196 - STARTING LOOP
INFO: 2026-02-26 14:40:09,197 - Nothing to insert into the database!
INFO: 2026-02-26 14:40:09,197 - FINISHED LOOP

INFO: 2026-02-26 14:46:24,936 - STARTING LOOP
INFO: 2026-02-26 14:46:24,938 - Nothing to insert into the database!
INFO: 2026-02-26 14:46:24,938 - FINISHED LOOP

INFO: 2026-02-26 14:50:07,477 - STARTING LOOP
INFO: 2026-02-26 14:50:07,478 - Preparing csv for database input...
INFO: 2026-02-26 14:50:07,839 - DONE!
INFO: 2026-02-26 14:50:07,839 - Inserting file apollo--1467231__hsj_medtech_clients_list.csv...
INFO: 2026-02-26 14:50:21,651 - DONE!
INFO: 2026-02-26 14:50:21,652 - Saving for project 1467231 - hsj_medical_sis_lists
INFO: 2026-02-26 14:50:21,786 - DONE!
INFO: 2026-02-26 14:50:22,849 - FINISHED LOOP

saving new records...
inserted 100 new records
failed converting to list in the column: 
other_emails
updating 498 records
success!
INFO: 2026-02-26 14:55:06,971 - STARTING LOOP
INFO: 2026-02-26 14:55:06,972 - Nothing to insert into the database!
INFO: 2026-02-26 14:55:06,972 - FINISHED LOOP

INFO: 2026-02-26 15:00:06,999 - STARTING LOOP
INFO: 2026-02-26 15:00:07,000 - Nothing to insert into the database!
INFO: 2026-02-26 15:00:07,000 - FINISHED LOOP

INFO: 2026-02-26 15:05:06,745 - STARTING LOOP
INFO: 2026-02-26 15:05:06,746 - Nothing to insert into the database!
INFO: 2026-02-26 15:05:06,746 - FINISHED LOOP

INFO: 2026-02-26 15:10:07,169 - STARTING LOOP
INFO: 2026-02-26 15:10:07,170 - Nothing to insert into the database!
INFO: 2026-02-26 15:10:07,170 - FINISHED LOOP

INFO: 2026-02-26 15:15:07,098 - STARTING LOOP
INFO: 2026-02-26 15:15:07,099 - Nothing to insert into the database!
INFO: 2026-02-26 15:15:07,099 - FINISHED LOOP

INFO: 2026-02-26 15:20:07,467 - STARTING LOOP
INFO: 2026-02-26 15:20:07,468 - Nothing to insert into the database!
INFO: 2026-02-26 15:20:07,468 - FINISHED LOOP

INFO: 2026-02-26 15:25:06,349 - STARTING LOOP
INFO: 2026-02-26 15:25:06,350 - Nothing to insert into the database!
INFO: 2026-02-26 15:25:06,350 - FINISHED LOOP

INFO: 2026-02-26 15:30:10,307 - STARTING LOOP
INFO: 2026-02-26 15:30:10,310 - Nothing to insert into the database!
INFO: 2026-02-26 15:30:10,310 - FINISHED LOOP

INFO: 2026-02-26 15:35:06,482 - STARTING LOOP
INFO: 2026-02-26 15:35:06,483 - Nothing to insert into the database!
INFO: 2026-02-26 15:35:06,483 - FINISHED LOOP

INFO: 2026-02-26 15:40:08,041 - STARTING LOOP
INFO: 2026-02-26 15:40:08,042 - Nothing to insert into the database!
INFO: 2026-02-26 15:40:08,042 - FINISHED LOOP

INFO: 2026-02-26 15:45:07,728 - STARTING LOOP
INFO: 2026-02-26 15:45:07,731 - Nothing to insert into the database!
INFO: 2026-02-26 15:45:07,731 - FINISHED LOOP

INFO: 2026-02-26 15:50:06,955 - STARTING LOOP
INFO: 2026-02-26 15:50:06,956 - Nothing to insert into the database!
INFO: 2026-02-26 15:50:06,957 - FINISHED LOOP

INFO: 2026-02-26 15:55:06,775 - STARTING LOOP
INFO: 2026-02-26 15:55:06,776 - Nothing to insert into the database!
INFO: 2026-02-26 15:55:06,776 - FINISHED LOOP

INFO: 2026-02-26 16:00:16,229 - STARTING LOOP
INFO: 2026-02-26 16:00:16,230 - Nothing to insert into the database!
INFO: 2026-02-26 16:00:16,231 - FINISHED LOOP

INFO: 2026-02-26 16:05:09,006 - STARTING LOOP
INFO: 2026-02-26 16:05:09,007 - Nothing to insert into the database!
INFO: 2026-02-26 16:05:09,007 - FINISHED LOOP

INFO: 2026-02-26 16:10:07,843 - STARTING LOOP
INFO: 2026-02-26 16:10:07,844 - Nothing to insert into the database!
INFO: 2026-02-26 16:10:07,844 - FINISHED LOOP

INFO: 2026-02-26 16:15:08,616 - STARTING LOOP
INFO: 2026-02-26 16:15:08,617 - Nothing to insert into the database!
INFO: 2026-02-26 16:15:08,617 - FINISHED LOOP

INFO: 2026-02-26 16:20:09,587 - STARTING LOOP
INFO: 2026-02-26 16:20:09,588 - Nothing to insert into the database!
INFO: 2026-02-26 16:20:09,588 - FINISHED LOOP

INFO: 2026-02-26 16:25:06,741 - STARTING LOOP
INFO: 2026-02-26 16:25:06,742 - Nothing to insert into the database!
INFO: 2026-02-26 16:25:06,742 - FINISHED LOOP

INFO: 2026-02-26 16:30:11,353 - STARTING LOOP
INFO: 2026-02-26 16:30:11,354 - Nothing to insert into the database!
INFO: 2026-02-26 16:30:11,354 - FINISHED LOOP

INFO: 2026-02-26 16:35:10,086 - STARTING LOOP
INFO: 2026-02-26 16:35:10,087 - Nothing to insert into the database!
INFO: 2026-02-26 16:35:10,087 - FINISHED LOOP

INFO: 2026-02-26 16:40:08,602 - STARTING LOOP
INFO: 2026-02-26 16:40:08,603 - Nothing to insert into the database!
INFO: 2026-02-26 16:40:08,603 - FINISHED LOOP

INFO: 2026-02-26 16:45:12,587 - STARTING LOOP
INFO: 2026-02-26 16:45:12,588 - Nothing to insert into the database!
INFO: 2026-02-26 16:45:12,588 - FINISHED LOOP

INFO: 2026-02-26 16:50:06,822 - STARTING LOOP
INFO: 2026-02-26 16:50:06,825 - Nothing to insert into the database!
INFO: 2026-02-26 16:50:06,825 - FINISHED LOOP

INFO: 2026-02-26 16:55:08,029 - STARTING LOOP
INFO: 2026-02-26 16:55:08,030 - Nothing to insert into the database!
INFO: 2026-02-26 16:55:08,030 - FINISHED LOOP

error: Workspace member `/Users/albertoruizcajiga/python/sis_international/modules/smtp_bot` is missing a `pyproject.toml` (matches: `modules/*`)
error: Two workspace members are both named `million-verifier-api`: `/Users/albertoruizcajiga/python/sis_international/modules/million_verifier_api` and `/Users/albertoruizcajiga/python/sis_international/modules/smtp_bot`
error: Two workspace members are both named `million-verifier-api`: `/Users/albertoruizcajiga/python/sis_international/modules/million_verifier_api` and `/Users/albertoruizcajiga/python/sis_international/modules/smtp_bot`
error: Two workspace members are both named `million-verifier-api`: `/Users/albertoruizcajiga/python/sis_international/modules/million_verifier_api` and `/Users/albertoruizcajiga/python/sis_international/modules/smtp_bot`
error: Two workspace members are both named `million-verifier-api`: `/Users/albertoruizcajiga/python/sis_international/modules/million_verifier_api` and `/Users/albertoruizcajiga/python/sis_international/modules/smtp_bot`
error: Two workspace members are both named `million-verifier-api`: `/Users/albertoruizcajiga/python/sis_international/modules/million_verifier_api` and `/Users/albertoruizcajiga/python/sis_international/modules/smtp_bot`
error: Two workspace members are both named `million-verifier-api`: `/Users/albertoruizcajiga/python/sis_international/modules/million_verifier_api` and `/Users/albertoruizcajiga/python/sis_international/modules/smtp_bot`
error: Two workspace members are both named `million-verifier-api`: `/Users/albertoruizcajiga/python/sis_international/modules/million_verifier_api` and `/Users/albertoruizcajiga/python/sis_international/modules/smtp_bot`
error: Two workspace members are both named `million-verifier-api`: `/Users/albertoruizcajiga/python/sis_international/modules/million_verifier_api` and `/Users/albertoruizcajiga/python/sis_international/modules/smtp_bot`
error: Two workspace members are both named `million-verifier-api`: `/Users/albertoruizcajiga/python/sis_international/modules/million_verifier_api` and `/Users/albertoruizcajiga/python/sis_international/modules/smtp_bot`
error: Two workspace members are both named `million-verifier-api`: `/Users/albertoruizcajiga/python/sis_international/modules/million_verifier_api` and `/Users/albertoruizcajiga/python/sis_international/modules/smtp_bot`
error: Two workspace members are both named `million-verifier-api`: `/Users/albertoruizcajiga/python/sis_international/modules/million_verifier_api` and `/Users/albertoruizcajiga/python/sis_international/modules/smtp_bot`
error: Two workspace members are both named `million-verifier-api`: `/Users/albertoruizcajiga/python/sis_international/modules/million_verifier_api` and `/Users/albertoruizcajiga/python/sis_international/modules/smtp_bot`
   Building smtp-bot @ file:///Users/albertoruizcajiga/python/sis_international/modules/smtp_bot
      Built smtp-bot @ file:///Users/albertoruizcajiga/python/sis_international/modules/smtp_bot
Installed 1 package in 3ms
INFO: 2026-02-26 18:05:11,642 - STARTING LOOP
INFO: 2026-02-26 18:05:11,644 - Nothing to insert into the database!
INFO: 2026-02-26 18:05:11,644 - FINISHED LOOP

INFO: 2026-02-26 18:10:09,868 - STARTING LOOP
INFO: 2026-02-26 18:10:09,933 - Nothing to insert into the database!
INFO: 2026-02-26 18:10:09,933 - FINISHED LOOP

INFO: 2026-02-26 18:15:07,392 - STARTING LOOP
INFO: 2026-02-26 18:15:07,393 - Nothing to insert into the database!
INFO: 2026-02-26 18:15:07,393 - FINISHED LOOP

INFO: 2026-02-26 18:20:09,846 - STARTING LOOP
INFO: 2026-02-26 18:20:09,847 - Nothing to insert into the database!
INFO: 2026-02-26 18:20:09,847 - FINISHED LOOP

INFO: 2026-02-26 18:25:08,478 - STARTING LOOP
INFO: 2026-02-26 18:25:08,479 - Nothing to insert into the database!
INFO: 2026-02-26 18:25:08,480 - FINISHED LOOP

INFO: 2026-02-26 18:30:09,085 - STARTING LOOP
INFO: 2026-02-26 18:30:09,086 - Nothing to insert into the database!
INFO: 2026-02-26 18:30:09,087 - FINISHED LOOP

INFO: 2026-02-26 18:35:06,640 - STARTING LOOP
INFO: 2026-02-26 18:35:06,641 - Nothing to insert into the database!
INFO: 2026-02-26 18:35:06,642 - FINISHED LOOP

INFO: 2026-02-26 18:40:08,769 - STARTING LOOP
INFO: 2026-02-26 18:40:08,795 - Nothing to insert into the database!
INFO: 2026-02-26 18:40:08,795 - FINISHED LOOP

INFO: 2026-02-26 18:45:09,502 - STARTING LOOP
INFO: 2026-02-26 18:45:09,503 - Nothing to insert into the database!
INFO: 2026-02-26 18:45:09,503 - FINISHED LOOP

INFO: 2026-02-26 18:50:09,007 - STARTING LOOP
INFO: 2026-02-26 18:50:09,009 - Nothing to insert into the database!
INFO: 2026-02-26 18:50:09,009 - FINISHED LOOP

INFO: 2026-02-26 18:55:07,066 - STARTING LOOP
INFO: 2026-02-26 18:55:07,067 - Nothing to insert into the database!
INFO: 2026-02-26 18:55:07,067 - FINISHED LOOP

INFO: 2026-02-26 19:00:09,135 - STARTING LOOP
INFO: 2026-02-26 19:00:09,137 - Nothing to insert into the database!
INFO: 2026-02-26 19:00:09,137 - FINISHED LOOP

INFO: 2026-02-26 19:05:06,289 - STARTING LOOP
INFO: 2026-02-26 19:05:06,290 - Nothing to insert into the database!
INFO: 2026-02-26 19:05:06,290 - FINISHED LOOP

INFO: 2026-02-26 19:10:07,268 - STARTING LOOP
INFO: 2026-02-26 19:10:07,270 - Nothing to insert into the database!
INFO: 2026-02-26 19:10:07,270 - FINISHED LOOP

INFO: 2026-02-26 19:15:06,735 - STARTING LOOP
INFO: 2026-02-26 19:15:06,737 - Nothing to insert into the database!
INFO: 2026-02-26 19:15:06,737 - FINISHED LOOP

INFO: 2026-02-26 19:20:07,257 - STARTING LOOP
INFO: 2026-02-26 19:20:07,258 - Nothing to insert into the database!
INFO: 2026-02-26 19:20:07,258 - FINISHED LOOP

INFO: 2026-02-26 19:25:06,218 - STARTING LOOP
INFO: 2026-02-26 19:25:06,219 - Nothing to insert into the database!
INFO: 2026-02-26 19:25:06,219 - FINISHED LOOP

INFO: 2026-02-26 19:30:07,079 - STARTING LOOP
INFO: 2026-02-26 19:30:07,080 - Nothing to insert into the database!
INFO: 2026-02-26 19:30:07,080 - FINISHED LOOP

INFO: 2026-02-26 19:35:06,439 - STARTING LOOP
INFO: 2026-02-26 19:35:06,441 - Nothing to insert into the database!
INFO: 2026-02-26 19:35:06,441 - FINISHED LOOP

INFO: 2026-02-26 19:40:07,272 - STARTING LOOP
INFO: 2026-02-26 19:40:07,273 - Nothing to insert into the database!
INFO: 2026-02-26 19:40:07,273 - FINISHED LOOP

INFO: 2026-02-26 19:45:06,402 - STARTING LOOP
INFO: 2026-02-26 19:45:06,403 - Nothing to insert into the database!
INFO: 2026-02-26 19:45:06,403 - FINISHED LOOP

INFO: 2026-02-26 19:50:07,426 - STARTING LOOP
INFO: 2026-02-26 19:50:07,428 - Nothing to insert into the database!
INFO: 2026-02-26 19:50:07,428 - FINISHED LOOP

INFO: 2026-02-26 19:55:06,800 - STARTING LOOP
INFO: 2026-02-26 19:55:06,801 - Nothing to insert into the database!
INFO: 2026-02-26 19:55:06,801 - FINISHED LOOP

INFO: 2026-02-26 20:00:07,103 - STARTING LOOP
INFO: 2026-02-26 20:00:07,104 - Nothing to insert into the database!
INFO: 2026-02-26 20:00:07,105 - FINISHED LOOP

INFO: 2026-02-26 20:05:08,878 - STARTING LOOP
INFO: 2026-02-26 20:05:08,880 - Nothing to insert into the database!
INFO: 2026-02-26 20:05:08,880 - FINISHED LOOP

INFO: 2026-02-26 20:10:09,032 - STARTING LOOP
INFO: 2026-02-26 20:10:09,034 - Nothing to insert into the database!
INFO: 2026-02-26 20:10:09,035 - FINISHED LOOP

INFO: 2026-02-26 20:15:06,696 - STARTING LOOP
INFO: 2026-02-26 20:15:06,697 - Nothing to insert into the database!
INFO: 2026-02-26 20:15:06,697 - FINISHED LOOP

INFO: 2026-02-26 20:20:06,933 - STARTING LOOP
INFO: 2026-02-26 20:20:06,934 - Nothing to insert into the database!
INFO: 2026-02-26 20:20:06,934 - FINISHED LOOP

INFO: 2026-02-26 20:25:07,060 - STARTING LOOP
INFO: 2026-02-26 20:25:07,061 - Nothing to insert into the database!
INFO: 2026-02-26 20:25:07,062 - FINISHED LOOP

INFO: 2026-02-26 20:30:07,119 - STARTING LOOP
INFO: 2026-02-26 20:30:07,120 - Nothing to insert into the database!
INFO: 2026-02-26 20:30:07,120 - FINISHED LOOP

INFO: 2026-02-26 20:35:08,312 - STARTING LOOP
INFO: 2026-02-26 20:35:08,314 - Nothing to insert into the database!
INFO: 2026-02-26 20:35:08,314 - FINISHED LOOP

INFO: 2026-02-26 20:40:07,990 - STARTING LOOP
INFO: 2026-02-26 20:40:07,991 - Nothing to insert into the database!
INFO: 2026-02-26 20:40:07,991 - FINISHED LOOP

INFO: 2026-02-26 20:45:07,663 - STARTING LOOP
INFO: 2026-02-26 20:45:07,664 - Nothing to insert into the database!
INFO: 2026-02-26 20:45:07,664 - FINISHED LOOP

INFO: 2026-02-26 20:50:06,296 - STARTING LOOP
INFO: 2026-02-26 20:50:06,298 - Nothing to insert into the database!
INFO: 2026-02-26 20:50:06,298 - FINISHED LOOP

INFO: 2026-02-26 20:55:07,206 - STARTING LOOP
INFO: 2026-02-26 20:55:07,207 - Nothing to insert into the database!
INFO: 2026-02-26 20:55:07,207 - FINISHED LOOP

INFO: 2026-02-26 21:00:08,015 - STARTING LOOP
INFO: 2026-02-26 21:00:08,017 - Nothing to insert into the database!
INFO: 2026-02-26 21:00:08,017 - FINISHED LOOP

INFO: 2026-02-26 21:05:06,979 - STARTING LOOP
INFO: 2026-02-26 21:05:06,981 - Nothing to insert into the database!
INFO: 2026-02-26 21:05:06,981 - FINISHED LOOP

INFO: 2026-02-26 21:10:07,778 - STARTING LOOP
INFO: 2026-02-26 21:10:07,781 - Nothing to insert into the database!
INFO: 2026-02-26 21:10:07,781 - FINISHED LOOP

INFO: 2026-02-26 21:15:07,191 - STARTING LOOP
INFO: 2026-02-26 21:15:07,193 - Nothing to insert into the database!
INFO: 2026-02-26 21:15:07,193 - FINISHED LOOP

INFO: 2026-02-26 21:20:10,501 - STARTING LOOP
INFO: 2026-02-26 21:20:10,503 - Nothing to insert into the database!
INFO: 2026-02-26 21:20:10,503 - FINISHED LOOP

INFO: 2026-02-26 22:15:10,499 - STARTING LOOP
INFO: 2026-02-26 22:15:10,500 - Nothing to insert into the database!
INFO: 2026-02-26 22:15:10,500 - FINISHED LOOP

INFO: 2026-02-26 22:20:07,326 - STARTING LOOP
INFO: 2026-02-26 22:20:07,327 - Nothing to insert into the database!
INFO: 2026-02-26 22:20:07,327 - FINISHED LOOP

INFO: 2026-02-26 22:25:07,085 - STARTING LOOP
INFO: 2026-02-26 22:25:07,086 - Nothing to insert into the database!
INFO: 2026-02-26 22:25:07,086 - FINISHED LOOP

INFO: 2026-02-26 22:30:06,899 - STARTING LOOP
INFO: 2026-02-26 22:30:06,900 - Nothing to insert into the database!
INFO: 2026-02-26 22:30:06,900 - FINISHED LOOP

INFO: 2026-02-26 22:41:00,851 - STARTING LOOP
INFO: 2026-02-26 22:41:00,852 - Nothing to insert into the database!
INFO: 2026-02-26 22:41:00,852 - FINISHED LOOP

INFO: 2026-02-26 22:55:06,785 - STARTING LOOP
INFO: 2026-02-26 22:55:06,786 - Nothing to insert into the database!
INFO: 2026-02-26 22:55:06,786 - FINISHED LOOP

INFO: 2026-02-26 23:35:08,803 - STARTING LOOP
INFO: 2026-02-26 23:35:08,804 - Nothing to insert into the database!
INFO: 2026-02-26 23:35:08,804 - FINISHED LOOP

INFO: 2026-02-26 23:40:07,814 - STARTING LOOP
INFO: 2026-02-26 23:40:07,815 - Nothing to insert into the database!
INFO: 2026-02-26 23:40:07,815 - FINISHED LOOP

INFO: 2026-02-26 23:45:09,535 - STARTING LOOP
INFO: 2026-02-26 23:45:09,536 - Nothing to insert into the database!
INFO: 2026-02-26 23:45:09,536 - FINISHED LOOP

INFO: 2026-02-26 23:50:08,279 - STARTING LOOP
INFO: 2026-02-26 23:50:08,281 - Nothing to insert into the database!
INFO: 2026-02-26 23:50:08,281 - FINISHED LOOP

INFO: 2026-02-26 23:55:07,129 - STARTING LOOP
INFO: 2026-02-26 23:55:07,131 - Nothing to insert into the database!
INFO: 2026-02-26 23:55:07,131 - FINISHED LOOP

INFO: 2026-02-27 00:00:09,511 - STARTING LOOP
INFO: 2026-02-27 00:00:09,512 - Nothing to insert into the database!
INFO: 2026-02-27 00:00:09,512 - FINISHED LOOP

INFO: 2026-02-27 02:30:07,595 - STARTING LOOP
INFO: 2026-02-27 02:30:07,596 - Nothing to insert into the database!
INFO: 2026-02-27 02:30:07,596 - FINISHED LOOP

INFO: 2026-02-27 05:40:08,219 - STARTING LOOP
INFO: 2026-02-27 05:40:08,220 - Nothing to insert into the database!
INFO: 2026-02-27 05:40:08,220 - FINISHED LOOP

INFO: 2026-02-27 06:07:45,185 - STARTING LOOP
INFO: 2026-02-27 06:07:45,187 - Nothing to insert into the database!
INFO: 2026-02-27 06:07:45,187 - FINISHED LOOP

INFO: 2026-02-27 06:11:47,173 - STARTING LOOP
INFO: 2026-02-27 06:11:47,175 - Nothing to insert into the database!
INFO: 2026-02-27 06:11:47,175 - FINISHED LOOP

INFO: 2026-02-27 06:22:49,143 - STARTING LOOP
INFO: 2026-02-27 06:22:49,144 - Nothing to insert into the database!
INFO: 2026-02-27 06:22:49,145 - FINISHED LOOP

INFO: 2026-02-27 06:28:25,844 - STARTING LOOP
INFO: 2026-02-27 06:28:25,845 - Nothing to insert into the database!
INFO: 2026-02-27 06:28:25,845 - FINISHED LOOP

INFO: 2026-02-27 06:37:42,500 - STARTING LOOP
INFO: 2026-02-27 06:37:42,501 - Nothing to insert into the database!
INFO: 2026-02-27 06:37:42,501 - FINISHED LOOP

INFO: 2026-02-27 06:46:24,743 - STARTING LOOP
INFO: 2026-02-27 06:46:24,744 - Nothing to insert into the database!
INFO: 2026-02-27 06:46:24,744 - FINISHED LOOP

INFO: 2026-02-27 06:56:42,760 - STARTING LOOP
INFO: 2026-02-27 06:56:42,762 - Nothing to insert into the database!
INFO: 2026-02-27 06:56:42,762 - FINISHED LOOP

INFO: 2026-02-27 07:14:04,330 - STARTING LOOP
INFO: 2026-02-27 07:14:04,331 - Nothing to insert into the database!
INFO: 2026-02-27 07:14:04,331 - FINISHED LOOP

INFO: 2026-02-27 07:16:41,428 - STARTING LOOP
INFO: 2026-02-27 07:16:41,429 - Nothing to insert into the database!
INFO: 2026-02-27 07:16:41,429 - FINISHED LOOP

INFO: 2026-02-27 07:27:56,465 - STARTING LOOP
INFO: 2026-02-27 07:27:56,466 - Nothing to insert into the database!
INFO: 2026-02-27 07:27:56,466 - FINISHED LOOP

INFO: 2026-02-27 07:33:15,579 - STARTING LOOP
INFO: 2026-02-27 07:33:15,580 - Nothing to insert into the database!
INFO: 2026-02-27 07:33:15,580 - FINISHED LOOP

INFO: 2026-02-27 08:15:09,352 - STARTING LOOP
INFO: 2026-02-27 08:15:09,353 - Nothing to insert into the database!
INFO: 2026-02-27 08:15:09,353 - FINISHED LOOP

INFO: 2026-02-27 08:15:13,091 - STARTING LOOP
INFO: 2026-02-27 08:15:13,092 - Nothing to insert into the database!
INFO: 2026-02-27 08:15:13,092 - FINISHED LOOP

INFO: 2026-02-27 08:46:45,587 - STARTING LOOP
INFO: 2026-02-27 08:46:45,588 - Nothing to insert into the database!
INFO: 2026-02-27 08:46:45,588 - FINISHED LOOP

INFO: 2026-02-27 08:52:37,454 - STARTING LOOP
INFO: 2026-02-27 08:52:37,455 - Nothing to insert into the database!
INFO: 2026-02-27 08:52:37,455 - FINISHED LOOP

INFO: 2026-02-27 08:56:27,168 - STARTING LOOP
INFO: 2026-02-27 08:56:27,169 - Nothing to insert into the database!
INFO: 2026-02-27 08:56:27,169 - FINISHED LOOP

INFO: 2026-02-27 09:04:26,175 - STARTING LOOP
INFO: 2026-02-27 09:04:26,176 - Nothing to insert into the database!
INFO: 2026-02-27 09:04:26,176 - FINISHED LOOP

INFO: 2026-02-27 09:05:08,691 - STARTING LOOP
INFO: 2026-02-27 09:05:08,693 - Nothing to insert into the database!
INFO: 2026-02-27 09:05:08,693 - FINISHED LOOP

INFO: 2026-02-27 09:10:08,215 - STARTING LOOP
INFO: 2026-02-27 09:10:08,216 - Nothing to insert into the database!
INFO: 2026-02-27 09:10:08,216 - FINISHED LOOP

INFO: 2026-02-27 09:15:08,375 - STARTING LOOP
INFO: 2026-02-27 09:15:08,376 - Nothing to insert into the database!
INFO: 2026-02-27 09:15:08,376 - FINISHED LOOP

INFO: 2026-02-27 09:20:07,866 - STARTING LOOP
INFO: 2026-02-27 09:20:07,867 - Nothing to insert into the database!
INFO: 2026-02-27 09:20:07,867 - FINISHED LOOP

INFO: 2026-02-27 09:25:06,557 - STARTING LOOP
INFO: 2026-02-27 09:25:06,558 - Nothing to insert into the database!
INFO: 2026-02-27 09:25:06,558 - FINISHED LOOP

INFO: 2026-02-27 09:30:08,614 - STARTING LOOP
INFO: 2026-02-27 09:30:08,615 - Nothing to insert into the database!
INFO: 2026-02-27 09:30:08,615 - FINISHED LOOP

INFO: 2026-02-27 09:35:08,665 - STARTING LOOP
INFO: 2026-02-27 09:35:08,666 - Nothing to insert into the database!
INFO: 2026-02-27 09:35:08,666 - FINISHED LOOP

INFO: 2026-02-27 09:40:09,264 - STARTING LOOP
INFO: 2026-02-27 09:40:09,265 - Nothing to insert into the database!
INFO: 2026-02-27 09:40:09,265 - FINISHED LOOP

INFO: 2026-02-27 09:45:10,467 - STARTING LOOP
INFO: 2026-02-27 09:45:10,468 - Nothing to insert into the database!
INFO: 2026-02-27 09:45:10,469 - FINISHED LOOP

INFO: 2026-02-27 09:50:07,984 - STARTING LOOP
INFO: 2026-02-27 09:50:07,985 - Nothing to insert into the database!
INFO: 2026-02-27 09:50:07,986 - FINISHED LOOP

INFO: 2026-02-27 09:55:06,675 - STARTING LOOP
INFO: 2026-02-27 09:55:06,676 - Nothing to insert into the database!
INFO: 2026-02-27 09:55:06,676 - FINISHED LOOP

INFO: 2026-02-27 10:00:14,452 - STARTING LOOP
INFO: 2026-02-27 10:00:14,454 - Nothing to insert into the database!
INFO: 2026-02-27 10:00:14,454 - FINISHED LOOP

INFO: 2026-02-27 10:05:06,598 - STARTING LOOP
INFO: 2026-02-27 10:05:06,600 - Nothing to insert into the database!
INFO: 2026-02-27 10:05:06,600 - FINISHED LOOP

INFO: 2026-02-27 10:10:09,073 - STARTING LOOP
INFO: 2026-02-27 10:10:09,074 - Nothing to insert into the database!
INFO: 2026-02-27 10:10:09,074 - FINISHED LOOP

INFO: 2026-02-27 10:15:07,320 - STARTING LOOP
INFO: 2026-02-27 10:15:07,322 - Nothing to insert into the database!
INFO: 2026-02-27 10:15:07,322 - FINISHED LOOP

INFO: 2026-02-27 10:20:07,601 - STARTING LOOP
INFO: 2026-02-27 10:20:07,601 - Nothing to insert into the database!
INFO: 2026-02-27 10:20:07,602 - FINISHED LOOP

INFO: 2026-02-27 10:25:07,167 - STARTING LOOP
INFO: 2026-02-27 10:25:07,169 - Nothing to insert into the database!
INFO: 2026-02-27 10:25:07,169 - FINISHED LOOP

INFO: 2026-02-27 10:30:07,585 - STARTING LOOP
INFO: 2026-02-27 10:30:07,586 - Nothing to insert into the database!
INFO: 2026-02-27 10:30:07,587 - FINISHED LOOP

INFO: 2026-02-27 10:35:37,568 - STARTING LOOP
INFO: 2026-02-27 10:35:37,570 - Nothing to insert into the database!
INFO: 2026-02-27 10:35:37,570 - FINISHED LOOP

INFO: 2026-02-27 10:40:07,337 - STARTING LOOP
INFO: 2026-02-27 10:40:07,338 - Nothing to insert into the database!
INFO: 2026-02-27 10:40:07,338 - FINISHED LOOP

INFO: 2026-02-27 10:45:05,446 - STARTING LOOP
INFO: 2026-02-27 10:45:05,447 - Nothing to insert into the database!
INFO: 2026-02-27 10:45:05,447 - FINISHED LOOP

INFO: 2026-02-27 10:54:40,225 - STARTING LOOP
INFO: 2026-02-27 10:54:40,226 - Nothing to insert into the database!
INFO: 2026-02-27 10:54:40,226 - FINISHED LOOP

INFO: 2026-02-27 10:55:08,609 - STARTING LOOP
INFO: 2026-02-27 10:55:08,610 - Nothing to insert into the database!
INFO: 2026-02-27 10:55:08,610 - FINISHED LOOP

INFO: 2026-02-27 11:00:20,813 - STARTING LOOP
INFO: 2026-02-27 11:00:20,814 - Nothing to insert into the database!
INFO: 2026-02-27 11:00:20,814 - FINISHED LOOP

INFO: 2026-02-27 11:05:07,756 - STARTING LOOP
INFO: 2026-02-27 11:05:07,758 - Nothing to insert into the database!
INFO: 2026-02-27 11:05:07,758 - FINISHED LOOP

INFO: 2026-02-27 11:10:07,577 - STARTING LOOP
INFO: 2026-02-27 11:10:07,578 - Nothing to insert into the database!
INFO: 2026-02-27 11:10:07,578 - FINISHED LOOP

INFO: 2026-02-27 11:15:09,833 - STARTING LOOP
INFO: 2026-02-27 11:15:09,834 - Nothing to insert into the database!
INFO: 2026-02-27 11:15:09,834 - FINISHED LOOP

INFO: 2026-02-27 11:20:06,966 - STARTING LOOP
INFO: 2026-02-27 11:20:06,967 - Nothing to insert into the database!
INFO: 2026-02-27 11:20:06,967 - FINISHED LOOP

INFO: 2026-02-27 11:25:07,266 - STARTING LOOP
INFO: 2026-02-27 11:25:07,267 - Nothing to insert into the database!
INFO: 2026-02-27 11:25:07,268 - FINISHED LOOP

INFO: 2026-02-27 11:30:07,590 - STARTING LOOP
INFO: 2026-02-27 11:30:07,592 - Nothing to insert into the database!
INFO: 2026-02-27 11:30:07,592 - FINISHED LOOP

INFO: 2026-02-27 11:35:07,548 - STARTING LOOP
INFO: 2026-02-27 11:35:07,549 - Nothing to insert into the database!
INFO: 2026-02-27 11:35:07,549 - FINISHED LOOP

INFO: 2026-02-27 11:40:08,918 - STARTING LOOP
INFO: 2026-02-27 11:40:08,919 - Nothing to insert into the database!
INFO: 2026-02-27 11:40:08,919 - FINISHED LOOP

INFO: 2026-02-27 11:45:10,260 - STARTING LOOP
INFO: 2026-02-27 11:45:10,261 - Nothing to insert into the database!
INFO: 2026-02-27 11:45:10,261 - FINISHED LOOP

INFO: 2026-02-27 11:50:07,408 - STARTING LOOP
INFO: 2026-02-27 11:50:07,409 - Nothing to insert into the database!
INFO: 2026-02-27 11:50:07,409 - FINISHED LOOP

INFO: 2026-02-27 11:55:10,774 - STARTING LOOP
INFO: 2026-02-27 11:55:10,775 - Nothing to insert into the database!
INFO: 2026-02-27 11:55:10,775 - FINISHED LOOP

INFO: 2026-02-27 12:00:10,602 - STARTING LOOP
INFO: 2026-02-27 12:00:10,603 - Nothing to insert into the database!
INFO: 2026-02-27 12:00:10,603 - FINISHED LOOP

INFO: 2026-02-27 12:05:07,432 - STARTING LOOP
INFO: 2026-02-27 12:05:07,434 - Nothing to insert into the database!
INFO: 2026-02-27 12:05:07,434 - FINISHED LOOP

INFO: 2026-02-27 12:10:07,436 - STARTING LOOP
INFO: 2026-02-27 12:10:07,441 - Nothing to insert into the database!
INFO: 2026-02-27 12:10:07,441 - FINISHED LOOP

INFO: 2026-02-27 12:15:05,309 - STARTING LOOP
INFO: 2026-02-27 12:15:05,311 - Nothing to insert into the database!
INFO: 2026-02-27 12:15:05,311 - FINISHED LOOP

INFO: 2026-02-27 12:20:07,488 - STARTING LOOP
INFO: 2026-02-27 12:20:07,489 - Nothing to insert into the database!
INFO: 2026-02-27 12:20:07,489 - FINISHED LOOP

INFO: 2026-02-27 12:25:06,945 - STARTING LOOP
INFO: 2026-02-27 12:25:06,946 - Nothing to insert into the database!
INFO: 2026-02-27 12:25:06,946 - FINISHED LOOP

INFO: 2026-02-27 12:30:06,923 - STARTING LOOP
INFO: 2026-02-27 12:30:06,924 - Nothing to insert into the database!
INFO: 2026-02-27 12:30:06,924 - FINISHED LOOP

INFO: 2026-02-27 12:35:14,425 - STARTING LOOP
INFO: 2026-02-27 12:35:14,427 - Nothing to insert into the database!
INFO: 2026-02-27 12:35:14,428 - FINISHED LOOP

INFO: 2026-02-27 12:40:08,327 - STARTING LOOP
INFO: 2026-02-27 12:40:08,328 - Nothing to insert into the database!
INFO: 2026-02-27 12:40:08,328 - FINISHED LOOP

INFO: 2026-02-27 12:45:07,561 - STARTING LOOP
INFO: 2026-02-27 12:45:07,563 - Nothing to insert into the database!
INFO: 2026-02-27 12:45:07,563 - FINISHED LOOP

INFO: 2026-02-27 12:50:09,553 - STARTING LOOP
INFO: 2026-02-27 12:50:09,556 - Nothing to insert into the database!
INFO: 2026-02-27 12:50:09,556 - FINISHED LOOP

INFO: 2026-02-27 12:55:10,305 - STARTING LOOP
INFO: 2026-02-27 12:55:10,307 - Nothing to insert into the database!
INFO: 2026-02-27 12:55:10,307 - FINISHED LOOP

INFO: 2026-02-27 13:00:08,640 - STARTING LOOP
INFO: 2026-02-27 13:00:08,641 - Nothing to insert into the database!
INFO: 2026-02-27 13:00:08,642 - FINISHED LOOP

INFO: 2026-02-27 13:05:06,386 - STARTING LOOP
INFO: 2026-02-27 13:05:06,387 - Preparing csv for database input...
INFO: 2026-02-27 13:05:06,827 - DONE!
INFO: 2026-02-27 13:05:06,828 - Inserting file snov--1993974__la-real-estate-agents.csv...
INFO: 2026-02-27 13:05:08,795 - DONE!
INFO: 2026-02-27 13:05:08,797 - Saving for project 1993974 - intralink_realtors_california
INFO: 2026-02-27 13:05:08,829 - DONE!
INFO: 2026-02-27 13:05:09,879 - Preparing csv for database input...
INFO: 2026-02-27 13:05:10,395 - DONE!
INFO: 2026-02-27 13:05:10,396 - Inserting file snov--1993974__la-real-estate-agents_1.csv...
INFO: 2026-02-27 13:05:30,380 - DONE!
INFO: 2026-02-27 13:05:30,384 - Saving for project 1993974 - intralink_realtors_california
INFO: 2026-02-27 13:05:30,517 - DONE!
INFO: 2026-02-27 13:05:31,544 - FINISHED LOOP

saving new records...
inserted 870 new records
failed converting to list in the column: 
other_emails
updating 89 records
success!
saving new records...
inserted 4102 new records
failed converting to list in the column: 
other_emails
failed converting to list in the column: 
projects_ids
updating 6795 records
success!
INFO: 2026-02-27 13:10:08,065 - STARTING LOOP
INFO: 2026-02-27 13:10:08,066 - Nothing to insert into the database!
INFO: 2026-02-27 13:10:08,066 - FINISHED LOOP

INFO: 2026-02-27 13:15:07,671 - STARTING LOOP
INFO: 2026-02-27 13:15:07,672 - Nothing to insert into the database!
INFO: 2026-02-27 13:15:07,673 - FINISHED LOOP

INFO: 2026-02-27 13:20:08,017 - STARTING LOOP
INFO: 2026-02-27 13:20:08,019 - Nothing to insert into the database!
INFO: 2026-02-27 13:20:08,019 - FINISHED LOOP

INFO: 2026-02-27 13:25:08,121 - STARTING LOOP
INFO: 2026-02-27 13:25:08,122 - Preparing csv for database input...
INFO: 2026-02-27 13:25:08,645 - DONE!
INFO: 2026-02-27 13:25:08,645 - Inserting file snov--1467231__uk-medical-devices.csv...
INFO: 2026-02-27 13:25:20,377 - DONE!
INFO: 2026-02-27 13:25:20,379 - Saving for project 1467231 - hsj_medical_sis_lists
INFO: 2026-02-27 13:25:20,458 - DONE!
INFO: 2026-02-27 13:25:21,523 - FINISHED LOOP

saving new records...
inserted 3049 new records
failed converting to list in the column: 
other_emails
failed converting to list in the column: 
projects_ids
updating 437 records
success!
INFO: 2026-02-27 13:30:08,223 - STARTING LOOP
INFO: 2026-02-27 13:30:08,224 - Nothing to insert into the database!
INFO: 2026-02-27 13:30:08,225 - FINISHED LOOP

INFO: 2026-02-27 13:35:09,892 - STARTING LOOP
INFO: 2026-02-27 13:35:09,945 - Nothing to insert into the database!
INFO: 2026-02-27 13:35:09,945 - FINISHED LOOP

INFO: 2026-02-27 13:40:14,115 - STARTING LOOP
INFO: 2026-02-27 13:40:14,116 - Preparing csv for database input...
INFO: 2026-02-27 13:40:14,717 - DONE!
INFO: 2026-02-27 13:40:14,717 - Inserting file snov--1994141__usa-health-broker.csv...
INFO: 2026-02-27 13:40:30,943 - DONE!
INFO: 2026-02-27 13:40:30,947 - Saving for project 1994141 - luminare_health
INFO: 2026-02-27 13:40:31,057 - DONE!
INFO: 2026-02-27 13:40:32,132 - FINISHED LOOP

saving new records...
inserted 2094 new records
failed converting to list in the column: 
other_emails
updating 841 records
success!
INFO: 2026-02-27 13:45:07,607 - STARTING LOOP
INFO: 2026-02-27 13:45:07,608 - Nothing to insert into the database!
INFO: 2026-02-27 13:45:07,608 - FINISHED LOOP

INFO: 2026-02-27 13:50:09,912 - STARTING LOOP
INFO: 2026-02-27 13:50:09,913 - Nothing to insert into the database!
INFO: 2026-02-27 13:50:09,913 - FINISHED LOOP

INFO: 2026-02-27 13:55:07,971 - STARTING LOOP
INFO: 2026-02-27 13:55:07,973 - Nothing to insert into the database!
INFO: 2026-02-27 13:55:07,973 - FINISHED LOOP

INFO: 2026-02-27 14:00:08,448 - STARTING LOOP
INFO: 2026-02-27 14:00:08,449 - Nothing to insert into the database!
INFO: 2026-02-27 14:00:08,449 - FINISHED LOOP

INFO: 2026-02-27 14:05:08,249 - STARTING LOOP
INFO: 2026-02-27 14:05:08,250 - Nothing to insert into the database!
INFO: 2026-02-27 14:05:08,250 - FINISHED LOOP

INFO: 2026-02-27 14:10:07,142 - STARTING LOOP
INFO: 2026-02-27 14:10:07,143 - Nothing to insert into the database!
INFO: 2026-02-27 14:10:07,143 - FINISHED LOOP

INFO: 2026-02-27 14:15:08,188 - STARTING LOOP
INFO: 2026-02-27 14:15:08,190 - Nothing to insert into the database!
INFO: 2026-02-27 14:15:08,190 - FINISHED LOOP

INFO: 2026-02-27 14:20:07,067 - STARTING LOOP
INFO: 2026-02-27 14:20:07,069 - Nothing to insert into the database!
INFO: 2026-02-27 14:20:07,069 - FINISHED LOOP

INFO: 2026-02-27 14:25:08,074 - STARTING LOOP
INFO: 2026-02-27 14:25:08,075 - Nothing to insert into the database!
INFO: 2026-02-27 14:25:08,075 - FINISHED LOOP

INFO: 2026-02-27 14:30:09,138 - STARTING LOOP
INFO: 2026-02-27 14:30:09,139 - Nothing to insert into the database!
INFO: 2026-02-27 14:30:09,139 - FINISHED LOOP

INFO: 2026-02-27 14:35:07,974 - STARTING LOOP
INFO: 2026-02-27 14:35:07,976 - Nothing to insert into the database!
INFO: 2026-02-27 14:35:07,976 - FINISHED LOOP

INFO: 2026-02-27 14:40:09,830 - STARTING LOOP
INFO: 2026-02-27 14:40:09,832 - Nothing to insert into the database!
INFO: 2026-02-27 14:40:09,832 - FINISHED LOOP

INFO: 2026-02-27 14:59:47,184 - STARTING LOOP
INFO: 2026-02-27 14:59:47,186 - Nothing to insert into the database!
INFO: 2026-02-27 14:59:47,186 - FINISHED LOOP

INFO: 2026-02-27 15:00:05,271 - STARTING LOOP
INFO: 2026-02-27 15:00:05,271 - Nothing to insert into the database!
INFO: 2026-02-27 15:00:05,271 - FINISHED LOOP

INFO: 2026-02-27 15:06:59,476 - STARTING LOOP
INFO: 2026-02-27 15:06:59,477 - Nothing to insert into the database!
INFO: 2026-02-27 15:06:59,477 - FINISHED LOOP

INFO: 2026-02-27 15:10:10,062 - STARTING LOOP
INFO: 2026-02-27 15:10:10,063 - Nothing to insert into the database!
INFO: 2026-02-27 15:10:10,064 - FINISHED LOOP

INFO: 2026-02-27 15:15:08,248 - STARTING LOOP
INFO: 2026-02-27 15:15:08,249 - Nothing to insert into the database!
INFO: 2026-02-27 15:15:08,249 - FINISHED LOOP

INFO: 2026-02-27 15:20:08,041 - STARTING LOOP
INFO: 2026-02-27 15:20:08,042 - Nothing to insert into the database!
INFO: 2026-02-27 15:20:08,042 - FINISHED LOOP

INFO: 2026-02-27 15:25:05,965 - STARTING LOOP
INFO: 2026-02-27 15:25:05,967 - Nothing to insert into the database!
INFO: 2026-02-27 15:25:05,967 - FINISHED LOOP

INFO: 2026-02-27 15:30:10,423 - STARTING LOOP
INFO: 2026-02-27 15:30:10,424 - Nothing to insert into the database!
INFO: 2026-02-27 15:30:10,424 - FINISHED LOOP

INFO: 2026-02-27 15:35:08,731 - STARTING LOOP
INFO: 2026-02-27 15:35:08,732 - Nothing to insert into the database!
INFO: 2026-02-27 15:35:08,732 - FINISHED LOOP

INFO: 2026-02-27 15:40:09,855 - STARTING LOOP
INFO: 2026-02-27 15:40:09,856 - Nothing to insert into the database!
INFO: 2026-02-27 15:40:09,856 - FINISHED LOOP

INFO: 2026-02-27 15:45:13,004 - STARTING LOOP
INFO: 2026-02-27 15:45:13,008 - Nothing to insert into the database!
INFO: 2026-02-27 15:45:13,008 - FINISHED LOOP

INFO: 2026-02-27 15:50:08,521 - STARTING LOOP
INFO: 2026-02-27 15:50:08,523 - Nothing to insert into the database!
INFO: 2026-02-27 15:50:08,523 - FINISHED LOOP

INFO: 2026-02-27 15:55:09,842 - STARTING LOOP
INFO: 2026-02-27 15:55:09,844 - Nothing to insert into the database!
INFO: 2026-02-27 15:55:09,844 - FINISHED LOOP

INFO: 2026-02-27 16:00:10,242 - STARTING LOOP
INFO: 2026-02-27 16:00:10,243 - Nothing to insert into the database!
INFO: 2026-02-27 16:00:10,244 - FINISHED LOOP

INFO: 2026-02-27 16:05:08,434 - STARTING LOOP
INFO: 2026-02-27 16:05:08,436 - Nothing to insert into the database!
INFO: 2026-02-27 16:05:08,436 - FINISHED LOOP

INFO: 2026-02-27 16:10:10,883 - STARTING LOOP
INFO: 2026-02-27 16:10:10,885 - Nothing to insert into the database!
INFO: 2026-02-27 16:10:10,885 - FINISHED LOOP

INFO: 2026-02-27 16:15:07,304 - STARTING LOOP
INFO: 2026-02-27 16:15:07,306 - Nothing to insert into the database!
INFO: 2026-02-27 16:15:07,306 - FINISHED LOOP

INFO: 2026-02-27 16:20:09,882 - STARTING LOOP
INFO: 2026-02-27 16:20:09,883 - Nothing to insert into the database!
INFO: 2026-02-27 16:20:09,883 - FINISHED LOOP

INFO: 2026-02-27 16:25:08,585 - STARTING LOOP
INFO: 2026-02-27 16:25:08,587 - Nothing to insert into the database!
INFO: 2026-02-27 16:25:08,587 - FINISHED LOOP

INFO: 2026-02-27 16:30:07,630 - STARTING LOOP
INFO: 2026-02-27 16:30:07,631 - Nothing to insert into the database!
INFO: 2026-02-27 16:30:07,631 - FINISHED LOOP

INFO: 2026-02-27 16:35:07,845 - STARTING LOOP
INFO: 2026-02-27 16:35:07,847 - Nothing to insert into the database!
INFO: 2026-02-27 16:35:07,847 - FINISHED LOOP

INFO: 2026-02-27 16:40:08,731 - STARTING LOOP
INFO: 2026-02-27 16:40:08,733 - Nothing to insert into the database!
INFO: 2026-02-27 16:40:08,733 - FINISHED LOOP

INFO: 2026-02-27 16:45:07,444 - STARTING LOOP
INFO: 2026-02-27 16:45:07,446 - Nothing to insert into the database!
INFO: 2026-02-27 16:45:07,446 - FINISHED LOOP

INFO: 2026-02-27 16:50:09,333 - STARTING LOOP
INFO: 2026-02-27 16:50:09,334 - Nothing to insert into the database!
INFO: 2026-02-27 16:50:09,334 - FINISHED LOOP

INFO: 2026-02-27 16:55:07,788 - STARTING LOOP
INFO: 2026-02-27 16:55:07,789 - Nothing to insert into the database!
INFO: 2026-02-27 16:55:07,789 - FINISHED LOOP

INFO: 2026-02-27 17:00:38,746 - STARTING LOOP
INFO: 2026-02-27 17:00:38,747 - Nothing to insert into the database!
INFO: 2026-02-27 17:00:38,747 - FINISHED LOOP

INFO: 2026-02-27 17:08:58,566 - STARTING LOOP
INFO: 2026-02-27 17:08:58,568 - Nothing to insert into the database!
INFO: 2026-02-27 17:08:58,568 - FINISHED LOOP

INFO: 2026-02-27 17:17:31,708 - STARTING LOOP
INFO: 2026-02-27 17:17:31,709 - Nothing to insert into the database!
INFO: 2026-02-27 17:17:31,709 - FINISHED LOOP

INFO: 2026-02-27 17:20:08,110 - STARTING LOOP
INFO: 2026-02-27 17:20:08,111 - Nothing to insert into the database!
INFO: 2026-02-27 17:20:08,111 - FINISHED LOOP

INFO: 2026-02-27 17:25:15,649 - STARTING LOOP
INFO: 2026-02-27 17:25:15,649 - Nothing to insert into the database!
INFO: 2026-02-27 17:25:15,650 - FINISHED LOOP

INFO: 2026-02-27 17:30:18,406 - STARTING LOOP
INFO: 2026-02-27 17:30:18,407 - Nothing to insert into the database!
INFO: 2026-02-27 17:30:18,407 - FINISHED LOOP

INFO: 2026-02-27 17:35:09,159 - STARTING LOOP
INFO: 2026-02-27 17:35:09,161 - Nothing to insert into the database!
INFO: 2026-02-27 17:35:09,161 - FINISHED LOOP

INFO: 2026-02-27 17:40:07,487 - STARTING LOOP
INFO: 2026-02-27 17:40:07,489 - Nothing to insert into the database!
INFO: 2026-02-27 17:40:07,489 - FINISHED LOOP

INFO: 2026-02-27 17:45:07,433 - STARTING LOOP
INFO: 2026-02-27 17:45:07,435 - Nothing to insert into the database!
INFO: 2026-02-27 17:45:07,435 - FINISHED LOOP

INFO: 2026-02-27 17:50:08,512 - STARTING LOOP
INFO: 2026-02-27 17:50:08,514 - Nothing to insert into the database!
INFO: 2026-02-27 17:50:08,514 - FINISHED LOOP

INFO: 2026-02-27 17:55:06,739 - STARTING LOOP
INFO: 2026-02-27 17:55:06,740 - Nothing to insert into the database!
INFO: 2026-02-27 17:55:06,740 - FINISHED LOOP

INFO: 2026-02-27 18:00:08,379 - STARTING LOOP
INFO: 2026-02-27 18:00:08,380 - Nothing to insert into the database!
INFO: 2026-02-27 18:00:08,380 - FINISHED LOOP

INFO: 2026-02-27 18:05:07,804 - STARTING LOOP
INFO: 2026-02-27 18:05:07,805 - Nothing to insert into the database!
INFO: 2026-02-27 18:05:07,805 - FINISHED LOOP

INFO: 2026-02-27 18:10:07,169 - STARTING LOOP
INFO: 2026-02-27 18:10:07,170 - Nothing to insert into the database!
INFO: 2026-02-27 18:10:07,171 - FINISHED LOOP

INFO: 2026-02-27 18:15:07,259 - STARTING LOOP
INFO: 2026-02-27 18:15:07,261 - Nothing to insert into the database!
INFO: 2026-02-27 18:15:07,262 - FINISHED LOOP

INFO: 2026-02-27 18:20:09,067 - STARTING LOOP
INFO: 2026-02-27 18:20:09,069 - Nothing to insert into the database!
INFO: 2026-02-27 18:20:09,069 - FINISHED LOOP

INFO: 2026-02-27 18:25:07,056 - STARTING LOOP
INFO: 2026-02-27 18:25:07,057 - Nothing to insert into the database!
INFO: 2026-02-27 18:25:07,058 - FINISHED LOOP

INFO: 2026-02-27 18:30:10,102 - STARTING LOOP
INFO: 2026-02-27 18:30:10,103 - Nothing to insert into the database!
INFO: 2026-02-27 18:30:10,103 - FINISHED LOOP

INFO: 2026-02-27 18:55:08,806 - STARTING LOOP
INFO: 2026-02-27 18:55:08,808 - Nothing to insert into the database!
INFO: 2026-02-27 18:55:08,808 - FINISHED LOOP

INFO: 2026-02-27 19:00:09,207 - STARTING LOOP
INFO: 2026-02-27 19:00:09,208 - Nothing to insert into the database!
INFO: 2026-02-27 19:00:09,208 - FINISHED LOOP

INFO: 2026-02-27 19:05:06,706 - STARTING LOOP
INFO: 2026-02-27 19:05:06,707 - Nothing to insert into the database!
INFO: 2026-02-27 19:05:06,707 - FINISHED LOOP

INFO: 2026-02-27 19:10:07,015 - STARTING LOOP
INFO: 2026-02-27 19:10:07,017 - Nothing to insert into the database!
INFO: 2026-02-27 19:10:07,017 - FINISHED LOOP

INFO: 2026-02-27 19:15:05,738 - STARTING LOOP
INFO: 2026-02-27 19:15:05,740 - Nothing to insert into the database!
INFO: 2026-02-27 19:15:05,740 - FINISHED LOOP

INFO: 2026-02-27 19:20:06,272 - STARTING LOOP
INFO: 2026-02-27 19:20:06,273 - Nothing to insert into the database!
INFO: 2026-02-27 19:20:06,273 - FINISHED LOOP

INFO: 2026-02-27 19:25:06,286 - STARTING LOOP
INFO: 2026-02-27 19:25:06,288 - Nothing to insert into the database!
INFO: 2026-02-27 19:25:06,288 - FINISHED LOOP

INFO: 2026-02-27 19:30:05,962 - STARTING LOOP
INFO: 2026-02-27 19:30:05,964 - Nothing to insert into the database!
INFO: 2026-02-27 19:30:05,964 - FINISHED LOOP

INFO: 2026-02-27 19:35:05,477 - STARTING LOOP
INFO: 2026-02-27 19:35:05,479 - Nothing to insert into the database!
INFO: 2026-02-27 19:35:05,479 - FINISHED LOOP

INFO: 2026-02-27 19:40:07,982 - STARTING LOOP
INFO: 2026-02-27 19:40:07,983 - Nothing to insert into the database!
INFO: 2026-02-27 19:40:07,983 - FINISHED LOOP

INFO: 2026-02-27 20:22:52,138 - STARTING LOOP
INFO: 2026-02-27 20:22:52,139 - Nothing to insert into the database!
INFO: 2026-02-27 20:22:52,139 - FINISHED LOOP

INFO: 2026-02-27 20:25:05,665 - STARTING LOOP
INFO: 2026-02-27 20:25:05,667 - Nothing to insert into the database!
INFO: 2026-02-27 20:25:05,667 - FINISHED LOOP

INFO: 2026-02-27 20:35:05,898 - STARTING LOOP
INFO: 2026-02-27 20:35:05,900 - Nothing to insert into the database!
INFO: 2026-02-27 20:35:05,900 - FINISHED LOOP

INFO: 2026-02-27 20:41:17,147 - STARTING LOOP
INFO: 2026-02-27 20:41:17,148 - Nothing to insert into the database!
INFO: 2026-02-27 20:41:17,148 - FINISHED LOOP

INFO: 2026-02-27 20:45:09,522 - STARTING LOOP
INFO: 2026-02-27 20:45:09,523 - Nothing to insert into the database!
INFO: 2026-02-27 20:45:09,523 - FINISHED LOOP

INFO: 2026-02-27 20:50:05,770 - STARTING LOOP
INFO: 2026-02-27 20:50:05,772 - Nothing to insert into the database!
INFO: 2026-02-27 20:50:05,772 - FINISHED LOOP

INFO: 2026-02-27 21:08:58,365 - STARTING LOOP
INFO: 2026-02-27 21:08:58,367 - Nothing to insert into the database!
INFO: 2026-02-27 21:08:58,367 - FINISHED LOOP

INFO: 2026-02-27 21:09:02,483 - STARTING LOOP
INFO: 2026-02-27 21:09:02,484 - Nothing to insert into the database!
INFO: 2026-02-27 21:09:02,484 - FINISHED LOOP

INFO: 2026-02-27 21:11:04,931 - STARTING LOOP
INFO: 2026-02-27 21:11:04,932 - Nothing to insert into the database!
INFO: 2026-02-27 21:11:04,932 - FINISHED LOOP

INFO: 2026-02-27 21:31:12,875 - STARTING LOOP
INFO: 2026-02-27 21:31:13,060 - Nothing to insert into the database!
INFO: 2026-02-27 21:31:13,060 - FINISHED LOOP

INFO: 2026-02-27 22:00:43,381 - STARTING LOOP
INFO: 2026-02-27 22:00:43,382 - Nothing to insert into the database!
INFO: 2026-02-27 22:00:43,382 - FINISHED LOOP

INFO: 2026-02-28 01:06:04,172 - STARTING LOOP
INFO: 2026-02-28 01:06:04,174 - Nothing to insert into the database!
INFO: 2026-02-28 01:06:04,178 - FINISHED LOOP

INFO: 2026-02-28 02:52:00,642 - STARTING LOOP
INFO: 2026-02-28 02:52:00,644 - Nothing to insert into the database!
INFO: 2026-02-28 02:52:00,644 - FINISHED LOOP

INFO: 2026-02-28 04:55:06,675 - STARTING LOOP
INFO: 2026-02-28 04:55:06,677 - Nothing to insert into the database!
INFO: 2026-02-28 04:55:06,677 - FINISHED LOOP

INFO: 2026-02-28 06:00:29,485 - STARTING LOOP
INFO: 2026-02-28 06:00:29,487 - Nothing to insert into the database!
INFO: 2026-02-28 06:00:29,488 - FINISHED LOOP

INFO: 2026-02-28 06:00:34,181 - STARTING LOOP
INFO: 2026-02-28 06:00:34,182 - Nothing to insert into the database!
INFO: 2026-02-28 06:00:34,182 - FINISHED LOOP

INFO: 2026-02-28 06:10:48,117 - STARTING LOOP
INFO: 2026-02-28 06:10:48,118 - Nothing to insert into the database!
INFO: 2026-02-28 06:10:48,118 - FINISHED LOOP

INFO: 2026-02-28 06:18:56,510 - STARTING LOOP
INFO: 2026-02-28 06:18:56,511 - Nothing to insert into the database!
INFO: 2026-02-28 06:18:56,511 - FINISHED LOOP

INFO: 2026-02-28 06:20:51,852 - STARTING LOOP
INFO: 2026-02-28 06:20:51,853 - Nothing to insert into the database!
INFO: 2026-02-28 06:20:51,853 - FINISHED LOOP

INFO: 2026-02-28 06:30:13,447 - STARTING LOOP
INFO: 2026-02-28 06:30:13,448 - Nothing to insert into the database!
INFO: 2026-02-28 06:30:13,449 - FINISHED LOOP

INFO: 2026-02-28 06:37:55,811 - STARTING LOOP
INFO: 2026-02-28 06:37:55,812 - Nothing to insert into the database!
INFO: 2026-02-28 06:37:55,813 - FINISHED LOOP

INFO: 2026-02-28 06:41:23,292 - STARTING LOOP
INFO: 2026-02-28 06:41:23,293 - Nothing to insert into the database!
INFO: 2026-02-28 06:41:23,293 - FINISHED LOOP

INFO: 2026-02-28 06:47:42,283 - STARTING LOOP
INFO: 2026-02-28 06:47:42,284 - Nothing to insert into the database!
INFO: 2026-02-28 06:47:42,284 - FINISHED LOOP

INFO: 2026-02-28 06:50:05,089 - STARTING LOOP
INFO: 2026-02-28 06:50:05,091 - Nothing to insert into the database!
INFO: 2026-02-28 06:50:05,091 - FINISHED LOOP

INFO: 2026-02-28 06:55:52,130 - STARTING LOOP
INFO: 2026-02-28 06:55:52,132 - Nothing to insert into the database!
INFO: 2026-02-28 06:55:52,132 - FINISHED LOOP

INFO: 2026-02-28 07:00:46,948 - STARTING LOOP
INFO: 2026-02-28 07:00:46,949 - Nothing to insert into the database!
INFO: 2026-02-28 07:00:46,950 - FINISHED LOOP

INFO: 2026-02-28 07:05:54,602 - STARTING LOOP
INFO: 2026-02-28 07:05:54,603 - Nothing to insert into the database!
INFO: 2026-02-28 07:05:54,603 - FINISHED LOOP

INFO: 2026-02-28 07:15:14,973 - STARTING LOOP
INFO: 2026-02-28 07:15:14,974 - Nothing to insert into the database!
INFO: 2026-02-28 07:15:14,974 - FINISHED LOOP

INFO: 2026-02-28 07:35:04,798 - STARTING LOOP
INFO: 2026-02-28 07:35:04,800 - Nothing to insert into the database!
INFO: 2026-02-28 07:35:04,800 - FINISHED LOOP

INFO: 2026-02-28 08:15:07,510 - STARTING LOOP
INFO: 2026-02-28 08:15:07,511 - Nothing to insert into the database!
INFO: 2026-02-28 08:15:07,511 - FINISHED LOOP

INFO: 2026-02-28 09:08:23,840 - STARTING LOOP
INFO: 2026-02-28 09:08:23,842 - Nothing to insert into the database!
INFO: 2026-02-28 09:08:23,842 - FINISHED LOOP

INFO: 2026-02-28 09:10:13,271 - STARTING LOOP
INFO: 2026-02-28 09:10:13,272 - Nothing to insert into the database!
INFO: 2026-02-28 09:10:13,272 - FINISHED LOOP

INFO: 2026-02-28 09:15:34,785 - STARTING LOOP
INFO: 2026-02-28 09:15:34,786 - Nothing to insert into the database!
INFO: 2026-02-28 09:15:34,786 - FINISHED LOOP

INFO: 2026-02-28 09:21:24,367 - STARTING LOOP
INFO: 2026-02-28 09:21:24,369 - Nothing to insert into the database!
INFO: 2026-02-28 09:21:24,369 - FINISHED LOOP

INFO: 2026-02-28 09:25:36,857 - STARTING LOOP
INFO: 2026-02-28 09:25:36,859 - Nothing to insert into the database!
INFO: 2026-02-28 09:25:36,859 - FINISHED LOOP

INFO: 2026-02-28 09:32:02,803 - STARTING LOOP
INFO: 2026-02-28 09:32:02,805 - Nothing to insert into the database!
INFO: 2026-02-28 09:32:02,805 - FINISHED LOOP

INFO: 2026-02-28 09:36:11,035 - STARTING LOOP
INFO: 2026-02-28 09:36:11,037 - Nothing to insert into the database!
INFO: 2026-02-28 09:36:11,037 - FINISHED LOOP

INFO: 2026-02-28 09:40:45,250 - STARTING LOOP
INFO: 2026-02-28 09:40:45,252 - Nothing to insert into the database!
INFO: 2026-02-28 09:40:45,252 - FINISHED LOOP

INFO: 2026-02-28 09:45:16,239 - STARTING LOOP
INFO: 2026-02-28 09:45:16,241 - Nothing to insert into the database!
INFO: 2026-02-28 09:45:16,241 - FINISHED LOOP

INFO: 2026-02-28 10:05:30,485 - STARTING LOOP
INFO: 2026-02-28 10:05:30,486 - Nothing to insert into the database!
INFO: 2026-02-28 10:05:30,486 - FINISHED LOOP

INFO: 2026-02-28 10:10:07,421 - STARTING LOOP
INFO: 2026-02-28 10:10:07,423 - Nothing to insert into the database!
INFO: 2026-02-28 10:10:07,423 - FINISHED LOOP

INFO: 2026-02-28 10:15:09,408 - STARTING LOOP
INFO: 2026-02-28 10:15:09,409 - Nothing to insert into the database!
INFO: 2026-02-28 10:15:09,409 - FINISHED LOOP

INFO: 2026-02-28 10:20:08,110 - STARTING LOOP
INFO: 2026-02-28 10:20:08,111 - Nothing to insert into the database!
INFO: 2026-02-28 10:20:08,111 - FINISHED LOOP

INFO: 2026-02-28 10:25:08,143 - STARTING LOOP
INFO: 2026-02-28 10:25:08,144 - Nothing to insert into the database!
INFO: 2026-02-28 10:25:08,144 - FINISHED LOOP

INFO: 2026-02-28 10:30:07,639 - STARTING LOOP
INFO: 2026-02-28 10:30:07,641 - Nothing to insert into the database!
INFO: 2026-02-28 10:30:07,641 - FINISHED LOOP

INFO: 2026-02-28 10:51:47,873 - STARTING LOOP
INFO: 2026-02-28 10:51:47,874 - Nothing to insert into the database!
INFO: 2026-02-28 10:51:47,874 - FINISHED LOOP

INFO: 2026-02-28 11:17:17,230 - STARTING LOOP
INFO: 2026-02-28 11:17:17,231 - Nothing to insert into the database!
INFO: 2026-02-28 11:17:17,231 - FINISHED LOOP

INFO: 2026-02-28 11:20:14,756 - STARTING LOOP
INFO: 2026-02-28 11:20:14,757 - Nothing to insert into the database!
INFO: 2026-02-28 11:20:14,757 - FINISHED LOOP

INFO: 2026-02-28 11:29:05,744 - STARTING LOOP
INFO: 2026-02-28 11:29:05,746 - Nothing to insert into the database!
INFO: 2026-02-28 11:29:05,746 - FINISHED LOOP

INFO: 2026-02-28 11:31:57,924 - STARTING LOOP
INFO: 2026-02-28 11:31:57,925 - Nothing to insert into the database!
INFO: 2026-02-28 11:31:57,926 - FINISHED LOOP

INFO: 2026-02-28 11:36:07,181 - STARTING LOOP
INFO: 2026-02-28 11:36:07,183 - Nothing to insert into the database!
INFO: 2026-02-28 11:36:07,183 - FINISHED LOOP

INFO: 2026-02-28 11:40:12,940 - STARTING LOOP
INFO: 2026-02-28 11:40:12,941 - Nothing to insert into the database!
INFO: 2026-02-28 11:40:12,941 - FINISHED LOOP

INFO: 2026-02-28 11:47:57,251 - STARTING LOOP
INFO: 2026-02-28 11:47:57,252 - Nothing to insert into the database!
INFO: 2026-02-28 11:47:57,252 - FINISHED LOOP

INFO: 2026-02-28 11:50:11,516 - STARTING LOOP
INFO: 2026-02-28 11:50:11,518 - Nothing to insert into the database!
INFO: 2026-02-28 11:50:11,518 - FINISHED LOOP

INFO: 2026-02-28 11:55:10,300 - STARTING LOOP
INFO: 2026-02-28 11:55:10,302 - Nothing to insert into the database!
INFO: 2026-02-28 11:55:10,302 - FINISHED LOOP

INFO: 2026-02-28 12:00:20,743 - STARTING LOOP
INFO: 2026-02-28 12:00:20,744 - Nothing to insert into the database!
INFO: 2026-02-28 12:00:20,744 - FINISHED LOOP

INFO: 2026-02-28 12:06:07,308 - STARTING LOOP
INFO: 2026-02-28 12:06:07,310 - Nothing to insert into the database!
INFO: 2026-02-28 12:06:07,310 - FINISHED LOOP

INFO: 2026-02-28 12:25:06,674 - STARTING LOOP
INFO: 2026-02-28 12:25:06,675 - Nothing to insert into the database!
INFO: 2026-02-28 12:25:06,675 - FINISHED LOOP

INFO: 2026-02-28 12:30:10,073 - STARTING LOOP
INFO: 2026-02-28 12:30:10,075 - Nothing to insert into the database!
INFO: 2026-02-28 12:30:10,076 - FINISHED LOOP

INFO: 2026-02-28 12:35:07,269 - STARTING LOOP
INFO: 2026-02-28 12:35:07,270 - Nothing to insert into the database!
INFO: 2026-02-28 12:35:07,270 - FINISHED LOOP

INFO: 2026-02-28 12:40:08,833 - STARTING LOOP
INFO: 2026-02-28 12:40:08,834 - Nothing to insert into the database!
INFO: 2026-02-28 12:40:08,834 - FINISHED LOOP

INFO: 2026-02-28 12:45:06,318 - STARTING LOOP
INFO: 2026-02-28 12:45:06,319 - Nothing to insert into the database!
INFO: 2026-02-28 12:45:06,319 - FINISHED LOOP

INFO: 2026-02-28 12:50:08,568 - STARTING LOOP
INFO: 2026-02-28 12:50:08,570 - Nothing to insert into the database!
INFO: 2026-02-28 12:50:08,570 - FINISHED LOOP

INFO: 2026-02-28 12:55:09,225 - STARTING LOOP
INFO: 2026-02-28 12:55:09,226 - Nothing to insert into the database!
INFO: 2026-02-28 12:55:09,226 - FINISHED LOOP

INFO: 2026-02-28 13:00:08,233 - STARTING LOOP
INFO: 2026-02-28 13:00:08,235 - Nothing to insert into the database!
INFO: 2026-02-28 13:00:08,235 - FINISHED LOOP

INFO: 2026-02-28 13:05:05,159 - STARTING LOOP
INFO: 2026-02-28 13:05:05,161 - Nothing to insert into the database!
INFO: 2026-02-28 13:05:05,161 - FINISHED LOOP

INFO: 2026-02-28 13:12:35,274 - STARTING LOOP
INFO: 2026-02-28 13:12:35,275 - Nothing to insert into the database!
INFO: 2026-02-28 13:12:35,275 - FINISHED LOOP

INFO: 2026-02-28 15:25:10,114 - STARTING LOOP
INFO: 2026-02-28 15:25:10,115 - Nothing to insert into the database!
INFO: 2026-02-28 15:25:10,115 - FINISHED LOOP

INFO: 2026-02-28 15:30:07,347 - STARTING LOOP
INFO: 2026-02-28 15:30:07,348 - Nothing to insert into the database!
INFO: 2026-02-28 15:30:07,348 - FINISHED LOOP

INFO: 2026-02-28 15:35:04,603 - STARTING LOOP
INFO: 2026-02-28 15:35:04,605 - Nothing to insert into the database!
INFO: 2026-02-28 15:35:04,605 - FINISHED LOOP

INFO: 2026-02-28 15:40:07,511 - STARTING LOOP
INFO: 2026-02-28 15:40:07,513 - Nothing to insert into the database!
INFO: 2026-02-28 15:40:07,513 - FINISHED LOOP

INFO: 2026-02-28 15:45:06,550 - STARTING LOOP
INFO: 2026-02-28 15:45:06,551 - Nothing to insert into the database!
INFO: 2026-02-28 15:45:06,552 - FINISHED LOOP

INFO: 2026-02-28 15:50:06,529 - STARTING LOOP
INFO: 2026-02-28 15:50:06,530 - Nothing to insert into the database!
INFO: 2026-02-28 15:50:06,530 - FINISHED LOOP

INFO: 2026-02-28 15:55:06,976 - STARTING LOOP
INFO: 2026-02-28 15:55:06,977 - Nothing to insert into the database!
INFO: 2026-02-28 15:55:06,977 - FINISHED LOOP

INFO: 2026-02-28 16:00:07,111 - STARTING LOOP
INFO: 2026-02-28 16:00:07,112 - Nothing to insert into the database!
INFO: 2026-02-28 16:00:07,113 - FINISHED LOOP

INFO: 2026-02-28 16:05:05,507 - STARTING LOOP
INFO: 2026-02-28 16:05:05,508 - Nothing to insert into the database!
INFO: 2026-02-28 16:05:05,508 - FINISHED LOOP

INFO: 2026-02-28 16:10:07,548 - STARTING LOOP
INFO: 2026-02-28 16:10:07,549 - Nothing to insert into the database!
INFO: 2026-02-28 16:10:07,549 - FINISHED LOOP

INFO: 2026-02-28 16:15:06,309 - STARTING LOOP
INFO: 2026-02-28 16:15:06,311 - Nothing to insert into the database!
INFO: 2026-02-28 16:15:06,311 - FINISHED LOOP

INFO: 2026-02-28 16:41:29,184 - STARTING LOOP
INFO: 2026-02-28 16:41:29,186 - Nothing to insert into the database!
INFO: 2026-02-28 16:41:29,186 - FINISHED LOOP

INFO: 2026-02-28 16:41:32,894 - STARTING LOOP
INFO: 2026-02-28 16:41:32,894 - Nothing to insert into the database!
INFO: 2026-02-28 16:41:32,894 - FINISHED LOOP

INFO: 2026-02-28 16:46:12,606 - STARTING LOOP
INFO: 2026-02-28 16:46:12,607 - Nothing to insert into the database!
INFO: 2026-02-28 16:46:12,607 - FINISHED LOOP

INFO: 2026-02-28 16:50:05,038 - STARTING LOOP
INFO: 2026-02-28 16:50:05,040 - Nothing to insert into the database!
INFO: 2026-02-28 16:50:05,040 - FINISHED LOOP

INFO: 2026-02-28 16:55:06,285 - STARTING LOOP
INFO: 2026-02-28 16:55:06,286 - Nothing to insert into the database!
INFO: 2026-02-28 16:55:06,286 - FINISHED LOOP

INFO: 2026-02-28 17:00:07,211 - STARTING LOOP
INFO: 2026-02-28 17:00:07,213 - Nothing to insert into the database!
INFO: 2026-02-28 17:00:07,213 - FINISHED LOOP

INFO: 2026-02-28 17:06:40,430 - STARTING LOOP
INFO: 2026-02-28 17:06:40,431 - Nothing to insert into the database!
INFO: 2026-02-28 17:06:40,431 - FINISHED LOOP

INFO: 2026-02-28 17:13:08,167 - STARTING LOOP
INFO: 2026-02-28 17:13:08,168 - Nothing to insert into the database!
INFO: 2026-02-28 17:13:08,168 - FINISHED LOOP

INFO: 2026-02-28 17:17:01,598 - STARTING LOOP
INFO: 2026-02-28 17:17:01,598 - Nothing to insert into the database!
INFO: 2026-02-28 17:17:01,598 - FINISHED LOOP

INFO: 2026-02-28 17:20:05,600 - STARTING LOOP
INFO: 2026-02-28 17:20:05,601 - Nothing to insert into the database!
INFO: 2026-02-28 17:20:05,601 - FINISHED LOOP

INFO: 2026-02-28 17:29:55,657 - STARTING LOOP
INFO: 2026-02-28 17:29:55,659 - Nothing to insert into the database!
INFO: 2026-02-28 17:29:55,659 - FINISHED LOOP

INFO: 2026-02-28 17:30:04,628 - STARTING LOOP
INFO: 2026-02-28 17:30:04,629 - Nothing to insert into the database!
INFO: 2026-02-28 17:30:04,629 - FINISHED LOOP

INFO: 2026-02-28 17:35:04,980 - STARTING LOOP
INFO: 2026-02-28 17:35:04,981 - Nothing to insert into the database!
INFO: 2026-02-28 17:35:04,981 - FINISHED LOOP

INFO: 2026-02-28 17:40:40,066 - STARTING LOOP
INFO: 2026-02-28 17:40:40,068 - Nothing to insert into the database!
INFO: 2026-02-28 17:40:40,068 - FINISHED LOOP

INFO: 2026-02-28 17:49:24,605 - STARTING LOOP
INFO: 2026-02-28 17:49:24,607 - Nothing to insert into the database!
INFO: 2026-02-28 17:49:24,607 - FINISHED LOOP

INFO: 2026-02-28 17:50:05,529 - STARTING LOOP
INFO: 2026-02-28 17:50:05,530 - Nothing to insert into the database!
INFO: 2026-02-28 17:50:05,530 - FINISHED LOOP

INFO: 2026-02-28 17:56:18,538 - STARTING LOOP
INFO: 2026-02-28 17:56:18,539 - Nothing to insert into the database!
INFO: 2026-02-28 17:56:18,539 - FINISHED LOOP

INFO: 2026-02-28 18:00:50,558 - STARTING LOOP
INFO: 2026-02-28 18:00:50,558 - Nothing to insert into the database!
INFO: 2026-02-28 18:00:50,558 - FINISHED LOOP

INFO: 2026-02-28 18:26:21,869 - STARTING LOOP
INFO: 2026-02-28 18:26:21,870 - Nothing to insert into the database!
INFO: 2026-02-28 18:26:21,870 - FINISHED LOOP

INFO: 2026-02-28 18:45:37,225 - STARTING LOOP
INFO: 2026-02-28 18:45:37,226 - Nothing to insert into the database!
INFO: 2026-02-28 18:45:37,226 - FINISHED LOOP

INFO: 2026-02-28 18:55:05,892 - STARTING LOOP
INFO: 2026-02-28 18:55:05,892 - STARTING LOOP
INFO: 2026-02-28 18:55:05,894 - Nothing to insert into the database!
INFO: 2026-02-28 18:55:05,894 - FINISHED LOOP

INFO: 2026-02-28 18:55:05,894 - Nothing to insert into the database!
INFO: 2026-02-28 18:55:05,894 - FINISHED LOOP

INFO: 2026-02-28 19:04:37,005 - STARTING LOOP
INFO: 2026-02-28 19:04:37,006 - Nothing to insert into the database!
INFO: 2026-02-28 19:04:37,006 - FINISHED LOOP

INFO: 2026-02-28 19:05:04,225 - STARTING LOOP
INFO: 2026-02-28 19:05:04,226 - Nothing to insert into the database!
INFO: 2026-02-28 19:05:04,226 - FINISHED LOOP

INFO: 2026-02-28 20:23:58,972 - STARTING LOOP
INFO: 2026-02-28 20:23:58,973 - Nothing to insert into the database!
INFO: 2026-02-28 20:23:58,973 - FINISHED LOOP

INFO: 2026-02-28 20:45:07,307 - STARTING LOOP
INFO: 2026-02-28 20:45:07,308 - Nothing to insert into the database!
INFO: 2026-02-28 20:45:07,308 - FINISHED LOOP

INFO: 2026-02-28 21:05:16,150 - STARTING LOOP
INFO: 2026-02-28 21:05:16,151 - Nothing to insert into the database!
INFO: 2026-02-28 21:05:16,151 - FINISHED LOOP

INFO: 2026-02-28 21:05:19,728 - STARTING LOOP
INFO: 2026-02-28 21:05:19,728 - Nothing to insert into the database!
INFO: 2026-02-28 21:05:19,728 - FINISHED LOOP

INFO: 2026-02-28 21:45:21,213 - STARTING LOOP
INFO: 2026-02-28 21:45:21,264 - Nothing to insert into the database!
INFO: 2026-02-28 21:45:21,265 - FINISHED LOOP

INFO: 2026-02-28 21:51:01,372 - STARTING LOOP
INFO: 2026-02-28 21:51:01,373 - Nothing to insert into the database!
INFO: 2026-02-28 21:51:01,373 - FINISHED LOOP

INFO: 2026-02-28 21:55:07,131 - STARTING LOOP
INFO: 2026-02-28 21:55:07,133 - Nothing to insert into the database!
INFO: 2026-02-28 21:55:07,134 - FINISHED LOOP

INFO: 2026-02-28 22:00:07,286 - STARTING LOOP
INFO: 2026-02-28 22:00:07,287 - Nothing to insert into the database!
INFO: 2026-02-28 22:00:07,288 - FINISHED LOOP

INFO: 2026-02-28 22:05:07,678 - STARTING LOOP
INFO: 2026-02-28 22:05:07,679 - Nothing to insert into the database!
INFO: 2026-02-28 22:05:07,680 - FINISHED LOOP

INFO: 2026-02-28 22:10:07,044 - STARTING LOOP
INFO: 2026-02-28 22:10:07,045 - Nothing to insert into the database!
INFO: 2026-02-28 22:10:07,045 - FINISHED LOOP

INFO: 2026-02-28 22:15:06,800 - STARTING LOOP
INFO: 2026-02-28 22:15:06,801 - Nothing to insert into the database!
INFO: 2026-02-28 22:15:06,801 - FINISHED LOOP

INFO: 2026-02-28 22:20:05,918 - STARTING LOOP
INFO: 2026-02-28 22:20:05,919 - Nothing to insert into the database!
INFO: 2026-02-28 22:20:05,919 - FINISHED LOOP

INFO: 2026-02-28 22:25:06,039 - STARTING LOOP
INFO: 2026-02-28 22:25:06,040 - Nothing to insert into the database!
INFO: 2026-02-28 22:25:06,040 - FINISHED LOOP

INFO: 2026-02-28 22:30:07,374 - STARTING LOOP
INFO: 2026-02-28 22:30:07,375 - Nothing to insert into the database!
INFO: 2026-02-28 22:30:07,375 - FINISHED LOOP

INFO: 2026-02-28 22:35:06,265 - STARTING LOOP
INFO: 2026-02-28 22:35:06,266 - Nothing to insert into the database!
INFO: 2026-02-28 22:35:06,266 - FINISHED LOOP

INFO: 2026-02-28 22:40:07,170 - STARTING LOOP
INFO: 2026-02-28 22:40:07,172 - Nothing to insert into the database!
INFO: 2026-02-28 22:40:07,172 - FINISHED LOOP

INFO: 2026-02-28 22:45:07,265 - STARTING LOOP
INFO: 2026-02-28 22:45:07,267 - Nothing to insert into the database!
INFO: 2026-02-28 22:45:07,267 - FINISHED LOOP

INFO: 2026-02-28 22:50:07,104 - STARTING LOOP
INFO: 2026-02-28 22:50:07,106 - Nothing to insert into the database!
INFO: 2026-02-28 22:50:07,106 - FINISHED LOOP

INFO: 2026-02-28 22:55:10,170 - STARTING LOOP
INFO: 2026-02-28 22:55:10,172 - Nothing to insert into the database!
INFO: 2026-02-28 22:55:10,172 - FINISHED LOOP

INFO: 2026-02-28 23:00:07,179 - STARTING LOOP
INFO: 2026-02-28 23:00:07,181 - Nothing to insert into the database!
INFO: 2026-02-28 23:00:07,181 - FINISHED LOOP

INFO: 2026-02-28 23:05:07,488 - STARTING LOOP
INFO: 2026-02-28 23:05:07,490 - Nothing to insert into the database!
INFO: 2026-02-28 23:05:07,490 - FINISHED LOOP

INFO: 2026-02-28 23:10:07,886 - STARTING LOOP
INFO: 2026-02-28 23:10:07,887 - Nothing to insert into the database!
INFO: 2026-02-28 23:10:07,887 - FINISHED LOOP

INFO: 2026-02-28 23:15:07,024 - STARTING LOOP
INFO: 2026-02-28 23:15:07,026 - Nothing to insert into the database!
INFO: 2026-02-28 23:15:07,026 - FINISHED LOOP

INFO: 2026-02-28 23:20:09,479 - STARTING LOOP
INFO: 2026-02-28 23:20:09,480 - Nothing to insert into the database!
INFO: 2026-02-28 23:20:09,480 - FINISHED LOOP

INFO: 2026-02-28 23:25:06,024 - STARTING LOOP
INFO: 2026-02-28 23:25:06,025 - Nothing to insert into the database!
INFO: 2026-02-28 23:25:06,025 - FINISHED LOOP

INFO: 2026-02-28 23:30:07,655 - STARTING LOOP
INFO: 2026-02-28 23:30:07,656 - Nothing to insert into the database!
INFO: 2026-02-28 23:30:07,657 - FINISHED LOOP

INFO: 2026-02-28 23:35:06,497 - STARTING LOOP
INFO: 2026-02-28 23:35:06,499 - Nothing to insert into the database!
INFO: 2026-02-28 23:35:06,499 - FINISHED LOOP

INFO: 2026-02-28 23:40:07,894 - STARTING LOOP
INFO: 2026-02-28 23:40:07,895 - Nothing to insert into the database!
INFO: 2026-02-28 23:40:07,895 - FINISHED LOOP

INFO: 2026-02-28 23:45:06,716 - STARTING LOOP
INFO: 2026-02-28 23:45:06,718 - Nothing to insert into the database!
INFO: 2026-02-28 23:45:06,718 - FINISHED LOOP

INFO: 2026-02-28 23:50:14,122 - STARTING LOOP
INFO: 2026-02-28 23:50:14,126 - Nothing to insert into the database!
INFO: 2026-02-28 23:50:14,127 - FINISHED LOOP

INFO: 2026-02-28 23:55:13,093 - STARTING LOOP
INFO: 2026-02-28 23:55:13,094 - Nothing to insert into the database!
INFO: 2026-02-28 23:55:13,094 - FINISHED LOOP

INFO: 2026-03-01 00:00:09,293 - STARTING LOOP
INFO: 2026-03-01 00:00:09,294 - Nothing to insert into the database!
INFO: 2026-03-01 00:00:09,294 - FINISHED LOOP

INFO: 2026-03-01 00:05:11,728 - STARTING LOOP
INFO: 2026-03-01 00:05:11,730 - Nothing to insert into the database!
INFO: 2026-03-01 00:05:11,730 - FINISHED LOOP

INFO: 2026-03-01 00:10:10,389 - STARTING LOOP
INFO: 2026-03-01 00:10:10,390 - Nothing to insert into the database!
INFO: 2026-03-01 00:10:10,390 - FINISHED LOOP

INFO: 2026-03-01 00:15:14,423 - STARTING LOOP
INFO: 2026-03-01 00:15:14,424 - Nothing to insert into the database!
INFO: 2026-03-01 00:15:14,424 - FINISHED LOOP

INFO: 2026-03-01 00:20:09,107 - STARTING LOOP
INFO: 2026-03-01 00:20:09,109 - Nothing to insert into the database!
INFO: 2026-03-01 00:20:09,109 - FINISHED LOOP

INFO: 2026-03-01 00:25:08,041 - STARTING LOOP
INFO: 2026-03-01 00:25:08,044 - Nothing to insert into the database!
INFO: 2026-03-01 00:25:08,044 - FINISHED LOOP

INFO: 2026-03-01 00:30:08,614 - STARTING LOOP
INFO: 2026-03-01 00:30:08,615 - Nothing to insert into the database!
INFO: 2026-03-01 00:30:08,615 - FINISHED LOOP

INFO: 2026-03-01 00:35:07,633 - STARTING LOOP
INFO: 2026-03-01 00:35:07,635 - Nothing to insert into the database!
INFO: 2026-03-01 00:35:07,635 - FINISHED LOOP

INFO: 2026-03-01 00:40:08,459 - STARTING LOOP
INFO: 2026-03-01 00:40:08,460 - Nothing to insert into the database!
INFO: 2026-03-01 00:40:08,460 - FINISHED LOOP

INFO: 2026-03-01 00:45:06,184 - STARTING LOOP
INFO: 2026-03-01 00:45:06,186 - Nothing to insert into the database!
INFO: 2026-03-01 00:45:06,186 - FINISHED LOOP

INFO: 2026-03-01 00:50:07,869 - STARTING LOOP
INFO: 2026-03-01 00:50:07,870 - Nothing to insert into the database!
INFO: 2026-03-01 00:50:07,870 - FINISHED LOOP

INFO: 2026-03-01 00:55:06,915 - STARTING LOOP
INFO: 2026-03-01 00:55:06,916 - Nothing to insert into the database!
INFO: 2026-03-01 00:55:06,917 - FINISHED LOOP

INFO: 2026-03-01 01:00:08,518 - STARTING LOOP
INFO: 2026-03-01 01:00:08,519 - Nothing to insert into the database!
INFO: 2026-03-01 01:00:08,519 - FINISHED LOOP

INFO: 2026-03-01 01:21:28,565 - STARTING LOOP
INFO: 2026-03-01 01:21:28,566 - Nothing to insert into the database!
INFO: 2026-03-01 01:21:28,566 - FINISHED LOOP

INFO: 2026-03-01 04:05:06,816 - STARTING LOOP
INFO: 2026-03-01 04:05:06,817 - Nothing to insert into the database!
INFO: 2026-03-01 04:05:06,817 - FINISHED LOOP

INFO: 2026-03-01 06:16:49,467 - STARTING LOOP
INFO: 2026-03-01 06:16:49,469 - Nothing to insert into the database!
INFO: 2026-03-01 06:16:49,469 - FINISHED LOOP

INFO: 2026-03-01 06:41:50,822 - STARTING LOOP
INFO: 2026-03-01 06:41:50,823 - Nothing to insert into the database!
INFO: 2026-03-01 06:41:50,823 - FINISHED LOOP

INFO: 2026-03-01 07:07:13,011 - STARTING LOOP
INFO: 2026-03-01 07:07:13,012 - Nothing to insert into the database!
INFO: 2026-03-01 07:07:13,012 - FINISHED LOOP

INFO: 2026-03-01 08:03:18,847 - STARTING LOOP
INFO: 2026-03-01 08:03:18,848 - Nothing to insert into the database!
INFO: 2026-03-01 08:03:18,848 - FINISHED LOOP

INFO: 2026-03-01 08:08:19,803 - STARTING LOOP
INFO: 2026-03-01 08:08:19,804 - Nothing to insert into the database!
INFO: 2026-03-01 08:08:19,804 - FINISHED LOOP

INFO: 2026-03-01 08:50:59,819 - STARTING LOOP
INFO: 2026-03-01 08:50:59,821 - Nothing to insert into the database!
INFO: 2026-03-01 08:50:59,821 - FINISHED LOOP

INFO: 2026-03-01 09:20:06,515 - STARTING LOOP
INFO: 2026-03-01 09:20:06,516 - Nothing to insert into the database!
INFO: 2026-03-01 09:20:06,516 - FINISHED LOOP

INFO: 2026-03-01 09:35:06,331 - STARTING LOOP
INFO: 2026-03-01 09:35:06,332 - Nothing to insert into the database!
INFO: 2026-03-01 09:35:06,332 - FINISHED LOOP

INFO: 2026-03-01 09:46:03,833 - STARTING LOOP
INFO: 2026-03-01 09:46:03,834 - Nothing to insert into the database!
INFO: 2026-03-01 09:46:03,835 - FINISHED LOOP

INFO: 2026-03-01 10:36:32,952 - STARTING LOOP
INFO: 2026-03-01 10:36:32,953 - Nothing to insert into the database!
INFO: 2026-03-01 10:36:32,954 - FINISHED LOOP

INFO: 2026-03-01 12:16:47,217 - STARTING LOOP
INFO: 2026-03-01 12:16:47,219 - Nothing to insert into the database!
INFO: 2026-03-01 12:16:47,219 - FINISHED LOOP

INFO: 2026-03-01 12:20:17,072 - STARTING LOOP
INFO: 2026-03-01 12:20:17,073 - Nothing to insert into the database!
INFO: 2026-03-01 12:20:17,074 - FINISHED LOOP

INFO: 2026-03-01 12:43:35,845 - STARTING LOOP
INFO: 2026-03-01 12:43:35,846 - Nothing to insert into the database!
INFO: 2026-03-01 12:43:35,846 - FINISHED LOOP

INFO: 2026-03-01 12:45:04,299 - STARTING LOOP
INFO: 2026-03-01 12:45:04,300 - Nothing to insert into the database!
INFO: 2026-03-01 12:45:04,300 - FINISHED LOOP

INFO: 2026-03-01 12:54:52,272 - STARTING LOOP
INFO: 2026-03-01 12:54:52,273 - Nothing to insert into the database!
INFO: 2026-03-01 12:54:52,273 - FINISHED LOOP

INFO: 2026-03-01 13:10:07,463 - STARTING LOOP
INFO: 2026-03-01 13:10:07,464 - Nothing to insert into the database!
INFO: 2026-03-01 13:10:07,464 - FINISHED LOOP

INFO: 2026-03-01 13:46:23,768 - STARTING LOOP
INFO: 2026-03-01 13:46:23,770 - Nothing to insert into the database!
INFO: 2026-03-01 13:46:23,770 - FINISHED LOOP

INFO: 2026-03-01 13:58:40,192 - STARTING LOOP
INFO: 2026-03-01 13:58:40,194 - Nothing to insert into the database!
INFO: 2026-03-01 13:58:40,194 - FINISHED LOOP

INFO: 2026-03-01 14:50:07,584 - STARTING LOOP
INFO: 2026-03-01 14:50:07,585 - Nothing to insert into the database!
INFO: 2026-03-01 14:50:07,585 - FINISHED LOOP

INFO: 2026-03-01 14:55:06,494 - STARTING LOOP
INFO: 2026-03-01 14:55:06,496 - Nothing to insert into the database!
INFO: 2026-03-01 14:55:06,496 - FINISHED LOOP

INFO: 2026-03-01 15:00:14,151 - STARTING LOOP
INFO: 2026-03-01 15:00:14,152 - Nothing to insert into the database!
INFO: 2026-03-01 15:00:14,152 - FINISHED LOOP

INFO: 2026-03-01 15:06:05,776 - STARTING LOOP
INFO: 2026-03-01 15:06:05,777 - Nothing to insert into the database!
INFO: 2026-03-01 15:06:05,777 - FINISHED LOOP

INFO: 2026-03-01 16:15:56,947 - STARTING LOOP
INFO: 2026-03-01 16:15:56,948 - Nothing to insert into the database!
INFO: 2026-03-01 16:15:56,948 - FINISHED LOOP

INFO: 2026-03-01 16:52:14,416 - STARTING LOOP
INFO: 2026-03-01 16:52:14,418 - Nothing to insert into the database!
INFO: 2026-03-01 16:52:14,418 - FINISHED LOOP

INFO: 2026-03-01 16:59:39,983 - STARTING LOOP
INFO: 2026-03-01 16:59:39,984 - Nothing to insert into the database!
INFO: 2026-03-01 16:59:39,984 - FINISHED LOOP

INFO: 2026-03-01 17:00:05,019 - STARTING LOOP
INFO: 2026-03-01 17:00:05,020 - Nothing to insert into the database!
INFO: 2026-03-01 17:00:05,020 - FINISHED LOOP

INFO: 2026-03-01 17:15:04,864 - STARTING LOOP
INFO: 2026-03-01 17:15:04,865 - Nothing to insert into the database!
INFO: 2026-03-01 17:15:04,865 - FINISHED LOOP

INFO: 2026-03-01 17:22:05,121 - STARTING LOOP
INFO: 2026-03-01 17:22:05,121 - Nothing to insert into the database!
INFO: 2026-03-01 17:22:05,121 - FINISHED LOOP

INFO: 2026-03-01 17:37:33,437 - STARTING LOOP
INFO: 2026-03-01 17:37:33,439 - Nothing to insert into the database!
INFO: 2026-03-01 17:37:33,439 - FINISHED LOOP

INFO: 2026-03-01 18:25:06,682 - STARTING LOOP
INFO: 2026-03-01 18:25:06,683 - Nothing to insert into the database!
INFO: 2026-03-01 18:25:06,683 - FINISHED LOOP

INFO: 2026-03-01 18:30:05,326 - STARTING LOOP
INFO: 2026-03-01 18:30:05,327 - Nothing to insert into the database!
INFO: 2026-03-01 18:30:05,327 - FINISHED LOOP

INFO: 2026-03-01 19:29:53,729 - STARTING LOOP
INFO: 2026-03-01 19:29:53,730 - Nothing to insert into the database!
INFO: 2026-03-01 19:29:53,730 - FINISHED LOOP

INFO: 2026-03-01 19:34:10,447 - STARTING LOOP
INFO: 2026-03-01 19:34:10,448 - Nothing to insert into the database!
INFO: 2026-03-01 19:34:10,448 - FINISHED LOOP

INFO: 2026-03-01 19:42:01,179 - STARTING LOOP
INFO: 2026-03-01 19:42:01,185 - Nothing to insert into the database!
INFO: 2026-03-01 19:42:01,186 - FINISHED LOOP

INFO: 2026-03-01 21:15:21,801 - STARTING LOOP
INFO: 2026-03-01 21:15:21,803 - Nothing to insert into the database!
INFO: 2026-03-01 21:15:21,803 - FINISHED LOOP

INFO: 2026-03-01 22:20:07,520 - STARTING LOOP
INFO: 2026-03-01 22:20:07,522 - Nothing to insert into the database!
INFO: 2026-03-01 22:20:07,522 - FINISHED LOOP

INFO: 2026-03-02 00:24:44,908 - STARTING LOOP
INFO: 2026-03-02 00:24:44,910 - Nothing to insert into the database!
INFO: 2026-03-02 00:24:44,910 - FINISHED LOOP

INFO: 2026-03-02 00:25:04,286 - STARTING LOOP
INFO: 2026-03-02 00:25:04,287 - Nothing to insert into the database!
INFO: 2026-03-02 00:25:04,287 - FINISHED LOOP

INFO: 2026-03-02 06:10:20,539 - STARTING LOOP
INFO: 2026-03-02 06:10:20,540 - Nothing to insert into the database!
INFO: 2026-03-02 06:10:20,541 - FINISHED LOOP

INFO: 2026-03-02 06:19:44,261 - STARTING LOOP
INFO: 2026-03-02 06:19:44,263 - Nothing to insert into the database!
INFO: 2026-03-02 06:19:44,263 - FINISHED LOOP

INFO: 2026-03-02 06:28:33,011 - STARTING LOOP
INFO: 2026-03-02 06:28:33,012 - Nothing to insert into the database!
INFO: 2026-03-02 06:28:33,012 - FINISHED LOOP

INFO: 2026-03-02 06:38:42,026 - STARTING LOOP
INFO: 2026-03-02 06:38:42,027 - Nothing to insert into the database!
INFO: 2026-03-02 06:38:42,027 - FINISHED LOOP

INFO: 2026-03-02 06:40:05,569 - STARTING LOOP
INFO: 2026-03-02 06:40:05,571 - Nothing to insert into the database!
INFO: 2026-03-02 06:40:05,571 - FINISHED LOOP

INFO: 2026-03-02 06:47:19,634 - STARTING LOOP
INFO: 2026-03-02 06:47:19,635 - Nothing to insert into the database!
INFO: 2026-03-02 06:47:19,635 - FINISHED LOOP

INFO: 2026-03-02 06:56:41,428 - STARTING LOOP
INFO: 2026-03-02 06:56:41,428 - Nothing to insert into the database!
INFO: 2026-03-02 06:56:41,429 - FINISHED LOOP

INFO: 2026-03-02 07:05:31,406 - STARTING LOOP
INFO: 2026-03-02 07:05:31,407 - Nothing to insert into the database!
INFO: 2026-03-02 07:05:31,407 - FINISHED LOOP

INFO: 2026-03-02 07:10:10,737 - STARTING LOOP
INFO: 2026-03-02 07:10:10,738 - Nothing to insert into the database!
INFO: 2026-03-02 07:10:10,738 - FINISHED LOOP

INFO: 2026-03-02 07:20:31,191 - STARTING LOOP
INFO: 2026-03-02 07:20:31,193 - Nothing to insert into the database!
INFO: 2026-03-02 07:20:31,193 - FINISHED LOOP

INFO: 2026-03-02 07:20:34,972 - STARTING LOOP
INFO: 2026-03-02 07:20:34,973 - Nothing to insert into the database!
INFO: 2026-03-02 07:20:34,973 - FINISHED LOOP

INFO: 2026-03-02 07:26:49,361 - STARTING LOOP
INFO: 2026-03-02 07:26:49,379 - Nothing to insert into the database!
INFO: 2026-03-02 07:26:49,379 - FINISHED LOOP

INFO: 2026-03-02 07:35:58,385 - STARTING LOOP
INFO: 2026-03-02 07:35:58,386 - Nothing to insert into the database!
INFO: 2026-03-02 07:35:58,386 - FINISHED LOOP

INFO: 2026-03-02 07:42:13,992 - STARTING LOOP
INFO: 2026-03-02 07:42:13,994 - Nothing to insert into the database!
INFO: 2026-03-02 07:42:13,994 - FINISHED LOOP

INFO: 2026-03-02 07:46:06,201 - STARTING LOOP
INFO: 2026-03-02 07:46:06,202 - Nothing to insert into the database!
INFO: 2026-03-02 07:46:06,202 - FINISHED LOOP

INFO: 2026-03-02 08:10:08,946 - STARTING LOOP
INFO: 2026-03-02 08:10:08,947 - Nothing to insert into the database!
INFO: 2026-03-02 08:10:08,947 - FINISHED LOOP

INFO: 2026-03-02 08:21:38,927 - STARTING LOOP
INFO: 2026-03-02 08:21:38,928 - Nothing to insert into the database!
INFO: 2026-03-02 08:21:38,929 - FINISHED LOOP

INFO: 2026-03-02 08:55:15,501 - STARTING LOOP
INFO: 2026-03-02 08:55:15,502 - Nothing to insert into the database!
INFO: 2026-03-02 08:55:15,502 - FINISHED LOOP

INFO: 2026-03-02 09:15:04,749 - STARTING LOOP
INFO: 2026-03-02 09:15:04,750 - Nothing to insert into the database!
INFO: 2026-03-02 09:15:04,750 - FINISHED LOOP

INFO: 2026-03-02 09:22:33,637 - STARTING LOOP
INFO: 2026-03-02 09:22:33,638 - Nothing to insert into the database!
INFO: 2026-03-02 09:22:33,638 - FINISHED LOOP

INFO: 2026-03-02 09:34:29,348 - STARTING LOOP
INFO: 2026-03-02 09:34:29,350 - Nothing to insert into the database!
INFO: 2026-03-02 09:34:29,351 - FINISHED LOOP

INFO: 2026-03-02 09:35:06,540 - STARTING LOOP
INFO: 2026-03-02 09:35:06,541 - Nothing to insert into the database!
INFO: 2026-03-02 09:35:06,542 - FINISHED LOOP

INFO: 2026-03-02 09:42:03,397 - STARTING LOOP
INFO: 2026-03-02 09:42:03,442 - Nothing to insert into the database!
INFO: 2026-03-02 09:42:03,442 - FINISHED LOOP

INFO: 2026-03-02 09:45:06,573 - STARTING LOOP
INFO: 2026-03-02 09:45:06,574 - Nothing to insert into the database!
INFO: 2026-03-02 09:45:06,574 - FINISHED LOOP

INFO: 2026-03-02 09:50:13,050 - STARTING LOOP
INFO: 2026-03-02 09:50:13,052 - Nothing to insert into the database!
INFO: 2026-03-02 09:50:13,052 - FINISHED LOOP

INFO: 2026-03-02 09:55:08,045 - STARTING LOOP
INFO: 2026-03-02 09:55:08,047 - Nothing to insert into the database!
INFO: 2026-03-02 09:55:08,047 - FINISHED LOOP

INFO: 2026-03-02 10:00:11,827 - STARTING LOOP
INFO: 2026-03-02 10:00:11,829 - Nothing to insert into the database!
INFO: 2026-03-02 10:00:11,830 - FINISHED LOOP

INFO: 2026-03-02 10:05:10,690 - STARTING LOOP
INFO: 2026-03-02 10:05:10,693 - Nothing to insert into the database!
INFO: 2026-03-02 10:05:10,694 - FINISHED LOOP

INFO: 2026-03-02 10:10:07,930 - STARTING LOOP
INFO: 2026-03-02 10:10:07,931 - Nothing to insert into the database!
INFO: 2026-03-02 10:10:07,931 - FINISHED LOOP

INFO: 2026-03-02 10:15:07,022 - STARTING LOOP
INFO: 2026-03-02 10:15:07,023 - Nothing to insert into the database!
INFO: 2026-03-02 10:15:07,023 - FINISHED LOOP

INFO: 2026-03-02 10:20:08,722 - STARTING LOOP
INFO: 2026-03-02 10:20:08,724 - Nothing to insert into the database!
INFO: 2026-03-02 10:20:08,724 - FINISHED LOOP

INFO: 2026-03-02 10:25:09,384 - STARTING LOOP
INFO: 2026-03-02 10:25:09,386 - Nothing to insert into the database!
INFO: 2026-03-02 10:25:09,386 - FINISHED LOOP

INFO: 2026-03-02 10:30:10,137 - STARTING LOOP
INFO: 2026-03-02 10:30:10,138 - Nothing to insert into the database!
INFO: 2026-03-02 10:30:10,138 - FINISHED LOOP

INFO: 2026-03-02 10:35:08,560 - STARTING LOOP
INFO: 2026-03-02 10:35:08,561 - Nothing to insert into the database!
INFO: 2026-03-02 10:35:08,561 - FINISHED LOOP

INFO: 2026-03-02 10:40:09,239 - STARTING LOOP
INFO: 2026-03-02 10:40:09,241 - Nothing to insert into the database!
INFO: 2026-03-02 10:40:09,241 - FINISHED LOOP

INFO: 2026-03-02 10:45:07,424 - STARTING LOOP
INFO: 2026-03-02 10:45:07,425 - Nothing to insert into the database!
INFO: 2026-03-02 10:45:07,425 - FINISHED LOOP

INFO: 2026-03-02 10:50:08,540 - STARTING LOOP
INFO: 2026-03-02 10:50:08,542 - Nothing to insert into the database!
INFO: 2026-03-02 10:50:08,542 - FINISHED LOOP

INFO: 2026-03-02 10:55:07,496 - STARTING LOOP
INFO: 2026-03-02 10:55:07,498 - Nothing to insert into the database!
INFO: 2026-03-02 10:55:07,498 - FINISHED LOOP

INFO: 2026-03-02 11:00:08,569 - STARTING LOOP
INFO: 2026-03-02 11:00:08,571 - Nothing to insert into the database!
INFO: 2026-03-02 11:00:08,571 - FINISHED LOOP

INFO: 2026-03-02 11:05:08,430 - STARTING LOOP
INFO: 2026-03-02 11:05:08,431 - Nothing to insert into the database!
INFO: 2026-03-02 11:05:08,431 - FINISHED LOOP

INFO: 2026-03-02 11:10:13,014 - STARTING LOOP
INFO: 2026-03-02 11:10:13,015 - Nothing to insert into the database!
INFO: 2026-03-02 11:10:13,015 - FINISHED LOOP

INFO: 2026-03-02 11:15:14,065 - STARTING LOOP
INFO: 2026-03-02 11:15:14,067 - Preparing csv for database input...
INFO: 2026-03-02 11:15:14,490 - DONE!
INFO: 2026-03-02 11:15:14,491 - Inserting file snov--1949751__usa-data-center-technicians.csv...
INFO: 2026-03-02 11:15:17,470 - DONE!
INFO: 2026-03-02 11:15:17,473 - Saving for project 1949751 - analog
INFO: 2026-03-02 11:15:17,527 - DONE!
INFO: 2026-03-02 11:15:18,596 - FINISHED LOOP

saving new records...
inserted 488 new records
failed converting to list in the column: 
other_emails
updating 57 records
success!
INFO: 2026-03-02 11:20:09,226 - STARTING LOOP
INFO: 2026-03-02 11:20:09,227 - Nothing to insert into the database!
INFO: 2026-03-02 11:20:09,227 - FINISHED LOOP

INFO: 2026-03-02 11:25:07,161 - STARTING LOOP
INFO: 2026-03-02 11:25:07,162 - Preparing csv for database input...
INFO: 2026-03-02 11:25:11,019 - DONE!
INFO: 2026-03-02 11:25:11,019 - Inserting file damir--123456__end_clients.csv...
INFO: 2026-03-02 11:50:16,947 - DONE!
INFO: 2026-03-02 11:50:16,952 - Saving for project 123456 - sales
INFO: 2026-03-02 11:50:22,223 - DONE!
INFO: 2026-03-02 11:50:23,295 - FINISHED LOOP

saving new records...
inserted 300734 new records
failed converting to list in the column: 
other_emails
failed converting to list in the column: 
projects_ids
updating 57432 records
success!
INFO: 2026-03-02 11:55:07,880 - STARTING LOOP
INFO: 2026-03-02 11:55:07,881 - Nothing to insert into the database!
INFO: 2026-03-02 11:55:07,881 - FINISHED LOOP

INFO: 2026-03-02 12:00:07,536 - STARTING LOOP
INFO: 2026-03-02 12:00:07,537 - Nothing to insert into the database!
INFO: 2026-03-02 12:00:07,537 - FINISHED LOOP

INFO: 2026-03-02 12:05:15,376 - STARTING LOOP
INFO: 2026-03-02 12:05:15,412 - Nothing to insert into the database!
INFO: 2026-03-02 12:05:15,412 - FINISHED LOOP

INFO: 2026-03-02 12:10:15,578 - STARTING LOOP
INFO: 2026-03-02 12:10:15,582 - Nothing to insert into the database!
INFO: 2026-03-02 12:10:15,583 - FINISHED LOOP

INFO: 2026-03-02 12:15:08,380 - STARTING LOOP
INFO: 2026-03-02 12:15:08,382 - Nothing to insert into the database!
INFO: 2026-03-02 12:15:08,382 - FINISHED LOOP

INFO: 2026-03-02 12:20:13,014 - STARTING LOOP
INFO: 2026-03-02 12:20:13,015 - Nothing to insert into the database!
INFO: 2026-03-02 12:20:13,015 - FINISHED LOOP

INFO: 2026-03-02 12:25:08,283 - STARTING LOOP
INFO: 2026-03-02 12:25:08,284 - Nothing to insert into the database!
INFO: 2026-03-02 12:25:08,284 - FINISHED LOOP

INFO: 2026-03-02 12:30:10,893 - STARTING LOOP
INFO: 2026-03-02 12:30:10,894 - Nothing to insert into the database!
INFO: 2026-03-02 12:30:10,894 - FINISHED LOOP

INFO: 2026-03-02 12:35:09,697 - STARTING LOOP
INFO: 2026-03-02 12:35:09,698 - Nothing to insert into the database!
INFO: 2026-03-02 12:35:09,698 - FINISHED LOOP

INFO: 2026-03-02 12:40:15,470 - STARTING LOOP
INFO: 2026-03-02 12:40:15,472 - Nothing to insert into the database!
INFO: 2026-03-02 12:40:15,472 - FINISHED LOOP

INFO: 2026-03-02 12:46:46,899 - STARTING LOOP
INFO: 2026-03-02 12:46:46,905 - Nothing to insert into the database!
INFO: 2026-03-02 12:46:46,913 - FINISHED LOOP

INFO: 2026-03-02 12:50:08,133 - STARTING LOOP
INFO: 2026-03-02 12:50:08,135 - Nothing to insert into the database!
INFO: 2026-03-02 12:50:08,135 - FINISHED LOOP

INFO: 2026-03-02 12:56:17,781 - STARTING LOOP
INFO: 2026-03-02 12:56:17,783 - Nothing to insert into the database!
INFO: 2026-03-02 12:56:17,783 - FINISHED LOOP

INFO: 2026-03-02 13:00:11,524 - STARTING LOOP
INFO: 2026-03-02 13:00:11,525 - Nothing to insert into the database!
INFO: 2026-03-02 13:00:11,525 - FINISHED LOOP

INFO: 2026-03-02 13:05:24,184 - STARTING LOOP
INFO: 2026-03-02 13:05:24,185 - Nothing to insert into the database!
INFO: 2026-03-02 13:05:24,186 - FINISHED LOOP

INFO: 2026-03-02 13:10:08,651 - STARTING LOOP
INFO: 2026-03-02 13:10:08,652 - Nothing to insert into the database!
INFO: 2026-03-02 13:10:08,652 - FINISHED LOOP

INFO: 2026-03-02 13:16:15,848 - STARTING LOOP
INFO: 2026-03-02 13:16:15,863 - Nothing to insert into the database!
INFO: 2026-03-02 13:16:15,864 - FINISHED LOOP

INFO: 2026-03-02 13:20:14,948 - STARTING LOOP
INFO: 2026-03-02 13:20:14,953 - Nothing to insert into the database!
INFO: 2026-03-02 13:20:14,953 - FINISHED LOOP

INFO: 2026-03-02 13:25:13,393 - STARTING LOOP
INFO: 2026-03-02 13:25:13,397 - Nothing to insert into the database!
INFO: 2026-03-02 13:25:13,397 - FINISHED LOOP

INFO: 2026-03-02 17:20:08,524 - STARTING LOOP
INFO: 2026-03-02 17:20:08,526 - Nothing to insert into the database!
INFO: 2026-03-02 17:20:08,526 - FINISHED LOOP

INFO: 2026-03-02 17:30:48,875 - STARTING LOOP
INFO: 2026-03-02 17:30:48,973 - Nothing to insert into the database!
INFO: 2026-03-02 17:30:48,974 - FINISHED LOOP

INFO: 2026-03-02 17:35:15,076 - STARTING LOOP
INFO: 2026-03-02 17:35:15,182 - Nothing to insert into the database!
INFO: 2026-03-02 17:35:15,183 - FINISHED LOOP

INFO: 2026-03-02 17:35:38,325 - STARTING LOOP
INFO: 2026-03-02 17:35:38,325 - Nothing to insert into the database!
INFO: 2026-03-02 17:35:38,326 - FINISHED LOOP

INFO: 2026-03-02 17:40:06,214 - STARTING LOOP
INFO: 2026-03-02 17:40:06,216 - Nothing to insert into the database!
INFO: 2026-03-02 17:40:06,216 - FINISHED LOOP

INFO: 2026-03-02 17:45:06,746 - STARTING LOOP
INFO: 2026-03-02 17:45:06,748 - Nothing to insert into the database!
INFO: 2026-03-02 17:45:06,748 - FINISHED LOOP

INFO: 2026-03-02 17:50:05,211 - STARTING LOOP
INFO: 2026-03-02 17:50:05,213 - Nothing to insert into the database!
INFO: 2026-03-02 17:50:05,213 - FINISHED LOOP

INFO: 2026-03-02 17:57:25,789 - STARTING LOOP
INFO: 2026-03-02 17:57:25,791 - Nothing to insert into the database!
INFO: 2026-03-02 17:57:25,791 - FINISHED LOOP

INFO: 2026-03-02 18:00:04,793 - STARTING LOOP
INFO: 2026-03-02 18:00:04,793 - Nothing to insert into the database!
INFO: 2026-03-02 18:00:04,793 - FINISHED LOOP

INFO: 2026-03-02 18:05:05,621 - STARTING LOOP
INFO: 2026-03-02 18:05:05,622 - Nothing to insert into the database!
INFO: 2026-03-02 18:05:05,622 - FINISHED LOOP

INFO: 2026-03-02 18:10:07,388 - STARTING LOOP
INFO: 2026-03-02 18:10:07,390 - Nothing to insert into the database!
INFO: 2026-03-02 18:10:07,390 - FINISHED LOOP

INFO: 2026-03-02 18:15:08,087 - STARTING LOOP
INFO: 2026-03-02 18:15:08,089 - Nothing to insert into the database!
INFO: 2026-03-02 18:15:08,089 - FINISHED LOOP

INFO: 2026-03-02 18:20:06,003 - STARTING LOOP
INFO: 2026-03-02 18:20:06,004 - Nothing to insert into the database!
INFO: 2026-03-02 18:20:06,004 - FINISHED LOOP

INFO: 2026-03-02 18:25:09,038 - STARTING LOOP
INFO: 2026-03-02 18:25:09,040 - Nothing to insert into the database!
INFO: 2026-03-02 18:25:09,040 - FINISHED LOOP

INFO: 2026-03-02 18:30:08,434 - STARTING LOOP
INFO: 2026-03-02 18:30:08,435 - Nothing to insert into the database!
INFO: 2026-03-02 18:30:08,435 - FINISHED LOOP

INFO: 2026-03-02 18:35:05,989 - STARTING LOOP
INFO: 2026-03-02 18:35:05,991 - Nothing to insert into the database!
INFO: 2026-03-02 18:35:05,991 - FINISHED LOOP

INFO: 2026-03-02 18:40:07,393 - STARTING LOOP
INFO: 2026-03-02 18:40:07,398 - Nothing to insert into the database!
INFO: 2026-03-02 18:40:07,399 - FINISHED LOOP

INFO: 2026-03-02 18:45:05,749 - STARTING LOOP
INFO: 2026-03-02 18:45:05,751 - Nothing to insert into the database!
INFO: 2026-03-02 18:45:05,751 - FINISHED LOOP

INFO: 2026-03-02 18:50:07,139 - STARTING LOOP
INFO: 2026-03-02 18:50:07,142 - Nothing to insert into the database!
INFO: 2026-03-02 18:50:07,142 - FINISHED LOOP

INFO: 2026-03-02 18:55:06,810 - STARTING LOOP
INFO: 2026-03-02 18:55:06,812 - Nothing to insert into the database!
INFO: 2026-03-02 18:55:06,812 - FINISHED LOOP

INFO: 2026-03-02 19:00:06,419 - STARTING LOOP
INFO: 2026-03-02 19:00:06,420 - Nothing to insert into the database!
INFO: 2026-03-02 19:00:06,420 - FINISHED LOOP

INFO: 2026-03-02 19:05:07,296 - STARTING LOOP
INFO: 2026-03-02 19:05:07,298 - Nothing to insert into the database!
INFO: 2026-03-02 19:05:07,298 - FINISHED LOOP

INFO: 2026-03-02 19:10:05,718 - STARTING LOOP
INFO: 2026-03-02 19:10:05,720 - Nothing to insert into the database!
INFO: 2026-03-02 19:10:05,720 - FINISHED LOOP

INFO: 2026-03-02 19:15:10,356 - STARTING LOOP
INFO: 2026-03-02 19:15:10,359 - Nothing to insert into the database!
INFO: 2026-03-02 19:15:10,359 - FINISHED LOOP

INFO: 2026-03-02 19:20:06,879 - STARTING LOOP
INFO: 2026-03-02 19:20:06,881 - Nothing to insert into the database!
INFO: 2026-03-02 19:20:06,881 - FINISHED LOOP

INFO: 2026-03-02 19:25:06,732 - STARTING LOOP
INFO: 2026-03-02 19:25:06,734 - Nothing to insert into the database!
INFO: 2026-03-02 19:25:06,734 - FINISHED LOOP

INFO: 2026-03-02 19:30:05,147 - STARTING LOOP
INFO: 2026-03-02 19:30:05,149 - Nothing to insert into the database!
INFO: 2026-03-02 19:30:05,149 - FINISHED LOOP

INFO: 2026-03-02 19:35:09,220 - STARTING LOOP
INFO: 2026-03-02 19:35:09,222 - Nothing to insert into the database!
INFO: 2026-03-02 19:35:09,222 - FINISHED LOOP

INFO: 2026-03-02 19:40:07,612 - STARTING LOOP
INFO: 2026-03-02 19:40:07,614 - Nothing to insert into the database!
INFO: 2026-03-02 19:40:07,614 - FINISHED LOOP

INFO: 2026-03-02 19:45:05,409 - STARTING LOOP
INFO: 2026-03-02 19:45:05,411 - Nothing to insert into the database!
INFO: 2026-03-02 19:45:05,411 - FINISHED LOOP

INFO: 2026-03-02 19:50:07,881 - STARTING LOOP
INFO: 2026-03-02 19:50:07,883 - Nothing to insert into the database!
INFO: 2026-03-02 19:50:07,883 - FINISHED LOOP

INFO: 2026-03-02 19:55:06,213 - STARTING LOOP
INFO: 2026-03-02 19:55:06,214 - Nothing to insert into the database!
INFO: 2026-03-02 19:55:06,214 - FINISHED LOOP

INFO: 2026-03-02 20:00:08,307 - STARTING LOOP
INFO: 2026-03-02 20:00:08,309 - Nothing to insert into the database!
INFO: 2026-03-02 20:00:08,309 - FINISHED LOOP

INFO: 2026-03-02 20:05:06,530 - STARTING LOOP
INFO: 2026-03-02 20:05:06,531 - Nothing to insert into the database!
INFO: 2026-03-02 20:05:06,531 - FINISHED LOOP

INFO: 2026-03-02 20:10:08,746 - STARTING LOOP
INFO: 2026-03-02 20:10:08,748 - Nothing to insert into the database!
INFO: 2026-03-02 20:10:08,748 - FINISHED LOOP

INFO: 2026-03-02 20:15:07,455 - STARTING LOOP
INFO: 2026-03-02 20:15:07,456 - Nothing to insert into the database!
INFO: 2026-03-02 20:15:07,457 - FINISHED LOOP

INFO: 2026-03-02 20:20:07,903 - STARTING LOOP
INFO: 2026-03-02 20:20:07,904 - Nothing to insert into the database!
INFO: 2026-03-02 20:20:07,904 - FINISHED LOOP

INFO: 2026-03-02 20:25:07,447 - STARTING LOOP
INFO: 2026-03-02 20:25:07,449 - Nothing to insert into the database!
INFO: 2026-03-02 20:25:07,449 - FINISHED LOOP

INFO: 2026-03-02 20:30:08,353 - STARTING LOOP
INFO: 2026-03-02 20:30:08,357 - Nothing to insert into the database!
INFO: 2026-03-02 20:30:08,357 - FINISHED LOOP

INFO: 2026-03-02 20:35:08,521 - STARTING LOOP
INFO: 2026-03-02 20:35:08,522 - Nothing to insert into the database!
INFO: 2026-03-02 20:35:08,522 - FINISHED LOOP

INFO: 2026-03-02 20:40:09,572 - STARTING LOOP
INFO: 2026-03-02 20:40:09,573 - Nothing to insert into the database!
INFO: 2026-03-02 20:40:09,573 - FINISHED LOOP

INFO: 2026-03-02 20:45:07,489 - STARTING LOOP
INFO: 2026-03-02 20:45:07,491 - Nothing to insert into the database!
INFO: 2026-03-02 20:45:07,491 - FINISHED LOOP

INFO: 2026-03-02 20:50:06,709 - STARTING LOOP
INFO: 2026-03-02 20:50:06,711 - Nothing to insert into the database!
INFO: 2026-03-02 20:50:06,711 - FINISHED LOOP

INFO: 2026-03-02 20:55:07,441 - STARTING LOOP
INFO: 2026-03-02 20:55:07,442 - Nothing to insert into the database!
INFO: 2026-03-02 20:55:07,442 - FINISHED LOOP

INFO: 2026-03-02 21:00:08,531 - STARTING LOOP
INFO: 2026-03-02 21:00:08,532 - Nothing to insert into the database!
INFO: 2026-03-02 21:00:08,533 - FINISHED LOOP

INFO: 2026-03-02 21:05:07,153 - STARTING LOOP
INFO: 2026-03-02 21:05:07,154 - Nothing to insert into the database!
INFO: 2026-03-02 21:05:07,154 - FINISHED LOOP

INFO: 2026-03-02 21:10:09,496 - STARTING LOOP
INFO: 2026-03-02 21:10:09,497 - Nothing to insert into the database!
INFO: 2026-03-02 21:10:09,498 - FINISHED LOOP

INFO: 2026-03-02 21:15:09,838 - STARTING LOOP
INFO: 2026-03-02 21:15:09,839 - Nothing to insert into the database!
INFO: 2026-03-02 21:15:09,839 - FINISHED LOOP

INFO: 2026-03-02 21:20:10,563 - STARTING LOOP
INFO: 2026-03-02 21:20:10,564 - Nothing to insert into the database!
INFO: 2026-03-02 21:20:10,564 - FINISHED LOOP

INFO: 2026-03-02 21:25:07,369 - STARTING LOOP
INFO: 2026-03-02 21:25:07,371 - Nothing to insert into the database!
INFO: 2026-03-02 21:25:07,371 - FINISHED LOOP

INFO: 2026-03-02 21:50:10,523 - STARTING LOOP
INFO: 2026-03-02 21:50:10,525 - Nothing to insert into the database!
INFO: 2026-03-02 21:50:10,527 - FINISHED LOOP

INFO: 2026-03-02 22:07:15,918 - STARTING LOOP
INFO: 2026-03-02 22:07:15,920 - Nothing to insert into the database!
INFO: 2026-03-02 22:07:15,920 - FINISHED LOOP

INFO: 2026-03-02 22:35:11,001 - STARTING LOOP
INFO: 2026-03-02 22:35:11,003 - Nothing to insert into the database!
INFO: 2026-03-02 22:35:11,003 - FINISHED LOOP

INFO: 2026-03-02 22:40:07,652 - STARTING LOOP
INFO: 2026-03-02 22:40:07,653 - Nothing to insert into the database!
INFO: 2026-03-02 22:40:07,653 - FINISHED LOOP

INFO: 2026-03-02 22:45:08,977 - STARTING LOOP
INFO: 2026-03-02 22:45:08,978 - Nothing to insert into the database!
INFO: 2026-03-02 22:45:08,978 - FINISHED LOOP

INFO: 2026-03-02 22:51:59,183 - STARTING LOOP
INFO: 2026-03-02 22:51:59,184 - Nothing to insert into the database!
INFO: 2026-03-02 22:51:59,184 - FINISHED LOOP

INFO: 2026-03-03 00:10:07,717 - STARTING LOOP
INFO: 2026-03-03 00:10:07,719 - Nothing to insert into the database!
INFO: 2026-03-03 00:10:07,719 - FINISHED LOOP

INFO: 2026-03-03 01:25:07,098 - STARTING LOOP
INFO: 2026-03-03 01:25:07,099 - Nothing to insert into the database!
INFO: 2026-03-03 01:25:07,099 - FINISHED LOOP

INFO: 2026-03-03 01:50:06,969 - STARTING LOOP
INFO: 2026-03-03 01:50:06,971 - Nothing to insert into the database!
INFO: 2026-03-03 01:50:06,971 - FINISHED LOOP

INFO: 2026-03-03 03:25:05,836 - STARTING LOOP
INFO: 2026-03-03 03:25:05,837 - Nothing to insert into the database!
INFO: 2026-03-03 03:25:05,837 - FINISHED LOOP

INFO: 2026-03-03 04:52:43,927 - STARTING LOOP
INFO: 2026-03-03 04:52:43,928 - Nothing to insert into the database!
INFO: 2026-03-03 04:52:43,928 - FINISHED LOOP

INFO: 2026-03-03 05:29:49,492 - STARTING LOOP
INFO: 2026-03-03 05:29:49,493 - Nothing to insert into the database!
INFO: 2026-03-03 05:29:49,493 - FINISHED LOOP

INFO: 2026-03-03 05:30:05,394 - STARTING LOOP
INFO: 2026-03-03 05:30:05,394 - Nothing to insert into the database!
INFO: 2026-03-03 05:30:05,395 - FINISHED LOOP

INFO: 2026-03-03 05:39:13,057 - STARTING LOOP
INFO: 2026-03-03 05:39:13,058 - Nothing to insert into the database!
INFO: 2026-03-03 05:39:13,059 - FINISHED LOOP

INFO: 2026-03-03 05:48:21,298 - STARTING LOOP
INFO: 2026-03-03 05:48:21,298 - Nothing to insert into the database!
INFO: 2026-03-03 05:48:21,298 - FINISHED LOOP

INFO: 2026-03-03 05:54:04,655 - STARTING LOOP
INFO: 2026-03-03 05:54:04,656 - Nothing to insert into the database!
INFO: 2026-03-03 05:54:04,656 - FINISHED LOOP

INFO: 2026-03-03 05:57:37,067 - STARTING LOOP
INFO: 2026-03-03 05:57:37,068 - Nothing to insert into the database!
INFO: 2026-03-03 05:57:37,068 - FINISHED LOOP

INFO: 2026-03-03 06:00:05,138 - STARTING LOOP
INFO: 2026-03-03 06:00:05,139 - Nothing to insert into the database!
INFO: 2026-03-03 06:00:05,139 - FINISHED LOOP

INFO: 2026-03-03 06:06:36,340 - STARTING LOOP
INFO: 2026-03-03 06:06:36,341 - Nothing to insert into the database!
INFO: 2026-03-03 06:06:36,341 - FINISHED LOOP

INFO: 2026-03-03 06:15:27,097 - STARTING LOOP
INFO: 2026-03-03 06:15:27,097 - Nothing to insert into the database!
INFO: 2026-03-03 06:15:27,098 - FINISHED LOOP

INFO: 2026-03-03 06:50:33,881 - STARTING LOOP
INFO: 2026-03-03 06:50:33,882 - Nothing to insert into the database!
INFO: 2026-03-03 06:50:33,882 - FINISHED LOOP

INFO: 2026-03-03 07:00:12,199 - STARTING LOOP
INFO: 2026-03-03 07:00:12,200 - Nothing to insert into the database!
INFO: 2026-03-03 07:00:12,200 - FINISHED LOOP

INFO: 2026-03-03 07:06:27,999 - STARTING LOOP
INFO: 2026-03-03 07:06:28,001 - Nothing to insert into the database!
INFO: 2026-03-03 07:06:28,001 - FINISHED LOOP

INFO: 2026-03-03 07:36:28,744 - STARTING LOOP
INFO: 2026-03-03 07:36:28,753 - Nothing to insert into the database!
INFO: 2026-03-03 07:36:28,753 - FINISHED LOOP

INFO: 2026-03-03 07:49:25,949 - STARTING LOOP
INFO: 2026-03-03 07:49:25,950 - Nothing to insert into the database!
INFO: 2026-03-03 07:49:25,950 - FINISHED LOOP

INFO: 2026-03-03 07:50:05,479 - STARTING LOOP
INFO: 2026-03-03 07:50:05,479 - Nothing to insert into the database!
INFO: 2026-03-03 07:50:05,479 - FINISHED LOOP

INFO: 2026-03-03 07:57:31,831 - STARTING LOOP
INFO: 2026-03-03 07:57:31,832 - Nothing to insert into the database!
INFO: 2026-03-03 07:57:31,833 - FINISHED LOOP

INFO: 2026-03-03 08:00:05,274 - STARTING LOOP
INFO: 2026-03-03 08:00:05,275 - Nothing to insert into the database!
INFO: 2026-03-03 08:00:05,275 - FINISHED LOOP

INFO: 2026-03-03 08:09:38,669 - STARTING LOOP
INFO: 2026-03-03 08:09:38,670 - Nothing to insert into the database!
INFO: 2026-03-03 08:09:38,670 - FINISHED LOOP

INFO: 2026-03-03 08:10:05,607 - STARTING LOOP
INFO: 2026-03-03 08:10:05,608 - Nothing to insert into the database!
INFO: 2026-03-03 08:10:05,608 - FINISHED LOOP

INFO: 2026-03-03 08:26:10,418 - STARTING LOOP
INFO: 2026-03-03 08:26:10,420 - Nothing to insert into the database!
INFO: 2026-03-03 08:26:10,420 - FINISHED LOOP

INFO: 2026-03-03 08:26:13,860 - STARTING LOOP
INFO: 2026-03-03 08:26:13,861 - Nothing to insert into the database!
INFO: 2026-03-03 08:26:13,861 - FINISHED LOOP

INFO: 2026-03-03 08:33:52,708 - STARTING LOOP
INFO: 2026-03-03 08:33:52,710 - Nothing to insert into the database!
INFO: 2026-03-03 08:33:52,710 - FINISHED LOOP

INFO: 2026-03-03 08:37:43,006 - STARTING LOOP
INFO: 2026-03-03 08:37:43,008 - Nothing to insert into the database!
INFO: 2026-03-03 08:37:43,008 - FINISHED LOOP

INFO: 2026-03-03 08:40:06,145 - STARTING LOOP
INFO: 2026-03-03 08:40:06,146 - Nothing to insert into the database!
INFO: 2026-03-03 08:40:06,146 - FINISHED LOOP

INFO: 2026-03-03 09:36:31,984 - STARTING LOOP
INFO: 2026-03-03 09:36:31,985 - Nothing to insert into the database!
INFO: 2026-03-03 09:36:31,985 - FINISHED LOOP

INFO: 2026-03-03 09:36:35,702 - STARTING LOOP
INFO: 2026-03-03 09:36:35,702 - Nothing to insert into the database!
INFO: 2026-03-03 09:36:35,703 - FINISHED LOOP

INFO: 2026-03-03 09:52:57,757 - STARTING LOOP
INFO: 2026-03-03 09:52:57,759 - Nothing to insert into the database!
INFO: 2026-03-03 09:52:57,759 - FINISHED LOOP

INFO: 2026-03-03 09:57:17,232 - STARTING LOOP
INFO: 2026-03-03 09:57:17,233 - Nothing to insert into the database!
INFO: 2026-03-03 09:57:17,233 - FINISHED LOOP

INFO: 2026-03-03 10:10:57,785 - STARTING LOOP
INFO: 2026-03-03 10:10:57,787 - Nothing to insert into the database!
INFO: 2026-03-03 10:10:57,787 - FINISHED LOOP

INFO: 2026-03-03 10:11:02,119 - STARTING LOOP
INFO: 2026-03-03 10:11:02,119 - Nothing to insert into the database!
INFO: 2026-03-03 10:11:02,119 - FINISHED LOOP

INFO: 2026-03-03 10:25:25,764 - STARTING LOOP
INFO: 2026-03-03 10:25:25,766 - Nothing to insert into the database!
INFO: 2026-03-03 10:25:25,766 - FINISHED LOOP

INFO: 2026-03-03 10:30:07,352 - STARTING LOOP
INFO: 2026-03-03 10:30:07,353 - Nothing to insert into the database!
INFO: 2026-03-03 10:30:07,354 - FINISHED LOOP

INFO: 2026-03-03 10:38:53,251 - STARTING LOOP
INFO: 2026-03-03 10:38:53,253 - Nothing to insert into the database!
INFO: 2026-03-03 10:38:53,253 - FINISHED LOOP

INFO: 2026-03-03 10:41:48,107 - STARTING LOOP
INFO: 2026-03-03 10:41:48,109 - Nothing to insert into the database!
INFO: 2026-03-03 10:41:48,109 - FINISHED LOOP

INFO: 2026-03-03 10:45:10,139 - STARTING LOOP
INFO: 2026-03-03 10:45:10,140 - Nothing to insert into the database!
INFO: 2026-03-03 10:45:10,140 - FINISHED LOOP

INFO: 2026-03-03 10:50:10,424 - STARTING LOOP
INFO: 2026-03-03 10:50:10,425 - Nothing to insert into the database!
INFO: 2026-03-03 10:50:10,426 - FINISHED LOOP

INFO: 2026-03-03 10:55:09,013 - STARTING LOOP
INFO: 2026-03-03 10:55:09,014 - Nothing to insert into the database!
INFO: 2026-03-03 10:55:09,014 - FINISHED LOOP

INFO: 2026-03-03 11:00:08,234 - STARTING LOOP
INFO: 2026-03-03 11:00:08,235 - Nothing to insert into the database!
INFO: 2026-03-03 11:00:08,235 - FINISHED LOOP

INFO: 2026-03-03 11:05:06,920 - STARTING LOOP
INFO: 2026-03-03 11:05:06,921 - Nothing to insert into the database!
INFO: 2026-03-03 11:05:06,921 - FINISHED LOOP

INFO: 2026-03-03 11:10:07,500 - STARTING LOOP
INFO: 2026-03-03 11:10:07,501 - Nothing to insert into the database!
INFO: 2026-03-03 11:10:07,502 - FINISHED LOOP

INFO: 2026-03-03 11:15:07,960 - STARTING LOOP
INFO: 2026-03-03 11:15:07,962 - Nothing to insert into the database!
INFO: 2026-03-03 11:15:07,962 - FINISHED LOOP

INFO: 2026-03-03 11:20:09,953 - STARTING LOOP
INFO: 2026-03-03 11:20:09,954 - Nothing to insert into the database!
INFO: 2026-03-03 11:20:09,954 - FINISHED LOOP

INFO: 2026-03-03 11:25:07,906 - STARTING LOOP
INFO: 2026-03-03 11:25:07,908 - Nothing to insert into the database!
INFO: 2026-03-03 11:25:07,908 - FINISHED LOOP

INFO: 2026-03-03 11:30:10,860 - STARTING LOOP
INFO: 2026-03-03 11:30:10,862 - Nothing to insert into the database!
INFO: 2026-03-03 11:30:10,862 - FINISHED LOOP

INFO: 2026-03-03 11:35:07,508 - STARTING LOOP
INFO: 2026-03-03 11:35:07,510 - Nothing to insert into the database!
INFO: 2026-03-03 11:35:07,510 - FINISHED LOOP

INFO: 2026-03-03 11:40:06,159 - STARTING LOOP
INFO: 2026-03-03 11:40:06,161 - Nothing to insert into the database!
INFO: 2026-03-03 11:40:06,161 - FINISHED LOOP

INFO: 2026-03-03 11:45:08,293 - STARTING LOOP
INFO: 2026-03-03 11:45:08,294 - Nothing to insert into the database!
INFO: 2026-03-03 11:45:08,294 - FINISHED LOOP

INFO: 2026-03-03 11:50:08,962 - STARTING LOOP
INFO: 2026-03-03 11:50:08,964 - Nothing to insert into the database!
INFO: 2026-03-03 11:50:08,964 - FINISHED LOOP

INFO: 2026-03-03 11:55:07,553 - STARTING LOOP
INFO: 2026-03-03 11:55:07,554 - Nothing to insert into the database!
INFO: 2026-03-03 11:55:07,554 - FINISHED LOOP

INFO: 2026-03-03 12:00:08,206 - STARTING LOOP
INFO: 2026-03-03 12:00:08,207 - Nothing to insert into the database!
INFO: 2026-03-03 12:00:08,207 - FINISHED LOOP

INFO: 2026-03-03 12:05:07,014 - STARTING LOOP
INFO: 2026-03-03 12:05:07,016 - Nothing to insert into the database!
INFO: 2026-03-03 12:05:07,016 - FINISHED LOOP

INFO: 2026-03-03 12:10:10,626 - STARTING LOOP
INFO: 2026-03-03 12:10:10,628 - Nothing to insert into the database!
INFO: 2026-03-03 12:10:10,628 - FINISHED LOOP

INFO: 2026-03-03 12:15:06,852 - STARTING LOOP
INFO: 2026-03-03 12:15:06,853 - Nothing to insert into the database!
INFO: 2026-03-03 12:15:06,854 - FINISHED LOOP

INFO: 2026-03-03 12:20:08,138 - STARTING LOOP
INFO: 2026-03-03 12:20:08,140 - Nothing to insert into the database!
INFO: 2026-03-03 12:20:08,140 - FINISHED LOOP

INFO: 2026-03-03 12:25:07,046 - STARTING LOOP
INFO: 2026-03-03 12:25:07,047 - Nothing to insert into the database!
INFO: 2026-03-03 12:25:07,047 - FINISHED LOOP

INFO: 2026-03-03 12:30:07,690 - STARTING LOOP
INFO: 2026-03-03 12:30:07,692 - Nothing to insert into the database!
INFO: 2026-03-03 12:30:07,692 - FINISHED LOOP

INFO: 2026-03-03 12:35:04,923 - STARTING LOOP
INFO: 2026-03-03 12:35:04,924 - Nothing to insert into the database!
INFO: 2026-03-03 12:35:04,924 - FINISHED LOOP

INFO: 2026-03-03 12:40:07,131 - STARTING LOOP
INFO: 2026-03-03 12:40:07,132 - Nothing to insert into the database!
INFO: 2026-03-03 12:40:07,132 - FINISHED LOOP

INFO: 2026-03-03 12:45:06,248 - STARTING LOOP
INFO: 2026-03-03 12:45:06,249 - Nothing to insert into the database!
INFO: 2026-03-03 12:45:06,249 - FINISHED LOOP

INFO: 2026-03-03 12:50:07,868 - STARTING LOOP
INFO: 2026-03-03 12:50:07,870 - Nothing to insert into the database!
INFO: 2026-03-03 12:50:07,870 - FINISHED LOOP

INFO: 2026-03-03 13:03:50,723 - STARTING LOOP
INFO: 2026-03-03 13:03:50,725 - Nothing to insert into the database!
INFO: 2026-03-03 13:03:50,725 - FINISHED LOOP

INFO: 2026-03-03 13:05:08,138 - STARTING LOOP
INFO: 2026-03-03 13:05:08,139 - Nothing to insert into the database!
INFO: 2026-03-03 13:05:08,140 - FINISHED LOOP

INFO: 2026-03-03 13:10:07,440 - STARTING LOOP
INFO: 2026-03-03 13:10:07,441 - Nothing to insert into the database!
INFO: 2026-03-03 13:10:07,441 - FINISHED LOOP

INFO: 2026-03-03 13:15:07,649 - STARTING LOOP
INFO: 2026-03-03 13:15:07,651 - Nothing to insert into the database!
INFO: 2026-03-03 13:15:07,651 - FINISHED LOOP

INFO: 2026-03-03 13:20:07,081 - STARTING LOOP
INFO: 2026-03-03 13:20:07,082 - Nothing to insert into the database!
INFO: 2026-03-03 13:20:07,082 - FINISHED LOOP

INFO: 2026-03-03 13:25:06,578 - STARTING LOOP
INFO: 2026-03-03 13:25:06,580 - Nothing to insert into the database!
INFO: 2026-03-03 13:25:06,580 - FINISHED LOOP

INFO: 2026-03-03 13:30:08,349 - STARTING LOOP
INFO: 2026-03-03 13:30:08,351 - Nothing to insert into the database!
INFO: 2026-03-03 13:30:08,352 - FINISHED LOOP

INFO: 2026-03-03 13:35:10,653 - STARTING LOOP
INFO: 2026-03-03 13:35:10,654 - Nothing to insert into the database!
INFO: 2026-03-03 13:35:10,654 - FINISHED LOOP

INFO: 2026-03-03 13:40:26,038 - STARTING LOOP
INFO: 2026-03-03 13:40:26,040 - Nothing to insert into the database!
INFO: 2026-03-03 13:40:26,040 - FINISHED LOOP

INFO: 2026-03-03 13:45:07,733 - STARTING LOOP
INFO: 2026-03-03 13:45:07,735 - Nothing to insert into the database!
INFO: 2026-03-03 13:45:07,735 - FINISHED LOOP

INFO: 2026-03-03 13:50:06,711 - STARTING LOOP
INFO: 2026-03-03 13:50:06,712 - Nothing to insert into the database!
INFO: 2026-03-03 13:50:06,712 - FINISHED LOOP

INFO: 2026-03-03 13:55:17,055 - STARTING LOOP
INFO: 2026-03-03 13:55:17,056 - Nothing to insert into the database!
INFO: 2026-03-03 13:55:17,057 - FINISHED LOOP

INFO: 2026-03-03 14:00:07,978 - STARTING LOOP
INFO: 2026-03-03 14:00:07,979 - Nothing to insert into the database!
INFO: 2026-03-03 14:00:07,979 - FINISHED LOOP

INFO: 2026-03-03 14:05:09,115 - STARTING LOOP
INFO: 2026-03-03 14:05:09,117 - Nothing to insert into the database!
INFO: 2026-03-03 14:05:09,117 - FINISHED LOOP

INFO: 2026-03-03 14:10:09,541 - STARTING LOOP
INFO: 2026-03-03 14:10:09,543 - Nothing to insert into the database!
INFO: 2026-03-03 14:10:09,543 - FINISHED LOOP

INFO: 2026-03-03 14:15:07,131 - STARTING LOOP
INFO: 2026-03-03 14:15:07,133 - Nothing to insert into the database!
INFO: 2026-03-03 14:15:07,133 - FINISHED LOOP

INFO: 2026-03-03 14:20:16,104 - STARTING LOOP
INFO: 2026-03-03 14:20:16,105 - Nothing to insert into the database!
INFO: 2026-03-03 14:20:16,105 - FINISHED LOOP

INFO: 2026-03-03 14:25:07,153 - STARTING LOOP
INFO: 2026-03-03 14:25:07,155 - Nothing to insert into the database!
INFO: 2026-03-03 14:25:07,155 - FINISHED LOOP

INFO: 2026-03-03 14:30:07,835 - STARTING LOOP
INFO: 2026-03-03 14:30:07,836 - Nothing to insert into the database!
INFO: 2026-03-03 14:30:07,837 - FINISHED LOOP

INFO: 2026-03-03 14:35:06,778 - STARTING LOOP
INFO: 2026-03-03 14:35:06,779 - Nothing to insert into the database!
INFO: 2026-03-03 14:35:06,780 - FINISHED LOOP

INFO: 2026-03-03 14:40:07,318 - STARTING LOOP
INFO: 2026-03-03 14:40:07,320 - Nothing to insert into the database!
INFO: 2026-03-03 14:40:07,320 - FINISHED LOOP

INFO: 2026-03-03 14:45:08,646 - STARTING LOOP
INFO: 2026-03-03 14:45:08,648 - Nothing to insert into the database!
INFO: 2026-03-03 14:45:08,648 - FINISHED LOOP

INFO: 2026-03-03 14:50:08,248 - STARTING LOOP
INFO: 2026-03-03 14:50:08,249 - Nothing to insert into the database!
INFO: 2026-03-03 14:50:08,249 - FINISHED LOOP

INFO: 2026-03-03 14:55:13,295 - STARTING LOOP
INFO: 2026-03-03 14:55:13,298 - Nothing to insert into the database!
INFO: 2026-03-03 14:55:13,298 - FINISHED LOOP

INFO: 2026-03-03 15:00:08,640 - STARTING LOOP
INFO: 2026-03-03 15:00:08,641 - Nothing to insert into the database!
INFO: 2026-03-03 15:00:08,641 - FINISHED LOOP

INFO: 2026-03-03 15:05:06,962 - STARTING LOOP
INFO: 2026-03-03 15:05:06,963 - Nothing to insert into the database!
INFO: 2026-03-03 15:05:06,963 - FINISHED LOOP

INFO: 2026-03-03 15:10:07,082 - STARTING LOOP
INFO: 2026-03-03 15:10:07,083 - Nothing to insert into the database!
INFO: 2026-03-03 15:10:07,083 - FINISHED LOOP

INFO: 2026-03-03 15:15:06,416 - STARTING LOOP
INFO: 2026-03-03 15:15:06,418 - Nothing to insert into the database!
INFO: 2026-03-03 15:15:06,418 - FINISHED LOOP

INFO: 2026-03-03 15:20:07,935 - STARTING LOOP
INFO: 2026-03-03 15:20:07,937 - Nothing to insert into the database!
INFO: 2026-03-03 15:20:07,937 - FINISHED LOOP

INFO: 2026-03-03 15:25:05,572 - STARTING LOOP
INFO: 2026-03-03 15:25:05,573 - Nothing to insert into the database!
INFO: 2026-03-03 15:25:05,573 - FINISHED LOOP

INFO: 2026-03-03 15:30:09,410 - STARTING LOOP
INFO: 2026-03-03 15:30:09,412 - Nothing to insert into the database!
INFO: 2026-03-03 15:30:09,412 - FINISHED LOOP

INFO: 2026-03-03 15:35:07,244 - STARTING LOOP
INFO: 2026-03-03 15:35:07,245 - Nothing to insert into the database!
INFO: 2026-03-03 15:35:07,245 - FINISHED LOOP

INFO: 2026-03-03 15:42:13,581 - STARTING LOOP
INFO: 2026-03-03 15:42:13,583 - Nothing to insert into the database!
INFO: 2026-03-03 15:42:13,583 - FINISHED LOOP

INFO: 2026-03-03 15:49:05,052 - STARTING LOOP
INFO: 2026-03-03 15:49:05,053 - Nothing to insert into the database!
INFO: 2026-03-03 15:49:05,053 - FINISHED LOOP

INFO: 2026-03-03 15:50:07,137 - STARTING LOOP
INFO: 2026-03-03 15:50:07,138 - Nothing to insert into the database!
INFO: 2026-03-03 15:50:07,138 - FINISHED LOOP

INFO: 2026-03-03 15:55:07,225 - STARTING LOOP
INFO: 2026-03-03 15:55:07,226 - Nothing to insert into the database!
INFO: 2026-03-03 15:55:07,226 - FINISHED LOOP

INFO: 2026-03-03 16:00:08,241 - STARTING LOOP
INFO: 2026-03-03 16:00:08,242 - Nothing to insert into the database!
INFO: 2026-03-03 16:00:08,242 - FINISHED LOOP

INFO: 2026-03-03 16:05:07,778 - STARTING LOOP
INFO: 2026-03-03 16:05:07,779 - Nothing to insert into the database!
INFO: 2026-03-03 16:05:07,779 - FINISHED LOOP

INFO: 2026-03-03 16:10:07,825 - STARTING LOOP
INFO: 2026-03-03 16:10:07,826 - Nothing to insert into the database!
INFO: 2026-03-03 16:10:07,826 - FINISHED LOOP

INFO: 2026-03-03 16:15:07,033 - STARTING LOOP
INFO: 2026-03-03 16:15:07,034 - Nothing to insert into the database!
INFO: 2026-03-03 16:15:07,034 - FINISHED LOOP

INFO: 2026-03-03 16:20:07,529 - STARTING LOOP
INFO: 2026-03-03 16:20:07,530 - Nothing to insert into the database!
INFO: 2026-03-03 16:20:07,530 - FINISHED LOOP

INFO: 2026-03-03 16:25:22,286 - STARTING LOOP
INFO: 2026-03-03 16:25:22,290 - Nothing to insert into the database!
INFO: 2026-03-03 16:25:22,290 - FINISHED LOOP

INFO: 2026-03-03 16:30:09,239 - STARTING LOOP
INFO: 2026-03-03 16:30:09,240 - Nothing to insert into the database!
INFO: 2026-03-03 16:30:09,241 - FINISHED LOOP

INFO: 2026-03-03 16:35:06,925 - STARTING LOOP
INFO: 2026-03-03 16:35:06,927 - Nothing to insert into the database!
INFO: 2026-03-03 16:35:06,927 - FINISHED LOOP

INFO: 2026-03-03 16:40:08,162 - STARTING LOOP
INFO: 2026-03-03 16:40:08,164 - Nothing to insert into the database!
INFO: 2026-03-03 16:40:08,164 - FINISHED LOOP

INFO: 2026-03-03 16:45:09,054 - STARTING LOOP
INFO: 2026-03-03 16:45:09,055 - Nothing to insert into the database!
INFO: 2026-03-03 16:45:09,056 - FINISHED LOOP

INFO: 2026-03-03 16:50:07,698 - STARTING LOOP
INFO: 2026-03-03 16:50:07,700 - Nothing to insert into the database!
INFO: 2026-03-03 16:50:07,700 - FINISHED LOOP

INFO: 2026-03-03 16:55:06,611 - STARTING LOOP
INFO: 2026-03-03 16:55:06,612 - Nothing to insert into the database!
INFO: 2026-03-03 16:55:06,612 - FINISHED LOOP

INFO: 2026-03-03 17:00:10,973 - STARTING LOOP
INFO: 2026-03-03 17:00:10,975 - Nothing to insert into the database!
INFO: 2026-03-03 17:00:10,975 - FINISHED LOOP

INFO: 2026-03-03 17:05:07,247 - STARTING LOOP
INFO: 2026-03-03 17:05:07,249 - Nothing to insert into the database!
INFO: 2026-03-03 17:05:07,249 - FINISHED LOOP

INFO: 2026-03-03 17:10:07,871 - STARTING LOOP
INFO: 2026-03-03 17:10:07,873 - Nothing to insert into the database!
INFO: 2026-03-03 17:10:07,873 - FINISHED LOOP

INFO: 2026-03-03 17:15:07,246 - STARTING LOOP
INFO: 2026-03-03 17:15:07,247 - Nothing to insert into the database!
INFO: 2026-03-03 17:15:07,247 - FINISHED LOOP

INFO: 2026-03-03 17:20:23,150 - STARTING LOOP
INFO: 2026-03-03 17:20:23,151 - Nothing to insert into the database!
INFO: 2026-03-03 17:20:23,151 - FINISHED LOOP

INFO: 2026-03-03 17:26:50,985 - STARTING LOOP
INFO: 2026-03-03 17:26:50,987 - Nothing to insert into the database!
INFO: 2026-03-03 17:26:50,987 - FINISHED LOOP

INFO: 2026-03-03 17:30:23,143 - STARTING LOOP
INFO: 2026-03-03 17:30:23,144 - Nothing to insert into the database!
INFO: 2026-03-03 17:30:23,144 - FINISHED LOOP

INFO: 2026-03-03 17:35:09,654 - STARTING LOOP
INFO: 2026-03-03 17:35:09,655 - Nothing to insert into the database!
INFO: 2026-03-03 17:35:09,655 - FINISHED LOOP

INFO: 2026-03-03 17:40:11,794 - STARTING LOOP
INFO: 2026-03-03 17:40:11,796 - Nothing to insert into the database!
INFO: 2026-03-03 17:40:11,797 - FINISHED LOOP

INFO: 2026-03-03 17:45:06,866 - STARTING LOOP
INFO: 2026-03-03 17:45:06,868 - Nothing to insert into the database!
INFO: 2026-03-03 17:45:06,868 - FINISHED LOOP

INFO: 2026-03-03 17:50:10,673 - STARTING LOOP
INFO: 2026-03-03 17:50:10,674 - Nothing to insert into the database!
INFO: 2026-03-03 17:50:10,674 - FINISHED LOOP

INFO: 2026-03-03 17:55:07,883 - STARTING LOOP
INFO: 2026-03-03 17:55:07,884 - Nothing to insert into the database!
INFO: 2026-03-03 17:55:07,884 - FINISHED LOOP

INFO: 2026-03-03 18:00:07,760 - STARTING LOOP
INFO: 2026-03-03 18:00:07,761 - Nothing to insert into the database!
INFO: 2026-03-03 18:00:07,761 - FINISHED LOOP

INFO: 2026-03-03 18:05:06,621 - STARTING LOOP
INFO: 2026-03-03 18:05:06,622 - Nothing to insert into the database!
INFO: 2026-03-03 18:05:06,622 - FINISHED LOOP

INFO: 2026-03-03 18:10:08,016 - STARTING LOOP
INFO: 2026-03-03 18:10:08,018 - Nothing to insert into the database!
INFO: 2026-03-03 18:10:08,018 - FINISHED LOOP

INFO: 2026-03-03 18:15:09,455 - STARTING LOOP
INFO: 2026-03-03 18:15:09,456 - Nothing to insert into the database!
INFO: 2026-03-03 18:15:09,456 - FINISHED LOOP

INFO: 2026-03-03 18:20:09,482 - STARTING LOOP
INFO: 2026-03-03 18:20:09,483 - Nothing to insert into the database!
INFO: 2026-03-03 18:20:09,483 - FINISHED LOOP

INFO: 2026-03-03 18:25:08,043 - STARTING LOOP
INFO: 2026-03-03 18:25:08,045 - Nothing to insert into the database!
INFO: 2026-03-03 18:25:08,045 - FINISHED LOOP

INFO: 2026-03-03 18:30:10,172 - STARTING LOOP
INFO: 2026-03-03 18:30:10,174 - Nothing to insert into the database!
INFO: 2026-03-03 18:30:10,175 - FINISHED LOOP

INFO: 2026-03-03 18:35:05,409 - STARTING LOOP
INFO: 2026-03-03 18:35:05,411 - Nothing to insert into the database!
INFO: 2026-03-03 18:35:05,411 - FINISHED LOOP

INFO: 2026-03-03 18:40:08,385 - STARTING LOOP
INFO: 2026-03-03 18:40:08,386 - Nothing to insert into the database!
INFO: 2026-03-03 18:40:08,386 - FINISHED LOOP

INFO: 2026-03-03 18:45:07,395 - STARTING LOOP
INFO: 2026-03-03 18:45:07,397 - Nothing to insert into the database!
INFO: 2026-03-03 18:45:07,397 - FINISHED LOOP

INFO: 2026-03-03 18:50:08,008 - STARTING LOOP
INFO: 2026-03-03 18:50:08,009 - Nothing to insert into the database!
INFO: 2026-03-03 18:50:08,009 - FINISHED LOOP

INFO: 2026-03-03 18:55:07,578 - STARTING LOOP
INFO: 2026-03-03 18:55:07,580 - Nothing to insert into the database!
INFO: 2026-03-03 18:55:07,580 - FINISHED LOOP

INFO: 2026-03-03 19:00:09,224 - STARTING LOOP
INFO: 2026-03-03 19:00:09,226 - Nothing to insert into the database!
INFO: 2026-03-03 19:00:09,226 - FINISHED LOOP

INFO: 2026-03-03 19:05:06,073 - STARTING LOOP
INFO: 2026-03-03 19:05:06,074 - Nothing to insert into the database!
INFO: 2026-03-03 19:05:06,074 - FINISHED LOOP

INFO: 2026-03-03 19:10:07,320 - STARTING LOOP
INFO: 2026-03-03 19:10:07,321 - Nothing to insert into the database!
INFO: 2026-03-03 19:10:07,321 - FINISHED LOOP

INFO: 2026-03-03 19:15:08,219 - STARTING LOOP
INFO: 2026-03-03 19:15:08,221 - Nothing to insert into the database!
INFO: 2026-03-03 19:15:08,221 - FINISHED LOOP

INFO: 2026-03-03 19:20:08,175 - STARTING LOOP
INFO: 2026-03-03 19:20:08,176 - Nothing to insert into the database!
INFO: 2026-03-03 19:20:08,176 - FINISHED LOOP

INFO: 2026-03-03 19:25:07,120 - STARTING LOOP
INFO: 2026-03-03 19:25:07,121 - Nothing to insert into the database!
INFO: 2026-03-03 19:25:07,121 - FINISHED LOOP

INFO: 2026-03-03 19:30:08,071 - STARTING LOOP
INFO: 2026-03-03 19:30:08,072 - Nothing to insert into the database!
INFO: 2026-03-03 19:30:08,072 - FINISHED LOOP

INFO: 2026-03-03 19:35:07,845 - STARTING LOOP
INFO: 2026-03-03 19:35:07,846 - Nothing to insert into the database!
INFO: 2026-03-03 19:35:07,846 - FINISHED LOOP

INFO: 2026-03-03 19:40:07,363 - STARTING LOOP
INFO: 2026-03-03 19:40:07,365 - Nothing to insert into the database!
INFO: 2026-03-03 19:40:07,365 - FINISHED LOOP

INFO: 2026-03-03 19:45:07,640 - STARTING LOOP
INFO: 2026-03-03 19:45:07,642 - Nothing to insert into the database!
INFO: 2026-03-03 19:45:07,642 - FINISHED LOOP

INFO: 2026-03-03 19:50:05,819 - STARTING LOOP
INFO: 2026-03-03 19:50:05,820 - Nothing to insert into the database!
INFO: 2026-03-03 19:50:05,820 - FINISHED LOOP

INFO: 2026-03-03 19:55:06,774 - STARTING LOOP
INFO: 2026-03-03 19:55:06,775 - Nothing to insert into the database!
INFO: 2026-03-03 19:55:06,775 - FINISHED LOOP

INFO: 2026-03-03 20:00:07,092 - STARTING LOOP
INFO: 2026-03-03 20:00:07,093 - Nothing to insert into the database!
INFO: 2026-03-03 20:00:07,093 - FINISHED LOOP

INFO: 2026-03-03 20:05:06,648 - STARTING LOOP
INFO: 2026-03-03 20:05:06,650 - Nothing to insert into the database!
INFO: 2026-03-03 20:05:06,650 - FINISHED LOOP

INFO: 2026-03-03 20:14:12,834 - STARTING LOOP
INFO: 2026-03-03 20:14:12,836 - Nothing to insert into the database!
INFO: 2026-03-03 20:14:12,836 - FINISHED LOOP

INFO: 2026-03-03 20:16:04,509 - STARTING LOOP
INFO: 2026-03-03 20:16:04,511 - Nothing to insert into the database!
INFO: 2026-03-03 20:16:04,511 - FINISHED LOOP

INFO: 2026-03-03 20:35:10,065 - STARTING LOOP
INFO: 2026-03-03 20:35:10,067 - Nothing to insert into the database!
INFO: 2026-03-03 20:35:10,067 - FINISHED LOOP

INFO: 2026-03-03 20:41:46,272 - STARTING LOOP
INFO: 2026-03-03 20:41:46,273 - Nothing to insert into the database!
INFO: 2026-03-03 20:41:46,273 - FINISHED LOOP

INFO: 2026-03-03 21:00:12,238 - STARTING LOOP
INFO: 2026-03-03 21:00:12,239 - Nothing to insert into the database!
INFO: 2026-03-03 21:00:12,239 - FINISHED LOOP

INFO: 2026-03-03 21:05:10,643 - STARTING LOOP
INFO: 2026-03-03 21:05:10,644 - Nothing to insert into the database!
INFO: 2026-03-03 21:05:10,644 - FINISHED LOOP

INFO: 2026-03-03 21:15:25,504 - STARTING LOOP
INFO: 2026-03-03 21:15:25,511 - Nothing to insert into the database!
INFO: 2026-03-03 21:15:25,512 - FINISHED LOOP

INFO: 2026-03-03 21:15:30,340 - STARTING LOOP
INFO: 2026-03-03 21:15:30,342 - Nothing to insert into the database!
INFO: 2026-03-03 21:15:30,342 - FINISHED LOOP

INFO: 2026-03-03 21:20:09,603 - STARTING LOOP
INFO: 2026-03-03 21:20:09,604 - Nothing to insert into the database!
INFO: 2026-03-03 21:20:09,604 - FINISHED LOOP

INFO: 2026-03-03 23:15:07,125 - STARTING LOOP
INFO: 2026-03-03 23:15:07,127 - Nothing to insert into the database!
INFO: 2026-03-03 23:15:07,127 - FINISHED LOOP

INFO: 2026-03-04 00:35:32,643 - STARTING LOOP
INFO: 2026-03-04 00:35:32,644 - Nothing to insert into the database!
INFO: 2026-03-04 00:35:32,644 - FINISHED LOOP

INFO: 2026-03-04 01:45:07,179 - STARTING LOOP
INFO: 2026-03-04 01:45:07,180 - Nothing to insert into the database!
INFO: 2026-03-04 01:45:07,180 - FINISHED LOOP

INFO: 2026-03-04 03:50:07,187 - STARTING LOOP
INFO: 2026-03-04 03:50:07,189 - Nothing to insert into the database!
INFO: 2026-03-04 03:50:07,189 - FINISHED LOOP

INFO: 2026-03-04 04:40:07,863 - STARTING LOOP
INFO: 2026-03-04 04:40:07,865 - Nothing to insert into the database!
INFO: 2026-03-04 04:40:07,866 - FINISHED LOOP

INFO: 2026-03-04 05:30:06,918 - STARTING LOOP
INFO: 2026-03-04 05:30:06,919 - Nothing to insert into the database!
INFO: 2026-03-04 05:30:06,919 - FINISHED LOOP

INFO: 2026-03-04 06:10:16,029 - STARTING LOOP
INFO: 2026-03-04 06:10:16,030 - Nothing to insert into the database!
INFO: 2026-03-04 06:10:16,030 - FINISHED LOOP

INFO: 2026-03-04 06:19:17,020 - STARTING LOOP
INFO: 2026-03-04 06:19:17,022 - Nothing to insert into the database!
INFO: 2026-03-04 06:19:17,022 - FINISHED LOOP

INFO: 2026-03-04 06:20:54,611 - STARTING LOOP
INFO: 2026-03-04 06:20:54,613 - Nothing to insert into the database!
INFO: 2026-03-04 06:20:54,613 - FINISHED LOOP

INFO: 2026-03-04 06:28:26,152 - STARTING LOOP
INFO: 2026-03-04 06:28:26,152 - Nothing to insert into the database!
INFO: 2026-03-04 06:28:26,153 - FINISHED LOOP

INFO: 2026-03-04 06:37:12,557 - STARTING LOOP
INFO: 2026-03-04 06:37:12,558 - Nothing to insert into the database!
INFO: 2026-03-04 06:37:12,558 - FINISHED LOOP

INFO: 2026-03-04 06:41:57,445 - STARTING LOOP
INFO: 2026-03-04 06:41:57,446 - Nothing to insert into the database!
INFO: 2026-03-04 06:41:57,446 - FINISHED LOOP

INFO: 2026-03-04 06:47:51,500 - STARTING LOOP
INFO: 2026-03-04 06:47:51,502 - Nothing to insert into the database!
INFO: 2026-03-04 06:47:51,502 - FINISHED LOOP

INFO: 2026-03-04 06:55:53,499 - STARTING LOOP
INFO: 2026-03-04 06:55:53,501 - Nothing to insert into the database!
INFO: 2026-03-04 06:55:53,501 - FINISHED LOOP

INFO: 2026-03-04 07:05:57,700 - STARTING LOOP
INFO: 2026-03-04 07:05:57,701 - Nothing to insert into the database!
INFO: 2026-03-04 07:05:57,701 - FINISHED LOOP

INFO: 2026-03-04 07:14:09,659 - STARTING LOOP
INFO: 2026-03-04 07:14:09,660 - Nothing to insert into the database!
INFO: 2026-03-04 07:14:09,660 - FINISHED LOOP

INFO: 2026-03-04 07:25:05,479 - STARTING LOOP
INFO: 2026-03-04 07:25:05,480 - Nothing to insert into the database!
INFO: 2026-03-04 07:25:05,480 - FINISHED LOOP

INFO: 2026-03-04 07:31:32,354 - STARTING LOOP
INFO: 2026-03-04 07:31:32,355 - Nothing to insert into the database!
INFO: 2026-03-04 07:31:32,355 - FINISHED LOOP

INFO: 2026-03-04 07:40:42,166 - STARTING LOOP
INFO: 2026-03-04 07:40:42,166 - Nothing to insert into the database!
INFO: 2026-03-04 07:40:42,166 - FINISHED LOOP

INFO: 2026-03-04 08:04:21,547 - STARTING LOOP
INFO: 2026-03-04 08:04:21,549 - Nothing to insert into the database!
INFO: 2026-03-04 08:04:21,549 - FINISHED LOOP

INFO: 2026-03-04 08:06:34,540 - STARTING LOOP
INFO: 2026-03-04 08:06:34,541 - Nothing to insert into the database!
INFO: 2026-03-04 08:06:34,541 - FINISHED LOOP

INFO: 2026-03-04 08:24:13,070 - STARTING LOOP
INFO: 2026-03-04 08:24:13,071 - Nothing to insert into the database!
INFO: 2026-03-04 08:24:13,071 - FINISHED LOOP

INFO: 2026-03-04 08:26:46,632 - STARTING LOOP
INFO: 2026-03-04 08:26:46,632 - Nothing to insert into the database!
INFO: 2026-03-04 08:26:46,632 - FINISHED LOOP

INFO: 2026-03-04 08:45:06,928 - STARTING LOOP
INFO: 2026-03-04 08:45:06,929 - Nothing to insert into the database!
INFO: 2026-03-04 08:45:06,929 - FINISHED LOOP

INFO: 2026-03-04 08:52:25,133 - STARTING LOOP
INFO: 2026-03-04 08:52:25,134 - Nothing to insert into the database!
INFO: 2026-03-04 08:52:25,134 - FINISHED LOOP

INFO: 2026-03-04 08:58:00,544 - STARTING LOOP
INFO: 2026-03-04 08:58:00,545 - Nothing to insert into the database!
INFO: 2026-03-04 08:58:00,545 - FINISHED LOOP

INFO: 2026-03-04 09:00:06,398 - STARTING LOOP
INFO: 2026-03-04 09:00:06,399 - Nothing to insert into the database!
INFO: 2026-03-04 09:00:06,399 - FINISHED LOOP

INFO: 2026-03-04 09:05:14,786 - STARTING LOOP
INFO: 2026-03-04 09:05:14,789 - Nothing to insert into the database!
INFO: 2026-03-04 09:05:14,789 - FINISHED LOOP

INFO: 2026-03-04 09:10:07,253 - STARTING LOOP
INFO: 2026-03-04 09:10:07,255 - Nothing to insert into the database!
INFO: 2026-03-04 09:10:07,255 - FINISHED LOOP

INFO: 2026-03-04 09:15:07,742 - STARTING LOOP
INFO: 2026-03-04 09:15:07,744 - Nothing to insert into the database!
INFO: 2026-03-04 09:15:07,744 - FINISHED LOOP

INFO: 2026-03-04 09:20:09,583 - STARTING LOOP
INFO: 2026-03-04 09:20:09,584 - Nothing to insert into the database!
INFO: 2026-03-04 09:20:09,585 - FINISHED LOOP

INFO: 2026-03-04 09:25:09,394 - STARTING LOOP
INFO: 2026-03-04 09:25:09,395 - Nothing to insert into the database!
INFO: 2026-03-04 09:25:09,395 - FINISHED LOOP

INFO: 2026-03-04 09:30:06,849 - STARTING LOOP
INFO: 2026-03-04 09:30:06,851 - Nothing to insert into the database!
INFO: 2026-03-04 09:30:06,851 - FINISHED LOOP

INFO: 2026-03-04 09:35:08,910 - STARTING LOOP
INFO: 2026-03-04 09:35:08,912 - Nothing to insert into the database!
INFO: 2026-03-04 09:35:08,912 - FINISHED LOOP

INFO: 2026-03-04 09:40:08,237 - STARTING LOOP
INFO: 2026-03-04 09:40:08,238 - Nothing to insert into the database!
INFO: 2026-03-04 09:40:08,238 - FINISHED LOOP

INFO: 2026-03-04 09:45:07,695 - STARTING LOOP
INFO: 2026-03-04 09:45:07,696 - Nothing to insert into the database!
INFO: 2026-03-04 09:45:07,696 - FINISHED LOOP

INFO: 2026-03-04 09:50:09,467 - STARTING LOOP
INFO: 2026-03-04 09:50:09,468 - Nothing to insert into the database!
INFO: 2026-03-04 09:50:09,468 - FINISHED LOOP

INFO: 2026-03-04 09:55:54,643 - STARTING LOOP
INFO: 2026-03-04 09:55:54,779 - Nothing to insert into the database!
INFO: 2026-03-04 09:55:54,779 - FINISHED LOOP

INFO: 2026-03-04 10:00:08,944 - STARTING LOOP
INFO: 2026-03-04 10:00:08,945 - Nothing to insert into the database!
INFO: 2026-03-04 10:00:08,945 - FINISHED LOOP

INFO: 2026-03-04 10:05:08,466 - STARTING LOOP
INFO: 2026-03-04 10:05:08,467 - Nothing to insert into the database!
INFO: 2026-03-04 10:05:08,467 - FINISHED LOOP

INFO: 2026-03-04 10:11:23,093 - STARTING LOOP
INFO: 2026-03-04 10:11:23,094 - Nothing to insert into the database!
INFO: 2026-03-04 10:11:23,094 - FINISHED LOOP

INFO: 2026-03-04 10:15:08,448 - STARTING LOOP
INFO: 2026-03-04 10:15:08,450 - Nothing to insert into the database!
INFO: 2026-03-04 10:15:08,450 - FINISHED LOOP

INFO: 2026-03-04 10:20:08,618 - STARTING LOOP
INFO: 2026-03-04 10:20:08,685 - Nothing to insert into the database!
INFO: 2026-03-04 10:20:08,685 - FINISHED LOOP

INFO: 2026-03-04 10:25:07,550 - STARTING LOOP
INFO: 2026-03-04 10:25:07,550 - Nothing to insert into the database!
INFO: 2026-03-04 10:25:07,550 - FINISHED LOOP

INFO: 2026-03-04 10:30:42,077 - STARTING LOOP
INFO: 2026-03-04 10:30:42,079 - Nothing to insert into the database!
INFO: 2026-03-04 10:30:42,079 - FINISHED LOOP

INFO: 2026-03-04 10:35:08,301 - STARTING LOOP
INFO: 2026-03-04 10:35:08,302 - Nothing to insert into the database!
INFO: 2026-03-04 10:35:08,302 - FINISHED LOOP

INFO: 2026-03-04 10:40:09,763 - STARTING LOOP
INFO: 2026-03-04 10:40:09,765 - Nothing to insert into the database!
INFO: 2026-03-04 10:40:09,765 - FINISHED LOOP

INFO: 2026-03-04 10:45:10,138 - STARTING LOOP
INFO: 2026-03-04 10:45:10,140 - Nothing to insert into the database!
INFO: 2026-03-04 10:45:10,140 - FINISHED LOOP

INFO: 2026-03-04 10:50:10,543 - STARTING LOOP
INFO: 2026-03-04 10:50:10,545 - Nothing to insert into the database!
INFO: 2026-03-04 10:50:10,545 - FINISHED LOOP

INFO: 2026-03-04 10:55:09,619 - STARTING LOOP
INFO: 2026-03-04 10:55:09,621 - Nothing to insert into the database!
INFO: 2026-03-04 10:55:09,621 - FINISHED LOOP

INFO: 2026-03-04 11:00:07,704 - STARTING LOOP
INFO: 2026-03-04 11:00:07,705 - Nothing to insert into the database!
INFO: 2026-03-04 11:00:07,705 - FINISHED LOOP

INFO: 2026-03-04 11:05:07,747 - STARTING LOOP
INFO: 2026-03-04 11:05:07,749 - Nothing to insert into the database!
INFO: 2026-03-04 11:05:07,749 - FINISHED LOOP

INFO: 2026-03-04 11:10:08,310 - STARTING LOOP
INFO: 2026-03-04 11:10:08,311 - Nothing to insert into the database!
INFO: 2026-03-04 11:10:08,311 - FINISHED LOOP

INFO: 2026-03-04 11:15:07,097 - STARTING LOOP
INFO: 2026-03-04 11:15:07,098 - Nothing to insert into the database!
INFO: 2026-03-04 11:15:07,098 - FINISHED LOOP

INFO: 2026-03-04 11:20:09,521 - STARTING LOOP
INFO: 2026-03-04 11:20:09,522 - Nothing to insert into the database!
INFO: 2026-03-04 11:20:09,522 - FINISHED LOOP

INFO: 2026-03-04 11:25:09,594 - STARTING LOOP
INFO: 2026-03-04 11:25:09,663 - Nothing to insert into the database!
INFO: 2026-03-04 11:25:09,663 - FINISHED LOOP

INFO: 2026-03-04 11:30:10,748 - STARTING LOOP
INFO: 2026-03-04 11:30:10,749 - Nothing to insert into the database!
INFO: 2026-03-04 11:30:10,749 - FINISHED LOOP

INFO: 2026-03-04 11:35:17,462 - STARTING LOOP
INFO: 2026-03-04 11:35:17,464 - Nothing to insert into the database!
INFO: 2026-03-04 11:35:17,464 - FINISHED LOOP

INFO: 2026-03-04 11:40:08,387 - STARTING LOOP
INFO: 2026-03-04 11:40:08,388 - Nothing to insert into the database!
INFO: 2026-03-04 11:40:08,388 - FINISHED LOOP

INFO: 2026-03-04 11:45:07,245 - STARTING LOOP
INFO: 2026-03-04 11:45:07,246 - Nothing to insert into the database!
INFO: 2026-03-04 11:45:07,247 - FINISHED LOOP

INFO: 2026-03-04 11:50:07,833 - STARTING LOOP
INFO: 2026-03-04 11:50:07,834 - Nothing to insert into the database!
INFO: 2026-03-04 11:50:07,834 - FINISHED LOOP

INFO: 2026-03-04 11:55:09,316 - STARTING LOOP
INFO: 2026-03-04 11:55:09,317 - Nothing to insert into the database!
INFO: 2026-03-04 11:55:09,317 - FINISHED LOOP

INFO: 2026-03-04 12:10:39,088 - STARTING LOOP
INFO: 2026-03-04 12:10:39,089 - Nothing to insert into the database!
INFO: 2026-03-04 12:10:39,089 - FINISHED LOOP

INFO: 2026-03-04 12:15:07,340 - STARTING LOOP
INFO: 2026-03-04 12:15:07,341 - Nothing to insert into the database!
INFO: 2026-03-04 12:15:07,341 - FINISHED LOOP

INFO: 2026-03-04 12:22:28,459 - STARTING LOOP
INFO: 2026-03-04 12:22:28,460 - Nothing to insert into the database!
INFO: 2026-03-04 12:22:28,460 - FINISHED LOOP

INFO: 2026-03-04 12:25:15,268 - STARTING LOOP
INFO: 2026-03-04 12:25:15,269 - Nothing to insert into the database!
INFO: 2026-03-04 12:25:15,269 - FINISHED LOOP

INFO: 2026-03-04 12:30:08,610 - STARTING LOOP
INFO: 2026-03-04 12:30:08,611 - Nothing to insert into the database!
INFO: 2026-03-04 12:30:08,611 - FINISHED LOOP

INFO: 2026-03-04 12:35:07,117 - STARTING LOOP
INFO: 2026-03-04 12:35:07,118 - Nothing to insert into the database!
INFO: 2026-03-04 12:35:07,118 - FINISHED LOOP

INFO: 2026-03-04 12:40:07,630 - STARTING LOOP
INFO: 2026-03-04 12:40:07,632 - Nothing to insert into the database!
INFO: 2026-03-04 12:40:07,632 - FINISHED LOOP

INFO: 2026-03-04 12:45:12,300 - STARTING LOOP
INFO: 2026-03-04 12:45:12,301 - Nothing to insert into the database!
INFO: 2026-03-04 12:45:12,301 - FINISHED LOOP

INFO: 2026-03-04 12:50:11,128 - STARTING LOOP
INFO: 2026-03-04 12:50:11,129 - Nothing to insert into the database!
INFO: 2026-03-04 12:50:11,129 - FINISHED LOOP

INFO: 2026-03-04 12:55:07,048 - STARTING LOOP
INFO: 2026-03-04 12:55:07,050 - Nothing to insert into the database!
INFO: 2026-03-04 12:55:07,050 - FINISHED LOOP

INFO: 2026-03-04 13:00:09,893 - STARTING LOOP
INFO: 2026-03-04 13:00:09,894 - Nothing to insert into the database!
INFO: 2026-03-04 13:00:09,894 - FINISHED LOOP

INFO: 2026-03-04 13:05:06,437 - STARTING LOOP
INFO: 2026-03-04 13:05:06,438 - Nothing to insert into the database!
INFO: 2026-03-04 13:05:06,438 - FINISHED LOOP

INFO: 2026-03-04 13:10:13,760 - STARTING LOOP
INFO: 2026-03-04 13:10:13,761 - Nothing to insert into the database!
INFO: 2026-03-04 13:10:13,761 - FINISHED LOOP

INFO: 2026-03-04 13:15:07,178 - STARTING LOOP
INFO: 2026-03-04 13:15:07,179 - Nothing to insert into the database!
INFO: 2026-03-04 13:15:07,180 - FINISHED LOOP

INFO: 2026-03-04 13:20:07,629 - STARTING LOOP
INFO: 2026-03-04 13:20:07,630 - Nothing to insert into the database!
INFO: 2026-03-04 13:20:07,630 - FINISHED LOOP

INFO: 2026-03-04 13:25:07,373 - STARTING LOOP
INFO: 2026-03-04 13:25:07,375 - Nothing to insert into the database!
INFO: 2026-03-04 13:25:07,375 - FINISHED LOOP

INFO: 2026-03-04 13:30:17,002 - STARTING LOOP
INFO: 2026-03-04 13:30:17,004 - Nothing to insert into the database!
INFO: 2026-03-04 13:30:17,004 - FINISHED LOOP

INFO: 2026-03-04 13:35:06,916 - STARTING LOOP
INFO: 2026-03-04 13:35:06,917 - Nothing to insert into the database!
INFO: 2026-03-04 13:35:06,917 - FINISHED LOOP

INFO: 2026-03-04 13:40:07,722 - STARTING LOOP
INFO: 2026-03-04 13:40:07,723 - Nothing to insert into the database!
INFO: 2026-03-04 13:40:07,723 - FINISHED LOOP

INFO: 2026-03-04 13:45:09,529 - STARTING LOOP
INFO: 2026-03-04 13:45:09,530 - Nothing to insert into the database!
INFO: 2026-03-04 13:45:09,530 - FINISHED LOOP

INFO: 2026-03-04 13:50:07,969 - STARTING LOOP
INFO: 2026-03-04 13:50:07,971 - Nothing to insert into the database!
INFO: 2026-03-04 13:50:07,971 - FINISHED LOOP

INFO: 2026-03-04 13:55:07,117 - STARTING LOOP
INFO: 2026-03-04 13:55:07,119 - Nothing to insert into the database!
INFO: 2026-03-04 13:55:07,119 - FINISHED LOOP

INFO: 2026-03-04 14:00:07,402 - STARTING LOOP
INFO: 2026-03-04 14:00:07,404 - Nothing to insert into the database!
INFO: 2026-03-04 14:00:07,404 - FINISHED LOOP

INFO: 2026-03-04 14:05:11,263 - STARTING LOOP
INFO: 2026-03-04 14:05:11,266 - Nothing to insert into the database!
INFO: 2026-03-04 14:05:11,266 - FINISHED LOOP

INFO: 2026-03-04 14:10:11,063 - STARTING LOOP
INFO: 2026-03-04 14:10:11,064 - Nothing to insert into the database!
INFO: 2026-03-04 14:10:11,064 - FINISHED LOOP

INFO: 2026-03-04 14:15:07,491 - STARTING LOOP
INFO: 2026-03-04 14:15:07,492 - Nothing to insert into the database!
INFO: 2026-03-04 14:15:07,493 - FINISHED LOOP

INFO: 2026-03-04 14:20:09,362 - STARTING LOOP
INFO: 2026-03-04 14:20:09,364 - Nothing to insert into the database!
INFO: 2026-03-04 14:20:09,364 - FINISHED LOOP

INFO: 2026-03-04 14:25:06,577 - STARTING LOOP
INFO: 2026-03-04 14:25:06,579 - Nothing to insert into the database!
INFO: 2026-03-04 14:25:06,579 - FINISHED LOOP

INFO: 2026-03-04 14:30:09,029 - STARTING LOOP
INFO: 2026-03-04 14:30:09,032 - Nothing to insert into the database!
INFO: 2026-03-04 14:30:09,032 - FINISHED LOOP

INFO: 2026-03-04 14:35:10,269 - STARTING LOOP
INFO: 2026-03-04 14:35:10,270 - Nothing to insert into the database!
INFO: 2026-03-04 14:35:10,270 - FINISHED LOOP

INFO: 2026-03-04 14:40:07,547 - STARTING LOOP
INFO: 2026-03-04 14:40:07,548 - Nothing to insert into the database!
INFO: 2026-03-04 14:40:07,549 - FINISHED LOOP

INFO: 2026-03-04 14:45:07,242 - STARTING LOOP
INFO: 2026-03-04 14:45:07,243 - Nothing to insert into the database!
INFO: 2026-03-04 14:45:07,243 - FINISHED LOOP

INFO: 2026-03-04 14:50:56,714 - STARTING LOOP
INFO: 2026-03-04 14:50:56,792 - Nothing to insert into the database!
INFO: 2026-03-04 14:50:56,792 - FINISHED LOOP

INFO: 2026-03-04 14:58:15,871 - STARTING LOOP
INFO: 2026-03-04 14:58:15,872 - Nothing to insert into the database!
INFO: 2026-03-04 14:58:15,872 - FINISHED LOOP

INFO: 2026-03-04 15:01:49,444 - STARTING LOOP
INFO: 2026-03-04 15:01:49,447 - Nothing to insert into the database!
INFO: 2026-03-04 15:01:49,447 - FINISHED LOOP

INFO: 2026-03-04 15:06:02,373 - STARTING LOOP
INFO: 2026-03-04 15:06:02,391 - Nothing to insert into the database!
INFO: 2026-03-04 15:06:02,391 - FINISHED LOOP

INFO: 2026-03-04 15:10:16,234 - STARTING LOOP
INFO: 2026-03-04 15:10:16,235 - Nothing to insert into the database!
INFO: 2026-03-04 15:10:16,235 - FINISHED LOOP

INFO: 2026-03-04 15:16:24,790 - STARTING LOOP
INFO: 2026-03-04 15:16:24,793 - Nothing to insert into the database!
INFO: 2026-03-04 15:16:24,793 - FINISHED LOOP

INFO: 2026-03-04 15:20:08,385 - STARTING LOOP
INFO: 2026-03-04 15:20:08,387 - Nothing to insert into the database!
INFO: 2026-03-04 15:20:08,387 - FINISHED LOOP

INFO: 2026-03-04 15:25:06,982 - STARTING LOOP
INFO: 2026-03-04 15:25:06,984 - Nothing to insert into the database!
INFO: 2026-03-04 15:25:06,984 - FINISHED LOOP

INFO: 2026-03-04 15:30:08,455 - STARTING LOOP
INFO: 2026-03-04 15:30:08,457 - Nothing to insert into the database!
INFO: 2026-03-04 15:30:08,457 - FINISHED LOOP

INFO: 2026-03-04 15:35:07,372 - STARTING LOOP
INFO: 2026-03-04 15:35:07,373 - Nothing to insert into the database!
INFO: 2026-03-04 15:35:07,373 - FINISHED LOOP

INFO: 2026-03-04 15:40:08,943 - STARTING LOOP
INFO: 2026-03-04 15:40:08,944 - Nothing to insert into the database!
INFO: 2026-03-04 15:40:08,944 - FINISHED LOOP

INFO: 2026-03-04 15:45:08,631 - STARTING LOOP
INFO: 2026-03-04 15:45:08,658 - Nothing to insert into the database!
INFO: 2026-03-04 15:45:08,658 - FINISHED LOOP

INFO: 2026-03-04 15:50:07,805 - STARTING LOOP
INFO: 2026-03-04 15:50:07,807 - Nothing to insert into the database!
INFO: 2026-03-04 15:50:07,807 - FINISHED LOOP

INFO: 2026-03-04 15:55:07,836 - STARTING LOOP
INFO: 2026-03-04 15:55:07,838 - Nothing to insert into the database!
INFO: 2026-03-04 15:55:07,838 - FINISHED LOOP

INFO: 2026-03-04 16:00:09,986 - STARTING LOOP
INFO: 2026-03-04 16:00:09,987 - Nothing to insert into the database!
INFO: 2026-03-04 16:00:09,987 - FINISHED LOOP

INFO: 2026-03-04 16:05:13,268 - STARTING LOOP
INFO: 2026-03-04 16:05:13,270 - Nothing to insert into the database!
INFO: 2026-03-04 16:05:13,270 - FINISHED LOOP

INFO: 2026-03-04 16:14:40,662 - STARTING LOOP
INFO: 2026-03-04 16:14:40,662 - Nothing to insert into the database!
INFO: 2026-03-04 16:14:40,662 - FINISHED LOOP

INFO: 2026-03-04 16:15:07,417 - STARTING LOOP
INFO: 2026-03-04 16:15:07,418 - Nothing to insert into the database!
INFO: 2026-03-04 16:15:07,418 - FINISHED LOOP

INFO: 2026-03-04 16:20:08,123 - STARTING LOOP
INFO: 2026-03-04 16:20:08,124 - Nothing to insert into the database!
INFO: 2026-03-04 16:20:08,124 - FINISHED LOOP

INFO: 2026-03-04 16:28:36,167 - STARTING LOOP
INFO: 2026-03-04 16:28:36,168 - Nothing to insert into the database!
INFO: 2026-03-04 16:28:36,168 - FINISHED LOOP

INFO: 2026-03-04 16:33:32,489 - STARTING LOOP
INFO: 2026-03-04 16:33:32,490 - Nothing to insert into the database!
INFO: 2026-03-04 16:33:32,490 - FINISHED LOOP

INFO: 2026-03-04 16:35:06,847 - STARTING LOOP
INFO: 2026-03-04 16:35:06,849 - Nothing to insert into the database!
INFO: 2026-03-04 16:35:06,849 - FINISHED LOOP

INFO: 2026-03-04 16:40:08,057 - STARTING LOOP
INFO: 2026-03-04 16:40:08,059 - Nothing to insert into the database!
INFO: 2026-03-04 16:40:08,059 - FINISHED LOOP

INFO: 2026-03-04 16:45:11,634 - STARTING LOOP
INFO: 2026-03-04 16:45:11,646 - Nothing to insert into the database!
INFO: 2026-03-04 16:45:11,646 - FINISHED LOOP

INFO: 2026-03-04 16:50:07,983 - STARTING LOOP
INFO: 2026-03-04 16:50:07,985 - Nothing to insert into the database!
INFO: 2026-03-04 16:50:07,985 - FINISHED LOOP

INFO: 2026-03-04 16:55:10,216 - STARTING LOOP
INFO: 2026-03-04 16:55:10,217 - Nothing to insert into the database!
INFO: 2026-03-04 16:55:10,217 - FINISHED LOOP

INFO: 2026-03-04 17:00:08,615 - STARTING LOOP
INFO: 2026-03-04 17:00:08,616 - Nothing to insert into the database!
INFO: 2026-03-04 17:00:08,616 - FINISHED LOOP

INFO: 2026-03-04 17:05:07,673 - STARTING LOOP
INFO: 2026-03-04 17:05:07,675 - Nothing to insert into the database!
INFO: 2026-03-04 17:05:07,675 - FINISHED LOOP

INFO: 2026-03-04 17:10:09,452 - STARTING LOOP
INFO: 2026-03-04 17:10:09,453 - Nothing to insert into the database!
INFO: 2026-03-04 17:10:09,453 - FINISHED LOOP

INFO: 2026-03-04 17:18:09,418 - STARTING LOOP
INFO: 2026-03-04 17:18:09,420 - Nothing to insert into the database!
INFO: 2026-03-04 17:18:09,421 - FINISHED LOOP

INFO: 2026-03-04 17:35:08,129 - STARTING LOOP
INFO: 2026-03-04 17:35:08,131 - Nothing to insert into the database!
INFO: 2026-03-04 17:35:08,131 - FINISHED LOOP

INFO: 2026-03-04 17:46:25,114 - STARTING LOOP
INFO: 2026-03-04 17:46:25,148 - Nothing to insert into the database!
INFO: 2026-03-04 17:46:25,148 - FINISHED LOOP

INFO: 2026-03-04 17:55:41,117 - STARTING LOOP
INFO: 2026-03-04 17:55:41,119 - Nothing to insert into the database!
INFO: 2026-03-04 17:55:41,119 - FINISHED LOOP

INFO: 2026-03-04 18:00:05,152 - STARTING LOOP
INFO: 2026-03-04 18:00:05,153 - Nothing to insert into the database!
INFO: 2026-03-04 18:00:05,153 - FINISHED LOOP

INFO: 2026-03-04 18:05:34,408 - STARTING LOOP
INFO: 2026-03-04 18:05:34,409 - Nothing to insert into the database!
INFO: 2026-03-04 18:05:34,410 - FINISHED LOOP

INFO: 2026-03-04 18:41:35,629 - STARTING LOOP
INFO: 2026-03-04 18:41:35,630 - Nothing to insert into the database!
INFO: 2026-03-04 18:41:35,630 - FINISHED LOOP

INFO: 2026-03-04 18:47:46,528 - STARTING LOOP
INFO: 2026-03-04 18:47:46,529 - Nothing to insert into the database!
INFO: 2026-03-04 18:47:46,529 - FINISHED LOOP

INFO: 2026-03-04 18:53:10,820 - STARTING LOOP
INFO: 2026-03-04 18:53:10,821 - Nothing to insert into the database!
INFO: 2026-03-04 18:53:10,821 - FINISHED LOOP

INFO: 2026-03-04 18:57:06,868 - STARTING LOOP
INFO: 2026-03-04 18:57:06,869 - Nothing to insert into the database!
INFO: 2026-03-04 18:57:06,869 - FINISHED LOOP

INFO: 2026-03-04 19:09:17,511 - STARTING LOOP
INFO: 2026-03-04 19:09:17,512 - Nothing to insert into the database!
INFO: 2026-03-04 19:09:17,512 - FINISHED LOOP

INFO: 2026-03-04 19:10:07,076 - STARTING LOOP
INFO: 2026-03-04 19:10:07,077 - Nothing to insert into the database!
INFO: 2026-03-04 19:10:07,077 - FINISHED LOOP

INFO: 2026-03-04 19:15:15,791 - STARTING LOOP
INFO: 2026-03-04 19:15:15,793 - Nothing to insert into the database!
INFO: 2026-03-04 19:15:15,793 - FINISHED LOOP

INFO: 2026-03-04 19:54:45,172 - STARTING LOOP
INFO: 2026-03-04 19:54:45,175 - Nothing to insert into the database!
INFO: 2026-03-04 19:54:45,176 - FINISHED LOOP

INFO: 2026-03-04 19:55:08,388 - STARTING LOOP
INFO: 2026-03-04 19:55:08,388 - Nothing to insert into the database!
INFO: 2026-03-04 19:55:08,389 - FINISHED LOOP

INFO: 2026-03-04 20:00:09,342 - STARTING LOOP
INFO: 2026-03-04 20:00:09,344 - Nothing to insert into the database!
INFO: 2026-03-04 20:00:09,344 - FINISHED LOOP

INFO: 2026-03-04 20:20:07,250 - STARTING LOOP
INFO: 2026-03-04 20:20:07,252 - Nothing to insert into the database!
INFO: 2026-03-04 20:20:07,252 - FINISHED LOOP

INFO: 2026-03-04 20:25:08,481 - STARTING LOOP
INFO: 2026-03-04 20:25:08,482 - Nothing to insert into the database!
INFO: 2026-03-04 20:25:08,482 - FINISHED LOOP

INFO: 2026-03-04 20:30:11,454 - STARTING LOOP
INFO: 2026-03-04 20:30:11,456 - Nothing to insert into the database!
INFO: 2026-03-04 20:30:11,456 - FINISHED LOOP

INFO: 2026-03-04 20:35:34,396 - STARTING LOOP
INFO: 2026-03-04 20:35:34,397 - Nothing to insert into the database!
INFO: 2026-03-04 20:35:34,397 - FINISHED LOOP

INFO: 2026-03-04 20:41:28,592 - STARTING LOOP
INFO: 2026-03-04 20:41:28,594 - Nothing to insert into the database!
INFO: 2026-03-04 20:41:28,595 - FINISHED LOOP

INFO: 2026-03-04 20:45:09,680 - STARTING LOOP
INFO: 2026-03-04 20:45:09,682 - Nothing to insert into the database!
INFO: 2026-03-04 20:45:09,682 - FINISHED LOOP

INFO: 2026-03-04 20:52:19,851 - STARTING LOOP
INFO: 2026-03-04 20:52:19,852 - Nothing to insert into the database!
INFO: 2026-03-04 20:52:19,852 - FINISHED LOOP

INFO: 2026-03-04 20:56:23,575 - STARTING LOOP
INFO: 2026-03-04 20:56:23,576 - Nothing to insert into the database!
INFO: 2026-03-04 20:56:23,576 - FINISHED LOOP

INFO: 2026-03-04 21:20:13,134 - STARTING LOOP
INFO: 2026-03-04 21:20:13,135 - Nothing to insert into the database!
INFO: 2026-03-04 21:20:13,135 - FINISHED LOOP

INFO: 2026-03-04 21:25:10,820 - STARTING LOOP
INFO: 2026-03-04 21:25:10,821 - Nothing to insert into the database!
INFO: 2026-03-04 21:25:10,821 - FINISHED LOOP

INFO: 2026-03-04 21:30:08,703 - STARTING LOOP
INFO: 2026-03-04 21:30:08,704 - Nothing to insert into the database!
INFO: 2026-03-04 21:30:08,704 - FINISHED LOOP

INFO: 2026-03-04 21:35:07,297 - STARTING LOOP
INFO: 2026-03-04 21:35:07,298 - Nothing to insert into the database!
INFO: 2026-03-04 21:35:07,298 - FINISHED LOOP

INFO: 2026-03-04 21:40:07,807 - STARTING LOOP
INFO: 2026-03-04 21:40:07,809 - Nothing to insert into the database!
INFO: 2026-03-04 21:40:07,809 - FINISHED LOOP

INFO: 2026-03-04 21:45:05,454 - STARTING LOOP
INFO: 2026-03-04 21:45:05,455 - Nothing to insert into the database!
INFO: 2026-03-04 21:45:05,456 - FINISHED LOOP

INFO: 2026-03-04 21:50:09,344 - STARTING LOOP
INFO: 2026-03-04 21:50:09,347 - Nothing to insert into the database!
INFO: 2026-03-04 21:50:09,348 - FINISHED LOOP

INFO: 2026-03-04 22:00:38,552 - STARTING LOOP
INFO: 2026-03-04 22:00:38,553 - Nothing to insert into the database!
INFO: 2026-03-04 22:00:38,554 - FINISHED LOOP

INFO: 2026-03-04 22:11:01,793 - STARTING LOOP
INFO: 2026-03-04 22:11:01,794 - Nothing to insert into the database!
INFO: 2026-03-04 22:11:01,795 - FINISHED LOOP

INFO: 2026-03-04 22:15:08,128 - STARTING LOOP
INFO: 2026-03-04 22:15:08,129 - Nothing to insert into the database!
INFO: 2026-03-04 22:15:08,130 - FINISHED LOOP

INFO: 2026-03-04 22:20:10,857 - STARTING LOOP
INFO: 2026-03-04 22:20:10,858 - Nothing to insert into the database!
INFO: 2026-03-04 22:20:10,858 - FINISHED LOOP

INFO: 2026-03-04 22:40:07,144 - STARTING LOOP
INFO: 2026-03-04 22:40:07,145 - Nothing to insert into the database!
INFO: 2026-03-04 22:40:07,145 - FINISHED LOOP

INFO: 2026-03-05 00:40:09,138 - STARTING LOOP
INFO: 2026-03-05 00:40:09,139 - Nothing to insert into the database!
INFO: 2026-03-05 00:40:09,139 - FINISHED LOOP

INFO: 2026-03-05 06:09:51,686 - STARTING LOOP
INFO: 2026-03-05 06:09:51,688 - Nothing to insert into the database!
INFO: 2026-03-05 06:09:51,688 - FINISHED LOOP

INFO: 2026-03-05 06:10:05,680 - STARTING LOOP
INFO: 2026-03-05 06:10:05,680 - Nothing to insert into the database!
INFO: 2026-03-05 06:10:05,681 - FINISHED LOOP

INFO: 2026-03-05 06:19:35,732 - STARTING LOOP
INFO: 2026-03-05 06:19:35,733 - Nothing to insert into the database!
INFO: 2026-03-05 06:19:35,733 - FINISHED LOOP

INFO: 2026-03-05 06:20:22,091 - STARTING LOOP
INFO: 2026-03-05 06:20:22,092 - Nothing to insert into the database!
INFO: 2026-03-05 06:20:22,092 - FINISHED LOOP

INFO: 2026-03-05 06:28:27,932 - STARTING LOOP
INFO: 2026-03-05 06:28:27,933 - Nothing to insert into the database!
INFO: 2026-03-05 06:28:27,933 - FINISHED LOOP

INFO: 2026-03-05 06:37:06,762 - STARTING LOOP
INFO: 2026-03-05 06:37:06,762 - Nothing to insert into the database!
INFO: 2026-03-05 06:37:06,762 - FINISHED LOOP

INFO: 2026-03-05 06:46:44,953 - STARTING LOOP
INFO: 2026-03-05 06:46:44,954 - Nothing to insert into the database!
INFO: 2026-03-05 06:46:44,954 - FINISHED LOOP

INFO: 2026-03-05 06:55:22,286 - STARTING LOOP
INFO: 2026-03-05 06:55:22,287 - Nothing to insert into the database!
INFO: 2026-03-05 06:55:22,287 - FINISHED LOOP

INFO: 2026-03-05 07:04:37,078 - STARTING LOOP
INFO: 2026-03-05 07:04:37,079 - Nothing to insert into the database!
INFO: 2026-03-05 07:04:37,079 - FINISHED LOOP

INFO: 2026-03-05 07:05:05,940 - STARTING LOOP
INFO: 2026-03-05 07:05:05,941 - Nothing to insert into the database!
INFO: 2026-03-05 07:05:05,941 - FINISHED LOOP

INFO: 2026-03-05 07:13:47,093 - STARTING LOOP
INFO: 2026-03-05 07:13:47,094 - Nothing to insert into the database!
INFO: 2026-03-05 07:13:47,094 - FINISHED LOOP

INFO: 2026-03-05 07:20:10,341 - STARTING LOOP
INFO: 2026-03-05 07:20:10,342 - Nothing to insert into the database!
INFO: 2026-03-05 07:20:10,342 - FINISHED LOOP

INFO: 2026-03-05 07:28:43,363 - STARTING LOOP
INFO: 2026-03-05 07:28:43,365 - Nothing to insert into the database!
INFO: 2026-03-05 07:28:43,365 - FINISHED LOOP

INFO: 2026-03-05 07:30:34,164 - STARTING LOOP
INFO: 2026-03-05 07:30:34,164 - Nothing to insert into the database!
INFO: 2026-03-05 07:30:34,164 - FINISHED LOOP

INFO: 2026-03-05 07:39:47,191 - STARTING LOOP
INFO: 2026-03-05 07:39:47,193 - Nothing to insert into the database!
INFO: 2026-03-05 07:39:47,193 - FINISHED LOOP

INFO: 2026-03-05 07:40:07,365 - STARTING LOOP
INFO: 2026-03-05 07:40:07,366 - Nothing to insert into the database!
INFO: 2026-03-05 07:40:07,366 - FINISHED LOOP

INFO: 2026-03-05 07:45:11,105 - STARTING LOOP
INFO: 2026-03-05 07:45:11,106 - Nothing to insert into the database!
INFO: 2026-03-05 07:45:11,106 - FINISHED LOOP

INFO: 2026-03-05 07:50:10,172 - STARTING LOOP
INFO: 2026-03-05 07:50:10,174 - Nothing to insert into the database!
INFO: 2026-03-05 07:50:10,174 - FINISHED LOOP

INFO: 2026-03-05 07:55:07,400 - STARTING LOOP
INFO: 2026-03-05 07:55:07,402 - Nothing to insert into the database!
INFO: 2026-03-05 07:55:07,402 - FINISHED LOOP

INFO: 2026-03-05 08:00:08,609 - STARTING LOOP
INFO: 2026-03-05 08:00:08,613 - Nothing to insert into the database!
INFO: 2026-03-05 08:00:08,614 - FINISHED LOOP

INFO: 2026-03-05 08:05:06,449 - STARTING LOOP
INFO: 2026-03-05 08:05:06,451 - Nothing to insert into the database!
INFO: 2026-03-05 08:05:06,451 - FINISHED LOOP

INFO: 2026-03-05 08:10:08,182 - STARTING LOOP
INFO: 2026-03-05 08:10:08,183 - Nothing to insert into the database!
INFO: 2026-03-05 08:10:08,183 - FINISHED LOOP

INFO: 2026-03-05 08:15:07,117 - STARTING LOOP
INFO: 2026-03-05 08:15:07,118 - Nothing to insert into the database!
INFO: 2026-03-05 08:15:07,118 - FINISHED LOOP

INFO: 2026-03-05 08:20:07,944 - STARTING LOOP
INFO: 2026-03-05 08:20:07,945 - Nothing to insert into the database!
INFO: 2026-03-05 08:20:07,945 - FINISHED LOOP

INFO: 2026-03-05 08:25:06,850 - STARTING LOOP
INFO: 2026-03-05 08:25:06,851 - Nothing to insert into the database!
INFO: 2026-03-05 08:25:06,852 - FINISHED LOOP

INFO: 2026-03-05 08:30:07,971 - STARTING LOOP
INFO: 2026-03-05 08:30:07,973 - Nothing to insert into the database!
INFO: 2026-03-05 08:30:07,973 - FINISHED LOOP

INFO: 2026-03-05 08:35:07,620 - STARTING LOOP
INFO: 2026-03-05 08:35:07,621 - Nothing to insert into the database!
INFO: 2026-03-05 08:35:07,621 - FINISHED LOOP

INFO: 2026-03-05 08:40:08,748 - STARTING LOOP
INFO: 2026-03-05 08:40:08,750 - Nothing to insert into the database!
INFO: 2026-03-05 08:40:08,750 - FINISHED LOOP

INFO: 2026-03-05 08:45:06,842 - STARTING LOOP
INFO: 2026-03-05 08:45:06,843 - Nothing to insert into the database!
INFO: 2026-03-05 08:45:06,844 - FINISHED LOOP

INFO: 2026-03-05 08:50:10,254 - STARTING LOOP
INFO: 2026-03-05 08:50:10,255 - Nothing to insert into the database!
INFO: 2026-03-05 08:50:10,255 - FINISHED LOOP

INFO: 2026-03-05 08:55:08,825 - STARTING LOOP
INFO: 2026-03-05 08:55:08,825 - Nothing to insert into the database!
INFO: 2026-03-05 08:55:08,826 - FINISHED LOOP

INFO: 2026-03-05 09:00:07,952 - STARTING LOOP
INFO: 2026-03-05 09:00:07,954 - Nothing to insert into the database!
INFO: 2026-03-05 09:00:07,954 - FINISHED LOOP

INFO: 2026-03-05 09:05:23,272 - STARTING LOOP
INFO: 2026-03-05 09:05:23,274 - Nothing to insert into the database!
INFO: 2026-03-05 09:05:23,274 - FINISHED LOOP

INFO: 2026-03-05 09:10:08,190 - STARTING LOOP
INFO: 2026-03-05 09:10:08,191 - Nothing to insert into the database!
INFO: 2026-03-05 09:10:08,192 - FINISHED LOOP

INFO: 2026-03-05 09:15:10,213 - STARTING LOOP
INFO: 2026-03-05 09:15:10,214 - Nothing to insert into the database!
INFO: 2026-03-05 09:15:10,214 - FINISHED LOOP

INFO: 2026-03-05 09:20:10,278 - STARTING LOOP
INFO: 2026-03-05 09:20:10,279 - Nothing to insert into the database!
INFO: 2026-03-05 09:20:10,279 - FINISHED LOOP

INFO: 2026-03-05 09:25:08,536 - STARTING LOOP
INFO: 2026-03-05 09:25:08,537 - Nothing to insert into the database!
INFO: 2026-03-05 09:25:08,537 - FINISHED LOOP

INFO: 2026-03-05 09:30:07,267 - STARTING LOOP
INFO: 2026-03-05 09:30:07,269 - Nothing to insert into the database!
INFO: 2026-03-05 09:30:07,269 - FINISHED LOOP

INFO: 2026-03-05 09:35:04,990 - STARTING LOOP
INFO: 2026-03-05 09:35:04,992 - Nothing to insert into the database!
INFO: 2026-03-05 09:35:04,992 - FINISHED LOOP

INFO: 2026-03-05 09:40:08,817 - STARTING LOOP
INFO: 2026-03-05 09:40:08,819 - Nothing to insert into the database!
INFO: 2026-03-05 09:40:08,819 - FINISHED LOOP

INFO: 2026-03-05 09:45:07,219 - STARTING LOOP
INFO: 2026-03-05 09:45:07,221 - Nothing to insert into the database!
INFO: 2026-03-05 09:45:07,221 - FINISHED LOOP

INFO: 2026-03-05 09:50:07,658 - STARTING LOOP
INFO: 2026-03-05 09:50:07,659 - Nothing to insert into the database!
INFO: 2026-03-05 09:50:07,659 - FINISHED LOOP

INFO: 2026-03-05 09:55:09,644 - STARTING LOOP
INFO: 2026-03-05 09:55:09,646 - Nothing to insert into the database!
INFO: 2026-03-05 09:55:09,647 - FINISHED LOOP

INFO: 2026-03-05 10:00:08,769 - STARTING LOOP
INFO: 2026-03-05 10:00:08,771 - Nothing to insert into the database!
INFO: 2026-03-05 10:00:08,771 - FINISHED LOOP

INFO: 2026-03-05 10:05:08,282 - STARTING LOOP
INFO: 2026-03-05 10:05:08,283 - Nothing to insert into the database!
INFO: 2026-03-05 10:05:08,283 - FINISHED LOOP

INFO: 2026-03-05 10:10:08,463 - STARTING LOOP
INFO: 2026-03-05 10:10:08,464 - Nothing to insert into the database!
INFO: 2026-03-05 10:10:08,464 - FINISHED LOOP

INFO: 2026-03-05 10:15:09,144 - STARTING LOOP
INFO: 2026-03-05 10:15:09,145 - Nothing to insert into the database!
INFO: 2026-03-05 10:15:09,146 - FINISHED LOOP

INFO: 2026-03-05 10:20:08,144 - STARTING LOOP
INFO: 2026-03-05 10:20:08,146 - Nothing to insert into the database!
INFO: 2026-03-05 10:20:08,146 - FINISHED LOOP

INFO: 2026-03-05 10:25:07,547 - STARTING LOOP
INFO: 2026-03-05 10:25:07,548 - Nothing to insert into the database!
INFO: 2026-03-05 10:25:07,549 - FINISHED LOOP

INFO: 2026-03-05 10:30:09,525 - STARTING LOOP
INFO: 2026-03-05 10:30:09,526 - Nothing to insert into the database!
INFO: 2026-03-05 10:30:09,526 - FINISHED LOOP

INFO: 2026-03-05 10:35:07,715 - STARTING LOOP
INFO: 2026-03-05 10:35:07,717 - Nothing to insert into the database!
INFO: 2026-03-05 10:35:07,717 - FINISHED LOOP

INFO: 2026-03-05 10:40:08,504 - STARTING LOOP
INFO: 2026-03-05 10:40:08,506 - Nothing to insert into the database!
INFO: 2026-03-05 10:40:08,506 - FINISHED LOOP

INFO: 2026-03-05 10:45:14,191 - STARTING LOOP
INFO: 2026-03-05 10:45:14,192 - Nothing to insert into the database!
INFO: 2026-03-05 10:45:14,192 - FINISHED LOOP

INFO: 2026-03-05 10:50:10,923 - STARTING LOOP
INFO: 2026-03-05 10:50:10,924 - Nothing to insert into the database!
INFO: 2026-03-05 10:50:10,924 - FINISHED LOOP

INFO: 2026-03-05 10:55:09,433 - STARTING LOOP
INFO: 2026-03-05 10:55:09,434 - Nothing to insert into the database!
INFO: 2026-03-05 10:55:09,434 - FINISHED LOOP

INFO: 2026-03-05 11:00:12,074 - STARTING LOOP
INFO: 2026-03-05 11:00:12,075 - Nothing to insert into the database!
INFO: 2026-03-05 11:00:12,075 - FINISHED LOOP

INFO: 2026-03-05 11:05:08,042 - STARTING LOOP
INFO: 2026-03-05 11:05:08,045 - Nothing to insert into the database!
INFO: 2026-03-05 11:05:08,045 - FINISHED LOOP

INFO: 2026-03-05 11:10:40,395 - STARTING LOOP
INFO: 2026-03-05 11:10:40,396 - Nothing to insert into the database!
INFO: 2026-03-05 11:10:40,396 - FINISHED LOOP

INFO: 2026-03-05 11:15:08,021 - STARTING LOOP
INFO: 2026-03-05 11:15:08,023 - Nothing to insert into the database!
INFO: 2026-03-05 11:15:08,023 - FINISHED LOOP

INFO: 2026-03-05 11:20:08,113 - STARTING LOOP
INFO: 2026-03-05 11:20:08,114 - Nothing to insert into the database!
INFO: 2026-03-05 11:20:08,114 - FINISHED LOOP

INFO: 2026-03-05 11:25:07,461 - STARTING LOOP
INFO: 2026-03-05 11:25:07,463 - Nothing to insert into the database!
INFO: 2026-03-05 11:25:07,463 - FINISHED LOOP

INFO: 2026-03-05 11:30:10,765 - STARTING LOOP
INFO: 2026-03-05 11:30:10,766 - Nothing to insert into the database!
INFO: 2026-03-05 11:30:10,766 - FINISHED LOOP

INFO: 2026-03-05 11:35:07,697 - STARTING LOOP
INFO: 2026-03-05 11:35:07,704 - Nothing to insert into the database!
INFO: 2026-03-05 11:35:07,704 - FINISHED LOOP

INFO: 2026-03-05 11:40:09,985 - STARTING LOOP
INFO: 2026-03-05 11:40:09,987 - Nothing to insert into the database!
INFO: 2026-03-05 11:40:09,987 - FINISHED LOOP

INFO: 2026-03-05 11:45:08,743 - STARTING LOOP
INFO: 2026-03-05 11:45:08,805 - Nothing to insert into the database!
INFO: 2026-03-05 11:45:08,805 - FINISHED LOOP

INFO: 2026-03-05 11:50:07,924 - STARTING LOOP
INFO: 2026-03-05 11:50:07,925 - Nothing to insert into the database!
INFO: 2026-03-05 11:50:07,926 - FINISHED LOOP

INFO: 2026-03-05 11:55:08,130 - STARTING LOOP
INFO: 2026-03-05 11:55:08,131 - Nothing to insert into the database!
INFO: 2026-03-05 11:55:08,131 - FINISHED LOOP

INFO: 2026-03-05 12:00:08,733 - STARTING LOOP
INFO: 2026-03-05 12:00:08,735 - Nothing to insert into the database!
INFO: 2026-03-05 12:00:08,735 - FINISHED LOOP

INFO: 2026-03-05 12:05:09,176 - STARTING LOOP
INFO: 2026-03-05 12:05:09,177 - Nothing to insert into the database!
INFO: 2026-03-05 12:05:09,177 - FINISHED LOOP

INFO: 2026-03-05 12:10:08,137 - STARTING LOOP
INFO: 2026-03-05 12:10:08,139 - Nothing to insert into the database!
INFO: 2026-03-05 12:10:08,139 - FINISHED LOOP

INFO: 2026-03-05 12:15:08,314 - STARTING LOOP
INFO: 2026-03-05 12:15:08,315 - Nothing to insert into the database!
INFO: 2026-03-05 12:15:08,316 - FINISHED LOOP

INFO: 2026-03-05 12:20:08,647 - STARTING LOOP
INFO: 2026-03-05 12:20:08,649 - Nothing to insert into the database!
INFO: 2026-03-05 12:20:08,649 - FINISHED LOOP

INFO: 2026-03-05 12:25:09,579 - STARTING LOOP
INFO: 2026-03-05 12:25:09,581 - Nothing to insert into the database!
INFO: 2026-03-05 12:25:09,581 - FINISHED LOOP

INFO: 2026-03-05 12:30:09,568 - STARTING LOOP
INFO: 2026-03-05 12:30:09,570 - Nothing to insert into the database!
INFO: 2026-03-05 12:30:09,570 - FINISHED LOOP

INFO: 2026-03-05 12:35:07,759 - STARTING LOOP
INFO: 2026-03-05 12:35:07,761 - Nothing to insert into the database!
INFO: 2026-03-05 12:35:07,761 - FINISHED LOOP

INFO: 2026-03-05 12:40:09,054 - STARTING LOOP
INFO: 2026-03-05 12:40:09,055 - Nothing to insert into the database!
INFO: 2026-03-05 12:40:09,055 - FINISHED LOOP

INFO: 2026-03-05 12:45:25,220 - STARTING LOOP
INFO: 2026-03-05 12:45:25,221 - Nothing to insert into the database!
INFO: 2026-03-05 12:45:25,221 - FINISHED LOOP

INFO: 2026-03-05 12:50:09,287 - STARTING LOOP
INFO: 2026-03-05 12:50:09,289 - Nothing to insert into the database!
INFO: 2026-03-05 12:50:09,289 - FINISHED LOOP

INFO: 2026-03-05 12:55:07,528 - STARTING LOOP
INFO: 2026-03-05 12:55:07,529 - Nothing to insert into the database!
INFO: 2026-03-05 12:55:07,529 - FINISHED LOOP

INFO: 2026-03-05 13:00:07,404 - STARTING LOOP
INFO: 2026-03-05 13:00:07,405 - Nothing to insert into the database!
INFO: 2026-03-05 13:00:07,405 - FINISHED LOOP

INFO: 2026-03-05 13:05:08,261 - STARTING LOOP
INFO: 2026-03-05 13:05:08,263 - Nothing to insert into the database!
INFO: 2026-03-05 13:05:08,263 - FINISHED LOOP

INFO: 2026-03-05 13:10:08,497 - STARTING LOOP
INFO: 2026-03-05 13:10:08,498 - Nothing to insert into the database!
INFO: 2026-03-05 13:10:08,499 - FINISHED LOOP

INFO: 2026-03-05 13:15:10,761 - STARTING LOOP
INFO: 2026-03-05 13:15:10,763 - Nothing to insert into the database!
INFO: 2026-03-05 13:15:10,763 - FINISHED LOOP

INFO: 2026-03-05 13:20:10,582 - STARTING LOOP
INFO: 2026-03-05 13:20:10,583 - Nothing to insert into the database!
INFO: 2026-03-05 13:20:10,583 - FINISHED LOOP

INFO: 2026-03-05 13:25:11,229 - STARTING LOOP
INFO: 2026-03-05 13:25:11,231 - Nothing to insert into the database!
INFO: 2026-03-05 13:25:11,231 - FINISHED LOOP

INFO: 2026-03-05 13:30:08,971 - STARTING LOOP
INFO: 2026-03-05 13:30:08,972 - Nothing to insert into the database!
INFO: 2026-03-05 13:30:08,973 - FINISHED LOOP

INFO: 2026-03-05 13:35:07,731 - STARTING LOOP
INFO: 2026-03-05 13:35:07,732 - Nothing to insert into the database!
INFO: 2026-03-05 13:35:07,732 - FINISHED LOOP

INFO: 2026-03-05 13:40:10,449 - STARTING LOOP
INFO: 2026-03-05 13:40:10,451 - Nothing to insert into the database!
INFO: 2026-03-05 13:40:10,451 - FINISHED LOOP

INFO: 2026-03-05 13:45:08,290 - STARTING LOOP
INFO: 2026-03-05 13:45:08,291 - Nothing to insert into the database!
INFO: 2026-03-05 13:45:08,292 - FINISHED LOOP

INFO: 2026-03-05 13:50:08,900 - STARTING LOOP
INFO: 2026-03-05 13:50:08,901 - Nothing to insert into the database!
INFO: 2026-03-05 13:50:08,901 - FINISHED LOOP

INFO: 2026-03-05 13:55:07,162 - STARTING LOOP
INFO: 2026-03-05 13:55:07,164 - Nothing to insert into the database!
INFO: 2026-03-05 13:55:07,164 - FINISHED LOOP

INFO: 2026-03-05 14:00:26,253 - STARTING LOOP
INFO: 2026-03-05 14:00:26,254 - Nothing to insert into the database!
INFO: 2026-03-05 14:00:26,254 - FINISHED LOOP

INFO: 2026-03-05 14:05:08,296 - STARTING LOOP
INFO: 2026-03-05 14:05:08,299 - Nothing to insert into the database!
INFO: 2026-03-05 14:05:08,299 - FINISHED LOOP

INFO: 2026-03-05 14:10:07,919 - STARTING LOOP
INFO: 2026-03-05 14:10:07,920 - Nothing to insert into the database!
INFO: 2026-03-05 14:10:07,920 - FINISHED LOOP

INFO: 2026-03-05 14:15:07,714 - STARTING LOOP
INFO: 2026-03-05 14:15:07,715 - Nothing to insert into the database!
INFO: 2026-03-05 14:15:07,715 - FINISHED LOOP

INFO: 2026-03-05 14:20:07,666 - STARTING LOOP
INFO: 2026-03-05 14:20:07,667 - Nothing to insert into the database!
INFO: 2026-03-05 14:20:07,667 - FINISHED LOOP

INFO: 2026-03-05 14:25:09,944 - STARTING LOOP
INFO: 2026-03-05 14:25:09,946 - Nothing to insert into the database!
INFO: 2026-03-05 14:25:09,946 - FINISHED LOOP

INFO: 2026-03-05 14:30:09,886 - STARTING LOOP
INFO: 2026-03-05 14:30:09,888 - Nothing to insert into the database!
INFO: 2026-03-05 14:30:09,888 - FINISHED LOOP

INFO: 2026-03-05 14:40:06,370 - STARTING LOOP
INFO: 2026-03-05 14:40:06,371 - Nothing to insert into the database!
INFO: 2026-03-05 14:40:06,372 - FINISHED LOOP

INFO: 2026-03-05 14:45:07,101 - STARTING LOOP
INFO: 2026-03-05 14:45:07,102 - Preparing csv for database input...
INFO: 2026-03-05 14:45:07,160 - No mapper saved, need to process manually!
INFO: 2026-03-05 14:45:07,161 - DONE!
INFO: 2026-03-05 14:45:07,161 - Inserting file past_projects--1993744__mm_list.csv...
WARNING: 2026-03-05 14:45:07,162 - Failed inserting new csv to database and assigning it to a project blast./nError: [Errno 2] No such file or directory: '/Users/albertoruizcajiga/python/sis_international/modules/database/files/temp/pending_database_input/past_projects--1993744__mm_list.csv'
No column mapper found, please create a new one!
failed preparing csv for database input. Error:  'NoneType' object has no attribute 'columns'
Traceback (most recent call last):
  File "/Users/albertoruizcajiga/python/sis_international/database_worker.py", line 46, in main
    data = insert_new_csv_to_db(file_path)
           ^^^^^^^^^^^^^^^^^^^^^^^^^^^^^^^
  File "/Users/albertoruizcajiga/python/sis_international/modules/database/database.py", line 217, in insert_new_csv_to_db
    df = read_file_pandas(file_path)
         ^^^^^^^^^^^^^^^^^^^^^^^^^^^
  File "/Users/albertoruizcajiga/python/sis_international/modules/csv_tools/main.py", line 53, in read_file_pandas
    df = reader(file_path, on_bad_lines='skip', low_memory=False)
         ^^^^^^^^^^^^^^^^^^^^^^^^^^^^^^^^^^^^^^^^^^^^^^^^^^^^^^^^
  File "/Users/albertoruizcajiga/python/sis_international/.venv/lib/python3.11/site-packages/pandas/io/parsers/readers.py", line 1026, in read_csv
    return _read(filepath_or_buffer, kwds)
           ^^^^^^^^^^^^^^^^^^^^^^^^^^^^^^^
  File "/Users/albertoruizcajiga/python/sis_international/.venv/lib/python3.11/site-packages/pandas/io/parsers/readers.py", line 620, in _read
    parser = TextFileReader(filepath_or_buffer, **kwds)
             ^^^^^^^^^^^^^^^^^^^^^^^^^^^^^^^^^^^^^^^^^^
  File "/Users/albertoruizcajiga/python/sis_international/.venv/lib/python3.11/site-packages/pandas/io/parsers/readers.py", line 1620, in __init__
    self._engine = self._make_engine(f, self.engine)
                   ^^^^^^^^^^^^^^^^^^^^^^^^^^^^^^^^^
  File "/Users/albertoruizcajiga/python/sis_international/.venv/lib/python3.11/site-packages/pandas/io/parsers/readers.py", line 1880, in _make_engine
    self.handles = get_handle(
                   ^^^^^^^^^^^
  File "/Users/albertoruizcajiga/python/sis_international/.venv/lib/python3.11/site-packages/pandas/io/common.py", line 873, in get_handle
    handle = open(
             ^^^^^
FileNotFoundError: [Errno 2] No such file or directory: '/Users/albertoruizcajiga/python/sis_international/modules/database/files/temp/pending_database_input/past_projects--1993744__mm_list.csv'

During handling of the above exception, another exception occurred:

Traceback (most recent call last):
  File "/Library/Frameworks/Python.framework/Versions/3.11/lib/python3.11/shutil.py", line 825, in move
    os.rename(src, real_dst)
FileNotFoundError: [Errno 2] No such file or directory: '/Users/albertoruizcajiga/python/sis_international/modules/database/files/temp/pending_database_input/past_projects--1993744__mm_list.csv' -> '/Users/albertoruizcajiga/python/sis_international/modules/database/files/temp/pending_database_input/failed_files/past_projects--1993744__mm_list.csv'

During handling of the above exception, another exception occurred:

Traceback (most recent call last):
  File "/Users/albertoruizcajiga/python/sis_international/database_worker.py", line 65, in <module>
    main()
  File "/Users/albertoruizcajiga/python/sis_international/database_worker.py", line 58, in main
    shutil.move(file_path, new_path)
  File "/Library/Frameworks/Python.framework/Versions/3.11/lib/python3.11/shutil.py", line 845, in move
    copy_function(src, real_dst)
  File "/Library/Frameworks/Python.framework/Versions/3.11/lib/python3.11/shutil.py", line 436, in copy2
    copyfile(src, dst, follow_symlinks=follow_symlinks)
  File "/Library/Frameworks/Python.framework/Versions/3.11/lib/python3.11/shutil.py", line 256, in copyfile
    with open(src, 'rb') as fsrc:
         ^^^^^^^^^^^^^^^
FileNotFoundError: [Errno 2] No such file or directory: '/Users/albertoruizcajiga/python/sis_international/modules/database/files/temp/pending_database_input/past_projects--1993744__mm_list.csv'
INFO: 2026-03-05 14:45:20,587 - STARTING LOOP
INFO: 2026-03-05 14:45:20,587 - Nothing to insert into the database!
INFO: 2026-03-05 14:45:20,587 - FINISHED LOOP

INFO: 2026-03-05 14:48:47,725 - STARTING LOOP
INFO: 2026-03-05 14:48:47,726 - Preparing csv for database input...
INFO: 2026-03-05 14:48:47,730 - No mapper saved, need to process manually!
INFO: 2026-03-05 14:48:47,730 - DONE!
INFO: 2026-03-05 14:48:47,730 - Inserting file past_projects--1993744__mm_list.csv...
WARNING: 2026-03-05 14:48:47,730 - Failed inserting new csv to database and assigning it to a project blast./nError: [Errno 2] No such file or directory: '/Users/albertoruizcajiga/python/sis_international/modules/database/files/temp/pending_database_input/past_projects--1993744__mm_list.csv'
INFO: 2026-03-05 14:49:30,085 - STARTING LOOP
INFO: 2026-03-05 14:49:30,085 - Preparing csv for database input...
INFO: 2026-03-05 14:49:30,091 - No mapper saved, need to process manually!
INFO: 2026-03-05 14:49:30,091 - DONE!
INFO: 2026-03-05 14:49:30,091 - Inserting file past_projects--1993744__mm_list.csv...
WARNING: 2026-03-05 14:49:30,091 - Failed inserting new csv to database and assigning it to a project blast./nError: [Errno 2] No such file or directory: '/Users/albertoruizcajiga/python/sis_international/modules/database/files/temp/pending_database_input/past_projects--1993744__mm_list.csv'
INFO: 2026-03-05 14:50:06,456 - STARTING LOOP
INFO: 2026-03-05 14:50:06,457 - Nothing to insert into the database!
INFO: 2026-03-05 14:50:06,457 - FINISHED LOOP

INFO: 2026-03-05 14:51:03,500 - STARTING LOOP
INFO: 2026-03-05 14:51:03,500 - Preparing csv for database input...
INFO: 2026-03-05 14:51:03,507 - No mapper saved, need to process manually!
INFO: 2026-03-05 14:51:03,507 - DONE!
INFO: 2026-03-05 14:51:03,507 - Inserting file past_projects--1993744__mm_list.csv...
WARNING: 2026-03-05 14:51:03,507 - Failed inserting new csv to database and assigning it to a project blast./nError: [Errno 2] No such file or directory: '/Users/albertoruizcajiga/python/sis_international/modules/database/files/temp/pending_database_input/past_projects--1993744__mm_list.csv'
INFO: 2026-03-05 14:54:08,218 - STARTING LOOP
INFO: 2026-03-05 14:54:08,218 - Preparing csv for database input...
INFO: 2026-03-05 14:54:08,222 - No mapper saved, need to process manually!
INFO: 2026-03-05 14:54:08,222 - DONE!
INFO: 2026-03-05 14:54:08,222 - Inserting file past_projects--1993744__mm_list.csv...
WARNING: 2026-03-05 14:54:08,222 - Failed inserting new csv to database and assigning it to a project blast./nError: [Errno 2] No such file or directory: '/Users/albertoruizcajiga/python/sis_international/modules/database/files/temp/pending_database_input/past_projects--1993744__mm_list.csv'
INFO: 2026-03-05 14:55:05,335 - STARTING LOOP
INFO: 2026-03-05 14:55:05,335 - Nothing to insert into the database!
INFO: 2026-03-05 14:55:05,335 - FINISHED LOOP

INFO: 2026-03-05 14:58:15,392 - STARTING LOOP
INFO: 2026-03-05 14:58:15,392 - Nothing to insert into the database!
INFO: 2026-03-05 14:58:15,392 - FINISHED LOOP

INFO: 2026-03-05 14:58:25,087 - STARTING LOOP
INFO: 2026-03-05 14:58:25,088 - Preparing csv for database input...
INFO: 2026-03-05 14:58:25,095 - No mapper saved, need to process manually!
INFO: 2026-03-05 14:58:25,095 - DONE!
INFO: 2026-03-05 14:58:25,096 - Inserting file past_projects--1993744__mm_list.csv...
INFO: 2026-03-05 14:58:27,272 - DONE!
WARNING: 2026-03-05 14:58:27,273 - Failed inserting new csv to database and assigning it to a project blast./nError: 'NoneType' object is not subscriptable
INFO: 2026-03-05 15:00:08,377 - STARTING LOOP
INFO: 2026-03-05 15:00:08,378 - Preparing csv for database input...
INFO: 2026-03-05 15:00:08,778 - DONE!
INFO: 2026-03-05 15:00:08,778 - Inserting file past_projects--1993744__mm_list.csv...
INFO: 2026-03-05 15:00:15,173 - DONE!
WARNING: 2026-03-05 15:00:15,177 - Failed inserting new csv to database and assigning it to a project blast./nError: 'NoneType' object is not subscriptable
saving new records...
inserted 0 new records
updating 1647 records
Traceback (most recent call last):
  File "/Users/albertoruizcajiga/python/sis_international/database_worker.py", line 50, in main
    project_name = get_project_name_with_project_number(project_id)[0]
                   ~~~~~~~~~~~~~~~~~~~~~~~~~~~~~~~~~~~~~~~~~~~~~~~~^^^
TypeError: 'NoneType' object is not subscriptable

During handling of the above exception, another exception occurred:

Traceback (most recent call last):
  File "/Library/Frameworks/Python.framework/Versions/3.11/lib/python3.11/shutil.py", line 825, in move
    os.rename(src, real_dst)
FileNotFoundError: [Errno 2] No such file or directory: '/Users/albertoruizcajiga/python/sis_international/modules/database/files/temp/pending_database_input/past_projects--1993744__mm_list.csv' -> '/Users/albertoruizcajiga/python/sis_international/modules/database/files/temp/pending_database_input/failed_files/past_projects--1993744__mm_list.csv'

During handling of the above exception, another exception occurred:

Traceback (most recent call last):
  File "/Users/albertoruizcajiga/python/sis_international/database_worker.py", line 65, in <module>
    main()
  File "/Users/albertoruizcajiga/python/sis_international/database_worker.py", line 58, in main
    shutil.move(file_path, new_path)
  File "/Library/Frameworks/Python.framework/Versions/3.11/lib/python3.11/shutil.py", line 845, in move
    copy_function(src, real_dst)
  File "/Library/Frameworks/Python.framework/Versions/3.11/lib/python3.11/shutil.py", line 436, in copy2
    copyfile(src, dst, follow_symlinks=follow_symlinks)
  File "/Library/Frameworks/Python.framework/Versions/3.11/lib/python3.11/shutil.py", line 256, in copyfile
    with open(src, 'rb') as fsrc:
         ^^^^^^^^^^^^^^^
FileNotFoundError: [Errno 2] No such file or directory: '/Users/albertoruizcajiga/python/sis_international/modules/database/files/temp/pending_database_input/past_projects--1993744__mm_list.csv'
INFO: 2026-03-05 15:08:29,029 - STARTING LOOP
INFO: 2026-03-05 15:08:29,030 - Nothing to insert into the database!
INFO: 2026-03-05 15:08:29,030 - FINISHED LOOP

INFO: 2026-03-05 15:13:34,227 - STARTING LOOP
INFO: 2026-03-05 15:13:34,228 - Nothing to insert into the database!
INFO: 2026-03-05 15:13:34,228 - FINISHED LOOP

INFO: 2026-03-05 15:15:06,250 - STARTING LOOP
INFO: 2026-03-05 15:15:06,251 - Nothing to insert into the database!
INFO: 2026-03-05 15:15:06,251 - FINISHED LOOP

INFO: 2026-03-05 15:22:38,519 - STARTING LOOP
INFO: 2026-03-05 15:22:38,520 - Nothing to insert into the database!
INFO: 2026-03-05 15:22:38,520 - FINISHED LOOP

INFO: 2026-03-05 15:25:05,095 - STARTING LOOP
INFO: 2026-03-05 15:25:05,097 - Nothing to insert into the database!
INFO: 2026-03-05 15:25:05,097 - FINISHED LOOP

INFO: 2026-03-05 15:30:07,282 - STARTING LOOP
INFO: 2026-03-05 15:30:07,284 - Nothing to insert into the database!
INFO: 2026-03-05 15:30:07,284 - FINISHED LOOP

INFO: 2026-03-05 15:35:06,244 - STARTING LOOP
INFO: 2026-03-05 15:35:06,245 - Nothing to insert into the database!
INFO: 2026-03-05 15:35:06,245 - FINISHED LOOP

INFO: 2026-03-05 15:40:12,905 - STARTING LOOP
INFO: 2026-03-05 15:40:12,906 - Nothing to insert into the database!
INFO: 2026-03-05 15:40:12,906 - FINISHED LOOP

INFO: 2026-03-05 15:45:07,312 - STARTING LOOP
INFO: 2026-03-05 15:45:07,314 - Nothing to insert into the database!
INFO: 2026-03-05 15:45:07,314 - FINISHED LOOP

INFO: 2026-03-05 15:50:07,078 - STARTING LOOP
INFO: 2026-03-05 15:50:07,079 - Nothing to insert into the database!
INFO: 2026-03-05 15:50:07,080 - FINISHED LOOP

INFO: 2026-03-05 15:55:07,117 - STARTING LOOP
INFO: 2026-03-05 15:55:07,118 - Nothing to insert into the database!
INFO: 2026-03-05 15:55:07,118 - FINISHED LOOP

INFO: 2026-03-05 16:00:11,852 - STARTING LOOP
INFO: 2026-03-05 16:00:11,853 - Nothing to insert into the database!
INFO: 2026-03-05 16:00:11,853 - FINISHED LOOP

INFO: 2026-03-05 16:05:12,214 - STARTING LOOP
INFO: 2026-03-05 16:05:12,214 - Nothing to insert into the database!
INFO: 2026-03-05 16:05:12,214 - FINISHED LOOP

INFO: 2026-03-05 16:10:09,672 - STARTING LOOP
INFO: 2026-03-05 16:10:09,673 - Nothing to insert into the database!
INFO: 2026-03-05 16:10:09,673 - FINISHED LOOP

INFO: 2026-03-05 16:15:07,097 - STARTING LOOP
INFO: 2026-03-05 16:15:07,098 - Nothing to insert into the database!
INFO: 2026-03-05 16:15:07,098 - FINISHED LOOP

INFO: 2026-03-05 16:20:07,023 - STARTING LOOP
INFO: 2026-03-05 16:20:07,025 - Nothing to insert into the database!
INFO: 2026-03-05 16:20:07,025 - FINISHED LOOP

INFO: 2026-03-05 16:25:04,500 - STARTING LOOP
INFO: 2026-03-05 16:25:04,501 - Nothing to insert into the database!
INFO: 2026-03-05 16:25:04,501 - FINISHED LOOP

INFO: 2026-03-05 16:30:07,141 - STARTING LOOP
INFO: 2026-03-05 16:30:07,142 - Preparing csv for database input...
INFO: 2026-03-05 16:30:07,158 - No mapper saved, need to process manually!
INFO: 2026-03-05 16:30:07,160 - DONE!
INFO: 2026-03-05 16:30:07,161 - Inserting file 159547615 - Test Development for Respiratory Diseases - for parents - .csv...
WARNING: 2026-03-05 16:30:07,161 - Failed inserting new csv to database and assigning it to a project blast./nError: [Errno 2] No such file or directory: '/Users/albertoruizcajiga/python/sis_international/modules/database/files/temp/pending_database_input/159547615 - Test Development for Respiratory Diseases - for parents - .csv'
No column mapper found, please create a new one!
failed preparing csv for database input. Error:  'NoneType' object has no attribute 'columns'
Traceback (most recent call last):
  File "/Users/albertoruizcajiga/python/sis_international/database_worker.py", line 46, in main
    data = insert_new_csv_to_db(file_path)
           ^^^^^^^^^^^^^^^^^^^^^^^^^^^^^^^
  File "/Users/albertoruizcajiga/python/sis_international/modules/database/database.py", line 229, in insert_new_csv_to_db
    df = read_file_pandas(file_path)
         ^^^^^^^^^^^^^^^^^^^^^^^^^^^
  File "/Users/albertoruizcajiga/python/sis_international/modules/csv_tools/main.py", line 53, in read_file_pandas
    df = reader(file_path, on_bad_lines='skip', low_memory=False)
         ^^^^^^^^^^^^^^^^^^^^^^^^^^^^^^^^^^^^^^^^^^^^^^^^^^^^^^^^
  File "/Users/albertoruizcajiga/python/sis_international/.venv/lib/python3.11/site-packages/pandas/io/parsers/readers.py", line 1026, in read_csv
    return _read(filepath_or_buffer, kwds)
           ^^^^^^^^^^^^^^^^^^^^^^^^^^^^^^^
  File "/Users/albertoruizcajiga/python/sis_international/.venv/lib/python3.11/site-packages/pandas/io/parsers/readers.py", line 620, in _read
    parser = TextFileReader(filepath_or_buffer, **kwds)
             ^^^^^^^^^^^^^^^^^^^^^^^^^^^^^^^^^^^^^^^^^^
  File "/Users/albertoruizcajiga/python/sis_international/.venv/lib/python3.11/site-packages/pandas/io/parsers/readers.py", line 1620, in __init__
    self._engine = self._make_engine(f, self.engine)
                   ^^^^^^^^^^^^^^^^^^^^^^^^^^^^^^^^^
  File "/Users/albertoruizcajiga/python/sis_international/.venv/lib/python3.11/site-packages/pandas/io/parsers/readers.py", line 1880, in _make_engine
    self.handles = get_handle(
                   ^^^^^^^^^^^
  File "/Users/albertoruizcajiga/python/sis_international/.venv/lib/python3.11/site-packages/pandas/io/common.py", line 873, in get_handle
    handle = open(
             ^^^^^
FileNotFoundError: [Errno 2] No such file or directory: '/Users/albertoruizcajiga/python/sis_international/modules/database/files/temp/pending_database_input/159547615 - Test Development for Respiratory Diseases - for parents - .csv'

During handling of the above exception, another exception occurred:

Traceback (most recent call last):
  File "/Library/Frameworks/Python.framework/Versions/3.11/lib/python3.11/shutil.py", line 825, in move
    os.rename(src, real_dst)
FileNotFoundError: [Errno 2] No such file or directory: '/Users/albertoruizcajiga/python/sis_international/modules/database/files/temp/pending_database_input/159547615 - Test Development for Respiratory Diseases - for parents - .csv' -> '/Users/albertoruizcajiga/python/sis_international/modules/database/files/temp/pending_database_input/failed_files/159547615 - Test Development for Respiratory Diseases - for parents - .csv'

During handling of the above exception, another exception occurred:

Traceback (most recent call last):
  File "/Users/albertoruizcajiga/python/sis_international/database_worker.py", line 65, in <module>
    main()
  File "/Users/albertoruizcajiga/python/sis_international/database_worker.py", line 58, in main
    shutil.move(file_path, new_path)
  File "/Library/Frameworks/Python.framework/Versions/3.11/lib/python3.11/shutil.py", line 845, in move
    copy_function(src, real_dst)
  File "/Library/Frameworks/Python.framework/Versions/3.11/lib/python3.11/shutil.py", line 436, in copy2
    copyfile(src, dst, follow_symlinks=follow_symlinks)
  File "/Library/Frameworks/Python.framework/Versions/3.11/lib/python3.11/shutil.py", line 256, in copyfile
    with open(src, 'rb') as fsrc:
         ^^^^^^^^^^^^^^^
FileNotFoundError: [Errno 2] No such file or directory: '/Users/albertoruizcajiga/python/sis_international/modules/database/files/temp/pending_database_input/159547615 - Test Development for Respiratory Diseases - for parents - .csv'
INFO: 2026-03-05 16:34:10,312 - STARTING LOOP
INFO: 2026-03-05 16:34:10,313 - Preparing csv for database input...
INFO: 2026-03-05 16:34:10,627 - DONE!
INFO: 2026-03-05 16:34:10,627 - Inserting file 159547615 - Test Development for Respiratory Diseases - for parents - .csv...
INFO: 2026-03-05 16:34:10,852 - DONE!
INFO: 2026-03-05 16:34:11,858 - Preparing csv for database input...
INFO: 2026-03-05 16:34:11,871 - No mapper saved, need to process manually!
INFO: 2026-03-05 16:34:11,872 - DONE!
INFO: 2026-03-05 16:34:11,872 - Inserting file 174195250 - Parent & Child Study - .csv...
WARNING: 2026-03-05 16:34:11,872 - Failed inserting new csv to database and assigning it to a project blast./nError: [Errno 2] No such file or directory: '/Users/albertoruizcajiga/python/sis_international/modules/database/files/temp/pending_database_input/174195250 - Parent & Child Study - .csv'
INFO: 2026-03-05 16:35:08,724 - STARTING LOOP
INFO: 2026-03-05 16:35:08,726 - Preparing csv for database input...
INFO: 2026-03-05 16:35:08,739 - No mapper saved, need to process manually!
INFO: 2026-03-05 16:35:08,740 - DONE!
INFO: 2026-03-05 16:35:08,740 - Inserting file 81374195 - FASNY Prospective Parents Survey - .csv...
WARNING: 2026-03-05 16:35:08,740 - Failed inserting new csv to database and assigning it to a project blast./nError: [Errno 2] No such file or directory: '/Users/albertoruizcajiga/python/sis_international/modules/database/files/temp/pending_database_input/81374195 - FASNY Prospective Parents Survey - .csv'
No column mapper found, please create a new one!
failed preparing csv for database input. Error:  'NoneType' object has no attribute 'columns'
Traceback (most recent call last):
  File "/Users/albertoruizcajiga/python/sis_international/database_worker.py", line 46, in main
    data = insert_new_csv_to_db(file_path)
           ^^^^^^^^^^^^^^^^^^^^^^^^^^^^^^^
  File "/Users/albertoruizcajiga/python/sis_international/modules/database/database.py", line 229, in insert_new_csv_to_db
    df = read_file_pandas(file_path)
         ^^^^^^^^^^^^^^^^^^^^^^^^^^^
  File "/Users/albertoruizcajiga/python/sis_international/modules/csv_tools/main.py", line 53, in read_file_pandas
    df = reader(file_path, on_bad_lines='skip', low_memory=False)
         ^^^^^^^^^^^^^^^^^^^^^^^^^^^^^^^^^^^^^^^^^^^^^^^^^^^^^^^^
  File "/Users/albertoruizcajiga/python/sis_international/.venv/lib/python3.11/site-packages/pandas/io/parsers/readers.py", line 1026, in read_csv
    return _read(filepath_or_buffer, kwds)
           ^^^^^^^^^^^^^^^^^^^^^^^^^^^^^^^
  File "/Users/albertoruizcajiga/python/sis_international/.venv/lib/python3.11/site-packages/pandas/io/parsers/readers.py", line 620, in _read
    parser = TextFileReader(filepath_or_buffer, **kwds)
             ^^^^^^^^^^^^^^^^^^^^^^^^^^^^^^^^^^^^^^^^^^
  File "/Users/albertoruizcajiga/python/sis_international/.venv/lib/python3.11/site-packages/pandas/io/parsers/readers.py", line 1620, in __init__
    self._engine = self._make_engine(f, self.engine)
                   ^^^^^^^^^^^^^^^^^^^^^^^^^^^^^^^^^
  File "/Users/albertoruizcajiga/python/sis_international/.venv/lib/python3.11/site-packages/pandas/io/parsers/readers.py", line 1880, in _make_engine
    self.handles = get_handle(
                   ^^^^^^^^^^^
  File "/Users/albertoruizcajiga/python/sis_international/.venv/lib/python3.11/site-packages/pandas/io/common.py", line 873, in get_handle
    handle = open(
             ^^^^^
FileNotFoundError: [Errno 2] No such file or directory: '/Users/albertoruizcajiga/python/sis_international/modules/database/files/temp/pending_database_input/81374195 - FASNY Prospective Parents Survey - .csv'

During handling of the above exception, another exception occurred:

Traceback (most recent call last):
  File "/Library/Frameworks/Python.framework/Versions/3.11/lib/python3.11/shutil.py", line 825, in move
    os.rename(src, real_dst)
FileNotFoundError: [Errno 2] No such file or directory: '/Users/albertoruizcajiga/python/sis_international/modules/database/files/temp/pending_database_input/81374195 - FASNY Prospective Parents Survey - .csv' -> '/Users/albertoruizcajiga/python/sis_international/modules/database/files/temp/pending_database_input/failed_files/81374195 - FASNY Prospective Parents Survey - .csv'

During handling of the above exception, another exception occurred:

Traceback (most recent call last):
  File "/Users/albertoruizcajiga/python/sis_international/database_worker.py", line 65, in <module>
    main()
  File "/Users/albertoruizcajiga/python/sis_international/database_worker.py", line 58, in main
    shutil.move(file_path, new_path)
  File "/Library/Frameworks/Python.framework/Versions/3.11/lib/python3.11/shutil.py", line 845, in move
    copy_function(src, real_dst)
  File "/Library/Frameworks/Python.framework/Versions/3.11/lib/python3.11/shutil.py", line 436, in copy2
    copyfile(src, dst, follow_symlinks=follow_symlinks)
  File "/Library/Frameworks/Python.framework/Versions/3.11/lib/python3.11/shutil.py", line 256, in copyfile
    with open(src, 'rb') as fsrc:
         ^^^^^^^^^^^^^^^
FileNotFoundError: [Errno 2] No such file or directory: '/Users/albertoruizcajiga/python/sis_international/modules/database/files/temp/pending_database_input/81374195 - FASNY Prospective Parents Survey - .csv'
INFO: 2026-03-05 16:40:07,908 - STARTING LOOP
INFO: 2026-03-05 16:40:07,910 - Preparing csv for database input...
INFO: 2026-03-05 16:40:07,932 - No mapper saved, need to process manually!
INFO: 2026-03-05 16:40:07,935 - DONE!
INFO: 2026-03-05 16:40:07,935 - Inserting file damir--los_angeles_opt_ins.csv...
WARNING: 2026-03-05 16:40:07,936 - Failed inserting new csv to database and assigning it to a project blast./nError: [Errno 2] No such file or directory: '/Users/albertoruizcajiga/python/sis_international/modules/database/files/temp/pending_database_input/damir--los_angeles_opt_ins.csv'
No column mapper found, please create a new one!
failed preparing csv for database input. Error:  'NoneType' object has no attribute 'columns'
Traceback (most recent call last):
  File "/Users/albertoruizcajiga/python/sis_international/database_worker.py", line 46, in main
    data = insert_new_csv_to_db(file_path)
           ^^^^^^^^^^^^^^^^^^^^^^^^^^^^^^^
  File "/Users/albertoruizcajiga/python/sis_international/modules/database/database.py", line 229, in insert_new_csv_to_db
    df = read_file_pandas(file_path)
         ^^^^^^^^^^^^^^^^^^^^^^^^^^^
  File "/Users/albertoruizcajiga/python/sis_international/modules/csv_tools/main.py", line 53, in read_file_pandas
    df = reader(file_path, on_bad_lines='skip', low_memory=False)
         ^^^^^^^^^^^^^^^^^^^^^^^^^^^^^^^^^^^^^^^^^^^^^^^^^^^^^^^^
  File "/Users/albertoruizcajiga/python/sis_international/.venv/lib/python3.11/site-packages/pandas/io/parsers/readers.py", line 1026, in read_csv
    return _read(filepath_or_buffer, kwds)
           ^^^^^^^^^^^^^^^^^^^^^^^^^^^^^^^
  File "/Users/albertoruizcajiga/python/sis_international/.venv/lib/python3.11/site-packages/pandas/io/parsers/readers.py", line 620, in _read
    parser = TextFileReader(filepath_or_buffer, **kwds)
             ^^^^^^^^^^^^^^^^^^^^^^^^^^^^^^^^^^^^^^^^^^
  File "/Users/albertoruizcajiga/python/sis_international/.venv/lib/python3.11/site-packages/pandas/io/parsers/readers.py", line 1620, in __init__
    self._engine = self._make_engine(f, self.engine)
                   ^^^^^^^^^^^^^^^^^^^^^^^^^^^^^^^^^
  File "/Users/albertoruizcajiga/python/sis_international/.venv/lib/python3.11/site-packages/pandas/io/parsers/readers.py", line 1880, in _make_engine
    self.handles = get_handle(
                   ^^^^^^^^^^^
  File "/Users/albertoruizcajiga/python/sis_international/.venv/lib/python3.11/site-packages/pandas/io/common.py", line 873, in get_handle
    handle = open(
             ^^^^^
FileNotFoundError: [Errno 2] No such file or directory: '/Users/albertoruizcajiga/python/sis_international/modules/database/files/temp/pending_database_input/damir--los_angeles_opt_ins.csv'

During handling of the above exception, another exception occurred:

Traceback (most recent call last):
  File "/Library/Frameworks/Python.framework/Versions/3.11/lib/python3.11/shutil.py", line 825, in move
    os.rename(src, real_dst)
FileNotFoundError: [Errno 2] No such file or directory: '/Users/albertoruizcajiga/python/sis_international/modules/database/files/temp/pending_database_input/damir--los_angeles_opt_ins.csv' -> '/Users/albertoruizcajiga/python/sis_international/modules/database/files/temp/pending_database_input/failed_files/damir--los_angeles_opt_ins.csv'

During handling of the above exception, another exception occurred:

Traceback (most recent call last):
  File "/Users/albertoruizcajiga/python/sis_international/database_worker.py", line 65, in <module>
    main()
  File "/Users/albertoruizcajiga/python/sis_international/database_worker.py", line 58, in main
    shutil.move(file_path, new_path)
  File "/Library/Frameworks/Python.framework/Versions/3.11/lib/python3.11/shutil.py", line 845, in move
    copy_function(src, real_dst)
  File "/Library/Frameworks/Python.framework/Versions/3.11/lib/python3.11/shutil.py", line 436, in copy2
    copyfile(src, dst, follow_symlinks=follow_symlinks)
  File "/Library/Frameworks/Python.framework/Versions/3.11/lib/python3.11/shutil.py", line 256, in copyfile
    with open(src, 'rb') as fsrc:
         ^^^^^^^^^^^^^^^
FileNotFoundError: [Errno 2] No such file or directory: '/Users/albertoruizcajiga/python/sis_international/modules/database/files/temp/pending_database_input/damir--los_angeles_opt_ins.csv'
INFO: 2026-03-05 16:45:07,550 - STARTING LOOP
INFO: 2026-03-05 16:45:07,552 - Nothing to insert into the database!
INFO: 2026-03-05 16:45:07,552 - FINISHED LOOP

INFO: 2026-03-05 16:50:07,958 - STARTING LOOP
INFO: 2026-03-05 16:50:07,959 - Nothing to insert into the database!
INFO: 2026-03-05 16:50:07,959 - FINISHED LOOP

INFO: 2026-03-05 16:55:07,658 - STARTING LOOP
INFO: 2026-03-05 16:55:07,659 - Nothing to insert into the database!
INFO: 2026-03-05 16:55:07,659 - FINISHED LOOP

INFO: 2026-03-05 17:00:09,332 - STARTING LOOP
INFO: 2026-03-05 17:00:09,333 - Nothing to insert into the database!
INFO: 2026-03-05 17:00:09,333 - FINISHED LOOP

INFO: 2026-03-05 17:05:06,965 - STARTING LOOP
INFO: 2026-03-05 17:05:06,966 - Nothing to insert into the database!
INFO: 2026-03-05 17:05:06,966 - FINISHED LOOP

INFO: 2026-03-05 17:10:10,523 - STARTING LOOP
INFO: 2026-03-05 17:10:10,526 - Nothing to insert into the database!
INFO: 2026-03-05 17:10:10,526 - FINISHED LOOP

INFO: 2026-03-05 17:15:07,468 - STARTING LOOP
INFO: 2026-03-05 17:15:07,469 - Nothing to insert into the database!
INFO: 2026-03-05 17:15:07,469 - FINISHED LOOP

INFO: 2026-03-05 17:20:08,962 - STARTING LOOP
INFO: 2026-03-05 17:20:08,963 - Nothing to insert into the database!
INFO: 2026-03-05 17:20:08,963 - FINISHED LOOP

INFO: 2026-03-05 17:25:08,356 - STARTING LOOP
INFO: 2026-03-05 17:25:08,357 - Nothing to insert into the database!
INFO: 2026-03-05 17:25:08,357 - FINISHED LOOP

INFO: 2026-03-05 17:30:08,802 - STARTING LOOP
INFO: 2026-03-05 17:30:08,803 - Nothing to insert into the database!
INFO: 2026-03-05 17:30:08,804 - FINISHED LOOP

INFO: 2026-03-05 17:35:07,893 - STARTING LOOP
INFO: 2026-03-05 17:35:07,894 - Nothing to insert into the database!
INFO: 2026-03-05 17:35:07,894 - FINISHED LOOP

INFO: 2026-03-05 17:40:07,657 - STARTING LOOP
INFO: 2026-03-05 17:40:07,668 - Nothing to insert into the database!
INFO: 2026-03-05 17:40:07,668 - FINISHED LOOP

INFO: 2026-03-05 18:00:19,669 - STARTING LOOP
INFO: 2026-03-05 18:00:19,669 - Nothing to insert into the database!
INFO: 2026-03-05 18:00:19,670 - FINISHED LOOP

INFO: 2026-03-05 18:05:06,508 - STARTING LOOP
INFO: 2026-03-05 18:05:06,509 - Nothing to insert into the database!
INFO: 2026-03-05 18:05:06,509 - FINISHED LOOP

INFO: 2026-03-05 18:10:09,776 - STARTING LOOP
INFO: 2026-03-05 18:10:09,776 - Nothing to insert into the database!
INFO: 2026-03-05 18:10:09,776 - FINISHED LOOP

INFO: 2026-03-05 20:09:58,010 - STARTING LOOP
INFO: 2026-03-05 20:09:58,010 - Preparing csv for database input...
INFO: 2026-03-05 20:09:58,023 - No mapper saved, need to process manually!
INFO: 2026-03-05 20:09:58,023 - DONE!
INFO: 2026-03-05 20:09:58,023 - Inserting file damir--los_angeles_opt_ins copy.csv...
WARNING: 2026-03-05 20:09:58,023 - Failed inserting new csv to database and assigning it to a project blast./nError: [Errno 2] No such file or directory: '/Users/albertoruizcajiga/python/sis_international/modules/database/files/temp/pending_database_input/damir--los_angeles_opt_ins copy.csv'
INFO: 2026-03-05 20:10:05,397 - STARTING LOOP
INFO: 2026-03-05 20:10:05,398 - Nothing to insert into the database!
INFO: 2026-03-05 20:10:05,398 - FINISHED LOOP

INFO: 2026-03-05 20:10:05,762 - STARTING LOOP
INFO: 2026-03-05 20:10:05,763 - Nothing to insert into the database!
INFO: 2026-03-05 20:11:22,883 - FINISHED LOOP

INFO: 2026-03-05 20:11:27,026 - STARTING LOOP
INFO: 2026-03-05 20:11:27,026 - Nothing to insert into the database!
INFO: 2026-03-05 20:11:36,125 - FINISHED LOOP

INFO: 2026-03-05 20:11:47,230 - STARTING LOOP
INFO: 2026-03-05 20:11:47,231 - Preparing csv for database input...
INFO: 2026-03-05 20:11:47,241 - No mapper saved, need to process manually!
INFO: 2026-03-05 20:11:47,241 - DONE!
INFO: 2026-03-05 20:11:47,241 - Inserting file damir--los_angeles_opt_ins copy.csv...
WARNING: 2026-03-05 20:11:47,241 - Failed inserting new csv to database and assigning it to a project blast./nError: [Errno 2] No such file or directory: '/Users/albertoruizcajiga/python/sis_international/modules/database/files/temp/pending_database_input/damir--los_angeles_opt_ins copy.csv'
INFO: 2026-03-05 20:12:40,694 - STARTING LOOP
INFO: 2026-03-05 20:13:34,888 - Preparing csv for database input...
INFO: 2026-03-05 20:13:34,920 - No mapper saved, need to process manually!
INFO: 2026-03-05 20:13:34,921 - DONE!
INFO: 2026-03-05 20:13:34,921 - Inserting file damir--los_angeles_opt_ins copy.csv...
WARNING: 2026-03-05 20:13:34,921 - Failed inserting new csv to database and assigning it to a project blast./nError: [Errno 2] No such file or directory: '/Users/albertoruizcajiga/python/sis_international/modules/database/files/temp/pending_database_input/damir--los_angeles_opt_ins copy.csv'
INFO: 2026-03-05 20:15:06,638 - STARTING LOOP
INFO: 2026-03-05 20:15:06,639 - Preparing csv for database input...
INFO: 2026-03-05 20:15:06,656 - No mapper saved, need to process manually!
INFO: 2026-03-05 20:15:06,657 - DONE!
INFO: 2026-03-05 20:15:06,657 - Inserting file damir--123456__los_angeles_opt_ins copy.csv...
WARNING: 2026-03-05 20:15:06,657 - Failed inserting new csv to database and assigning it to a project blast./nError: [Errno 2] No such file or directory: '/Users/albertoruizcajiga/python/sis_international/modules/database/files/temp/pending_database_input/damir--123456__los_angeles_opt_ins copy.csv'
No column mapper found, please create a new one!
failed preparing csv for database input. Error:  'NoneType' object has no attribute 'columns'
Traceback (most recent call last):
  File "/Users/albertoruizcajiga/python/sis_international/database_worker.py", line 46, in main
    data = insert_new_csv_to_db(file_path)
           ^^^^^^^^^^^^^^^^^^^^^^^^^^^^^^^
  File "/Users/albertoruizcajiga/python/sis_international/modules/database/database.py", line 229, in insert_new_csv_to_db
    df = read_file_pandas(file_path)
         ^^^^^^^^^^^^^^^^^^^^^^^^^^^
  File "/Users/albertoruizcajiga/python/sis_international/modules/csv_tools/main.py", line 53, in read_file_pandas
    df = reader(file_path, on_bad_lines='skip', low_memory=False)
         ^^^^^^^^^^^^^^^^^^^^^^^^^^^^^^^^^^^^^^^^^^^^^^^^^^^^^^^^
  File "/Users/albertoruizcajiga/python/sis_international/.venv/lib/python3.11/site-packages/pandas/io/parsers/readers.py", line 1026, in read_csv
    return _read(filepath_or_buffer, kwds)
           ^^^^^^^^^^^^^^^^^^^^^^^^^^^^^^^
  File "/Users/albertoruizcajiga/python/sis_international/.venv/lib/python3.11/site-packages/pandas/io/parsers/readers.py", line 620, in _read
    parser = TextFileReader(filepath_or_buffer, **kwds)
             ^^^^^^^^^^^^^^^^^^^^^^^^^^^^^^^^^^^^^^^^^^
  File "/Users/albertoruizcajiga/python/sis_international/.venv/lib/python3.11/site-packages/pandas/io/parsers/readers.py", line 1620, in __init__
    self._engine = self._make_engine(f, self.engine)
                   ^^^^^^^^^^^^^^^^^^^^^^^^^^^^^^^^^
  File "/Users/albertoruizcajiga/python/sis_international/.venv/lib/python3.11/site-packages/pandas/io/parsers/readers.py", line 1880, in _make_engine
    self.handles = get_handle(
                   ^^^^^^^^^^^
  File "/Users/albertoruizcajiga/python/sis_international/.venv/lib/python3.11/site-packages/pandas/io/common.py", line 873, in get_handle
    handle = open(
             ^^^^^
FileNotFoundError: [Errno 2] No such file or directory: '/Users/albertoruizcajiga/python/sis_international/modules/database/files/temp/pending_database_input/damir--123456__los_angeles_opt_ins copy.csv'

During handling of the above exception, another exception occurred:

Traceback (most recent call last):
  File "/Library/Frameworks/Python.framework/Versions/3.11/lib/python3.11/shutil.py", line 825, in move
    os.rename(src, real_dst)
FileNotFoundError: [Errno 2] No such file or directory: '/Users/albertoruizcajiga/python/sis_international/modules/database/files/temp/pending_database_input/damir--123456__los_angeles_opt_ins copy.csv' -> '/Users/albertoruizcajiga/python/sis_international/modules/database/files/temp/pending_database_input/failed_files/damir--123456__los_angeles_opt_ins copy.csv'

During handling of the above exception, another exception occurred:

Traceback (most recent call last):
  File "/Users/albertoruizcajiga/python/sis_international/database_worker.py", line 65, in <module>
    main()
  File "/Users/albertoruizcajiga/python/sis_international/database_worker.py", line 58, in main
    shutil.move(file_path, new_path)
  File "/Library/Frameworks/Python.framework/Versions/3.11/lib/python3.11/shutil.py", line 845, in move
    copy_function(src, real_dst)
  File "/Library/Frameworks/Python.framework/Versions/3.11/lib/python3.11/shutil.py", line 436, in copy2
    copyfile(src, dst, follow_symlinks=follow_symlinks)
  File "/Library/Frameworks/Python.framework/Versions/3.11/lib/python3.11/shutil.py", line 256, in copyfile
    with open(src, 'rb') as fsrc:
         ^^^^^^^^^^^^^^^
FileNotFoundError: [Errno 2] No such file or directory: '/Users/albertoruizcajiga/python/sis_international/modules/database/files/temp/pending_database_input/damir--123456__los_angeles_opt_ins copy.csv'
INFO: 2026-03-05 20:15:13,095 - STARTING LOOP
INFO: 2026-03-05 20:15:13,095 - Nothing to insert into the database!
INFO: 2026-03-05 20:15:13,096 - FINISHED LOOP

INFO: 2026-03-05 20:15:22,419 - STARTING LOOP
INFO: 2026-03-05 20:15:36,369 - Preparing csv for database input...
INFO: 2026-03-05 20:15:36,398 - No mapper saved, need to process manually!
INFO: 2026-03-05 20:22:52,522 - STARTING LOOP
INFO: 2026-03-05 20:22:52,523 - Preparing csv for database input...
INFO: 2026-03-05 20:22:52,533 - No mapper saved, need to process manually!
INFO: 2026-03-05 20:22:52,533 - DONE!
INFO: 2026-03-05 20:22:52,533 - Inserting file damir--123456__los_angeles_opt_ins copy.csv...
WARNING: 2026-03-05 20:22:52,533 - Failed inserting new csv to database and assigning it to a project blast./nError: [Errno 2] No such file or directory: '/Users/albertoruizcajiga/python/sis_international/modules/database/files/temp/pending_database_input/damir--123456__los_angeles_opt_ins copy.csv'
INFO: 2026-03-05 20:23:10,283 - STARTING LOOP
INFO: 2026-03-05 20:23:56,832 - Preparing csv for database input...
INFO: 2026-03-05 20:23:56,862 - No mapper saved, need to process manually!
INFO: 2026-03-05 20:24:07,532 - DONE!
INFO: 2026-03-05 20:24:07,532 - Inserting file damir--123456__los_angeles_opt_ins copy.csv...
WARNING: 2026-03-05 20:24:07,534 - Failed inserting new csv to database and assigning it to a project blast./nError: [Errno 2] No such file or directory: '/Users/albertoruizcajiga/python/sis_international/modules/database/files/temp/pending_database_input/damir--123456__los_angeles_opt_ins copy.csv'
INFO: 2026-03-05 20:24:34,188 - STARTING LOOP
INFO: 2026-03-05 20:24:42,228 - Preparing csv for database input...
INFO: 2026-03-05 20:26:53,546 - No mapper saved, need to process manually!
INFO: 2026-03-05 20:27:04,094 - DONE!
INFO: 2026-03-05 20:27:04,094 - Inserting file damir--123456__los_angeles_opt_ins copy.csv...
WARNING: 2026-03-05 20:27:04,095 - Failed inserting new csv to database and assigning it to a project blast./nError: [Errno 2] No such file or directory: '/Users/albertoruizcajiga/python/sis_international/modules/database/files/temp/pending_database_input/damir--123456__los_angeles_opt_ins copy.csv'
INFO: 2026-03-05 20:30:06,342 - STARTING LOOP
INFO: 2026-03-05 20:30:06,343 - Nothing to insert into the database!
INFO: 2026-03-05 20:30:06,343 - FINISHED LOOP

INFO: 2026-03-05 20:33:01,085 - STARTING LOOP
INFO: 2026-03-05 20:33:01,088 - Nothing to insert into the database!
INFO: 2026-03-05 20:33:01,088 - FINISHED LOOP

INFO: 2026-03-05 20:34:06,119 - STARTING LOOP
INFO: 2026-03-05 20:34:17,882 - Preparing csv for database input...
WARNING: 2026-03-05 20:34:17,883 - Failed inserting new csv to database and assigning it to a project blast./nError: name 'create_column_mapper_and_prepare_for_db_input' is not defined
INFO: 2026-03-05 20:34:17,884 - Moved to failed files directory...
INFO: 2026-03-05 20:34:17,885 - FINISHED LOOP

INFO: 2026-03-05 20:34:28,807 - STARTING LOOP
INFO: 2026-03-05 20:34:28,809 - Nothing to insert into the database!
INFO: 2026-03-05 20:34:28,809 - FINISHED LOOP

INFO: 2026-03-05 20:35:04,625 - STARTING LOOP
INFO: 2026-03-05 20:35:04,626 - Nothing to insert into the database!
INFO: 2026-03-05 20:35:04,626 - FINISHED LOOP

INFO: 2026-03-05 20:35:46,696 - STARTING LOOP
INFO: 2026-03-05 20:35:46,699 - Nothing to insert into the database!
INFO: 2026-03-05 20:35:46,699 - FINISHED LOOP

INFO: 2026-03-05 20:36:32,897 - STARTING LOOP
INFO: 2026-03-05 20:36:32,901 - Nothing to insert into the database!
INFO: 2026-03-05 20:36:32,901 - FINISHED LOOP

INFO: 2026-03-05 20:36:55,777 - STARTING LOOP
INFO: 2026-03-05 20:37:02,285 - Preparing csv for database input...
WARNING: 2026-03-05 20:37:02,286 - Failed inserting new csv to database and assigning it to a project blast./nError: name 'create_column_mapper_and_prepare_for_db_input' is not defined
INFO: 2026-03-05 20:37:02,287 - Moved to failed files directory...
INFO: 2026-03-05 20:37:02,288 - FINISHED LOOP

INFO: 2026-03-05 20:37:52,917 - STARTING LOOP
INFO: 2026-03-05 20:37:52,917 - Nothing to insert into the database!
INFO: 2026-03-05 20:37:52,917 - FINISHED LOOP

INFO: 2026-03-05 20:38:11,724 - STARTING LOOP
INFO: 2026-03-05 20:38:21,957 - Preparing csv for database input...
WARNING: 2026-03-05 20:38:21,958 - Failed inserting new csv to database and assigning it to a project blast./nError: name 'create_column_mapper_and_prepare_for_db_input' is not defined
INFO: 2026-03-05 20:38:21,959 - Moved to failed files directory...
INFO: 2026-03-05 20:38:21,959 - FINISHED LOOP

INFO: 2026-03-05 20:39:04,571 - STARTING LOOP
INFO: 2026-03-05 20:39:13,272 - Preparing csv for database input...
WARNING: 2026-03-05 20:39:13,273 - Failed inserting new csv to database and assigning it to a project blast./nError: name 'create_column_mapper_and_prepare_for_db_input' is not defined
INFO: 2026-03-05 20:39:13,276 - Moved to failed files directory...
INFO: 2026-03-05 20:39:13,276 - FINISHED LOOP

INFO: 2026-03-05 20:39:44,033 - STARTING LOOP
INFO: 2026-03-05 20:39:49,047 - Preparing csv for database input...
WARNING: 2026-03-05 20:39:49,048 - Failed inserting new csv to database and assigning it to a project blast./nError: name 'create_column_mapper_and_prepare_for_db_input' is not defined
INFO: 2026-03-05 20:39:49,050 - Moved to failed files directory...
INFO: 2026-03-05 20:39:49,050 - FINISHED LOOP

INFO: 2026-03-05 20:40:07,658 - STARTING LOOP
INFO: 2026-03-05 20:40:07,659 - Preparing csv for database input...
WARNING: 2026-03-05 20:40:07,659 - Failed inserting new csv to database and assigning it to a project blast./nError: name 'create_column_mapper_and_prepare_for_db_input' is not defined
INFO: 2026-03-05 20:40:07,660 - Moved to failed files directory...
INFO: 2026-03-05 20:40:07,660 - FINISHED LOOP

1
INFO: 2026-03-05 20:40:07,742 - STARTING LOOP
INFO: 2026-03-05 20:40:07,743 - Nothing to insert into the database!
INFO: 2026-03-05 20:40:07,743 - FINISHED LOOP

INFO: 2026-03-05 20:40:26,513 - STARTING LOOP
INFO: 2026-03-05 20:40:33,939 - Preparing csv for database input...
WARNING: 2026-03-05 20:40:33,940 - Failed inserting new csv to database and assigning it to a project blast./nError: name 'create_column_mapper_and_prepare_for_db_input' is not defined
INFO: 2026-03-05 20:40:33,942 - Moved to failed files directory...
INFO: 2026-03-05 20:40:33,942 - FINISHED LOOP

INFO: 2026-03-05 20:41:22,707 - STARTING LOOP
INFO: 2026-03-05 20:41:25,851 - Preparing csv for database input...
INFO: 2026-03-05 20:41:25,869 - No mapper saved, need to process manually!
INFO: 2026-03-05 20:41:43,571 - DONE!
INFO: 2026-03-05 20:41:43,572 - Inserting file damir--los_angeles_opt_ins copy.csv...
WARNING: 2026-03-05 20:41:43,574 - Failed inserting new csv to database and assigning it to a project blast./nError: [Errno 2] No such file or directory: '/Users/albertoruizcajiga/python/sis_international/modules/database/files/temp/pending_database_input/damir--los_angeles_opt_ins copy.csv'
INFO: 2026-03-05 20:42:46,255 - STARTING LOOP
INFO: 2026-03-05 20:42:48,984 - Preparing csv for database input...
INFO: 2026-03-05 20:46:14,516 - No mapper saved, need to process manually!
INFO: 2026-03-05 20:54:34,542 - STARTING LOOP
INFO: 2026-03-05 20:54:39,503 - Preparing csv for database input...
INFO: 2026-03-05 20:54:40,886 - DONE!
INFO: 2026-03-05 20:54:40,887 - Inserting file damir--los_angeles_opt_ins copy.csv...
INFO: 2026-03-05 20:54:42,675 - DONE!
INFO: 2026-03-05 20:54:43,681 - FINISHED LOOP

INFO: 2026-03-05 20:55:04,482 - STARTING LOOP
INFO: 2026-03-05 20:55:04,483 - Nothing to insert into the database!
INFO: 2026-03-05 20:55:04,483 - FINISHED LOOP

INFO: 2026-03-05 20:56:30,953 - STARTING LOOP
INFO: 2026-03-05 20:56:30,953 - Preparing csv for database input...
INFO: 2026-03-05 21:04:41,625 - No mapper saved, need to process manually!
INFO: 2026-03-05 21:04:41,818 - DONE!
INFO: 2026-03-05 21:04:41,818 - Inserting file damir--los_angeles_opt_ins copy.csv...
WARNING: 2026-03-05 21:04:41,819 - Failed inserting new csv to database and assigning it to a project blast./nError: [Errno 2] No such file or directory: '/Users/albertoruizcajiga/python/sis_international/modules/database/files/temp/pending_database_input/damir--los_angeles_opt_ins copy.csv'
INFO: 2026-03-05 21:05:05,414 - STARTING LOOP
INFO: 2026-03-05 21:05:05,415 - Nothing to insert into the database!
INFO: 2026-03-05 21:05:05,415 - FINISHED LOOP

INFO: 2026-03-05 21:05:39,902 - STARTING LOOP
INFO: 2026-03-05 21:05:39,911 - Nothing to insert into the database!
INFO: 2026-03-05 21:05:39,911 - FINISHED LOOP

INFO: 2026-03-05 21:05:51,105 - STARTING LOOP
INFO: 2026-03-05 21:05:51,105 - Preparing csv for database input...
INFO: 2026-03-05 21:06:19,792 - No mapper saved, need to process manually!
INFO: 2026-03-05 21:06:27,797 - DONE!
INFO: 2026-03-05 21:06:27,797 - Inserting file damir--los_angeles_opt_ins copy.csv...
WARNING: 2026-03-05 21:06:27,799 - Failed inserting new csv to database and assigning it to a project blast./nError: [Errno 2] No such file or directory: '/Users/albertoruizcajiga/python/sis_international/modules/database/files/temp/pending_database_input/damir--los_angeles_opt_ins copy.csv'
INFO: 2026-03-05 21:07:31,470 - STARTING LOOP
INFO: 2026-03-05 21:07:31,471 - Preparing csv for database input...
INFO: 2026-03-05 21:07:38,941 - No mapper saved, need to process manually!
INFO: 2026-03-05 21:07:40,425 - DONE!
INFO: 2026-03-05 21:07:40,426 - Inserting file damir--los_angeles_opt_ins copy.csv...
INFO: 2026-03-05 21:07:42,664 - DONE!
INFO: 2026-03-05 21:07:43,670 - FINISHED LOOP

INFO: 2026-03-05 21:08:04,280 - STARTING LOOP
INFO: 2026-03-05 21:08:04,280 - Preparing csv for database input...
INFO: 2026-03-05 21:08:12,300 - No mapper saved, need to process manually!
INFO: 2026-03-05 21:08:13,108 - DONE!
INFO: 2026-03-05 21:08:13,108 - Inserting file damir--los_angeles_opt_ins copy.csv...
INFO: 2026-03-05 21:08:14,836 - DONE!
INFO: 2026-03-05 21:08:15,842 - FINISHED LOOP

INFO: 2026-03-05 21:08:30,919 - STARTING LOOP
INFO: 2026-03-05 21:08:30,920 - Preparing csv for database input...
INFO: 2026-03-05 21:08:38,258 - No mapper saved, need to process manually!
INFO: 2026-03-05 21:08:39,775 - DONE!
INFO: 2026-03-05 21:08:39,777 - Inserting file 174195250 - Parent & Child Study - .csv...
INFO: 2026-03-05 21:08:40,970 - DONE!
INFO: 2026-03-05 21:08:41,975 - FINISHED LOOP

INFO: 2026-03-05 21:10:07,490 - STARTING LOOP
INFO: 2026-03-05 21:10:07,490 - Inserting file 174195250 - Parent & Child Study - .csv...
INFO: 2026-03-05 21:10:08,967 - DONE!
INFO: 2026-03-05 21:10:10,041 - Inserting file 81374195 - FASNY Prospective Parents Survey - .csv...
INFO: 2026-03-05 21:10:10,213 - DONE!
INFO: 2026-03-05 21:10:11,277 - Inserting file damir--los_angeles_opt_ins.csv...
INFO: 2026-03-05 21:10:13,680 - DONE!
INFO: 2026-03-05 21:10:14,752 - FINISHED LOOP

saving new records...
inserted 0 new records
updating 542 records
saving new records...
inserted 173 new records
updating 53 records
saving new records...
inserted 0 new records
failed converting to list in the column: 
other_emails
updating 1000 records
INFO: 2026-03-05 21:15:05,442 - STARTING LOOP
INFO: 2026-03-05 21:15:05,443 - Nothing to insert into the database!
INFO: 2026-03-05 21:15:05,443 - FINISHED LOOP

INFO: 2026-03-05 21:19:10,199 - STARTING LOOP
INFO: 2026-03-05 21:19:10,199 - Inserting file 318537287 - In-person Focus Group in Los Angeles - .csv...
WARNING: 2026-03-05 21:19:10,205 - Failed inserting new csv to database and assigning it to a project blast./nError: 'projects_ids'
INFO: 2026-03-05 21:19:10,205 - Moved to failed files directory...
INFO: 2026-03-05 21:19:10,205 - FINISHED LOOP

INFO: 2026-03-05 21:20:05,979 - STARTING LOOP
INFO: 2026-03-05 21:20:05,981 - Nothing to insert into the database!
INFO: 2026-03-05 21:20:05,981 - FINISHED LOOP

INFO: 2026-03-05 21:24:21,461 - STARTING LOOP
INFO: 2026-03-05 21:24:21,462 - Inserting file 318537287 - In-person Focus Group in Los Angeles - .csv...
INFO: 2026-03-05 21:24:23,476 - DONE!
INFO: 2026-03-05 21:24:24,481 - FINISHED LOOP

INFO: 2026-03-05 22:00:24,846 - STARTING LOOP
INFO: 2026-03-05 22:00:24,847 - Nothing to insert into the database!
INFO: 2026-03-05 22:00:24,847 - FINISHED LOOP

INFO: 2026-03-05 22:05:06,701 - STARTING LOOP
INFO: 2026-03-05 22:05:06,702 - Nothing to insert into the database!
INFO: 2026-03-05 22:05:06,702 - FINISHED LOOP

INFO: 2026-03-06 05:39:57,253 - STARTING LOOP
INFO: 2026-03-06 05:39:57,255 - Nothing to insert into the database!
INFO: 2026-03-06 05:39:57,255 - FINISHED LOOP

INFO: 2026-03-06 05:40:04,536 - STARTING LOOP
INFO: 2026-03-06 05:40:04,536 - Nothing to insert into the database!
INFO: 2026-03-06 05:40:04,537 - FINISHED LOOP

INFO: 2026-03-06 05:49:25,103 - STARTING LOOP
INFO: 2026-03-06 05:49:25,104 - Nothing to insert into the database!
INFO: 2026-03-06 05:49:25,104 - FINISHED LOOP

INFO: 2026-03-06 05:58:20,318 - STARTING LOOP
INFO: 2026-03-06 05:58:20,318 - Nothing to insert into the database!
INFO: 2026-03-06 05:58:20,318 - FINISHED LOOP

INFO: 2026-03-06 06:00:16,171 - STARTING LOOP
INFO: 2026-03-06 06:00:16,172 - Nothing to insert into the database!
INFO: 2026-03-06 06:00:16,172 - FINISHED LOOP

INFO: 2026-03-06 06:40:09,927 - STARTING LOOP
INFO: 2026-03-06 06:40:09,928 - Nothing to insert into the database!
INFO: 2026-03-06 06:40:09,928 - FINISHED LOOP

INFO: 2026-03-06 06:46:27,416 - STARTING LOOP
INFO: 2026-03-06 06:46:27,416 - Nothing to insert into the database!
INFO: 2026-03-06 06:46:27,416 - FINISHED LOOP

INFO: 2026-03-06 06:51:05,032 - STARTING LOOP
INFO: 2026-03-06 06:51:05,033 - Nothing to insert into the database!
INFO: 2026-03-06 06:51:05,033 - FINISHED LOOP

INFO: 2026-03-06 06:57:29,254 - STARTING LOOP
INFO: 2026-03-06 06:57:29,255 - Nothing to insert into the database!
INFO: 2026-03-06 06:57:29,255 - FINISHED LOOP

INFO: 2026-03-06 07:04:16,272 - STARTING LOOP
INFO: 2026-03-06 07:04:16,273 - Nothing to insert into the database!
INFO: 2026-03-06 07:04:16,273 - FINISHED LOOP

INFO: 2026-03-06 07:46:54,496 - STARTING LOOP
INFO: 2026-03-06 07:46:54,496 - Nothing to insert into the database!
INFO: 2026-03-06 07:46:54,497 - FINISHED LOOP

INFO: 2026-03-06 07:50:34,212 - STARTING LOOP
INFO: 2026-03-06 07:50:34,213 - Nothing to insert into the database!
INFO: 2026-03-06 07:50:34,213 - FINISHED LOOP

INFO: 2026-03-06 07:57:34,351 - STARTING LOOP
INFO: 2026-03-06 07:57:34,352 - Nothing to insert into the database!
INFO: 2026-03-06 07:57:34,352 - FINISHED LOOP

INFO: 2026-03-06 08:01:17,070 - STARTING LOOP
INFO: 2026-03-06 08:01:17,071 - Nothing to insert into the database!
INFO: 2026-03-06 08:01:17,071 - FINISHED LOOP

INFO: 2026-03-06 08:07:01,078 - STARTING LOOP
INFO: 2026-03-06 08:07:01,079 - Nothing to insert into the database!
INFO: 2026-03-06 08:07:01,079 - FINISHED LOOP

INFO: 2026-03-06 08:12:56,021 - STARTING LOOP
INFO: 2026-03-06 08:12:56,022 - Nothing to insert into the database!
INFO: 2026-03-06 08:12:56,022 - FINISHED LOOP

INFO: 2026-03-06 08:15:05,270 - STARTING LOOP
INFO: 2026-03-06 08:15:05,271 - Nothing to insert into the database!
INFO: 2026-03-06 08:15:05,271 - FINISHED LOOP

INFO: 2026-03-06 08:54:43,486 - STARTING LOOP
INFO: 2026-03-06 08:54:43,487 - Nothing to insert into the database!
INFO: 2026-03-06 08:54:43,487 - FINISHED LOOP

INFO: 2026-03-06 08:55:04,117 - STARTING LOOP
INFO: 2026-03-06 08:55:04,117 - Nothing to insert into the database!
INFO: 2026-03-06 08:55:04,118 - FINISHED LOOP

INFO: 2026-03-06 09:19:29,703 - STARTING LOOP
INFO: 2026-03-06 09:19:29,704 - Nothing to insert into the database!
INFO: 2026-03-06 09:19:29,705 - FINISHED LOOP

INFO: 2026-03-06 09:20:04,910 - STARTING LOOP
INFO: 2026-03-06 09:20:04,910 - Nothing to insert into the database!
INFO: 2026-03-06 09:20:04,910 - FINISHED LOOP

INFO: 2026-03-06 09:30:28,013 - STARTING LOOP
INFO: 2026-03-06 09:30:28,014 - Nothing to insert into the database!
INFO: 2026-03-06 09:30:28,014 - FINISHED LOOP

INFO: 2026-03-06 09:56:34,868 - STARTING LOOP
INFO: 2026-03-06 09:56:34,869 - Nothing to insert into the database!
INFO: 2026-03-06 09:56:34,869 - FINISHED LOOP

INFO: 2026-03-06 10:02:11,302 - STARTING LOOP
INFO: 2026-03-06 10:02:11,304 - Nothing to insert into the database!
INFO: 2026-03-06 10:02:11,304 - FINISHED LOOP

INFO: 2026-03-06 10:05:07,495 - STARTING LOOP
INFO: 2026-03-06 10:05:07,497 - Nothing to insert into the database!
INFO: 2026-03-06 10:05:07,497 - FINISHED LOOP

INFO: 2026-03-06 10:10:08,268 - STARTING LOOP
INFO: 2026-03-06 10:10:08,270 - Nothing to insert into the database!
INFO: 2026-03-06 10:10:08,270 - FINISHED LOOP

INFO: 2026-03-06 10:15:04,805 - STARTING LOOP
INFO: 2026-03-06 10:15:04,807 - Nothing to insert into the database!
INFO: 2026-03-06 10:15:04,807 - FINISHED LOOP

INFO: 2026-03-06 10:20:06,612 - STARTING LOOP
INFO: 2026-03-06 10:20:06,613 - Nothing to insert into the database!
INFO: 2026-03-06 10:20:06,613 - FINISHED LOOP

INFO: 2026-03-06 10:25:06,372 - STARTING LOOP
INFO: 2026-03-06 10:25:06,373 - Nothing to insert into the database!
INFO: 2026-03-06 10:25:06,373 - FINISHED LOOP

INFO: 2026-03-06 10:30:07,729 - STARTING LOOP
INFO: 2026-03-06 10:30:07,730 - Nothing to insert into the database!
INFO: 2026-03-06 10:30:07,730 - FINISHED LOOP

INFO: 2026-03-06 10:35:06,568 - STARTING LOOP
INFO: 2026-03-06 10:35:06,569 - Nothing to insert into the database!
INFO: 2026-03-06 10:35:06,569 - FINISHED LOOP

INFO: 2026-03-06 10:40:07,342 - STARTING LOOP
INFO: 2026-03-06 10:40:07,343 - Nothing to insert into the database!
INFO: 2026-03-06 10:40:07,343 - FINISHED LOOP

INFO: 2026-03-06 10:45:05,606 - STARTING LOOP
INFO: 2026-03-06 10:45:05,608 - Nothing to insert into the database!
INFO: 2026-03-06 10:45:05,608 - FINISHED LOOP

INFO: 2026-03-06 10:50:08,216 - STARTING LOOP
INFO: 2026-03-06 10:50:08,217 - Nothing to insert into the database!
INFO: 2026-03-06 10:50:08,217 - FINISHED LOOP

INFO: 2026-03-06 10:55:06,623 - STARTING LOOP
INFO: 2026-03-06 10:55:06,624 - Nothing to insert into the database!
INFO: 2026-03-06 10:55:06,624 - FINISHED LOOP

INFO: 2026-03-06 11:00:09,799 - STARTING LOOP
INFO: 2026-03-06 11:00:09,800 - Nothing to insert into the database!
INFO: 2026-03-06 11:00:09,800 - FINISHED LOOP

INFO: 2026-03-06 11:05:07,224 - STARTING LOOP
INFO: 2026-03-06 11:05:07,225 - Nothing to insert into the database!
INFO: 2026-03-06 11:05:07,225 - FINISHED LOOP

INFO: 2026-03-06 11:10:07,557 - STARTING LOOP
INFO: 2026-03-06 11:10:07,559 - Nothing to insert into the database!
INFO: 2026-03-06 11:10:07,559 - FINISHED LOOP

INFO: 2026-03-06 11:15:06,906 - STARTING LOOP
INFO: 2026-03-06 11:15:06,907 - Nothing to insert into the database!
INFO: 2026-03-06 11:15:06,907 - FINISHED LOOP

INFO: 2026-03-06 11:20:07,387 - STARTING LOOP
INFO: 2026-03-06 11:20:07,388 - Nothing to insert into the database!
INFO: 2026-03-06 11:20:07,388 - FINISHED LOOP

INFO: 2026-03-06 11:25:07,636 - STARTING LOOP
INFO: 2026-03-06 11:25:07,638 - Nothing to insert into the database!
INFO: 2026-03-06 11:25:07,638 - FINISHED LOOP

INFO: 2026-03-06 11:30:10,775 - STARTING LOOP
INFO: 2026-03-06 11:30:10,786 - Nothing to insert into the database!
INFO: 2026-03-06 11:30:10,786 - FINISHED LOOP

INFO: 2026-03-06 11:35:07,635 - STARTING LOOP
INFO: 2026-03-06 11:35:07,636 - Nothing to insert into the database!
INFO: 2026-03-06 11:35:07,636 - FINISHED LOOP

INFO: 2026-03-06 11:41:00,253 - STARTING LOOP
INFO: 2026-03-06 11:41:00,329 - Nothing to insert into the database!
INFO: 2026-03-06 11:41:00,330 - FINISHED LOOP

INFO: 2026-03-06 11:47:25,070 - STARTING LOOP
INFO: 2026-03-06 11:47:25,071 - Nothing to insert into the database!
INFO: 2026-03-06 11:47:25,071 - FINISHED LOOP

INFO: 2026-03-06 11:50:07,700 - STARTING LOOP
INFO: 2026-03-06 11:50:07,701 - Nothing to insert into the database!
INFO: 2026-03-06 11:50:07,701 - FINISHED LOOP

INFO: 2026-03-06 11:55:07,001 - STARTING LOOP
INFO: 2026-03-06 11:55:07,002 - Inserting file drive--2009991__1495311_search_results_manager_in_new_york_2025-10-09_20251010.csv...
WARNING: 2026-03-06 11:55:07,042 - Failed inserting new csv to database and assigning it to a project blast./nError: 'projects_ids'
INFO: 2026-03-06 11:55:07,043 - Moved to failed files directory...
INFO: 2026-03-06 11:55:07,043 - Inserting file drive--2009991__NYC-list-8-6-18 IT Managers.xlsx - Sheet1.csv...
WARNING: 2026-03-06 11:55:07,052 - Failed inserting new csv to database and assigning it to a project blast./nError: 'projects_ids'
INFO: 2026-03-06 11:55:07,052 - Moved to failed files directory...
INFO: 2026-03-06 11:55:07,052 - FINISHED LOOP

INFO: 2026-03-06 12:00:07,576 - STARTING LOOP
INFO: 2026-03-06 12:00:07,577 - Nothing to insert into the database!
INFO: 2026-03-06 12:00:07,577 - FINISHED LOOP

INFO: 2026-03-06 12:05:06,937 - STARTING LOOP
INFO: 2026-03-06 12:05:06,938 - Inserting file drive--2009991__1495311_search_results_manager_in_new_york_2025-10-09_20251010.csv...
INFO: 2026-03-06 12:06:39,744 - DONE!
INFO: 2026-03-06 12:06:39,750 - Saving for project 2009991 - glassview_it
INFO: 2026-03-06 12:06:40,265 - DONE!
INFO: 2026-03-06 12:06:41,270 - Inserting file drive--2009991__NYC-list-8-6-18 IT Managers.xlsx - Sheet1.csv...
INFO: 2026-03-06 12:06:44,375 - DONE!
INFO: 2026-03-06 12:06:44,377 - Saving for project 2009991 - glassview_it
INFO: 2026-03-06 12:06:44,428 - DONE!
INFO: 2026-03-06 12:06:45,501 - FINISHED LOOP

saving new records...
inserted 790 new records
failed converting to list in the column: 
other_emails
updating 10156 records
success!
saving new records...
inserted 701 new records
failed converting to list in the column: 
other_emails
failed converting to list in the column: 
projects_ids
updating 143 records
success!
INFO: 2026-03-06 12:10:08,686 - STARTING LOOP
INFO: 2026-03-06 12:10:08,687 - Nothing to insert into the database!
INFO: 2026-03-06 12:10:08,688 - FINISHED LOOP

INFO: 2026-03-06 12:15:06,827 - STARTING LOOP
INFO: 2026-03-06 12:15:06,828 - Nothing to insert into the database!
INFO: 2026-03-06 12:15:06,828 - FINISHED LOOP

INFO: 2026-03-06 12:20:48,237 - STARTING LOOP
INFO: 2026-03-06 12:20:48,258 - Nothing to insert into the database!
INFO: 2026-03-06 12:20:48,259 - FINISHED LOOP

INFO: 2026-03-06 12:25:08,200 - STARTING LOOP
INFO: 2026-03-06 12:25:08,202 - Nothing to insert into the database!
INFO: 2026-03-06 12:25:08,202 - FINISHED LOOP

INFO: 2026-03-06 12:30:07,546 - STARTING LOOP
INFO: 2026-03-06 12:30:07,548 - Nothing to insert into the database!
INFO: 2026-03-06 12:30:07,548 - FINISHED LOOP

INFO: 2026-03-06 12:35:06,157 - STARTING LOOP
INFO: 2026-03-06 12:35:06,158 - Inserting file survey_monkey--1993744__164329821 - Kids and Family Study - Jan 2019 - Parents for Families - .csv...
INFO: 2026-03-06 12:35:07,787 - DONE!
INFO: 2026-03-06 12:35:07,789 - Saving for project 1993744 - hcr_gallup_la_past_projects_mm
INFO: 2026-03-06 12:35:07,826 - DONE!
INFO: 2026-03-06 12:35:08,887 - Inserting file survey_monkey--1993744__300680919 - Parenting and Smartphones Insights - February 2021 - .csv...
INFO: 2026-03-06 12:35:13,466 - DONE!
INFO: 2026-03-06 12:35:13,469 - Saving for project 1993744 - hcr_gallup_la_past_projects_mm
INFO: 2026-03-06 12:35:13,510 - DONE!
INFO: 2026-03-06 12:35:14,584 - FINISHED LOOP

saving new records...
inserted 0 new records
updating 520 records
success!
saving new records...
inserted 0 new records
updating 1879 records
success!
INFO: 2026-03-06 12:40:07,958 - STARTING LOOP
INFO: 2026-03-06 12:40:07,960 - Inserting file survey_monkey--1993744__160617480 - Compensated Interview for Children and Parents in Chicago - .csv...
INFO: 2026-03-06 12:40:09,086 - DONE!
INFO: 2026-03-06 12:40:09,089 - Saving for project 1993744 - hcr_gallup_la_past_projects_mm
INFO: 2026-03-06 12:40:09,124 - DONE!
INFO: 2026-03-06 12:40:10,148 - Inserting file survey_monkey--1993744__164322525 - Kids and Family Study January 2019 - Teens and Friendship - .csv...
INFO: 2026-03-06 12:40:11,276 - DONE!
INFO: 2026-03-06 12:40:11,280 - Saving for project 1993744 - hcr_gallup_la_past_projects_mm
INFO: 2026-03-06 12:40:11,351 - DONE!
INFO: 2026-03-06 12:40:12,408 - Inserting file survey_monkey--1993744__119402430 - Teen Health Study - .csv...
WARNING: 2026-03-06 12:40:12,851 - Failed inserting new csv to database and assigning it to a project blast./nError: field larger than field limit (131072)
INFO: 2026-03-06 12:40:12,852 - Moved to failed files directory...
INFO: 2026-03-06 12:40:12,852 - FINISHED LOOP

saving new records...
inserted 0 new records
failed converting to list in the column: 
projects_ids
updating 239 records
success!
saving new records...
inserted 0 new records
updating 254 records
success!
saving new records...
inserted 0 new records
failed converting to list in the column: 
projects_ids
updating 161 records
INFO: 2026-03-06 12:45:06,967 - STARTING LOOP
INFO: 2026-03-06 12:45:06,969 - Nothing to insert into the database!
INFO: 2026-03-06 12:45:06,969 - FINISHED LOOP

INFO: 2026-03-06 12:50:07,983 - STARTING LOOP
INFO: 2026-03-06 12:50:07,984 - Nothing to insert into the database!
INFO: 2026-03-06 12:50:07,984 - FINISHED LOOP

INFO: 2026-03-06 12:55:07,814 - STARTING LOOP
INFO: 2026-03-06 12:55:07,815 - Nothing to insert into the database!
INFO: 2026-03-06 12:55:07,815 - FINISHED LOOP

INFO: 2026-03-06 12:59:05,113 - STARTING LOOP
INFO: 2026-03-06 12:59:05,113 - Inserting file survey_monkey--2009991__167746885 - Security Professionals Focus Group  NYC - .csv...
WARNING: 2026-03-06 12:59:05,119 - Failed inserting new csv to database and assigning it to a project blast./nError: 'projects_ids'
INFO: 2026-03-06 12:59:05,119 - Moved to failed files directory...
INFO: 2026-03-06 12:59:05,119 - Inserting file survey_monkey--1993744__119402430 - Teen Health Study - .csv...
WARNING: 2026-03-06 12:59:05,395 - Failed inserting new csv to database and assigning it to a project blast./nError: field larger than field limit (131072)
INFO: 2026-03-06 12:59:05,395 - Moved to failed files directory...
INFO: 2026-03-06 12:59:05,395 - FINISHED LOOP

INFO: 2026-03-06 13:00:07,900 - STARTING LOOP
INFO: 2026-03-06 13:00:07,901 - Nothing to insert into the database!
INFO: 2026-03-06 13:00:07,902 - FINISHED LOOP

INFO: 2026-03-06 13:05:16,459 - STARTING LOOP
INFO: 2026-03-06 13:05:16,460 - Inserting file survey_monkey--2009991__167746885 - Security Professionals Focus Group  NYC - .csv...
INFO: 2026-03-06 13:05:17,288 - DONE!
INFO: 2026-03-06 13:05:17,289 - Saving for project 2009991 - glassview_it
INFO: 2026-03-06 13:05:17,498 - DONE!
INFO: 2026-03-06 13:05:18,539 - FINISHED LOOP

saving new records...
inserted 0 new records
failed converting to list in the column: 
projects_ids
updating 109 records
success!
INFO: 2026-03-06 13:10:09,233 - STARTING LOOP
INFO: 2026-03-06 13:10:09,235 - Nothing to insert into the database!
INFO: 2026-03-06 13:10:09,235 - FINISHED LOOP

INFO: 2026-03-06 13:15:08,495 - STARTING LOOP
INFO: 2026-03-06 13:15:08,496 - Nothing to insert into the database!
INFO: 2026-03-06 13:15:08,497 - FINISHED LOOP

INFO: 2026-03-06 13:20:09,196 - STARTING LOOP
INFO: 2026-03-06 13:20:09,198 - Nothing to insert into the database!
INFO: 2026-03-06 13:20:09,198 - FINISHED LOOP

INFO: 2026-03-06 13:25:07,587 - STARTING LOOP
INFO: 2026-03-06 13:25:07,589 - Nothing to insert into the database!
INFO: 2026-03-06 13:25:07,589 - FINISHED LOOP

INFO: 2026-03-06 13:30:09,412 - STARTING LOOP
INFO: 2026-03-06 13:30:09,413 - Nothing to insert into the database!
INFO: 2026-03-06 13:30:09,413 - FINISHED LOOP

INFO: 2026-03-06 13:35:07,011 - STARTING LOOP
INFO: 2026-03-06 13:35:07,013 - Nothing to insert into the database!
INFO: 2026-03-06 13:35:07,013 - FINISHED LOOP

INFO: 2026-03-06 13:40:07,525 - STARTING LOOP
INFO: 2026-03-06 13:40:07,526 - Nothing to insert into the database!
INFO: 2026-03-06 13:40:07,526 - FINISHED LOOP

INFO: 2026-03-06 13:45:06,548 - STARTING LOOP
INFO: 2026-03-06 13:45:06,550 - Inserting file survey_monkey--2009991__416050562 - Security Operations Study - .csv...
WARNING: 2026-03-06 13:45:06,561 - Failed inserting new csv to database and assigning it to a project blast./nError: 'projects_ids'
INFO: 2026-03-06 13:45:06,561 - Moved to failed files directory...
INFO: 2026-03-06 13:45:06,562 - FINISHED LOOP

INFO: 2026-03-06 13:50:09,651 - STARTING LOOP
INFO: 2026-03-06 13:50:09,652 - Nothing to insert into the database!
INFO: 2026-03-06 13:50:09,653 - FINISHED LOOP

INFO: 2026-03-06 13:55:08,390 - STARTING LOOP
INFO: 2026-03-06 13:55:08,392 - Nothing to insert into the database!
INFO: 2026-03-06 13:55:08,392 - FINISHED LOOP

INFO: 2026-03-06 14:00:08,151 - STARTING LOOP
INFO: 2026-03-06 14:00:08,153 - Nothing to insert into the database!
INFO: 2026-03-06 14:00:08,153 - FINISHED LOOP

INFO: 2026-03-06 14:05:10,950 - STARTING LOOP
INFO: 2026-03-06 14:05:10,951 - Nothing to insert into the database!
INFO: 2026-03-06 14:05:10,952 - FINISHED LOOP

INFO: 2026-03-06 14:10:07,142 - STARTING LOOP
INFO: 2026-03-06 14:10:07,143 - Nothing to insert into the database!
INFO: 2026-03-06 14:10:07,143 - FINISHED LOOP

INFO: 2026-03-06 14:15:08,675 - STARTING LOOP
INFO: 2026-03-06 14:15:08,676 - Nothing to insert into the database!
INFO: 2026-03-06 14:15:08,676 - FINISHED LOOP

INFO: 2026-03-06 14:20:08,169 - STARTING LOOP
INFO: 2026-03-06 14:20:08,170 - Nothing to insert into the database!
INFO: 2026-03-06 14:20:08,170 - FINISHED LOOP

INFO: 2026-03-06 14:25:07,226 - STARTING LOOP
INFO: 2026-03-06 14:25:07,227 - Nothing to insert into the database!
INFO: 2026-03-06 14:25:07,227 - FINISHED LOOP

INFO: 2026-03-06 14:30:08,411 - STARTING LOOP
INFO: 2026-03-06 14:30:08,412 - Nothing to insert into the database!
INFO: 2026-03-06 14:30:08,412 - FINISHED LOOP

INFO: 2026-03-06 14:35:07,597 - STARTING LOOP
INFO: 2026-03-06 14:35:07,598 - Nothing to insert into the database!
INFO: 2026-03-06 14:35:07,598 - FINISHED LOOP

INFO: 2026-03-06 14:40:09,446 - STARTING LOOP
INFO: 2026-03-06 14:40:09,448 - Nothing to insert into the database!
INFO: 2026-03-06 14:40:09,448 - FINISHED LOOP

INFO: 2026-03-06 14:45:09,930 - STARTING LOOP
INFO: 2026-03-06 14:45:09,932 - Nothing to insert into the database!
INFO: 2026-03-06 14:45:09,932 - FINISHED LOOP

INFO: 2026-03-06 14:50:08,056 - STARTING LOOP
INFO: 2026-03-06 14:50:08,057 - Nothing to insert into the database!
INFO: 2026-03-06 14:50:08,057 - FINISHED LOOP

INFO: 2026-03-06 14:55:10,222 - STARTING LOOP
INFO: 2026-03-06 14:55:10,223 - Nothing to insert into the database!
INFO: 2026-03-06 14:55:10,224 - FINISHED LOOP

INFO: 2026-03-06 15:00:10,422 - STARTING LOOP
INFO: 2026-03-06 15:00:10,423 - Nothing to insert into the database!
INFO: 2026-03-06 15:00:10,423 - FINISHED LOOP

INFO: 2026-03-06 15:05:10,616 - STARTING LOOP
INFO: 2026-03-06 15:05:10,618 - Nothing to insert into the database!
INFO: 2026-03-06 15:05:10,618 - FINISHED LOOP

INFO: 2026-03-06 15:10:07,582 - STARTING LOOP
INFO: 2026-03-06 15:10:07,583 - Nothing to insert into the database!
INFO: 2026-03-06 15:10:07,583 - FINISHED LOOP

INFO: 2026-03-06 15:15:06,939 - STARTING LOOP
INFO: 2026-03-06 15:15:06,941 - Inserting file snov--2002111__hlm-prison-research (1).csv...
INFO: 2026-03-06 15:15:13,847 - DONE!
INFO: 2026-03-06 15:15:13,850 - Saving for project 2002111 - hlm_prison_research
INFO: 2026-03-06 15:15:13,962 - DONE!
INFO: 2026-03-06 15:15:15,031 - FINISHED LOOP

saving new records...
inserted 2560 new records
failed converting to list in the column: 
other_emails
failed converting to list in the column: 
projects_ids
updating 443 records
success!
INFO: 2026-03-06 15:20:07,630 - STARTING LOOP
INFO: 2026-03-06 15:20:07,632 - Nothing to insert into the database!
INFO: 2026-03-06 15:20:07,632 - FINISHED LOOP

INFO: 2026-03-06 15:25:07,245 - STARTING LOOP
INFO: 2026-03-06 15:25:07,246 - Nothing to insert into the database!
INFO: 2026-03-06 15:25:07,246 - FINISHED LOOP

INFO: 2026-03-06 15:30:09,030 - STARTING LOOP
INFO: 2026-03-06 15:30:09,032 - Nothing to insert into the database!
INFO: 2026-03-06 15:30:09,032 - FINISHED LOOP

INFO: 2026-03-06 16:05:13,558 - STARTING LOOP
INFO: 2026-03-06 16:05:13,559 - Nothing to insert into the database!
INFO: 2026-03-06 16:05:13,559 - FINISHED LOOP

INFO: 2026-03-06 16:10:07,310 - STARTING LOOP
INFO: 2026-03-06 16:10:07,310 - Nothing to insert into the database!
INFO: 2026-03-06 16:10:07,310 - FINISHED LOOP

INFO: 2026-03-06 16:15:04,263 - STARTING LOOP
INFO: 2026-03-06 16:15:04,264 - Nothing to insert into the database!
INFO: 2026-03-06 16:15:04,264 - FINISHED LOOP

INFO: 2026-03-06 16:20:08,677 - STARTING LOOP
INFO: 2026-03-06 16:20:08,678 - Nothing to insert into the database!
INFO: 2026-03-06 16:20:08,678 - FINISHED LOOP

INFO: 2026-03-06 16:25:10,015 - STARTING LOOP
INFO: 2026-03-06 16:25:10,016 - Nothing to insert into the database!
INFO: 2026-03-06 16:25:10,016 - FINISHED LOOP

INFO: 2026-03-06 16:30:06,916 - STARTING LOOP
INFO: 2026-03-06 16:30:06,917 - Nothing to insert into the database!
INFO: 2026-03-06 16:30:06,917 - FINISHED LOOP

INFO: 2026-03-06 16:35:06,942 - STARTING LOOP
INFO: 2026-03-06 16:35:06,944 - Nothing to insert into the database!
INFO: 2026-03-06 16:35:06,944 - FINISHED LOOP

INFO: 2026-03-06 16:40:08,600 - STARTING LOOP
INFO: 2026-03-06 16:40:08,601 - Nothing to insert into the database!
INFO: 2026-03-06 16:40:08,601 - FINISHED LOOP

INFO: 2026-03-06 16:45:05,698 - STARTING LOOP
INFO: 2026-03-06 16:45:05,700 - Nothing to insert into the database!
INFO: 2026-03-06 16:45:05,700 - FINISHED LOOP

INFO: 2026-03-06 16:50:05,096 - STARTING LOOP
INFO: 2026-03-06 16:50:05,098 - Nothing to insert into the database!
INFO: 2026-03-06 16:50:05,098 - FINISHED LOOP

INFO: 2026-03-06 16:55:05,960 - STARTING LOOP
INFO: 2026-03-06 16:55:05,961 - Nothing to insert into the database!
INFO: 2026-03-06 16:55:05,961 - FINISHED LOOP

INFO: 2026-03-06 17:00:07,276 - STARTING LOOP
INFO: 2026-03-06 17:00:07,278 - Nothing to insert into the database!
INFO: 2026-03-06 17:00:07,278 - FINISHED LOOP

INFO: 2026-03-06 17:05:07,906 - STARTING LOOP
INFO: 2026-03-06 17:05:07,908 - Nothing to insert into the database!
INFO: 2026-03-06 17:05:07,908 - FINISHED LOOP

INFO: 2026-03-06 17:10:11,162 - STARTING LOOP
INFO: 2026-03-06 17:10:11,165 - Nothing to insert into the database!
INFO: 2026-03-06 17:10:11,166 - FINISHED LOOP

INFO: 2026-03-06 17:15:08,016 - STARTING LOOP
INFO: 2026-03-06 17:15:08,018 - Nothing to insert into the database!
INFO: 2026-03-06 17:15:08,018 - FINISHED LOOP

INFO: 2026-03-06 17:20:06,369 - STARTING LOOP
INFO: 2026-03-06 17:20:06,370 - Nothing to insert into the database!
INFO: 2026-03-06 17:20:06,370 - FINISHED LOOP

INFO: 2026-03-06 17:25:05,488 - STARTING LOOP
INFO: 2026-03-06 17:25:05,489 - Nothing to insert into the database!
INFO: 2026-03-06 17:25:05,489 - FINISHED LOOP

INFO: 2026-03-06 17:30:05,910 - STARTING LOOP
INFO: 2026-03-06 17:30:05,911 - Nothing to insert into the database!
INFO: 2026-03-06 17:30:05,911 - FINISHED LOOP

INFO: 2026-03-06 17:35:06,420 - STARTING LOOP
INFO: 2026-03-06 17:35:06,422 - Nothing to insert into the database!
INFO: 2026-03-06 17:35:06,422 - FINISHED LOOP

INFO: 2026-03-06 17:40:06,709 - STARTING LOOP
INFO: 2026-03-06 17:40:06,711 - Nothing to insert into the database!
INFO: 2026-03-06 17:40:06,711 - FINISHED LOOP

INFO: 2026-03-06 17:45:04,184 - STARTING LOOP
INFO: 2026-03-06 17:45:04,185 - Nothing to insert into the database!
INFO: 2026-03-06 17:45:04,185 - FINISHED LOOP

INFO: 2026-03-06 17:50:05,360 - STARTING LOOP
INFO: 2026-03-06 17:50:05,361 - Nothing to insert into the database!
INFO: 2026-03-06 17:50:05,361 - FINISHED LOOP

INFO: 2026-03-06 17:55:04,825 - STARTING LOOP
INFO: 2026-03-06 17:55:04,826 - Nothing to insert into the database!
INFO: 2026-03-06 17:55:04,827 - FINISHED LOOP

INFO: 2026-03-06 18:00:05,934 - STARTING LOOP
INFO: 2026-03-06 18:00:05,935 - Nothing to insert into the database!
INFO: 2026-03-06 18:00:05,935 - FINISHED LOOP

INFO: 2026-03-06 18:05:04,347 - STARTING LOOP
INFO: 2026-03-06 18:05:04,348 - Nothing to insert into the database!
INFO: 2026-03-06 18:05:04,348 - FINISHED LOOP

INFO: 2026-03-06 18:10:07,629 - STARTING LOOP
INFO: 2026-03-06 18:10:07,631 - Nothing to insert into the database!
INFO: 2026-03-06 18:10:07,631 - FINISHED LOOP

INFO: 2026-03-06 18:15:06,859 - STARTING LOOP
INFO: 2026-03-06 18:15:06,861 - Nothing to insert into the database!
INFO: 2026-03-06 18:15:06,861 - FINISHED LOOP

INFO: 2026-03-06 18:20:06,982 - STARTING LOOP
INFO: 2026-03-06 18:20:06,983 - Nothing to insert into the database!
INFO: 2026-03-06 18:20:06,984 - FINISHED LOOP

INFO: 2026-03-06 18:56:30,427 - STARTING LOOP
INFO: 2026-03-06 18:56:30,428 - Nothing to insert into the database!
INFO: 2026-03-06 18:56:30,428 - FINISHED LOOP

INFO: 2026-03-06 19:02:12,798 - STARTING LOOP
INFO: 2026-03-06 19:02:12,799 - Nothing to insert into the database!
INFO: 2026-03-06 19:02:12,799 - FINISHED LOOP

INFO: 2026-03-07 01:30:09,231 - STARTING LOOP
INFO: 2026-03-07 01:30:09,233 - Nothing to insert into the database!
INFO: 2026-03-07 01:30:09,233 - FINISHED LOOP

INFO: 2026-03-07 03:30:05,596 - STARTING LOOP
INFO: 2026-03-07 03:30:05,597 - Nothing to insert into the database!
INFO: 2026-03-07 03:30:05,597 - FINISHED LOOP

INFO: 2026-03-07 05:10:05,011 - STARTING LOOP
INFO: 2026-03-07 05:10:05,013 - Nothing to insert into the database!
INFO: 2026-03-07 05:10:05,013 - FINISHED LOOP

INFO: 2026-03-07 08:25:04,881 - STARTING LOOP
INFO: 2026-03-07 08:25:04,882 - Nothing to insert into the database!
INFO: 2026-03-07 08:25:04,882 - FINISHED LOOP

INFO: 2026-03-07 14:52:47,943 - STARTING LOOP
INFO: 2026-03-07 14:52:47,944 - Nothing to insert into the database!
INFO: 2026-03-07 14:52:47,944 - FINISHED LOOP

INFO: 2026-03-07 14:55:04,025 - STARTING LOOP
INFO: 2026-03-07 14:55:04,027 - Nothing to insert into the database!
INFO: 2026-03-07 14:55:04,027 - FINISHED LOOP

INFO: 2026-03-07 15:26:13,202 - STARTING LOOP
INFO: 2026-03-07 15:26:13,203 - Nothing to insert into the database!
INFO: 2026-03-07 15:26:13,203 - FINISHED LOOP

INFO: 2026-03-07 15:26:18,013 - STARTING LOOP
INFO: 2026-03-07 15:26:18,035 - Nothing to insert into the database!
INFO: 2026-03-07 15:26:18,036 - FINISHED LOOP

INFO: 2026-03-07 17:20:06,268 - STARTING LOOP
INFO: 2026-03-07 17:20:06,269 - Nothing to insert into the database!
INFO: 2026-03-07 17:20:06,269 - FINISHED LOOP

INFO: 2026-03-07 19:35:06,291 - STARTING LOOP
INFO: 2026-03-07 19:35:06,292 - Nothing to insert into the database!
INFO: 2026-03-07 19:35:06,293 - FINISHED LOOP

INFO: 2026-03-07 21:07:36,700 - STARTING LOOP
INFO: 2026-03-07 21:07:36,703 - Nothing to insert into the database!
INFO: 2026-03-07 21:07:36,703 - FINISHED LOOP

INFO: 2026-03-07 21:25:04,219 - STARTING LOOP
INFO: 2026-03-07 21:25:04,219 - Nothing to insert into the database!
INFO: 2026-03-07 21:25:04,219 - FINISHED LOOP

INFO: 2026-03-07 23:20:07,339 - STARTING LOOP
INFO: 2026-03-07 23:20:07,340 - Nothing to insert into the database!
INFO: 2026-03-07 23:20:07,340 - FINISHED LOOP

INFO: 2026-03-08 04:34:05,636 - STARTING LOOP
INFO: 2026-03-08 04:34:05,637 - Nothing to insert into the database!
INFO: 2026-03-08 04:34:05,638 - FINISHED LOOP

INFO: 2026-03-08 07:42:53,845 - STARTING LOOP
INFO: 2026-03-08 07:42:53,847 - Nothing to insert into the database!
INFO: 2026-03-08 07:42:53,847 - FINISHED LOOP

INFO: 2026-03-08 07:45:03,688 - STARTING LOOP
INFO: 2026-03-08 07:45:03,688 - Nothing to insert into the database!
INFO: 2026-03-08 07:45:03,688 - FINISHED LOOP

INFO: 2026-03-08 09:36:08,693 - STARTING LOOP
INFO: 2026-03-08 09:36:08,694 - Nothing to insert into the database!
INFO: 2026-03-08 09:36:08,694 - FINISHED LOOP

INFO: 2026-03-08 10:00:15,935 - STARTING LOOP
INFO: 2026-03-08 10:00:15,936 - Nothing to insert into the database!
INFO: 2026-03-08 10:00:15,936 - FINISHED LOOP

INFO: 2026-03-08 10:04:21,374 - STARTING LOOP
INFO: 2026-03-08 10:04:21,374 - Nothing to insert into the database!
INFO: 2026-03-08 10:04:21,374 - FINISHED LOOP

INFO: 2026-03-08 10:15:09,254 - STARTING LOOP
INFO: 2026-03-08 10:15:09,255 - Nothing to insert into the database!
INFO: 2026-03-08 10:15:09,255 - FINISHED LOOP

INFO: 2026-03-08 10:15:12,789 - STARTING LOOP
INFO: 2026-03-08 10:15:12,790 - Nothing to insert into the database!
INFO: 2026-03-08 10:15:12,790 - FINISHED LOOP

INFO: 2026-03-08 10:30:51,248 - STARTING LOOP
INFO: 2026-03-08 10:30:51,249 - Nothing to insert into the database!
INFO: 2026-03-08 10:30:51,249 - FINISHED LOOP

INFO: 2026-03-08 10:50:06,469 - STARTING LOOP
INFO: 2026-03-08 10:50:06,470 - Nothing to insert into the database!
INFO: 2026-03-08 10:50:06,470 - FINISHED LOOP

INFO: 2026-03-08 11:10:08,044 - STARTING LOOP
INFO: 2026-03-08 11:10:08,046 - Nothing to insert into the database!
INFO: 2026-03-08 11:10:08,046 - FINISHED LOOP

INFO: 2026-03-08 11:18:19,615 - STARTING LOOP
INFO: 2026-03-08 11:18:19,616 - Nothing to insert into the database!
INFO: 2026-03-08 11:18:19,616 - FINISHED LOOP

INFO: 2026-03-08 12:47:00,913 - STARTING LOOP
INFO: 2026-03-08 12:47:00,914 - Nothing to insert into the database!
INFO: 2026-03-08 12:47:00,914 - FINISHED LOOP

INFO: 2026-03-08 13:40:05,486 - STARTING LOOP
INFO: 2026-03-08 13:40:05,486 - Nothing to insert into the database!
INFO: 2026-03-08 13:40:05,486 - FINISHED LOOP

INFO: 2026-03-08 15:25:05,154 - STARTING LOOP
INFO: 2026-03-08 15:25:05,156 - Nothing to insert into the database!
INFO: 2026-03-08 15:25:05,156 - FINISHED LOOP

INFO: 2026-03-08 15:55:05,058 - STARTING LOOP
INFO: 2026-03-08 15:55:05,059 - Nothing to insert into the database!
INFO: 2026-03-08 15:55:05,059 - FINISHED LOOP

INFO: 2026-03-08 17:05:04,738 - STARTING LOOP
INFO: 2026-03-08 17:05:04,740 - Nothing to insert into the database!
INFO: 2026-03-08 17:05:04,740 - FINISHED LOOP

INFO: 2026-03-08 18:54:43,942 - STARTING LOOP
INFO: 2026-03-08 18:54:43,943 - Nothing to insert into the database!
INFO: 2026-03-08 18:54:43,943 - FINISHED LOOP

INFO: 2026-03-08 18:55:03,545 - STARTING LOOP
INFO: 2026-03-08 18:55:03,545 - Nothing to insert into the database!
INFO: 2026-03-08 18:55:03,545 - FINISHED LOOP

INFO: 2026-03-08 20:35:05,882 - STARTING LOOP
INFO: 2026-03-08 20:35:05,883 - Nothing to insert into the database!
INFO: 2026-03-08 20:35:05,883 - FINISHED LOOP

INFO: 2026-03-08 21:39:04,734 - STARTING LOOP
INFO: 2026-03-08 21:39:04,735 - Nothing to insert into the database!
INFO: 2026-03-08 21:39:04,735 - FINISHED LOOP

INFO: 2026-03-08 21:40:05,017 - STARTING LOOP
INFO: 2026-03-08 21:40:05,018 - Nothing to insert into the database!
INFO: 2026-03-08 21:40:05,018 - FINISHED LOOP

INFO: 2026-03-09 05:50:44,447 - STARTING LOOP
INFO: 2026-03-09 05:50:44,449 - Nothing to insert into the database!
INFO: 2026-03-09 05:50:44,449 - FINISHED LOOP

INFO: 2026-03-09 05:50:48,230 - STARTING LOOP
INFO: 2026-03-09 05:50:48,231 - Nothing to insert into the database!
INFO: 2026-03-09 05:50:48,231 - FINISHED LOOP

INFO: 2026-03-09 06:31:16,136 - STARTING LOOP
INFO: 2026-03-09 06:31:16,137 - Nothing to insert into the database!
INFO: 2026-03-09 06:31:16,138 - FINISHED LOOP

INFO: 2026-03-09 09:00:09,662 - STARTING LOOP
INFO: 2026-03-09 09:00:09,663 - Nothing to insert into the database!
INFO: 2026-03-09 09:00:09,663 - FINISHED LOOP

INFO: 2026-03-09 09:05:06,391 - STARTING LOOP
INFO: 2026-03-09 09:05:06,393 - Nothing to insert into the database!
INFO: 2026-03-09 09:05:06,393 - FINISHED LOOP

INFO: 2026-03-09 09:10:06,135 - STARTING LOOP
INFO: 2026-03-09 09:10:06,136 - Nothing to insert into the database!
INFO: 2026-03-09 09:10:06,136 - FINISHED LOOP

INFO: 2026-03-09 09:15:07,881 - STARTING LOOP
INFO: 2026-03-09 09:15:07,882 - Nothing to insert into the database!
INFO: 2026-03-09 09:15:07,882 - FINISHED LOOP

INFO: 2026-03-09 09:20:07,133 - STARTING LOOP
INFO: 2026-03-09 09:20:07,134 - Nothing to insert into the database!
INFO: 2026-03-09 09:20:07,135 - FINISHED LOOP

INFO: 2026-03-09 09:25:07,905 - STARTING LOOP
INFO: 2026-03-09 09:25:07,907 - Nothing to insert into the database!
INFO: 2026-03-09 09:25:07,907 - FINISHED LOOP

INFO: 2026-03-09 09:30:07,016 - STARTING LOOP
INFO: 2026-03-09 09:30:07,018 - Nothing to insert into the database!
INFO: 2026-03-09 09:30:07,018 - FINISHED LOOP

INFO: 2026-03-09 09:35:08,699 - STARTING LOOP
INFO: 2026-03-09 09:35:08,700 - Nothing to insert into the database!
INFO: 2026-03-09 09:35:08,701 - FINISHED LOOP

INFO: 2026-03-09 09:40:08,794 - STARTING LOOP
INFO: 2026-03-09 09:40:08,796 - Nothing to insert into the database!
INFO: 2026-03-09 09:40:08,796 - FINISHED LOOP

INFO: 2026-03-09 09:45:07,138 - STARTING LOOP
INFO: 2026-03-09 09:45:07,140 - Nothing to insert into the database!
INFO: 2026-03-09 09:45:07,140 - FINISHED LOOP

INFO: 2026-03-09 09:50:06,842 - STARTING LOOP
INFO: 2026-03-09 09:50:06,844 - Nothing to insert into the database!
INFO: 2026-03-09 09:50:06,844 - FINISHED LOOP

INFO: 2026-03-09 09:55:08,404 - STARTING LOOP
INFO: 2026-03-09 09:55:08,406 - Nothing to insert into the database!
INFO: 2026-03-09 09:55:08,406 - FINISHED LOOP

INFO: 2026-03-09 10:00:08,514 - STARTING LOOP
INFO: 2026-03-09 10:00:08,515 - Nothing to insert into the database!
INFO: 2026-03-09 10:00:08,515 - FINISHED LOOP

INFO: 2026-03-09 10:05:07,288 - STARTING LOOP
INFO: 2026-03-09 10:05:07,290 - Nothing to insert into the database!
INFO: 2026-03-09 10:05:07,290 - FINISHED LOOP

INFO: 2026-03-09 10:10:07,386 - STARTING LOOP
INFO: 2026-03-09 10:10:07,388 - Nothing to insert into the database!
INFO: 2026-03-09 10:10:07,388 - FINISHED LOOP

INFO: 2026-03-09 10:15:05,668 - STARTING LOOP
INFO: 2026-03-09 10:15:05,670 - Nothing to insert into the database!
INFO: 2026-03-09 10:15:05,670 - FINISHED LOOP

INFO: 2026-03-09 10:20:08,122 - STARTING LOOP
INFO: 2026-03-09 10:20:08,123 - Nothing to insert into the database!
INFO: 2026-03-09 10:20:08,124 - FINISHED LOOP

INFO: 2026-03-09 10:31:36,332 - STARTING LOOP
INFO: 2026-03-09 10:31:36,334 - Nothing to insert into the database!
INFO: 2026-03-09 10:31:36,334 - FINISHED LOOP

INFO: 2026-03-09 10:35:08,611 - STARTING LOOP
INFO: 2026-03-09 10:35:08,612 - Nothing to insert into the database!
INFO: 2026-03-09 10:35:08,613 - FINISHED LOOP

INFO: 2026-03-09 10:40:08,632 - STARTING LOOP
INFO: 2026-03-09 10:40:08,633 - Inserting file internal_db--1995971__usa_leaders_and_decision_makers_db.csv...
WARNING: 2026-03-09 10:44:28,118 - Failed inserting new csv to database and assigning it to a project blast./nError: near "-": syntax error
INFO: 2026-03-09 10:44:28,120 - Moved to failed files directory...
INFO: 2026-03-09 10:44:28,155 - Inserting file internal_db--1995971__usa_investment_manager_db.csv...
WARNING: 2026-03-09 10:44:29,904 - Failed inserting new csv to database and assigning it to a project blast./nError: near "-": syntax error
INFO: 2026-03-09 10:44:29,904 - Moved to failed files directory...
INFO: 2026-03-09 10:44:29,905 - Inserting file internal_db--1995971__usa_csuite_db.csv...
WARNING: 2026-03-09 10:44:38,546 - Failed inserting new csv to database and assigning it to a project blast./nError: near "-": syntax error
INFO: 2026-03-09 10:44:38,547 - Moved to failed files directory...
INFO: 2026-03-09 10:44:38,549 - FINISHED LOOP

saving new records...
saving new records...
saving new records...
INFO: 2026-03-09 10:45:07,886 - STARTING LOOP
INFO: 2026-03-09 10:45:07,887 - Nothing to insert into the database!
INFO: 2026-03-09 10:45:07,887 - FINISHED LOOP

INFO: 2026-03-09 10:50:09,307 - STARTING LOOP
INFO: 2026-03-09 10:50:09,307 - Nothing to insert into the database!
INFO: 2026-03-09 10:50:09,308 - FINISHED LOOP

INFO: 2026-03-09 10:55:06,792 - STARTING LOOP
INFO: 2026-03-09 10:55:06,794 - Inserting file internal_db--1995971__usa_leaders_and_decision_makers_db.csv...
WARNING: 2026-03-09 10:55:06,850 - Failed inserting new csv to database and assigning it to a project blast./nError: 'projects_ids'
INFO: 2026-03-09 10:55:06,851 - Moved to failed files directory...
INFO: 2026-03-09 10:55:06,855 - Inserting file internal_db--1995971__usa_investment_manager_db.csv...
WARNING: 2026-03-09 10:55:06,862 - Failed inserting new csv to database and assigning it to a project blast./nError: 'projects_ids'
INFO: 2026-03-09 10:55:06,864 - Moved to failed files directory...
INFO: 2026-03-09 10:55:06,865 - Inserting file internal_db--1995971__usa_csuite_db.csv...
WARNING: 2026-03-09 10:55:06,871 - Failed inserting new csv to database and assigning it to a project blast./nError: 'projects_ids'
INFO: 2026-03-09 10:55:06,872 - Moved to failed files directory...
INFO: 2026-03-09 10:55:06,872 - FINISHED LOOP

INFO: 2026-03-09 10:57:01,089 - STARTING LOOP
INFO: 2026-03-09 10:57:01,090 - Inserting file internal_db--1995971__usa_leaders_and_decision_makers_db.csv...
INFO: 2026-03-09 11:00:01,931 - DONE!
INFO: 2026-03-09 11:00:01,936 - Saving for project 1995971 - Vanguardcharitable
INFO: 2026-03-09 11:00:02,844 - DONE!
INFO: 2026-03-09 11:00:03,852 - Inserting file internal_db--1995971__usa_investment_manager_db.csv...
INFO: 2026-03-09 11:00:05,314 - DONE!
INFO: 2026-03-09 11:00:05,315 - Saving for project 1995971 - Vanguardcharitable
INFO: 2026-03-09 11:00:05,442 - DONE!
INFO: 2026-03-09 11:00:06,443 - Inserting file internal_db--1995971__usa_csuite_db.csv...
INFO: 2026-03-09 11:00:13,751 - DONE!
INFO: 2026-03-09 11:00:13,752 - Saving for project 1995971 - Vanguardcharitable
INFO: 2026-03-09 11:00:13,984 - DONE!
INFO: 2026-03-09 11:00:14,989 - FINISHED LOOP

INFO: 2026-03-09 11:00:16,897 - STARTING LOOP
INFO: 2026-03-09 11:00:16,897 - Nothing to insert into the database!
INFO: 2026-03-09 11:00:16,897 - FINISHED LOOP

INFO: 2026-03-09 11:05:07,402 - STARTING LOOP
INFO: 2026-03-09 11:05:07,404 - Nothing to insert into the database!
INFO: 2026-03-09 11:05:07,404 - FINISHED LOOP

INFO: 2026-03-09 11:13:04,248 - STARTING LOOP
INFO: 2026-03-09 11:13:04,249 - Nothing to insert into the database!
INFO: 2026-03-09 11:13:04,249 - FINISHED LOOP

INFO: 2026-03-09 11:15:04,703 - STARTING LOOP
INFO: 2026-03-09 11:15:04,704 - Nothing to insert into the database!
INFO: 2026-03-09 11:15:04,704 - FINISHED LOOP

INFO: 2026-03-09 11:20:09,301 - STARTING LOOP
INFO: 2026-03-09 11:20:09,302 - Nothing to insert into the database!
INFO: 2026-03-09 11:20:09,303 - FINISHED LOOP

INFO: 2026-03-09 11:25:07,183 - STARTING LOOP
INFO: 2026-03-09 11:25:07,185 - Nothing to insert into the database!
INFO: 2026-03-09 11:25:07,185 - FINISHED LOOP

INFO: 2026-03-09 11:30:10,186 - STARTING LOOP
INFO: 2026-03-09 11:30:10,188 - Nothing to insert into the database!
INFO: 2026-03-09 11:30:10,189 - FINISHED LOOP

INFO: 2026-03-09 11:35:07,541 - STARTING LOOP
INFO: 2026-03-09 11:35:07,542 - Nothing to insert into the database!
INFO: 2026-03-09 11:35:07,542 - FINISHED LOOP

INFO: 2026-03-09 11:40:09,428 - STARTING LOOP
INFO: 2026-03-09 11:40:09,429 - Nothing to insert into the database!
INFO: 2026-03-09 11:40:09,429 - FINISHED LOOP

INFO: 2026-03-09 11:45:06,314 - STARTING LOOP
INFO: 2026-03-09 11:45:06,315 - Nothing to insert into the database!
INFO: 2026-03-09 11:45:06,315 - FINISHED LOOP

INFO: 2026-03-09 11:50:07,394 - STARTING LOOP
INFO: 2026-03-09 11:50:07,396 - Nothing to insert into the database!
INFO: 2026-03-09 11:50:07,396 - FINISHED LOOP

INFO: 2026-03-09 11:57:29,324 - STARTING LOOP
INFO: 2026-03-09 11:57:29,325 - Nothing to insert into the database!
INFO: 2026-03-09 11:57:29,325 - FINISHED LOOP

INFO: 2026-03-09 12:07:38,011 - STARTING LOOP
INFO: 2026-03-09 12:07:38,013 - Nothing to insert into the database!
INFO: 2026-03-09 12:07:38,013 - FINISHED LOOP

INFO: 2026-03-09 12:10:09,729 - STARTING LOOP
INFO: 2026-03-09 12:10:09,730 - Nothing to insert into the database!
INFO: 2026-03-09 12:10:09,731 - FINISHED LOOP

INFO: 2026-03-09 12:15:07,080 - STARTING LOOP
INFO: 2026-03-09 12:15:07,081 - Nothing to insert into the database!
INFO: 2026-03-09 12:15:07,081 - FINISHED LOOP

INFO: 2026-03-09 12:20:07,416 - STARTING LOOP
INFO: 2026-03-09 12:20:07,418 - Nothing to insert into the database!
INFO: 2026-03-09 12:20:07,418 - FINISHED LOOP

INFO: 2026-03-09 12:25:06,843 - STARTING LOOP
INFO: 2026-03-09 12:25:06,844 - Inserting file 513711849 - $350 Compensated Research with Business Professionals - US Bank UXR-1989 .csv...
INFO: 2026-03-09 12:25:07,031 - DONE!
INFO: 2026-03-09 12:25:08,101 - FINISHED LOOP

saving new records...
inserted 0 new records
failed converting to list in the column: 
projects_ids
updating 25 records
INFO: 2026-03-09 12:30:05,927 - STARTING LOOP
INFO: 2026-03-09 12:30:05,928 - Inserting file 519244878 - Compensated Interview with Business Professionals - USA - #111978 - US Bank - Professional Services.csv...
INFO: 2026-03-09 12:30:06,698 - DONE!
INFO: 2026-03-09 12:30:07,706 - Inserting file 512832406 - $300 Compensated Research with Business Professionals - US Bank Payment Study.csv...
INFO: 2026-03-09 12:30:07,991 - DONE!
INFO: 2026-03-09 12:30:09,005 - Inserting file 514818490 - $250 Compensated Research with Business Professionals - US Bank Corporate Website Design.csv...
INFO: 2026-03-09 12:30:09,133 - DONE!
INFO: 2026-03-09 12:30:10,201 - FINISHED LOOP

saving new records...
inserted 3 new records
failed converting to list in the column: 
projects_ids
updating 131 records
saving new records...
inserted 0 new records
failed converting to list in the column: 
projects_ids
updating 49 records
saving new records...
inserted 0 new records
failed converting to list in the column: 
projects_ids
updating 29 records
INFO: 2026-03-09 12:35:04,882 - STARTING LOOP
INFO: 2026-03-09 12:35:04,883 - Inserting file 416228288 - $250 Compensated Research with Business Professionals - US Bank #119826 and #119827.csv...
WARNING: 2026-03-09 12:35:05,268 - Failed inserting new csv to database and assigning it to a project blast./nError: field larger than field limit (131072)
INFO: 2026-03-09 12:35:05,268 - Moved to failed files directory...
INFO: 2026-03-09 12:35:05,269 - Inserting file 511439054 - $350 Compensated Research with Business Professionals in Treasury Management - US Bank Virtual Account.csv...
WARNING: 2026-03-09 12:35:05,273 - Failed inserting new csv to database and assigning it to a project blast./nError: 'projects_ids'
INFO: 2026-03-09 12:35:05,274 - Moved to failed files directory...
INFO: 2026-03-09 12:35:05,274 - Inserting file 511689629 - $250 Compensated Research with Business Professionals - US Bank III (Bill Pay Hub).csv...
INFO: 2026-03-09 12:35:05,372 - DONE!
INFO: 2026-03-09 12:35:06,444 - Inserting file 513217427 - $350 Compensated Research with Business Professionals - US Bank Single Point Study.csv...
INFO: 2026-03-09 12:35:06,530 - DONE!
INFO: 2026-03-09 12:35:07,599 - FINISHED LOOP

saving new records...
inserted 0 new records
failed converting to list in the column: 
projects_ids
updating 175 records
saving new records...
inserted 0 new records
failed converting to list in the column: 
projects_ids
updating 18 records
saving new records...
inserted 0 new records
failed converting to list in the column: 
projects_ids
updating 14 records
INFO: 2026-03-09 12:40:05,678 - STARTING LOOP
INFO: 2026-03-09 12:40:05,679 - Inserting file 514245758 - $250 Compensated Research with Business Professionals - US Bank Persona Research.csv...
INFO: 2026-03-09 12:40:05,812 - DONE!
INFO: 2026-03-09 12:40:06,885 - Inserting file 411949361 - Compensated Research with Business Professionals | $250 - USA - #99903 - US Bank - Brand Refresh Mood Board Testing.csv...
INFO: 2026-03-09 12:40:07,196 - DONE!
INFO: 2026-03-09 12:40:08,245 - Inserting file 518665565 - Research with Business Professionals - USA - #111163 - US Bank - Data Visualization Research.csv...
INFO: 2026-03-09 12:40:08,411 - DONE!
INFO: 2026-03-09 12:40:09,484 - Inserting file 520650989 - $250 Compensated Research with Business Professionals - US Bank #119362.csv...
WARNING: 2026-03-09 12:40:09,897 - Failed inserting new csv to database and assigning it to a project blast./nError: field larger than field limit (131072)
INFO: 2026-03-09 12:40:09,898 - Moved to failed files directory...
INFO: 2026-03-09 12:40:09,899 - FINISHED LOOP

saving new records...
inserted 0 new records
updating 18 records
saving new records...
inserted 0 new records
failed converting to list in the column: 
projects_ids
updating 52 records
saving new records...
inserted 1 new records
failed converting to list in the column: 
projects_ids
updating 37 records
saving new records...
inserted 0 new records
failed converting to list in the column: 
projects_ids
updating 199 records
INFO: 2026-03-09 12:45:05,015 - STARTING LOOP
INFO: 2026-03-09 12:45:05,016 - Inserting file 406433601 - $350 Compensated Research with Business Professionals - US Bank Usability Testing.csv...
INFO: 2026-03-09 12:45:05,275 - DONE!
INFO: 2026-03-09 12:45:06,349 - Inserting file 407300752 - $350 Compensated Research with Business Professionals - US Bank Loan Accounts.csv...
INFO: 2026-03-09 12:45:06,750 - DONE!
INFO: 2026-03-09 12:45:07,816 - Inserting file 414220621 - Testing Insights - Research with Business Professionals - USA - #112082 - US Bank - CCB Homepage User Testing.csv...
INFO: 2026-03-09 12:45:08,134 - DONE!
INFO: 2026-03-09 12:45:09,208 - FINISHED LOOP

saving new records...
inserted 0 new records
failed converting to list in the column: 
projects_ids
updating 51 records
saving new records...
inserted 0 new records
failed converting to list in the column: 
projects_ids
updating 85 records
saving new records...
inserted 1 new records
failed converting to list in the column: 
projects_ids
updating 70 records
INFO: 2026-03-09 13:25:07,407 - STARTING LOOP
INFO: 2026-03-09 13:25:07,409 - Inserting file 411259504 - Compensated Interview with Business Professionals - $350 Compensation - US Bank CCB and CFO Insights.csv...
INFO: 2026-03-09 13:25:07,568 - DONE!
INFO: 2026-03-09 13:25:08,640 - Inserting file 412468499 - Bank Products Research - US Bank - HUB Account - #100198.csv...
INFO: 2026-03-09 13:25:08,832 - DONE!
INFO: 2026-03-09 13:25:09,900 - Inserting file 516688250 - $250 Compensated Research with Business Professionals - US Bank DRE-1853 #99685.csv...
INFO: 2026-03-09 13:25:10,031 - DONE!
INFO: 2026-03-09 13:25:11,052 - Inserting file 412417387 - Finance Professionals - USA - US Bank - ACH Returns #100249.csv...
INFO: 2026-03-09 13:25:11,208 - DONE!
INFO: 2026-03-09 13:25:12,280 - Inserting file 515914623 - $225 Compensated Research with Business Professionals - US Bank Corporate Connect Dashboard Usability Bid.csv...
INFO: 2026-03-09 13:25:12,353 - DONE!
INFO: 2026-03-09 13:25:13,416 - Inserting file 518085204 - $250 Compensated Research with Business Professionals - US Bank - Stop Check Payments Usability Testin DRE-1859 #110265.csv...
INFO: 2026-03-09 13:25:13,600 - DONE!
INFO: 2026-03-09 13:25:14,674 - FINISHED LOOP

saving new records...
inserted 0 new records
updating 20 records
saving new records...
inserted 0 new records
updating 32 records
saving new records...
inserted 0 new records
failed converting to list in the column: 
projects_ids
updating 20 records
saving new records...
inserted 1 new records
updating 42 records
saving new records...
inserted 0 new records
updating 16 records
saving new records...
inserted 1 new records
failed converting to list in the column: 
projects_ids
updating 69 records
INFO: 2026-03-09 13:30:06,596 - STARTING LOOP
INFO: 2026-03-09 13:30:06,598 - Inserting file 513248205 - $350 Compensated Research with Business Professionals - US Bank FedNow.csv...
INFO: 2026-03-09 13:30:06,946 - DONE!
INFO: 2026-03-09 13:30:07,988 - Inserting file 411779487 - $250 Compensated Research with Business Professionals - US Bank Empathy Interviews #99194.csv...
INFO: 2026-03-09 13:30:08,920 - DONE!
INFO: 2026-03-09 13:30:09,941 - Inserting file 513350440 - $300 Compensated Research with Business Professionals - US Bank CashVault.csv...
INFO: 2026-03-09 13:30:10,033 - DONE!
INFO: 2026-03-09 13:30:11,077 - Inserting file 410543610 - $300 Compensated Research with Business Professionals - US Bank SinglePoint Part 2.0.csv...
INFO: 2026-03-09 13:30:11,144 - DONE!
INFO: 2026-03-09 13:30:12,199 - FINISHED LOOP

saving new records...
inserted 0 new records
failed converting to list in the column: 
projects_ids
updating 34 records
saving new records...
inserted 0 new records
failed converting to list in the column: 
projects_ids
updating 205 records
saving new records...
inserted 0 new records
failed converting to list in the column: 
projects_ids
updating 18 records
saving new records...
inserted 0 new records
failed converting to list in the column: 
projects_ids
updating 9 records
INFO: 2026-03-09 13:35:04,538 - STARTING LOOP
INFO: 2026-03-09 13:35:04,539 - Inserting file 409183445 - $350 Compensated Research with Business Professionals - US Bank Report Scheduling.csv...
INFO: 2026-03-09 13:35:04,688 - DONE!
INFO: 2026-03-09 13:35:05,758 - Inserting file 413652166 - Compensated Research with Business Professionals - June 2024 - #111137 - US Bank - AR Data Research - .csv...
INFO: 2026-03-09 13:35:06,153 - DONE!
INFO: 2026-03-09 13:35:07,202 - Inserting file 414007205 - Research with Business Professionals - USA - July - #111556 - US Bank - Treasury manager.csv...
INFO: 2026-03-09 13:35:07,400 - DONE!
INFO: 2026-03-09 13:35:08,474 - FINISHED LOOP

saving new records...
inserted 0 new records
failed converting to list in the column: 
projects_ids
updating 24 records
saving new records...
inserted 0 new records
failed converting to list in the column: 
projects_ids
updating 88 records
saving new records...
inserted 0 new records
updating 53 records
INFO: 2026-03-09 13:37:55,836 - STARTING LOOP
INFO: 2026-03-09 13:37:55,837 - Inserting file 407966449 - Compensated Survey with Business Professionals - $250 Compensation - US Bank AES Interviews.csv...
INFO: 2026-03-09 13:37:55,951 - DONE!
INFO: 2026-03-09 13:37:56,956 - FINISHED LOOP

INFO: 2026-03-09 13:40:07,785 - STARTING LOOP
INFO: 2026-03-09 13:40:07,786 - Nothing to insert into the database!
INFO: 2026-03-09 13:40:07,787 - FINISHED LOOP

INFO: 2026-03-09 14:22:33,904 - STARTING LOOP
INFO: 2026-03-09 14:22:33,905 - Nothing to insert into the database!
INFO: 2026-03-09 14:22:33,905 - FINISHED LOOP

INFO: 2026-03-09 14:25:07,712 - STARTING LOOP
INFO: 2026-03-09 14:25:07,715 - Nothing to insert into the database!
INFO: 2026-03-09 14:25:07,715 - FINISHED LOOP

INFO: 2026-03-09 14:30:08,931 - STARTING LOOP
INFO: 2026-03-09 14:30:08,934 - Inserting file apollo--1994141__liuminer 3.9_FULL_REPORT_MILLIONVERIFIER.COM.csv...
WARNING: 2026-03-09 14:30:09,022 - Failed inserting new csv to database and assigning it to a project blast./nError: 'projects_ids'
INFO: 2026-03-09 14:30:09,023 - Moved to failed files directory...
INFO: 2026-03-09 14:30:09,024 - FINISHED LOOP

INFO: 2026-03-09 14:35:20,597 - STARTING LOOP
INFO: 2026-03-09 14:35:20,660 - Inserting file apollo--1994141__liuminer 3.9_FULL_REPORT_MILLIONVERIFIER.COM.csv...
INFO: 2026-03-09 14:35:49,403 - DONE!
INFO: 2026-03-09 14:35:49,447 - Saving for project 1994141 - luminare_health
INFO: 2026-03-09 14:35:50,157 - DONE!
INFO: 2026-03-09 14:35:51,227 - FINISHED LOOP

saving new records...
inserted 2433 new records
failed converting to list in the column: 
other_emails
failed converting to list in the column: 
projects_ids
updating 3215 records
success!
INFO: 2026-03-09 14:37:18,334 - STARTING LOOP
INFO: 2026-03-09 14:37:18,335 - Inserting file apollo--1995971__vanguard_FULL_REPORT_MILLIONVERIFIER.COM.csv...
WARNING: 2026-03-09 14:37:18,342 - Failed inserting new csv to database and assigning it to a project blast./nError: 'projects_ids'
INFO: 2026-03-09 14:37:18,342 - Moved to failed files directory...
INFO: 2026-03-09 14:37:18,342 - FINISHED LOOP

INFO: 2026-03-09 14:38:11,055 - STARTING LOOP
INFO: 2026-03-09 14:38:11,055 - Inserting file apollo--1995971__vanguard_FULL_REPORT_MILLIONVERIFIER.COM.csv...
INFO: 2026-03-09 14:38:12,895 - DONE!
INFO: 2026-03-09 14:38:12,896 - Saving for project 1995971 - Vanguardcharitable
INFO: 2026-03-09 14:38:12,967 - DONE!
INFO: 2026-03-09 14:38:13,972 - FINISHED LOOP

INFO: 2026-03-09 14:40:07,652 - STARTING LOOP
INFO: 2026-03-09 14:40:07,653 - Nothing to insert into the database!
INFO: 2026-03-09 14:40:07,653 - FINISHED LOOP

INFO: 2026-03-09 14:45:07,177 - STARTING LOOP
INFO: 2026-03-09 14:45:07,178 - Nothing to insert into the database!
INFO: 2026-03-09 14:45:07,179 - FINISHED LOOP

INFO: 2026-03-09 14:50:08,981 - STARTING LOOP
INFO: 2026-03-09 14:50:08,982 - Nothing to insert into the database!
INFO: 2026-03-09 14:50:08,982 - FINISHED LOOP

INFO: 2026-03-09 14:55:07,011 - STARTING LOOP
INFO: 2026-03-09 14:55:07,013 - Inserting file apollo--1994141__liuminer 3.9_FULL_REPORT_MILLIONVERIFIER.COM.csv...
WARNING: 2026-03-09 14:55:07,081 - Failed inserting new csv to database and assigning it to a project blast./nError: 'projects_ids'
INFO: 2026-03-09 14:55:07,082 - Moved to failed files directory...
INFO: 2026-03-09 14:55:07,083 - FINISHED LOOP

INFO: 2026-03-09 14:59:18,116 - STARTING LOOP
INFO: 2026-03-09 14:59:18,117 - Inserting file apollo--1994141__liuminer 3.9_FULL_REPORT_MILLIONVERIFIER.COM.csv...
INFO: 2026-03-09 14:59:31,359 - DONE!
INFO: 2026-03-09 14:59:31,361 - Saving for project 1994141 - luminare_health
INFO: 2026-03-09 14:59:31,395 - DONE!
INFO: 2026-03-09 14:59:32,401 - FINISHED LOOP

INFO: 2026-03-09 15:00:08,265 - STARTING LOOP
INFO: 2026-03-09 15:00:08,266 - Nothing to insert into the database!
INFO: 2026-03-09 15:00:08,266 - FINISHED LOOP

INFO: 2026-03-09 15:08:53,941 - STARTING LOOP
INFO: 2026-03-09 15:08:53,942 - Nothing to insert into the database!
INFO: 2026-03-09 15:08:53,942 - FINISHED LOOP

INFO: 2026-03-09 15:10:07,240 - STARTING LOOP
INFO: 2026-03-09 15:10:07,241 - Nothing to insert into the database!
INFO: 2026-03-09 15:10:07,241 - FINISHED LOOP

INFO: 2026-03-09 15:15:06,335 - STARTING LOOP
INFO: 2026-03-09 15:15:06,337 - Nothing to insert into the database!
INFO: 2026-03-09 15:15:06,337 - FINISHED LOOP

INFO: 2026-03-09 15:20:12,071 - STARTING LOOP
INFO: 2026-03-09 15:20:12,072 - Nothing to insert into the database!
INFO: 2026-03-09 15:20:12,073 - FINISHED LOOP

INFO: 2026-03-09 15:25:09,464 - STARTING LOOP
INFO: 2026-03-09 15:25:09,466 - Nothing to insert into the database!
INFO: 2026-03-09 15:25:09,466 - FINISHED LOOP

INFO: 2026-03-09 15:30:08,449 - STARTING LOOP
INFO: 2026-03-09 15:30:08,450 - Nothing to insert into the database!
INFO: 2026-03-09 15:30:08,450 - FINISHED LOOP

INFO: 2026-03-09 15:35:06,545 - STARTING LOOP
INFO: 2026-03-09 15:35:06,546 - Nothing to insert into the database!
INFO: 2026-03-09 15:35:06,547 - FINISHED LOOP

INFO: 2026-03-09 15:40:09,790 - STARTING LOOP
INFO: 2026-03-09 15:40:09,791 - Nothing to insert into the database!
INFO: 2026-03-09 15:40:09,791 - FINISHED LOOP

INFO: 2026-03-09 15:45:08,050 - STARTING LOOP
INFO: 2026-03-09 15:45:08,051 - Nothing to insert into the database!
INFO: 2026-03-09 15:45:08,051 - FINISHED LOOP

INFO: 2026-03-09 15:50:08,280 - STARTING LOOP
INFO: 2026-03-09 15:50:08,282 - Nothing to insert into the database!
INFO: 2026-03-09 15:50:08,282 - FINISHED LOOP

INFO: 2026-03-09 15:55:06,912 - STARTING LOOP
INFO: 2026-03-09 15:55:06,914 - Nothing to insert into the database!
INFO: 2026-03-09 15:55:06,914 - FINISHED LOOP

INFO: 2026-03-09 16:00:12,775 - STARTING LOOP
INFO: 2026-03-09 16:00:12,777 - Nothing to insert into the database!
INFO: 2026-03-09 16:00:12,777 - FINISHED LOOP

INFO: 2026-03-09 16:05:06,935 - STARTING LOOP
INFO: 2026-03-09 16:05:06,936 - Nothing to insert into the database!
INFO: 2026-03-09 16:05:06,936 - FINISHED LOOP

INFO: 2026-03-09 16:10:07,805 - STARTING LOOP
INFO: 2026-03-09 16:10:07,807 - Nothing to insert into the database!
INFO: 2026-03-09 16:10:07,807 - FINISHED LOOP

INFO: 2026-03-09 16:15:06,867 - STARTING LOOP
INFO: 2026-03-09 16:15:06,868 - Nothing to insert into the database!
INFO: 2026-03-09 16:15:06,868 - FINISHED LOOP

INFO: 2026-03-09 16:20:09,536 - STARTING LOOP
INFO: 2026-03-09 16:20:09,537 - Nothing to insert into the database!
INFO: 2026-03-09 16:20:09,538 - FINISHED LOOP

INFO: 2026-03-09 16:25:10,282 - STARTING LOOP
INFO: 2026-03-09 16:25:10,283 - Nothing to insert into the database!
INFO: 2026-03-09 16:25:10,283 - FINISHED LOOP

INFO: 2026-03-09 16:30:10,128 - STARTING LOOP
INFO: 2026-03-09 16:30:10,130 - Nothing to insert into the database!
INFO: 2026-03-09 16:30:10,130 - FINISHED LOOP

INFO: 2026-03-09 16:35:07,704 - STARTING LOOP
INFO: 2026-03-09 16:35:07,705 - Nothing to insert into the database!
INFO: 2026-03-09 16:35:07,705 - FINISHED LOOP

INFO: 2026-03-09 16:40:08,435 - STARTING LOOP
INFO: 2026-03-09 16:40:08,436 - Nothing to insert into the database!
INFO: 2026-03-09 16:40:08,436 - FINISHED LOOP

INFO: 2026-03-09 16:45:07,242 - STARTING LOOP
INFO: 2026-03-09 16:45:07,244 - Nothing to insert into the database!
INFO: 2026-03-09 16:45:07,244 - FINISHED LOOP

INFO: 2026-03-09 16:50:12,750 - STARTING LOOP
INFO: 2026-03-09 16:50:12,752 - Nothing to insert into the database!
INFO: 2026-03-09 16:50:12,752 - FINISHED LOOP

INFO: 2026-03-09 16:55:07,195 - STARTING LOOP
INFO: 2026-03-09 16:55:07,197 - Nothing to insert into the database!
INFO: 2026-03-09 16:55:07,197 - FINISHED LOOP

INFO: 2026-03-09 17:00:09,975 - STARTING LOOP
INFO: 2026-03-09 17:00:09,978 - Nothing to insert into the database!
INFO: 2026-03-09 17:00:09,978 - FINISHED LOOP

INFO: 2026-03-09 17:05:07,703 - STARTING LOOP
INFO: 2026-03-09 17:05:07,704 - Nothing to insert into the database!
INFO: 2026-03-09 17:05:07,704 - FINISHED LOOP

INFO: 2026-03-09 17:10:05,648 - STARTING LOOP
INFO: 2026-03-09 17:10:05,649 - Nothing to insert into the database!
INFO: 2026-03-09 17:10:05,649 - FINISHED LOOP

INFO: 2026-03-09 17:15:05,969 - STARTING LOOP
INFO: 2026-03-09 17:15:05,971 - Nothing to insert into the database!
INFO: 2026-03-09 17:15:05,971 - FINISHED LOOP

INFO: 2026-03-09 17:20:05,400 - STARTING LOOP
INFO: 2026-03-09 17:20:05,401 - Nothing to insert into the database!
INFO: 2026-03-09 17:20:05,401 - FINISHED LOOP

INFO: 2026-03-09 17:25:07,550 - STARTING LOOP
INFO: 2026-03-09 17:25:07,551 - Nothing to insert into the database!
INFO: 2026-03-09 17:25:07,551 - FINISHED LOOP

INFO: 2026-03-09 17:30:06,969 - STARTING LOOP
INFO: 2026-03-09 17:30:06,970 - Nothing to insert into the database!
INFO: 2026-03-09 17:30:06,971 - FINISHED LOOP

INFO: 2026-03-09 17:35:06,531 - STARTING LOOP
INFO: 2026-03-09 17:35:06,534 - Nothing to insert into the database!
INFO: 2026-03-09 17:35:06,534 - FINISHED LOOP

INFO: 2026-03-09 17:40:07,376 - STARTING LOOP
INFO: 2026-03-09 17:40:07,378 - Nothing to insert into the database!
INFO: 2026-03-09 17:40:07,378 - FINISHED LOOP

INFO: 2026-03-09 17:45:07,905 - STARTING LOOP
INFO: 2026-03-09 17:45:07,906 - Nothing to insert into the database!
INFO: 2026-03-09 17:45:07,906 - FINISHED LOOP

INFO: 2026-03-09 17:50:06,197 - STARTING LOOP
INFO: 2026-03-09 17:50:06,199 - Nothing to insert into the database!
INFO: 2026-03-09 17:50:06,199 - FINISHED LOOP

INFO: 2026-03-09 17:55:04,514 - STARTING LOOP
INFO: 2026-03-09 17:55:04,515 - Nothing to insert into the database!
INFO: 2026-03-09 17:55:04,515 - FINISHED LOOP

INFO: 2026-03-09 18:00:07,521 - STARTING LOOP
INFO: 2026-03-09 18:00:07,522 - Nothing to insert into the database!
INFO: 2026-03-09 18:00:07,522 - FINISHED LOOP

INFO: 2026-03-09 18:05:07,309 - STARTING LOOP
INFO: 2026-03-09 18:05:07,310 - Nothing to insert into the database!
INFO: 2026-03-09 18:05:07,310 - FINISHED LOOP

INFO: 2026-03-09 18:10:07,370 - STARTING LOOP
INFO: 2026-03-09 18:10:07,371 - Nothing to insert into the database!
INFO: 2026-03-09 18:10:07,372 - FINISHED LOOP

INFO: 2026-03-09 18:15:10,583 - STARTING LOOP
INFO: 2026-03-09 18:15:10,586 - Nothing to insert into the database!
INFO: 2026-03-09 18:15:10,586 - FINISHED LOOP

INFO: 2026-03-09 18:20:09,502 - STARTING LOOP
INFO: 2026-03-09 18:20:09,503 - Nothing to insert into the database!
INFO: 2026-03-09 18:20:09,503 - FINISHED LOOP

INFO: 2026-03-09 18:25:31,466 - STARTING LOOP
INFO: 2026-03-09 18:25:31,468 - Nothing to insert into the database!
INFO: 2026-03-09 18:25:31,468 - FINISHED LOOP

INFO: 2026-03-09 18:30:09,525 - STARTING LOOP
INFO: 2026-03-09 18:30:09,527 - Nothing to insert into the database!
INFO: 2026-03-09 18:30:09,527 - FINISHED LOOP

INFO: 2026-03-09 18:35:29,028 - STARTING LOOP
INFO: 2026-03-09 18:35:29,029 - Nothing to insert into the database!
INFO: 2026-03-09 18:35:29,029 - FINISHED LOOP

INFO: 2026-03-09 18:40:49,464 - STARTING LOOP
INFO: 2026-03-09 18:40:49,465 - Nothing to insert into the database!
INFO: 2026-03-09 18:40:49,466 - FINISHED LOOP

INFO: 2026-03-09 18:45:12,199 - STARTING LOOP
INFO: 2026-03-09 18:45:12,200 - Nothing to insert into the database!
INFO: 2026-03-09 18:45:12,200 - FINISHED LOOP

INFO: 2026-03-09 18:50:08,338 - STARTING LOOP
INFO: 2026-03-09 18:50:08,339 - Nothing to insert into the database!
INFO: 2026-03-09 18:50:08,339 - FINISHED LOOP

INFO: 2026-03-09 19:00:09,106 - STARTING LOOP
INFO: 2026-03-09 19:00:09,111 - Nothing to insert into the database!
INFO: 2026-03-09 19:00:09,112 - FINISHED LOOP

INFO: 2026-03-09 19:51:31,675 - STARTING LOOP
INFO: 2026-03-09 19:51:31,676 - Nothing to insert into the database!
INFO: 2026-03-09 19:51:31,676 - FINISHED LOOP

INFO: 2026-03-09 19:55:10,533 - STARTING LOOP
INFO: 2026-03-09 19:55:10,535 - Nothing to insert into the database!
INFO: 2026-03-09 19:55:10,535 - FINISHED LOOP

INFO: 2026-03-09 20:00:09,881 - STARTING LOOP
INFO: 2026-03-09 20:00:09,882 - Nothing to insert into the database!
INFO: 2026-03-09 20:00:09,883 - FINISHED LOOP

INFO: 2026-03-09 20:05:09,543 - STARTING LOOP
INFO: 2026-03-09 20:05:09,545 - Nothing to insert into the database!
INFO: 2026-03-09 20:05:09,545 - FINISHED LOOP

INFO: 2026-03-09 20:10:09,274 - STARTING LOOP
INFO: 2026-03-09 20:10:09,277 - Nothing to insert into the database!
INFO: 2026-03-09 20:10:09,277 - FINISHED LOOP

INFO: 2026-03-09 20:34:07,202 - STARTING LOOP
INFO: 2026-03-09 20:34:07,203 - Nothing to insert into the database!
INFO: 2026-03-09 20:34:07,203 - FINISHED LOOP

INFO: 2026-03-09 20:52:43,907 - STARTING LOOP
INFO: 2026-03-09 20:52:43,908 - Nothing to insert into the database!
INFO: 2026-03-09 20:52:43,908 - FINISHED LOOP

INFO: 2026-03-09 21:08:18,457 - STARTING LOOP
INFO: 2026-03-09 21:08:18,458 - Nothing to insert into the database!
INFO: 2026-03-09 21:08:18,458 - FINISHED LOOP

INFO: 2026-03-09 21:08:22,653 - STARTING LOOP
INFO: 2026-03-09 21:08:22,654 - Nothing to insert into the database!
INFO: 2026-03-09 21:08:22,654 - FINISHED LOOP

INFO: 2026-03-09 21:10:13,015 - STARTING LOOP
INFO: 2026-03-09 21:10:13,016 - Nothing to insert into the database!
INFO: 2026-03-09 21:10:13,016 - FINISHED LOOP

INFO: 2026-03-09 21:15:07,705 - STARTING LOOP
INFO: 2026-03-09 21:15:07,708 - Nothing to insert into the database!
INFO: 2026-03-09 21:15:07,708 - FINISHED LOOP

INFO: 2026-03-09 21:20:08,940 - STARTING LOOP
INFO: 2026-03-09 21:20:08,941 - Nothing to insert into the database!
INFO: 2026-03-09 21:20:08,942 - FINISHED LOOP

INFO: 2026-03-09 21:25:42,023 - STARTING LOOP
INFO: 2026-03-09 21:25:42,025 - Nothing to insert into the database!
INFO: 2026-03-09 21:25:42,025 - FINISHED LOOP

INFO: 2026-03-09 21:40:08,030 - STARTING LOOP
INFO: 2026-03-09 21:40:08,094 - Nothing to insert into the database!
INFO: 2026-03-09 21:40:08,095 - FINISHED LOOP

INFO: 2026-03-09 21:43:32,107 - STARTING LOOP
INFO: 2026-03-09 21:43:32,108 - Inserting file snov--2002111__-hlm-prison-research.csv...
WARNING: 2026-03-09 21:43:32,133 - Failed inserting new csv to database and assigning it to a project blast./nError: 'projects_ids'
INFO: 2026-03-09 21:43:32,133 - Moved to failed files directory...
INFO: 2026-03-09 21:43:32,133 - FINISHED LOOP

INFO: 2026-03-09 21:44:55,228 - STARTING LOOP
INFO: 2026-03-09 21:44:55,229 - Inserting file snov--2002111__-hlm-prison-research.csv...
INFO: 2026-03-09 21:45:06,236 - DONE!
INFO: 2026-03-09 21:45:06,237 - Saving for project 2002111 - hlm_prison_research
INFO: 2026-03-09 21:45:06,297 - DONE!
INFO: 2026-03-09 21:45:07,302 - FINISHED LOOP

INFO: 2026-03-09 21:45:11,859 - STARTING LOOP
INFO: 2026-03-09 21:45:11,860 - Nothing to insert into the database!
INFO: 2026-03-09 21:45:11,860 - FINISHED LOOP

INFO: 2026-03-09 21:50:06,886 - STARTING LOOP
INFO: 2026-03-09 21:50:06,888 - Nothing to insert into the database!
INFO: 2026-03-09 21:50:06,888 - FINISHED LOOP

INFO: 2026-03-09 21:55:07,319 - STARTING LOOP
INFO: 2026-03-09 21:55:07,320 - Nothing to insert into the database!
INFO: 2026-03-09 21:55:07,320 - FINISHED LOOP

INFO: 2026-03-09 22:00:09,212 - STARTING LOOP
INFO: 2026-03-09 22:00:09,213 - Nothing to insert into the database!
INFO: 2026-03-09 22:00:09,214 - FINISHED LOOP

INFO: 2026-03-09 22:05:11,836 - STARTING LOOP
INFO: 2026-03-09 22:05:11,838 - Nothing to insert into the database!
INFO: 2026-03-09 22:05:11,838 - FINISHED LOOP

INFO: 2026-03-09 22:10:09,103 - STARTING LOOP
INFO: 2026-03-09 22:10:09,104 - Nothing to insert into the database!
INFO: 2026-03-09 22:10:09,104 - FINISHED LOOP

INFO: 2026-03-09 22:15:08,068 - STARTING LOOP
INFO: 2026-03-09 22:15:08,070 - Nothing to insert into the database!
INFO: 2026-03-09 22:15:08,070 - FINISHED LOOP

INFO: 2026-03-09 22:20:08,078 - STARTING LOOP
INFO: 2026-03-09 22:20:08,080 - Nothing to insert into the database!
INFO: 2026-03-09 22:20:08,080 - FINISHED LOOP

INFO: 2026-03-09 22:25:07,419 - STARTING LOOP
INFO: 2026-03-09 22:25:07,421 - Nothing to insert into the database!
INFO: 2026-03-09 22:25:07,421 - FINISHED LOOP

INFO: 2026-03-09 22:30:10,017 - STARTING LOOP
INFO: 2026-03-09 22:30:10,018 - Nothing to insert into the database!
INFO: 2026-03-09 22:30:10,018 - FINISHED LOOP

INFO: 2026-03-09 22:35:07,332 - STARTING LOOP
INFO: 2026-03-09 22:35:07,333 - Nothing to insert into the database!
INFO: 2026-03-09 22:35:07,333 - FINISHED LOOP

INFO: 2026-03-09 22:45:35,830 - STARTING LOOP
INFO: 2026-03-09 22:45:35,832 - Nothing to insert into the database!
INFO: 2026-03-09 22:45:35,832 - FINISHED LOOP

INFO: 2026-03-09 23:05:06,459 - STARTING LOOP
INFO: 2026-03-09 23:05:06,461 - Nothing to insert into the database!
INFO: 2026-03-09 23:05:06,461 - FINISHED LOOP

INFO: 2026-03-09 23:10:07,902 - STARTING LOOP
INFO: 2026-03-09 23:10:07,903 - Nothing to insert into the database!
INFO: 2026-03-09 23:10:07,904 - FINISHED LOOP

INFO: 2026-03-09 23:15:07,084 - STARTING LOOP
INFO: 2026-03-09 23:15:07,086 - Nothing to insert into the database!
INFO: 2026-03-09 23:15:07,086 - FINISHED LOOP

INFO: 2026-03-09 23:20:06,688 - STARTING LOOP
INFO: 2026-03-09 23:20:06,690 - Nothing to insert into the database!
INFO: 2026-03-09 23:20:06,690 - FINISHED LOOP

INFO: 2026-03-09 23:25:10,620 - STARTING LOOP
INFO: 2026-03-09 23:25:10,624 - Nothing to insert into the database!
INFO: 2026-03-09 23:25:10,625 - FINISHED LOOP

INFO: 2026-03-09 23:30:07,842 - STARTING LOOP
INFO: 2026-03-09 23:30:07,843 - Nothing to insert into the database!
INFO: 2026-03-09 23:30:07,844 - FINISHED LOOP

INFO: 2026-03-09 23:35:06,903 - STARTING LOOP
INFO: 2026-03-09 23:35:06,905 - Nothing to insert into the database!
INFO: 2026-03-09 23:35:06,905 - FINISHED LOOP

INFO: 2026-03-09 23:40:07,233 - STARTING LOOP
INFO: 2026-03-09 23:40:07,234 - Nothing to insert into the database!
INFO: 2026-03-09 23:40:07,234 - FINISHED LOOP

INFO: 2026-03-09 23:45:11,844 - STARTING LOOP
INFO: 2026-03-09 23:45:11,846 - Nothing to insert into the database!
INFO: 2026-03-09 23:45:11,846 - FINISHED LOOP

INFO: 2026-03-09 23:50:07,169 - STARTING LOOP
INFO: 2026-03-09 23:50:07,170 - Nothing to insert into the database!
INFO: 2026-03-09 23:50:07,170 - FINISHED LOOP

INFO: 2026-03-09 23:55:09,086 - STARTING LOOP
INFO: 2026-03-09 23:55:09,088 - Nothing to insert into the database!
INFO: 2026-03-09 23:55:09,088 - FINISHED LOOP

INFO: 2026-03-10 00:00:14,529 - STARTING LOOP
INFO: 2026-03-10 00:00:14,532 - Nothing to insert into the database!
INFO: 2026-03-10 00:00:14,532 - FINISHED LOOP

INFO: 2026-03-10 00:07:14,338 - STARTING LOOP
INFO: 2026-03-10 00:07:14,340 - Nothing to insert into the database!
INFO: 2026-03-10 00:07:14,340 - FINISHED LOOP

INFO: 2026-03-10 00:10:06,327 - STARTING LOOP
INFO: 2026-03-10 00:10:06,328 - Nothing to insert into the database!
INFO: 2026-03-10 00:10:06,328 - FINISHED LOOP

INFO: 2026-03-10 00:15:07,839 - STARTING LOOP
INFO: 2026-03-10 00:15:07,881 - Nothing to insert into the database!
INFO: 2026-03-10 00:15:07,881 - FINISHED LOOP

INFO: 2026-03-10 00:20:09,061 - STARTING LOOP
INFO: 2026-03-10 00:20:09,063 - Nothing to insert into the database!
INFO: 2026-03-10 00:20:09,063 - FINISHED LOOP

INFO: 2026-03-10 02:25:06,673 - STARTING LOOP
INFO: 2026-03-10 02:25:06,674 - Nothing to insert into the database!
INFO: 2026-03-10 02:25:06,674 - FINISHED LOOP

INFO: 2026-03-10 05:28:29,444 - STARTING LOOP
INFO: 2026-03-10 05:28:29,469 - Nothing to insert into the database!
INFO: 2026-03-10 05:28:29,469 - FINISHED LOOP

INFO: 2026-03-10 06:10:13,564 - STARTING LOOP
INFO: 2026-03-10 06:10:13,565 - Nothing to insert into the database!
INFO: 2026-03-10 06:10:13,566 - FINISHED LOOP

INFO: 2026-03-10 06:30:07,696 - STARTING LOOP
INFO: 2026-03-10 06:30:07,698 - Nothing to insert into the database!
INFO: 2026-03-10 06:30:07,698 - FINISHED LOOP

INFO: 2026-03-10 06:55:44,879 - STARTING LOOP
INFO: 2026-03-10 06:55:44,881 - Nothing to insert into the database!
INFO: 2026-03-10 06:55:44,881 - FINISHED LOOP

INFO: 2026-03-10 06:55:48,409 - STARTING LOOP
INFO: 2026-03-10 06:55:48,409 - Nothing to insert into the database!
INFO: 2026-03-10 06:55:48,409 - FINISHED LOOP

INFO: 2026-03-10 07:05:17,644 - STARTING LOOP
INFO: 2026-03-10 07:05:17,646 - Nothing to insert into the database!
INFO: 2026-03-10 07:05:17,646 - FINISHED LOOP

INFO: 2026-03-10 07:14:17,911 - STARTING LOOP
INFO: 2026-03-10 07:14:17,912 - Nothing to insert into the database!
INFO: 2026-03-10 07:14:17,912 - FINISHED LOOP

INFO: 2026-03-10 07:23:27,319 - STARTING LOOP
INFO: 2026-03-10 07:23:27,320 - Nothing to insert into the database!
INFO: 2026-03-10 07:23:27,321 - FINISHED LOOP

INFO: 2026-03-10 07:32:44,445 - STARTING LOOP
INFO: 2026-03-10 07:32:44,446 - Nothing to insert into the database!
INFO: 2026-03-10 07:32:44,447 - FINISHED LOOP

INFO: 2026-03-10 07:35:59,833 - STARTING LOOP
INFO: 2026-03-10 07:35:59,835 - Nothing to insert into the database!
INFO: 2026-03-10 07:35:59,835 - FINISHED LOOP

INFO: 2026-03-10 07:43:52,901 - STARTING LOOP
INFO: 2026-03-10 07:43:52,902 - Nothing to insert into the database!
INFO: 2026-03-10 07:43:52,903 - FINISHED LOOP

INFO: 2026-03-10 07:45:16,940 - STARTING LOOP
INFO: 2026-03-10 07:45:16,942 - Nothing to insert into the database!
INFO: 2026-03-10 07:45:16,942 - FINISHED LOOP

INFO: 2026-03-10 07:51:35,713 - STARTING LOOP
INFO: 2026-03-10 07:51:35,714 - Nothing to insert into the database!
INFO: 2026-03-10 07:51:35,714 - FINISHED LOOP

INFO: 2026-03-10 07:56:32,664 - STARTING LOOP
INFO: 2026-03-10 07:56:32,665 - Nothing to insert into the database!
INFO: 2026-03-10 07:56:32,665 - FINISHED LOOP

INFO: 2026-03-10 08:01:27,243 - STARTING LOOP
INFO: 2026-03-10 08:01:27,245 - Nothing to insert into the database!
INFO: 2026-03-10 08:01:27,245 - FINISHED LOOP

INFO: 2026-03-10 08:05:41,349 - STARTING LOOP
INFO: 2026-03-10 08:05:41,350 - Nothing to insert into the database!
INFO: 2026-03-10 08:05:41,350 - FINISHED LOOP

INFO: 2026-03-10 08:20:08,437 - STARTING LOOP
INFO: 2026-03-10 08:20:08,439 - Nothing to insert into the database!
INFO: 2026-03-10 08:20:08,439 - FINISHED LOOP

INFO: 2026-03-10 08:25:09,177 - STARTING LOOP
INFO: 2026-03-10 08:25:09,179 - Nothing to insert into the database!
INFO: 2026-03-10 08:25:09,179 - FINISHED LOOP

INFO: 2026-03-10 08:40:10,216 - STARTING LOOP
INFO: 2026-03-10 08:40:10,217 - Nothing to insert into the database!
INFO: 2026-03-10 08:40:10,217 - FINISHED LOOP

INFO: 2026-03-10 08:45:05,454 - STARTING LOOP
INFO: 2026-03-10 08:45:05,455 - Nothing to insert into the database!
INFO: 2026-03-10 08:45:05,455 - FINISHED LOOP

INFO: 2026-03-10 08:50:06,937 - STARTING LOOP
INFO: 2026-03-10 08:50:06,939 - Nothing to insert into the database!
INFO: 2026-03-10 08:50:06,939 - FINISHED LOOP

INFO: 2026-03-10 08:55:06,057 - STARTING LOOP
INFO: 2026-03-10 08:55:06,059 - Nothing to insert into the database!
INFO: 2026-03-10 08:55:06,059 - FINISHED LOOP

INFO: 2026-03-10 09:00:13,466 - STARTING LOOP
INFO: 2026-03-10 09:00:13,468 - Nothing to insert into the database!
INFO: 2026-03-10 09:00:13,468 - FINISHED LOOP

INFO: 2026-03-10 09:05:06,969 - STARTING LOOP
INFO: 2026-03-10 09:05:06,970 - Nothing to insert into the database!
INFO: 2026-03-10 09:05:06,970 - FINISHED LOOP

INFO: 2026-03-10 09:10:47,846 - STARTING LOOP
INFO: 2026-03-10 09:10:47,847 - Nothing to insert into the database!
INFO: 2026-03-10 09:10:47,847 - FINISHED LOOP

INFO: 2026-03-10 09:15:07,109 - STARTING LOOP
INFO: 2026-03-10 09:15:07,110 - Nothing to insert into the database!
INFO: 2026-03-10 09:15:07,110 - FINISHED LOOP

INFO: 2026-03-10 09:20:05,721 - STARTING LOOP
INFO: 2026-03-10 09:20:05,722 - Nothing to insert into the database!
INFO: 2026-03-10 09:20:05,722 - FINISHED LOOP

INFO: 2026-03-10 09:25:05,288 - STARTING LOOP
INFO: 2026-03-10 09:25:05,289 - Nothing to insert into the database!
INFO: 2026-03-10 09:25:05,289 - FINISHED LOOP

INFO: 2026-03-10 09:30:08,623 - STARTING LOOP
INFO: 2026-03-10 09:30:08,629 - Nothing to insert into the database!
INFO: 2026-03-10 09:30:08,629 - FINISHED LOOP

INFO: 2026-03-10 09:35:14,024 - STARTING LOOP
INFO: 2026-03-10 09:35:14,026 - Nothing to insert into the database!
INFO: 2026-03-10 09:35:14,026 - FINISHED LOOP

INFO: 2026-03-10 09:40:11,004 - STARTING LOOP
INFO: 2026-03-10 09:40:11,005 - Nothing to insert into the database!
INFO: 2026-03-10 09:40:11,005 - FINISHED LOOP

INFO: 2026-03-10 10:00:15,281 - STARTING LOOP
INFO: 2026-03-10 10:00:15,283 - Nothing to insert into the database!
INFO: 2026-03-10 10:00:15,283 - FINISHED LOOP

INFO: 2026-03-10 10:05:06,420 - STARTING LOOP
INFO: 2026-03-10 10:05:06,421 - Nothing to insert into the database!
INFO: 2026-03-10 10:05:06,422 - FINISHED LOOP

INFO: 2026-03-10 10:10:07,726 - STARTING LOOP
INFO: 2026-03-10 10:10:07,728 - Nothing to insert into the database!
INFO: 2026-03-10 10:10:07,728 - FINISHED LOOP

INFO: 2026-03-10 10:15:07,123 - STARTING LOOP
INFO: 2026-03-10 10:15:07,124 - Nothing to insert into the database!
INFO: 2026-03-10 10:15:07,124 - FINISHED LOOP

INFO: 2026-03-10 10:20:07,533 - STARTING LOOP
INFO: 2026-03-10 10:20:07,534 - Nothing to insert into the database!
INFO: 2026-03-10 10:20:07,534 - FINISHED LOOP

INFO: 2026-03-10 10:26:43,255 - STARTING LOOP
INFO: 2026-03-10 10:26:43,257 - Nothing to insert into the database!
INFO: 2026-03-10 10:26:43,257 - FINISHED LOOP

INFO: 2026-03-10 10:30:07,608 - STARTING LOOP
INFO: 2026-03-10 10:30:07,609 - Nothing to insert into the database!
INFO: 2026-03-10 10:30:07,609 - FINISHED LOOP

INFO: 2026-03-10 10:35:06,637 - STARTING LOOP
INFO: 2026-03-10 10:35:06,639 - Nothing to insert into the database!
INFO: 2026-03-10 10:35:06,639 - FINISHED LOOP

INFO: 2026-03-10 10:40:07,675 - STARTING LOOP
INFO: 2026-03-10 10:40:07,676 - Nothing to insert into the database!
INFO: 2026-03-10 10:40:07,676 - FINISHED LOOP

INFO: 2026-03-10 10:45:06,735 - STARTING LOOP
INFO: 2026-03-10 10:45:06,737 - Nothing to insert into the database!
INFO: 2026-03-10 10:45:06,737 - FINISHED LOOP

INFO: 2026-03-10 10:50:16,693 - STARTING LOOP
INFO: 2026-03-10 10:50:16,694 - Nothing to insert into the database!
INFO: 2026-03-10 10:50:16,694 - FINISHED LOOP

INFO: 2026-03-10 10:55:07,084 - STARTING LOOP
INFO: 2026-03-10 10:55:07,085 - Nothing to insert into the database!
INFO: 2026-03-10 10:55:07,085 - FINISHED LOOP

INFO: 2026-03-10 11:00:12,624 - STARTING LOOP
INFO: 2026-03-10 11:00:12,625 - Nothing to insert into the database!
INFO: 2026-03-10 11:00:12,626 - FINISHED LOOP

INFO: 2026-03-10 11:05:06,444 - STARTING LOOP
INFO: 2026-03-10 11:05:06,445 - Nothing to insert into the database!
INFO: 2026-03-10 11:05:06,445 - FINISHED LOOP

INFO: 2026-03-10 11:10:08,338 - STARTING LOOP
INFO: 2026-03-10 11:10:08,339 - Nothing to insert into the database!
INFO: 2026-03-10 11:10:08,339 - FINISHED LOOP

INFO: 2026-03-10 11:15:06,874 - STARTING LOOP
INFO: 2026-03-10 11:15:06,876 - Nothing to insert into the database!
INFO: 2026-03-10 11:15:06,876 - FINISHED LOOP

INFO: 2026-03-10 11:20:07,231 - STARTING LOOP
INFO: 2026-03-10 11:20:07,233 - Nothing to insert into the database!
INFO: 2026-03-10 11:20:07,233 - FINISHED LOOP

INFO: 2026-03-10 11:25:06,618 - STARTING LOOP
INFO: 2026-03-10 11:25:06,620 - Nothing to insert into the database!
INFO: 2026-03-10 11:25:06,620 - FINISHED LOOP

INFO: 2026-03-10 11:30:08,209 - STARTING LOOP
INFO: 2026-03-10 11:30:08,210 - Nothing to insert into the database!
INFO: 2026-03-10 11:30:08,210 - FINISHED LOOP

INFO: 2026-03-10 11:35:06,252 - STARTING LOOP
INFO: 2026-03-10 11:35:06,254 - Nothing to insert into the database!
INFO: 2026-03-10 11:35:06,254 - FINISHED LOOP

INFO: 2026-03-10 11:44:16,026 - STARTING LOOP
INFO: 2026-03-10 11:44:16,027 - Nothing to insert into the database!
INFO: 2026-03-10 11:44:16,027 - FINISHED LOOP

INFO: 2026-03-10 11:45:11,643 - STARTING LOOP
INFO: 2026-03-10 11:45:11,644 - Nothing to insert into the database!
INFO: 2026-03-10 11:45:11,644 - FINISHED LOOP

INFO: 2026-03-10 11:50:07,584 - STARTING LOOP
INFO: 2026-03-10 11:50:07,586 - Nothing to insert into the database!
INFO: 2026-03-10 11:50:07,586 - FINISHED LOOP

INFO: 2026-03-10 11:56:26,195 - STARTING LOOP
INFO: 2026-03-10 11:56:26,197 - Nothing to insert into the database!
INFO: 2026-03-10 11:56:26,198 - FINISHED LOOP

INFO: 2026-03-10 12:00:14,840 - STARTING LOOP
INFO: 2026-03-10 12:00:14,845 - Nothing to insert into the database!
INFO: 2026-03-10 12:00:14,845 - FINISHED LOOP

INFO: 2026-03-10 12:07:46,682 - STARTING LOOP
INFO: 2026-03-10 12:07:46,684 - Nothing to insert into the database!
INFO: 2026-03-10 12:07:46,684 - FINISHED LOOP

INFO: 2026-03-10 12:10:06,952 - STARTING LOOP
INFO: 2026-03-10 12:10:06,953 - Nothing to insert into the database!
INFO: 2026-03-10 12:10:06,954 - FINISHED LOOP

INFO: 2026-03-10 12:15:06,933 - STARTING LOOP
INFO: 2026-03-10 12:15:06,935 - Nothing to insert into the database!
INFO: 2026-03-10 12:15:06,935 - FINISHED LOOP

INFO: 2026-03-10 12:20:07,551 - STARTING LOOP
INFO: 2026-03-10 12:20:07,554 - Nothing to insert into the database!
INFO: 2026-03-10 12:20:07,554 - FINISHED LOOP

INFO: 2026-03-10 12:25:07,170 - STARTING LOOP
INFO: 2026-03-10 12:25:07,172 - Nothing to insert into the database!
INFO: 2026-03-10 12:25:07,172 - FINISHED LOOP

INFO: 2026-03-10 12:30:33,779 - STARTING LOOP
INFO: 2026-03-10 12:30:33,782 - Nothing to insert into the database!
INFO: 2026-03-10 12:30:33,782 - FINISHED LOOP

INFO: 2026-03-10 12:36:45,817 - STARTING LOOP
INFO: 2026-03-10 12:36:45,819 - Nothing to insert into the database!
INFO: 2026-03-10 12:36:45,819 - FINISHED LOOP

INFO: 2026-03-10 12:40:08,217 - STARTING LOOP
INFO: 2026-03-10 12:40:08,218 - Nothing to insert into the database!
INFO: 2026-03-10 12:40:08,218 - FINISHED LOOP

INFO: 2026-03-10 12:45:07,765 - STARTING LOOP
INFO: 2026-03-10 12:45:07,767 - Nothing to insert into the database!
INFO: 2026-03-10 12:45:07,767 - FINISHED LOOP

INFO: 2026-03-10 12:50:35,337 - STARTING LOOP
INFO: 2026-03-10 12:50:35,338 - Nothing to insert into the database!
INFO: 2026-03-10 12:50:35,338 - FINISHED LOOP

INFO: 2026-03-10 12:57:05,837 - STARTING LOOP
INFO: 2026-03-10 12:57:05,840 - Nothing to insert into the database!
INFO: 2026-03-10 12:57:05,840 - FINISHED LOOP

INFO: 2026-03-10 13:02:27,569 - STARTING LOOP
INFO: 2026-03-10 13:02:27,570 - Nothing to insert into the database!
INFO: 2026-03-10 13:02:27,570 - FINISHED LOOP

INFO: 2026-03-10 13:17:44,212 - STARTING LOOP
INFO: 2026-03-10 13:17:44,215 - Nothing to insert into the database!
INFO: 2026-03-10 13:17:44,215 - FINISHED LOOP

INFO: 2026-03-10 13:17:48,731 - STARTING LOOP
INFO: 2026-03-10 13:17:48,733 - Nothing to insert into the database!
INFO: 2026-03-10 13:17:48,733 - FINISHED LOOP

INFO: 2026-03-10 13:20:07,001 - STARTING LOOP
INFO: 2026-03-10 13:20:07,001 - Nothing to insert into the database!
INFO: 2026-03-10 13:20:07,001 - FINISHED LOOP

INFO: 2026-03-10 13:25:06,641 - STARTING LOOP
INFO: 2026-03-10 13:25:06,642 - Nothing to insert into the database!
INFO: 2026-03-10 13:25:06,642 - FINISHED LOOP

INFO: 2026-03-10 13:30:11,575 - STARTING LOOP
INFO: 2026-03-10 13:30:11,575 - Nothing to insert into the database!
INFO: 2026-03-10 13:30:11,576 - FINISHED LOOP

INFO: 2026-03-10 13:35:06,028 - STARTING LOOP
INFO: 2026-03-10 13:35:06,030 - Nothing to insert into the database!
INFO: 2026-03-10 13:35:06,030 - FINISHED LOOP

INFO: 2026-03-10 13:40:08,186 - STARTING LOOP
INFO: 2026-03-10 13:40:08,187 - Nothing to insert into the database!
INFO: 2026-03-10 13:40:08,187 - FINISHED LOOP

INFO: 2026-03-10 13:45:06,084 - STARTING LOOP
INFO: 2026-03-10 13:45:06,085 - Nothing to insert into the database!
INFO: 2026-03-10 13:45:06,085 - FINISHED LOOP

INFO: 2026-03-10 13:50:05,916 - STARTING LOOP
INFO: 2026-03-10 13:50:05,918 - Nothing to insert into the database!
INFO: 2026-03-10 13:50:05,918 - FINISHED LOOP

INFO: 2026-03-10 13:55:04,514 - STARTING LOOP
INFO: 2026-03-10 13:55:04,515 - Nothing to insert into the database!
INFO: 2026-03-10 13:55:04,515 - FINISHED LOOP

INFO: 2026-03-10 14:00:04,816 - STARTING LOOP
INFO: 2026-03-10 14:00:04,817 - Nothing to insert into the database!
INFO: 2026-03-10 14:00:04,817 - FINISHED LOOP

INFO: 2026-03-10 14:05:06,802 - STARTING LOOP
INFO: 2026-03-10 14:05:06,803 - Nothing to insert into the database!
INFO: 2026-03-10 14:05:06,804 - FINISHED LOOP

INFO: 2026-03-10 14:10:17,687 - STARTING LOOP
INFO: 2026-03-10 14:10:17,688 - Nothing to insert into the database!
INFO: 2026-03-10 14:10:17,688 - FINISHED LOOP

INFO: 2026-03-10 14:15:06,707 - STARTING LOOP
INFO: 2026-03-10 14:15:06,708 - Nothing to insert into the database!
INFO: 2026-03-10 14:15:06,709 - FINISHED LOOP

INFO: 2026-03-10 14:20:07,741 - STARTING LOOP
INFO: 2026-03-10 14:20:07,742 - Nothing to insert into the database!
INFO: 2026-03-10 14:20:07,742 - FINISHED LOOP

INFO: 2026-03-10 14:25:07,588 - STARTING LOOP
INFO: 2026-03-10 14:25:07,591 - Nothing to insert into the database!
INFO: 2026-03-10 14:25:07,591 - FINISHED LOOP

INFO: 2026-03-10 14:30:07,760 - STARTING LOOP
INFO: 2026-03-10 14:30:07,761 - Nothing to insert into the database!
INFO: 2026-03-10 14:30:07,761 - FINISHED LOOP

INFO: 2026-03-10 14:35:06,705 - STARTING LOOP
INFO: 2026-03-10 14:35:06,706 - Inserting file past_respondents--2009991__Keysight Respondent Grid and incentives 142925 - Sheet3.csv...
WARNING: 2026-03-10 14:35:06,778 - Failed inserting new csv to database and assigning it to a project blast./nError: near "-": syntax error
INFO: 2026-03-10 14:35:06,779 - Moved to failed files directory...
INFO: 2026-03-10 14:35:06,779 - FINISHED LOOP

saving new records...
INFO: 2026-03-10 14:40:08,206 - STARTING LOOP
INFO: 2026-03-10 14:40:08,207 - Nothing to insert into the database!
INFO: 2026-03-10 14:40:08,207 - FINISHED LOOP

INFO: 2026-03-10 14:45:06,886 - STARTING LOOP
INFO: 2026-03-10 14:45:06,887 - Nothing to insert into the database!
INFO: 2026-03-10 14:45:06,887 - FINISHED LOOP

INFO: 2026-03-10 14:50:07,526 - STARTING LOOP
INFO: 2026-03-10 14:50:07,528 - Inserting file snov--2009991__nyc-cybersecurity.csv...
WARNING: 2026-03-10 14:50:07,541 - Failed inserting new csv to database and assigning it to a project blast./nError: 'projects_ids'
INFO: 2026-03-10 14:50:07,542 - Moved to failed files directory...
INFO: 2026-03-10 14:50:07,542 - Inserting file apollo--2009991__nyc-cybersecurity.csv...
WARNING: 2026-03-10 14:50:07,557 - Failed inserting new csv to database and assigning it to a project blast./nError: 'projects_ids'
INFO: 2026-03-10 14:50:07,557 - Moved to failed files directory...
INFO: 2026-03-10 14:50:07,557 - FINISHED LOOP

INFO: 2026-03-10 14:50:58,248 - STARTING LOOP
INFO: 2026-03-10 14:50:58,249 - Inserting file past_respondents--2009991__Keysight Respondent Grid and incentives 142925 - Sheet3.csv...
INFO: 2026-03-10 14:50:58,309 - DONE!
INFO: 2026-03-10 14:50:58,311 - Saving for project 2009991 - glassview_it
INFO: 2026-03-10 14:50:58,328 - DONE!
INFO: 2026-03-10 14:50:59,334 - Inserting file snov--2009991__nyc-cybersecurity.csv...
INFO: 2026-03-10 14:51:00,602 - DONE!
INFO: 2026-03-10 14:51:00,604 - Saving for project 2009991 - glassview_it
INFO: 2026-03-10 14:51:00,660 - DONE!
INFO: 2026-03-10 14:51:01,665 - Inserting file apollo--2009991__nyc-cybersecurity.csv...
INFO: 2026-03-10 14:51:02,972 - DONE!
INFO: 2026-03-10 14:51:02,975 - Saving for project 2009991 - glassview_it
INFO: 2026-03-10 14:51:03,002 - DONE!
INFO: 2026-03-10 14:51:04,008 - FINISHED LOOP

INFO: 2026-03-10 14:55:06,968 - STARTING LOOP
INFO: 2026-03-10 14:55:06,969 - Nothing to insert into the database!
INFO: 2026-03-10 14:55:06,969 - FINISHED LOOP

INFO: 2026-03-10 15:00:12,971 - STARTING LOOP
INFO: 2026-03-10 15:00:12,972 - Nothing to insert into the database!
INFO: 2026-03-10 15:00:12,972 - FINISHED LOOP

INFO: 2026-03-10 15:05:06,191 - STARTING LOOP
INFO: 2026-03-10 15:05:06,192 - Nothing to insert into the database!
INFO: 2026-03-10 15:05:06,192 - FINISHED LOOP

INFO: 2026-03-10 15:10:07,095 - STARTING LOOP
INFO: 2026-03-10 15:10:07,097 - Nothing to insert into the database!
INFO: 2026-03-10 15:10:07,097 - FINISHED LOOP

INFO: 2026-03-10 15:15:08,034 - STARTING LOOP
INFO: 2026-03-10 15:15:08,035 - Nothing to insert into the database!
INFO: 2026-03-10 15:15:08,035 - FINISHED LOOP

INFO: 2026-03-10 15:20:08,080 - STARTING LOOP
INFO: 2026-03-10 15:20:08,081 - Nothing to insert into the database!
INFO: 2026-03-10 15:20:08,081 - FINISHED LOOP

INFO: 2026-03-10 15:25:07,878 - STARTING LOOP
INFO: 2026-03-10 15:25:07,879 - Nothing to insert into the database!
INFO: 2026-03-10 15:25:07,880 - FINISHED LOOP

error: Workspace member `/Users/albertoruizcajiga/python/sis_international/modules/reporting` is missing a `pyproject.toml` (matches: `modules/*`)
error: Workspace member `/Users/albertoruizcajiga/python/sis_international/modules/reporting` is missing a `pyproject.toml` (matches: `modules/*`)
error: Workspace member `/Users/albertoruizcajiga/python/sis_international/modules/reporting` is missing a `pyproject.toml` (matches: `modules/*`)
error: Workspace member `/Users/albertoruizcajiga/python/sis_international/modules/reporting` is missing a `pyproject.toml` (matches: `modules/*`)
error: Workspace member `/Users/albertoruizcajiga/python/sis_international/modules/reporting` is missing a `pyproject.toml` (matches: `modules/*`)
error: Workspace member `/Users/albertoruizcajiga/python/sis_international/modules/reporting` is missing a `pyproject.toml` (matches: `modules/*`)
error: Workspace member `/Users/albertoruizcajiga/python/sis_international/modules/reporting` is missing a `pyproject.toml` (matches: `modules/*`)
error: Workspace member `/Users/albertoruizcajiga/python/sis_international/modules/reporting` is missing a `pyproject.toml` (matches: `modules/*`)
error: Workspace member `/Users/albertoruizcajiga/python/sis_international/modules/reporting` is missing a `pyproject.toml` (matches: `modules/*`)
error: Workspace member `/Users/albertoruizcajiga/python/sis_international/modules/reporting` is missing a `pyproject.toml` (matches: `modules/*`)
error: Workspace member `/Users/albertoruizcajiga/python/sis_international/modules/reporting` is missing a `pyproject.toml` (matches: `modules/*`)
error: Workspace member `/Users/albertoruizcajiga/python/sis_international/modules/reporting` is missing a `pyproject.toml` (matches: `modules/*`)
error: Workspace member `/Users/albertoruizcajiga/python/sis_international/modules/reporting` is missing a `pyproject.toml` (matches: `modules/*`)
error: Workspace member `/Users/albertoruizcajiga/python/sis_international/modules/reporting` is missing a `pyproject.toml` (matches: `modules/*`)
error: Workspace member `/Users/albertoruizcajiga/python/sis_international/modules/reporting` is missing a `pyproject.toml` (matches: `modules/*`)
errorerror: : Workspace member `/Users/albertoruizcajiga/python/sis_international/modules/reporting` is missing a `pyproject.toml` (matches: `modules/*`)Workspace member `/Users/albertoruizcajiga/python/sis_international/modules/reporting` is missing a `pyproject.toml` (matches: `modules/*`)

error: Workspace member `/Users/albertoruizcajiga/python/sis_international/modules/reporting` is missing a `pyproject.toml` (matches: `modules/*`)
error: Workspace member `/Users/albertoruizcajiga/python/sis_international/modules/reporting` is missing a `pyproject.toml` (matches: `modules/*`)
error: Workspace member `/Users/albertoruizcajiga/python/sis_international/modules/reporting` is missing a `pyproject.toml` (matches: `modules/*`)
error: Workspace member `/Users/albertoruizcajiga/python/sis_international/modules/reporting` is missing a `pyproject.toml` (matches: `modules/*`)
error: Workspace member `/Users/albertoruizcajiga/python/sis_international/modules/reporting` is missing a `pyproject.toml` (matches: `modules/*`)
error: Workspace member `/Users/albertoruizcajiga/python/sis_international/modules/reporting` is missing a `pyproject.toml` (matches: `modules/*`)
error: Workspace member `/Users/albertoruizcajiga/python/sis_international/modules/reporting` is missing a `pyproject.toml` (matches: `modules/*`)
error: Workspace member `/Users/albertoruizcajiga/python/sis_international/modules/reporting` is missing a `pyproject.toml` (matches: `modules/*`)
error: Workspace member `/Users/albertoruizcajiga/python/sis_international/modules/reporting` is missing a `pyproject.toml` (matches: `modules/*`)
error: Workspace member `/Users/albertoruizcajiga/python/sis_international/modules/reporting` is missing a `pyproject.toml` (matches: `modules/*`)
error: Workspace member `/Users/albertoruizcajiga/python/sis_international/modules/reporting` is missing a `pyproject.toml` (matches: `modules/*`)
error: Workspace member `/Users/albertoruizcajiga/python/sis_international/modules/reporting` is missing a `pyproject.toml` (matches: `modules/*`)
error: Workspace member `/Users/albertoruizcajiga/python/sis_international/modules/reporting` is missing a `pyproject.toml` (matches: `modules/*`)
error: Workspace member `/Users/albertoruizcajiga/python/sis_international/modules/reporting` is missing a `pyproject.toml` (matches: `modules/*`)
error: Workspace member `/Users/albertoruizcajiga/python/sis_international/modules/reporting` is missing a `pyproject.toml` (matches: `modules/*`)
error: Workspace member `/Users/albertoruizcajiga/python/sis_international/modules/reporting` is missing a `pyproject.toml` (matches: `modules/*`)
error: Workspace member `/Users/albertoruizcajiga/python/sis_international/modules/reporting` is missing a `pyproject.toml` (matches: `modules/*`)
error: Workspace member `/Users/albertoruizcajiga/python/sis_international/modules/reporting` is missing a `pyproject.toml` (matches: `modules/*`)
error: Workspace member `/Users/albertoruizcajiga/python/sis_international/modules/reporting` is missing a `pyproject.toml` (matches: `modules/*`)
error: Workspace member `/Users/albertoruizcajiga/python/sis_international/modules/reporting` is missing a `pyproject.toml` (matches: `modules/*`)
error: Workspace member `/Users/albertoruizcajiga/python/sis_international/modules/reporting` is missing a `pyproject.toml` (matches: `modules/*`)
error: Workspace member `/Users/albertoruizcajiga/python/sis_international/modules/reporting` is missing a `pyproject.toml` (matches: `modules/*`)
error: Workspace member `/Users/albertoruizcajiga/python/sis_international/modules/reporting` is missing a `pyproject.toml` (matches: `modules/*`)
error: Workspace member `/Users/albertoruizcajiga/python/sis_international/modules/reporting` is missing a `pyproject.toml` (matches: `modules/*`)
error: Workspace member `/Users/albertoruizcajiga/python/sis_international/modules/reporting` is missing a `pyproject.toml` (matches: `modules/*`)
error: Workspace member `/Users/albertoruizcajiga/python/sis_international/modules/reporting` is missing a `pyproject.toml` (matches: `modules/*`)
error: Workspace member `/Users/albertoruizcajiga/python/sis_international/modules/reporting` is missing a `pyproject.toml` (matches: `modules/*`)
error: Workspace member `/Users/albertoruizcajiga/python/sis_international/modules/reporting` is missing a `pyproject.toml` (matches: `modules/*`)
error: Workspace member `/Users/albertoruizcajiga/python/sis_international/modules/reporting` is missing a `pyproject.toml` (matches: `modules/*`)
error: Workspace member `/Users/albertoruizcajiga/python/sis_international/modules/reporting` is missing a `pyproject.toml` (matches: `modules/*`)
error: Workspace member `/Users/albertoruizcajiga/python/sis_international/modules/reporting` is missing a `pyproject.toml` (matches: `modules/*`)
error: Workspace member `/Users/albertoruizcajiga/python/sis_international/modules/reporting` is missing a `pyproject.toml` (matches: `modules/*`)
error: Workspace member `/Users/albertoruizcajiga/python/sis_international/modules/reporting` is missing a `pyproject.toml` (matches: `modules/*`)
error: Workspace member `/Users/albertoruizcajiga/python/sis_international/modules/reporting` is missing a `pyproject.toml` (matches: `modules/*`)
error: Workspace member `/Users/albertoruizcajiga/python/sis_international/modules/reporting` is missing a `pyproject.toml` (matches: `modules/*`)
error: Workspace member `/Users/albertoruizcajiga/python/sis_international/modules/reporting` is missing a `pyproject.toml` (matches: `modules/*`)
error: Workspace member `/Users/albertoruizcajiga/python/sis_international/modules/reporting` is missing a `pyproject.toml` (matches: `modules/*`)
error: Workspace member `/Users/albertoruizcajiga/python/sis_international/modules/reporting` is missing a `pyproject.toml` (matches: `modules/*`)
error: Workspace member `/Users/albertoruizcajiga/python/sis_international/modules/reporting` is missing a `pyproject.toml` (matches: `modules/*`)
error: Workspace member `/Users/albertoruizcajiga/python/sis_international/modules/reporting` is missing a `pyproject.toml` (matches: `modules/*`)
error: Workspace member `/Users/albertoruizcajiga/python/sis_international/modules/reporting` is missing a `pyproject.toml` (matches: `modules/*`)
error: Workspace member `/Users/albertoruizcajiga/python/sis_international/modules/reporting` is missing a `pyproject.toml` (matches: `modules/*`)
error: Workspace member `/Users/albertoruizcajiga/python/sis_international/modules/reporting` is missing a `pyproject.toml` (matches: `modules/*`)
error: Workspace member `/Users/albertoruizcajiga/python/sis_international/modules/reporting` is missing a `pyproject.toml` (matches: `modules/*`)
error: Workspace member `/Users/albertoruizcajiga/python/sis_international/modules/reporting` is missing a `pyproject.toml` (matches: `modules/*`)
error: Workspace member `/Users/albertoruizcajiga/python/sis_international/modules/reporting` is missing a `pyproject.toml` (matches: `modules/*`)
error: Workspace member `/Users/albertoruizcajiga/python/sis_international/modules/reporting` is missing a `pyproject.toml` (matches: `modules/*`)
error: Workspace member `/Users/albertoruizcajiga/python/sis_international/modules/reporting` is missing a `pyproject.toml` (matches: `modules/*`)
error: Workspace member `/Users/albertoruizcajiga/python/sis_international/modules/reporting` is missing a `pyproject.toml` (matches: `modules/*`)
error: Workspace member `/Users/albertoruizcajiga/python/sis_international/modules/reporting` is missing a `pyproject.toml` (matches: `modules/*`)
error: Workspace member `/Users/albertoruizcajiga/python/sis_international/modules/reporting` is missing a `pyproject.toml` (matches: `modules/*`)
error: Workspace member `/Users/albertoruizcajiga/python/sis_international/modules/reporting` is missing a `pyproject.toml` (matches: `modules/*`)
error: Workspace member `/Users/albertoruizcajiga/python/sis_international/modules/reporting` is missing a `pyproject.toml` (matches: `modules/*`)
error: Workspace member `/Users/albertoruizcajiga/python/sis_international/modules/reporting` is missing a `pyproject.toml` (matches: `modules/*`)
error: Workspace member `/Users/albertoruizcajiga/python/sis_international/modules/reporting` is missing a `pyproject.toml` (matches: `modules/*`)
error: Workspace member `/Users/albertoruizcajiga/python/sis_international/modules/reporting` is missing a `pyproject.toml` (matches: `modules/*`)
error: Workspace member `/Users/albertoruizcajiga/python/sis_international/modules/reporting` is missing a `pyproject.toml` (matches: `modules/*`)
error: Workspace member `/Users/albertoruizcajiga/python/sis_international/modules/reporting` is missing a `pyproject.toml` (matches: `modules/*`)
error: Workspace member `/Users/albertoruizcajiga/python/sis_international/modules/reporting` is missing a `pyproject.toml` (matches: `modules/*`)
error: Workspace member `/Users/albertoruizcajiga/python/sis_international/modules/reporting` is missing a `pyproject.toml` (matches: `modules/*`)
error: Workspace member `/Users/albertoruizcajiga/python/sis_international/modules/reporting` is missing a `pyproject.toml` (matches: `modules/*`)
error: Workspace member `/Users/albertoruizcajiga/python/sis_international/modules/reporting` is missing a `pyproject.toml` (matches: `modules/*`)
error: Workspace member `/Users/albertoruizcajiga/python/sis_international/modules/reporting` is missing a `pyproject.toml` (matches: `modules/*`)
error: Workspace member `/Users/albertoruizcajiga/python/sis_international/modules/reporting` is missing a `pyproject.toml` (matches: `modules/*`)
error: Workspace member `/Users/albertoruizcajiga/python/sis_international/modules/reporting` is missing a `pyproject.toml` (matches: `modules/*`)
error: Workspace member `/Users/albertoruizcajiga/python/sis_international/modules/reporting` is missing a `pyproject.toml` (matches: `modules/*`)
error: Workspace member `/Users/albertoruizcajiga/python/sis_international/modules/reporting` is missing a `pyproject.toml` (matches: `modules/*`)
error: Workspace member `/Users/albertoruizcajiga/python/sis_international/modules/reporting` is missing a `pyproject.toml` (matches: `modules/*`)
error: Workspace member `/Users/albertoruizcajiga/python/sis_international/modules/reporting` is missing a `pyproject.toml` (matches: `modules/*`)
error: Workspace member `/Users/albertoruizcajiga/python/sis_international/modules/reporting` is missing a `pyproject.toml` (matches: `modules/*`)
error: Workspace member `/Users/albertoruizcajiga/python/sis_international/modules/reporting` is missing a `pyproject.toml` (matches: `modules/*`)
error: Workspace member `/Users/albertoruizcajiga/python/sis_international/modules/reporting` is missing a `pyproject.toml` (matches: `modules/*`)
error: Workspace member `/Users/albertoruizcajiga/python/sis_international/modules/reporting` is missing a `pyproject.toml` (matches: `modules/*`)
error: Workspace member `/Users/albertoruizcajiga/python/sis_international/modules/reporting` is missing a `pyproject.toml` (matches: `modules/*`)
error: Workspace member `/Users/albertoruizcajiga/python/sis_international/modules/reporting` is missing a `pyproject.toml` (matches: `modules/*`)
error: Workspace member `/Users/albertoruizcajiga/python/sis_international/modules/reporting` is missing a `pyproject.toml` (matches: `modules/*`)
error: Workspace member `/Users/albertoruizcajiga/python/sis_international/modules/reporting` is missing a `pyproject.toml` (matches: `modules/*`)
error: Workspace member `/Users/albertoruizcajiga/python/sis_international/modules/reporting` is missing a `pyproject.toml` (matches: `modules/*`)
error: Workspace member `/Users/albertoruizcajiga/python/sis_international/modules/reporting` is missing a `pyproject.toml` (matches: `modules/*`)
error: Workspace member `/Users/albertoruizcajiga/python/sis_international/modules/reporting` is missing a `pyproject.toml` (matches: `modules/*`)
error: Workspace member `/Users/albertoruizcajiga/python/sis_international/modules/reporting` is missing a `pyproject.toml` (matches: `modules/*`)
error: Workspace member `/Users/albertoruizcajiga/python/sis_international/modules/reporting` is missing a `pyproject.toml` (matches: `modules/*`)
error: Workspace member `/Users/albertoruizcajiga/python/sis_international/modules/reporting` is missing a `pyproject.toml` (matches: `modules/*`)
error: Workspace member `/Users/albertoruizcajiga/python/sis_international/modules/reporting` is missing a `pyproject.toml` (matches: `modules/*`)
error: Workspace member `/Users/albertoruizcajiga/python/sis_international/modules/reporting` is missing a `pyproject.toml` (matches: `modules/*`)
error: Workspace member `/Users/albertoruizcajiga/python/sis_international/modules/reporting` is missing a `pyproject.toml` (matches: `modules/*`)
error: Workspace member `/Users/albertoruizcajiga/python/sis_international/modules/reporting` is missing a `pyproject.toml` (matches: `modules/*`)
error: Workspace member `/Users/albertoruizcajiga/python/sis_international/modules/reporting` is missing a `pyproject.toml` (matches: `modules/*`)
error: Workspace member `/Users/albertoruizcajiga/python/sis_international/modules/reporting` is missing a `pyproject.toml` (matches: `modules/*`)
error: Workspace member `/Users/albertoruizcajiga/python/sis_international/modules/reporting` is missing a `pyproject.toml` (matches: `modules/*`)
error: Workspace member `/Users/albertoruizcajiga/python/sis_international/modules/reporting` is missing a `pyproject.toml` (matches: `modules/*`)
error: Workspace member `/Users/albertoruizcajiga/python/sis_international/modules/reporting` is missing a `pyproject.toml` (matches: `modules/*`)
error: Workspace member `/Users/albertoruizcajiga/python/sis_international/modules/reporting` is missing a `pyproject.toml` (matches: `modules/*`)
error: Workspace member `/Users/albertoruizcajiga/python/sis_international/modules/reporting` is missing a `pyproject.toml` (matches: `modules/*`)
error: Workspace member `/Users/albertoruizcajiga/python/sis_international/modules/reporting` is missing a `pyproject.toml` (matches: `modules/*`)
error: Workspace member `/Users/albertoruizcajiga/python/sis_international/modules/reporting` is missing a `pyproject.toml` (matches: `modules/*`)
error: Workspace member `/Users/albertoruizcajiga/python/sis_international/modules/reporting` is missing a `pyproject.toml` (matches: `modules/*`)
error: Workspace member `/Users/albertoruizcajiga/python/sis_international/modules/reporting` is missing a `pyproject.toml` (matches: `modules/*`)
error: Workspace member `/Users/albertoruizcajiga/python/sis_international/modules/reporting` is missing a `pyproject.toml` (matches: `modules/*`)
error: Workspace member `/Users/albertoruizcajiga/python/sis_international/modules/reporting` is missing a `pyproject.toml` (matches: `modules/*`)
error: Workspace member `/Users/albertoruizcajiga/python/sis_international/modules/reporting` is missing a `pyproject.toml` (matches: `modules/*`)
error: Workspace member `/Users/albertoruizcajiga/python/sis_international/modules/reporting` is missing a `pyproject.toml` (matches: `modules/*`)
error: Workspace member `/Users/albertoruizcajiga/python/sis_international/modules/reporting` is missing a `pyproject.toml` (matches: `modules/*`)
error: Workspace member `/Users/albertoruizcajiga/python/sis_international/modules/reporting` is missing a `pyproject.toml` (matches: `modules/*`)
error: Workspace member `/Users/albertoruizcajiga/python/sis_international/modules/reporting` is missing a `pyproject.toml` (matches: `modules/*`)
error: Workspace member `/Users/albertoruizcajiga/python/sis_international/modules/reporting` is missing a `pyproject.toml` (matches: `modules/*`)
error: Workspace member `/Users/albertoruizcajiga/python/sis_international/modules/reporting` is missing a `pyproject.toml` (matches: `modules/*`)
error: Workspace member `/Users/albertoruizcajiga/python/sis_international/modules/reporting` is missing a `pyproject.toml` (matches: `modules/*`)
error: Workspace member `/Users/albertoruizcajiga/python/sis_international/modules/reporting` is missing a `pyproject.toml` (matches: `modules/*`)
error: Workspace member `/Users/albertoruizcajiga/python/sis_international/modules/reporting` is missing a `pyproject.toml` (matches: `modules/*`)
error: Workspace member `/Users/albertoruizcajiga/python/sis_international/modules/reporting` is missing a `pyproject.toml` (matches: `modules/*`)
error: Workspace member `/Users/albertoruizcajiga/python/sis_international/modules/reporting` is missing a `pyproject.toml` (matches: `modules/*`)
error: Workspace member `/Users/albertoruizcajiga/python/sis_international/modules/reporting` is missing a `pyproject.toml` (matches: `modules/*`)
error: Workspace member `/Users/albertoruizcajiga/python/sis_international/modules/reporting` is missing a `pyproject.toml` (matches: `modules/*`)
error: Workspace member `/Users/albertoruizcajiga/python/sis_international/modules/reporting` is missing a `pyproject.toml` (matches: `modules/*`)
error: Workspace member `/Users/albertoruizcajiga/python/sis_international/modules/reporting` is missing a `pyproject.toml` (matches: `modules/*`)
error: Workspace member `/Users/albertoruizcajiga/python/sis_international/modules/reporting` is missing a `pyproject.toml` (matches: `modules/*`)
error: Workspace member `/Users/albertoruizcajiga/python/sis_international/modules/reporting` is missing a `pyproject.toml` (matches: `modules/*`)
error: Workspace member `/Users/albertoruizcajiga/python/sis_international/modules/reporting` is missing a `pyproject.toml` (matches: `modules/*`)
error: Workspace member `/Users/albertoruizcajiga/python/sis_international/modules/reporting` is missing a `pyproject.toml` (matches: `modules/*`)
error: Workspace member `/Users/albertoruizcajiga/python/sis_international/modules/reporting` is missing a `pyproject.toml` (matches: `modules/*`)
error: Workspace member `/Users/albertoruizcajiga/python/sis_international/modules/reporting` is missing a `pyproject.toml` (matches: `modules/*`)
error: Workspace member `/Users/albertoruizcajiga/python/sis_international/modules/reporting` is missing a `pyproject.toml` (matches: `modules/*`)
error: Workspace member `/Users/albertoruizcajiga/python/sis_international/modules/reporting` is missing a `pyproject.toml` (matches: `modules/*`)
error: Workspace member `/Users/albertoruizcajiga/python/sis_international/modules/reporting` is missing a `pyproject.toml` (matches: `modules/*`)
error: Workspace member `/Users/albertoruizcajiga/python/sis_international/modules/reporting` is missing a `pyproject.toml` (matches: `modules/*`)
error: Workspace member `/Users/albertoruizcajiga/python/sis_international/modules/reporting` is missing a `pyproject.toml` (matches: `modules/*`)
error: Workspace member `/Users/albertoruizcajiga/python/sis_international/modules/reporting` is missing a `pyproject.toml` (matches: `modules/*`)
error: Workspace member `/Users/albertoruizcajiga/python/sis_international/modules/reporting` is missing a `pyproject.toml` (matches: `modules/*`)
error: Workspace member `/Users/albertoruizcajiga/python/sis_international/modules/reporting` is missing a `pyproject.toml` (matches: `modules/*`)
error: Workspace member `/Users/albertoruizcajiga/python/sis_international/modules/reporting` is missing a `pyproject.toml` (matches: `modules/*`)
error: Workspace member `/Users/albertoruizcajiga/python/sis_international/modules/reporting` is missing a `pyproject.toml` (matches: `modules/*`)
error: Workspace member `/Users/albertoruizcajiga/python/sis_international/modules/reporting` is missing a `pyproject.toml` (matches: `modules/*`)
error: Workspace member `/Users/albertoruizcajiga/python/sis_international/modules/reporting` is missing a `pyproject.toml` (matches: `modules/*`)
error: Workspace member `/Users/albertoruizcajiga/python/sis_international/modules/reporting` is missing a `pyproject.toml` (matches: `modules/*`)
error: Workspace member `/Users/albertoruizcajiga/python/sis_international/modules/reporting` is missing a `pyproject.toml` (matches: `modules/*`)
error: Workspace member `/Users/albertoruizcajiga/python/sis_international/modules/reporting` is missing a `pyproject.toml` (matches: `modules/*`)
error: Workspace member `/Users/albertoruizcajiga/python/sis_international/modules/reporting` is missing a `pyproject.toml` (matches: `modules/*`)
INFO: 2026-03-11 14:51:36,575 - STARTING LOOP
INFO: 2026-03-11 14:51:36,575 - Nothing to insert into the database!
INFO: 2026-03-11 14:51:36,575 - FINISHED LOOP

INFO: 2026-03-11 14:55:07,919 - STARTING LOOP
INFO: 2026-03-11 14:55:07,920 - Nothing to insert into the database!
INFO: 2026-03-11 14:55:07,920 - FINISHED LOOP

INFO: 2026-03-11 15:00:39,110 - STARTING LOOP
INFO: 2026-03-11 15:00:39,112 - Nothing to insert into the database!
INFO: 2026-03-11 15:00:39,113 - FINISHED LOOP

INFO: 2026-03-11 15:05:10,228 - STARTING LOOP
INFO: 2026-03-11 15:05:10,229 - Nothing to insert into the database!
INFO: 2026-03-11 15:05:10,230 - FINISHED LOOP

INFO: 2026-03-11 15:10:06,935 - STARTING LOOP
INFO: 2026-03-11 15:10:06,936 - Nothing to insert into the database!
INFO: 2026-03-11 15:10:06,936 - FINISHED LOOP

INFO: 2026-03-11 15:15:06,443 - STARTING LOOP
INFO: 2026-03-11 15:15:06,445 - Nothing to insert into the database!
INFO: 2026-03-11 15:15:06,445 - FINISHED LOOP

INFO: 2026-03-11 15:20:08,194 - STARTING LOOP
INFO: 2026-03-11 15:20:08,196 - Nothing to insert into the database!
INFO: 2026-03-11 15:20:08,196 - FINISHED LOOP

INFO: 2026-03-11 15:25:04,726 - STARTING LOOP
INFO: 2026-03-11 15:25:04,727 - Nothing to insert into the database!
INFO: 2026-03-11 15:25:04,727 - FINISHED LOOP

INFO: 2026-03-11 15:30:06,569 - STARTING LOOP
INFO: 2026-03-11 15:30:06,570 - Nothing to insert into the database!
INFO: 2026-03-11 15:30:06,571 - FINISHED LOOP

INFO: 2026-03-11 15:35:08,613 - STARTING LOOP
INFO: 2026-03-11 15:35:08,615 - Nothing to insert into the database!
INFO: 2026-03-11 15:35:08,615 - FINISHED LOOP

INFO: 2026-03-11 15:40:21,263 - STARTING LOOP
INFO: 2026-03-11 15:40:21,265 - Nothing to insert into the database!
INFO: 2026-03-11 15:40:21,265 - FINISHED LOOP

INFO: 2026-03-11 15:45:11,285 - STARTING LOOP
INFO: 2026-03-11 15:45:11,287 - Nothing to insert into the database!
INFO: 2026-03-11 15:45:11,287 - FINISHED LOOP

INFO: 2026-03-11 15:50:07,539 - STARTING LOOP
INFO: 2026-03-11 15:50:07,540 - Nothing to insert into the database!
INFO: 2026-03-11 15:50:07,541 - FINISHED LOOP

INFO: 2026-03-11 15:55:05,961 - STARTING LOOP
INFO: 2026-03-11 15:55:05,963 - Nothing to insert into the database!
INFO: 2026-03-11 15:55:05,963 - FINISHED LOOP

INFO: 2026-03-11 16:00:06,318 - STARTING LOOP
INFO: 2026-03-11 16:00:06,319 - Nothing to insert into the database!
INFO: 2026-03-11 16:00:06,320 - FINISHED LOOP

INFO: 2026-03-11 16:05:07,008 - STARTING LOOP
INFO: 2026-03-11 16:05:07,010 - Nothing to insert into the database!
INFO: 2026-03-11 16:05:07,010 - FINISHED LOOP

INFO: 2026-03-11 16:10:06,466 - STARTING LOOP
INFO: 2026-03-11 16:10:06,468 - Nothing to insert into the database!
INFO: 2026-03-11 16:10:06,468 - FINISHED LOOP

INFO: 2026-03-11 16:15:06,815 - STARTING LOOP
INFO: 2026-03-11 16:15:06,816 - Nothing to insert into the database!
INFO: 2026-03-11 16:15:06,816 - FINISHED LOOP

INFO: 2026-03-11 16:20:06,252 - STARTING LOOP
INFO: 2026-03-11 16:20:06,254 - Nothing to insert into the database!
INFO: 2026-03-11 16:20:06,254 - FINISHED LOOP

INFO: 2026-03-11 16:25:04,761 - STARTING LOOP
INFO: 2026-03-11 16:25:04,763 - Nothing to insert into the database!
INFO: 2026-03-11 16:25:04,763 - FINISHED LOOP

INFO: 2026-03-11 16:30:07,706 - STARTING LOOP
INFO: 2026-03-11 16:30:07,708 - Nothing to insert into the database!
INFO: 2026-03-11 16:30:07,708 - FINISHED LOOP

INFO: 2026-03-11 16:35:08,923 - STARTING LOOP
INFO: 2026-03-11 16:35:08,925 - Nothing to insert into the database!
INFO: 2026-03-11 16:35:08,925 - FINISHED LOOP

INFO: 2026-03-11 16:40:08,289 - STARTING LOOP
INFO: 2026-03-11 16:40:08,291 - Nothing to insert into the database!
INFO: 2026-03-11 16:40:08,291 - FINISHED LOOP

INFO: 2026-03-11 16:45:06,679 - STARTING LOOP
INFO: 2026-03-11 16:45:06,680 - Nothing to insert into the database!
INFO: 2026-03-11 16:45:06,680 - FINISHED LOOP

INFO: 2026-03-11 16:50:07,192 - STARTING LOOP
INFO: 2026-03-11 16:50:07,193 - Nothing to insert into the database!
INFO: 2026-03-11 16:50:07,193 - FINISHED LOOP

INFO: 2026-03-11 16:55:05,090 - STARTING LOOP
INFO: 2026-03-11 16:55:05,092 - Nothing to insert into the database!
INFO: 2026-03-11 16:55:05,092 - FINISHED LOOP

INFO: 2026-03-11 17:00:07,904 - STARTING LOOP
INFO: 2026-03-11 17:00:07,912 - Nothing to insert into the database!
INFO: 2026-03-11 17:00:07,913 - FINISHED LOOP

INFO: 2026-03-11 17:05:07,795 - STARTING LOOP
INFO: 2026-03-11 17:05:07,796 - Nothing to insert into the database!
INFO: 2026-03-11 17:05:07,796 - FINISHED LOOP

INFO: 2026-03-11 17:10:12,156 - STARTING LOOP
INFO: 2026-03-11 17:10:12,157 - Nothing to insert into the database!
INFO: 2026-03-11 17:10:12,157 - FINISHED LOOP

INFO: 2026-03-11 17:15:05,328 - STARTING LOOP
INFO: 2026-03-11 17:15:05,331 - Nothing to insert into the database!
INFO: 2026-03-11 17:15:05,331 - FINISHED LOOP

INFO: 2026-03-11 17:20:06,086 - STARTING LOOP
INFO: 2026-03-11 17:20:06,088 - Nothing to insert into the database!
INFO: 2026-03-11 17:20:06,088 - FINISHED LOOP

INFO: 2026-03-11 17:25:07,196 - STARTING LOOP
INFO: 2026-03-11 17:25:07,198 - Nothing to insert into the database!
INFO: 2026-03-11 17:25:07,198 - FINISHED LOOP

INFO: 2026-03-11 17:31:38,608 - STARTING LOOP
INFO: 2026-03-11 17:31:38,610 - Nothing to insert into the database!
INFO: 2026-03-11 17:31:38,610 - FINISHED LOOP

INFO: 2026-03-11 17:35:06,824 - STARTING LOOP
INFO: 2026-03-11 17:35:06,826 - Nothing to insert into the database!
INFO: 2026-03-11 17:35:06,826 - FINISHED LOOP

INFO: 2026-03-11 17:40:07,051 - STARTING LOOP
INFO: 2026-03-11 17:40:07,052 - Nothing to insert into the database!
INFO: 2026-03-11 17:40:07,052 - FINISHED LOOP

INFO: 2026-03-11 17:48:30,295 - STARTING LOOP
INFO: 2026-03-11 17:48:30,297 - Nothing to insert into the database!
INFO: 2026-03-11 17:48:30,297 - FINISHED LOOP

INFO: 2026-03-11 17:50:05,935 - STARTING LOOP
INFO: 2026-03-11 17:50:05,936 - Nothing to insert into the database!
INFO: 2026-03-11 17:50:05,936 - FINISHED LOOP

INFO: 2026-03-11 17:55:07,609 - STARTING LOOP
INFO: 2026-03-11 17:55:07,611 - Nothing to insert into the database!
INFO: 2026-03-11 17:55:07,611 - FINISHED LOOP

INFO: 2026-03-11 18:00:08,622 - STARTING LOOP
INFO: 2026-03-11 18:00:08,624 - Nothing to insert into the database!
INFO: 2026-03-11 18:00:08,627 - FINISHED LOOP

INFO: 2026-03-11 18:05:08,966 - STARTING LOOP
INFO: 2026-03-11 18:05:08,968 - Nothing to insert into the database!
INFO: 2026-03-11 18:05:08,968 - FINISHED LOOP

INFO: 2026-03-11 18:10:11,416 - STARTING LOOP
INFO: 2026-03-11 18:10:11,419 - Nothing to insert into the database!
INFO: 2026-03-11 18:10:11,419 - FINISHED LOOP

INFO: 2026-03-11 18:15:08,911 - STARTING LOOP
INFO: 2026-03-11 18:15:08,913 - Nothing to insert into the database!
INFO: 2026-03-11 18:15:08,913 - FINISHED LOOP

INFO: 2026-03-11 18:20:07,987 - STARTING LOOP
INFO: 2026-03-11 18:20:07,988 - Nothing to insert into the database!
INFO: 2026-03-11 18:20:07,989 - FINISHED LOOP

INFO: 2026-03-11 18:25:07,464 - STARTING LOOP
INFO: 2026-03-11 18:25:07,466 - Nothing to insert into the database!
INFO: 2026-03-11 18:25:07,466 - FINISHED LOOP

INFO: 2026-03-11 18:30:07,551 - STARTING LOOP
INFO: 2026-03-11 18:30:07,553 - Nothing to insert into the database!
INFO: 2026-03-11 18:30:07,553 - FINISHED LOOP

INFO: 2026-03-11 18:35:07,197 - STARTING LOOP
INFO: 2026-03-11 18:35:07,199 - Nothing to insert into the database!
INFO: 2026-03-11 18:35:07,199 - FINISHED LOOP

INFO: 2026-03-11 18:40:07,050 - STARTING LOOP
INFO: 2026-03-11 18:40:07,052 - Nothing to insert into the database!
INFO: 2026-03-11 18:40:07,052 - FINISHED LOOP

INFO: 2026-03-11 18:45:07,717 - STARTING LOOP
INFO: 2026-03-11 18:45:07,719 - Nothing to insert into the database!
INFO: 2026-03-11 18:45:07,719 - FINISHED LOOP

INFO: 2026-03-11 18:50:05,606 - STARTING LOOP
INFO: 2026-03-11 18:50:05,608 - Nothing to insert into the database!
INFO: 2026-03-11 18:50:05,608 - FINISHED LOOP

INFO: 2026-03-11 18:55:05,779 - STARTING LOOP
INFO: 2026-03-11 18:55:05,781 - Nothing to insert into the database!
INFO: 2026-03-11 18:55:05,781 - FINISHED LOOP

INFO: 2026-03-11 19:00:06,037 - STARTING LOOP
INFO: 2026-03-11 19:00:06,039 - Nothing to insert into the database!
INFO: 2026-03-11 19:00:06,039 - FINISHED LOOP

INFO: 2026-03-11 19:05:07,749 - STARTING LOOP
INFO: 2026-03-11 19:05:07,750 - Nothing to insert into the database!
INFO: 2026-03-11 19:05:07,750 - FINISHED LOOP

INFO: 2026-03-11 19:10:07,339 - STARTING LOOP
INFO: 2026-03-11 19:10:07,341 - Nothing to insert into the database!
INFO: 2026-03-11 19:10:07,341 - FINISHED LOOP

INFO: 2026-03-11 19:15:06,531 - STARTING LOOP
INFO: 2026-03-11 19:15:06,532 - Nothing to insert into the database!
INFO: 2026-03-11 19:15:06,533 - FINISHED LOOP

INFO: 2026-03-11 19:36:22,374 - STARTING LOOP
INFO: 2026-03-11 19:36:22,376 - Nothing to insert into the database!
INFO: 2026-03-11 19:36:22,376 - FINISHED LOOP

INFO: 2026-03-11 19:43:41,825 - STARTING LOOP
INFO: 2026-03-11 19:43:41,827 - Nothing to insert into the database!
INFO: 2026-03-11 19:43:41,827 - FINISHED LOOP

INFO: 2026-03-11 20:06:59,713 - STARTING LOOP
INFO: 2026-03-11 20:06:59,714 - Nothing to insert into the database!
INFO: 2026-03-11 20:06:59,714 - FINISHED LOOP

INFO: 2026-03-11 20:25:06,089 - STARTING LOOP
INFO: 2026-03-11 20:25:06,091 - Nothing to insert into the database!
INFO: 2026-03-11 20:25:06,091 - FINISHED LOOP

INFO: 2026-03-11 21:05:07,644 - STARTING LOOP
INFO: 2026-03-11 21:05:07,645 - Nothing to insert into the database!
INFO: 2026-03-11 21:05:07,645 - FINISHED LOOP

INFO: 2026-03-11 21:15:30,649 - STARTING LOOP
INFO: 2026-03-11 21:15:30,649 - Nothing to insert into the database!
INFO: 2026-03-11 21:15:30,649 - FINISHED LOOP

INFO: 2026-03-12 00:05:14,266 - STARTING LOOP
INFO: 2026-03-12 00:05:14,268 - Nothing to insert into the database!
INFO: 2026-03-12 00:05:14,268 - FINISHED LOOP

INFO: 2026-03-12 02:13:46,036 - STARTING LOOP
INFO: 2026-03-12 02:13:46,037 - Nothing to insert into the database!
INFO: 2026-03-12 02:13:46,037 - FINISHED LOOP

INFO: 2026-03-12 04:10:07,878 - STARTING LOOP
INFO: 2026-03-12 04:10:07,880 - Nothing to insert into the database!
INFO: 2026-03-12 04:10:07,880 - FINISHED LOOP

INFO: 2026-03-12 05:29:32,754 - STARTING LOOP
INFO: 2026-03-12 05:29:32,755 - Nothing to insert into the database!
INFO: 2026-03-12 05:29:32,755 - FINISHED LOOP

INFO: 2026-03-12 05:29:36,061 - STARTING LOOP
INFO: 2026-03-12 05:29:36,061 - Nothing to insert into the database!
INFO: 2026-03-12 05:29:36,061 - FINISHED LOOP

INFO: 2026-03-12 05:30:04,838 - STARTING LOOP
INFO: 2026-03-12 05:30:04,839 - Nothing to insert into the database!
INFO: 2026-03-12 05:30:04,839 - FINISHED LOOP

INFO: 2026-03-12 05:50:04,938 - STARTING LOOP
INFO: 2026-03-12 05:50:04,938 - Nothing to insert into the database!
INFO: 2026-03-12 05:50:04,939 - FINISHED LOOP

INFO: 2026-03-12 05:57:03,378 - STARTING LOOP
INFO: 2026-03-12 05:57:03,379 - Nothing to insert into the database!
INFO: 2026-03-12 05:57:03,379 - FINISHED LOOP

INFO: 2026-03-12 06:06:25,520 - STARTING LOOP
INFO: 2026-03-12 06:06:25,521 - Nothing to insert into the database!
INFO: 2026-03-12 06:06:25,521 - FINISHED LOOP

INFO: 2026-03-12 06:13:50,899 - STARTING LOOP
INFO: 2026-03-12 06:13:50,899 - Nothing to insert into the database!
INFO: 2026-03-12 06:13:50,899 - FINISHED LOOP

INFO: 2026-03-12 06:17:16,475 - STARTING LOOP
INFO: 2026-03-12 06:17:16,475 - Nothing to insert into the database!
INFO: 2026-03-12 06:17:16,475 - FINISHED LOOP

INFO: 2026-03-12 06:26:23,933 - STARTING LOOP
INFO: 2026-03-12 06:26:23,933 - Nothing to insert into the database!
INFO: 2026-03-12 06:26:23,933 - FINISHED LOOP

INFO: 2026-03-12 07:06:03,378 - STARTING LOOP
INFO: 2026-03-12 07:06:03,379 - Nothing to insert into the database!
INFO: 2026-03-12 07:06:03,379 - FINISHED LOOP

INFO: 2026-03-12 07:11:49,932 - STARTING LOOP
INFO: 2026-03-12 07:11:49,933 - Nothing to insert into the database!
INFO: 2026-03-12 07:11:49,933 - FINISHED LOOP

INFO: 2026-03-12 07:30:05,542 - STARTING LOOP
INFO: 2026-03-12 07:30:05,544 - Nothing to insert into the database!
INFO: 2026-03-12 07:30:05,544 - FINISHED LOOP

INFO: 2026-03-12 07:39:49,222 - STARTING LOOP
INFO: 2026-03-12 07:39:49,223 - Nothing to insert into the database!
INFO: 2026-03-12 07:39:49,223 - FINISHED LOOP

INFO: 2026-03-12 07:40:06,029 - STARTING LOOP
INFO: 2026-03-12 07:40:06,029 - Nothing to insert into the database!
INFO: 2026-03-12 07:40:06,029 - FINISHED LOOP

INFO: 2026-03-12 07:46:41,711 - STARTING LOOP
INFO: 2026-03-12 07:46:41,712 - Nothing to insert into the database!
INFO: 2026-03-12 07:46:41,712 - FINISHED LOOP

INFO: 2026-03-12 08:12:52,575 - STARTING LOOP
INFO: 2026-03-12 08:12:52,577 - Nothing to insert into the database!
INFO: 2026-03-12 08:12:52,577 - FINISHED LOOP

INFO: 2026-03-12 08:36:26,786 - STARTING LOOP
INFO: 2026-03-12 08:36:26,789 - Nothing to insert into the database!
INFO: 2026-03-12 08:36:26,790 - FINISHED LOOP

INFO: 2026-03-12 08:40:07,297 - STARTING LOOP
INFO: 2026-03-12 08:40:07,298 - Nothing to insert into the database!
INFO: 2026-03-12 08:40:07,298 - FINISHED LOOP

INFO: 2026-03-12 08:45:05,839 - STARTING LOOP
INFO: 2026-03-12 08:45:05,840 - Nothing to insert into the database!
INFO: 2026-03-12 08:45:05,840 - FINISHED LOOP

INFO: 2026-03-12 08:50:07,440 - STARTING LOOP
INFO: 2026-03-12 08:50:07,441 - Nothing to insert into the database!
INFO: 2026-03-12 08:50:07,441 - FINISHED LOOP

INFO: 2026-03-12 08:55:07,440 - STARTING LOOP
INFO: 2026-03-12 08:55:07,441 - Nothing to insert into the database!
INFO: 2026-03-12 08:55:07,441 - FINISHED LOOP

INFO: 2026-03-12 09:00:08,296 - STARTING LOOP
INFO: 2026-03-12 09:00:08,297 - Nothing to insert into the database!
INFO: 2026-03-12 09:00:08,297 - FINISHED LOOP

INFO: 2026-03-12 09:05:47,329 - STARTING LOOP
INFO: 2026-03-12 09:05:47,330 - Nothing to insert into the database!
INFO: 2026-03-12 09:05:47,330 - FINISHED LOOP

INFO: 2026-03-12 09:14:32,375 - STARTING LOOP
INFO: 2026-03-12 09:14:32,376 - Nothing to insert into the database!
INFO: 2026-03-12 09:14:32,376 - FINISHED LOOP

INFO: 2026-03-12 09:16:30,018 - STARTING LOOP
INFO: 2026-03-12 09:16:30,018 - Nothing to insert into the database!
INFO: 2026-03-12 09:16:30,018 - FINISHED LOOP

INFO: 2026-03-12 09:26:04,954 - STARTING LOOP
INFO: 2026-03-12 09:26:04,955 - Nothing to insert into the database!
INFO: 2026-03-12 09:26:04,955 - FINISHED LOOP

INFO: 2026-03-12 10:14:09,269 - STARTING LOOP
INFO: 2026-03-12 10:14:09,270 - Nothing to insert into the database!
INFO: 2026-03-12 10:14:09,270 - FINISHED LOOP

INFO: 2026-03-12 10:14:13,001 - STARTING LOOP
INFO: 2026-03-12 10:14:13,002 - Nothing to insert into the database!
INFO: 2026-03-12 10:14:13,002 - FINISHED LOOP

INFO: 2026-03-12 10:16:49,844 - STARTING LOOP
INFO: 2026-03-12 10:16:49,846 - Nothing to insert into the database!
INFO: 2026-03-12 10:16:49,846 - FINISHED LOOP

INFO: 2026-03-12 10:22:32,333 - STARTING LOOP
INFO: 2026-03-12 10:22:32,335 - Nothing to insert into the database!
INFO: 2026-03-12 10:22:32,335 - FINISHED LOOP

INFO: 2026-03-12 10:28:59,501 - STARTING LOOP
INFO: 2026-03-12 10:28:59,502 - Nothing to insert into the database!
INFO: 2026-03-12 10:28:59,502 - FINISHED LOOP

INFO: 2026-03-12 10:36:36,491 - STARTING LOOP
INFO: 2026-03-12 10:36:36,492 - Nothing to insert into the database!
INFO: 2026-03-12 10:36:36,492 - FINISHED LOOP

INFO: 2026-03-12 10:42:38,505 - STARTING LOOP
INFO: 2026-03-12 10:42:38,505 - Nothing to insert into the database!
INFO: 2026-03-12 10:42:38,505 - FINISHED LOOP

INFO: 2026-03-12 10:47:02,831 - STARTING LOOP
INFO: 2026-03-12 10:47:02,833 - Nothing to insert into the database!
INFO: 2026-03-12 10:47:02,833 - FINISHED LOOP

INFO: 2026-03-12 10:51:59,161 - STARTING LOOP
INFO: 2026-03-12 10:51:59,161 - Nothing to insert into the database!
INFO: 2026-03-12 10:51:59,161 - FINISHED LOOP

INFO: 2026-03-12 10:56:44,747 - STARTING LOOP
INFO: 2026-03-12 10:56:44,749 - Nothing to insert into the database!
INFO: 2026-03-12 10:56:44,749 - FINISHED LOOP

INFO: 2026-03-12 11:01:19,839 - STARTING LOOP
INFO: 2026-03-12 11:01:19,841 - Nothing to insert into the database!
INFO: 2026-03-12 11:01:19,841 - FINISHED LOOP

INFO: 2026-03-12 11:05:06,469 - STARTING LOOP
INFO: 2026-03-12 11:05:06,470 - Nothing to insert into the database!
INFO: 2026-03-12 11:05:06,470 - FINISHED LOOP

INFO: 2026-03-12 11:13:24,914 - STARTING LOOP
INFO: 2026-03-12 11:13:24,915 - Nothing to insert into the database!
INFO: 2026-03-12 11:13:24,915 - FINISHED LOOP

INFO: 2026-03-12 11:15:06,950 - STARTING LOOP
INFO: 2026-03-12 11:15:06,954 - Nothing to insert into the database!
INFO: 2026-03-12 11:15:06,954 - FINISHED LOOP

INFO: 2026-03-12 11:20:08,602 - STARTING LOOP
INFO: 2026-03-12 11:20:08,604 - Nothing to insert into the database!
INFO: 2026-03-12 11:20:08,604 - FINISHED LOOP

INFO: 2026-03-12 11:25:07,301 - STARTING LOOP
INFO: 2026-03-12 11:25:07,303 - Nothing to insert into the database!
INFO: 2026-03-12 11:25:07,303 - FINISHED LOOP

INFO: 2026-03-12 11:30:09,810 - STARTING LOOP
INFO: 2026-03-12 11:30:09,812 - Nothing to insert into the database!
INFO: 2026-03-12 11:30:09,812 - FINISHED LOOP

INFO: 2026-03-12 11:35:05,505 - STARTING LOOP
INFO: 2026-03-12 11:35:05,506 - Nothing to insert into the database!
INFO: 2026-03-12 11:35:05,507 - FINISHED LOOP

INFO: 2026-03-12 11:40:06,522 - STARTING LOOP
INFO: 2026-03-12 11:40:06,523 - Nothing to insert into the database!
INFO: 2026-03-12 11:40:06,524 - FINISHED LOOP

INFO: 2026-03-12 11:45:06,321 - STARTING LOOP
INFO: 2026-03-12 11:45:06,322 - Nothing to insert into the database!
INFO: 2026-03-12 11:45:06,322 - FINISHED LOOP

INFO: 2026-03-12 11:50:07,477 - STARTING LOOP
INFO: 2026-03-12 11:50:07,482 - Nothing to insert into the database!
INFO: 2026-03-12 11:50:07,482 - FINISHED LOOP

INFO: 2026-03-12 11:55:07,315 - STARTING LOOP
INFO: 2026-03-12 11:55:07,317 - Nothing to insert into the database!
INFO: 2026-03-12 11:55:07,317 - FINISHED LOOP

INFO: 2026-03-12 12:00:11,217 - STARTING LOOP
INFO: 2026-03-12 12:00:11,219 - Nothing to insert into the database!
INFO: 2026-03-12 12:00:11,219 - FINISHED LOOP

INFO: 2026-03-12 12:05:07,719 - STARTING LOOP
INFO: 2026-03-12 12:05:07,721 - Nothing to insert into the database!
INFO: 2026-03-12 12:05:07,721 - FINISHED LOOP

INFO: 2026-03-12 12:10:13,915 - STARTING LOOP
INFO: 2026-03-12 12:10:13,918 - Nothing to insert into the database!
INFO: 2026-03-12 12:10:13,918 - FINISHED LOOP

INFO: 2026-03-12 12:15:06,441 - STARTING LOOP
INFO: 2026-03-12 12:15:06,442 - Nothing to insert into the database!
INFO: 2026-03-12 12:15:06,443 - FINISHED LOOP

INFO: 2026-03-12 12:20:09,336 - STARTING LOOP
INFO: 2026-03-12 12:20:09,338 - Nothing to insert into the database!
INFO: 2026-03-12 12:20:09,338 - FINISHED LOOP

INFO: 2026-03-12 12:25:06,697 - STARTING LOOP
INFO: 2026-03-12 12:25:06,698 - Nothing to insert into the database!
INFO: 2026-03-12 12:25:06,698 - FINISHED LOOP

INFO: 2026-03-12 12:30:08,474 - STARTING LOOP
INFO: 2026-03-12 12:30:08,476 - Nothing to insert into the database!
INFO: 2026-03-12 12:30:08,477 - FINISHED LOOP

INFO: 2026-03-12 12:35:07,594 - STARTING LOOP
INFO: 2026-03-12 12:35:07,596 - Nothing to insert into the database!
INFO: 2026-03-12 12:35:07,596 - FINISHED LOOP

INFO: 2026-03-12 12:40:07,789 - STARTING LOOP
INFO: 2026-03-12 12:40:07,790 - Nothing to insert into the database!
INFO: 2026-03-12 12:40:07,790 - FINISHED LOOP

INFO: 2026-03-12 12:45:07,025 - STARTING LOOP
INFO: 2026-03-12 12:45:07,026 - Nothing to insert into the database!
INFO: 2026-03-12 12:45:07,026 - FINISHED LOOP

INFO: 2026-03-12 12:50:09,193 - STARTING LOOP
INFO: 2026-03-12 12:50:09,196 - Nothing to insert into the database!
INFO: 2026-03-12 12:50:09,196 - FINISHED LOOP

INFO: 2026-03-12 12:55:07,978 - STARTING LOOP
INFO: 2026-03-12 12:55:07,979 - Nothing to insert into the database!
INFO: 2026-03-12 12:55:07,979 - FINISHED LOOP

INFO: 2026-03-12 13:00:10,119 - STARTING LOOP
INFO: 2026-03-12 13:00:10,122 - Nothing to insert into the database!
INFO: 2026-03-12 13:00:10,122 - FINISHED LOOP

INFO: 2026-03-12 13:05:07,702 - STARTING LOOP
INFO: 2026-03-12 13:05:07,703 - Nothing to insert into the database!
INFO: 2026-03-12 13:05:07,703 - FINISHED LOOP

INFO: 2026-03-12 13:10:06,959 - STARTING LOOP
INFO: 2026-03-12 13:10:06,961 - Nothing to insert into the database!
INFO: 2026-03-12 13:10:06,961 - FINISHED LOOP

INFO: 2026-03-12 13:15:06,413 - STARTING LOOP
INFO: 2026-03-12 13:15:06,414 - Nothing to insert into the database!
INFO: 2026-03-12 13:15:06,414 - FINISHED LOOP

INFO: 2026-03-12 13:20:14,811 - STARTING LOOP
INFO: 2026-03-12 13:20:14,812 - Nothing to insert into the database!
INFO: 2026-03-12 13:20:14,812 - FINISHED LOOP

INFO: 2026-03-12 13:25:07,915 - STARTING LOOP
INFO: 2026-03-12 13:25:07,916 - Nothing to insert into the database!
INFO: 2026-03-12 13:25:07,916 - FINISHED LOOP

INFO: 2026-03-12 13:30:08,278 - STARTING LOOP
INFO: 2026-03-12 13:30:08,279 - Nothing to insert into the database!
INFO: 2026-03-12 13:30:08,279 - FINISHED LOOP

INFO: 2026-03-12 13:35:11,302 - STARTING LOOP
INFO: 2026-03-12 13:35:11,304 - Nothing to insert into the database!
INFO: 2026-03-12 13:35:11,304 - FINISHED LOOP

INFO: 2026-03-12 13:40:07,626 - STARTING LOOP
INFO: 2026-03-12 13:40:07,627 - Nothing to insert into the database!
INFO: 2026-03-12 13:40:07,628 - FINISHED LOOP

INFO: 2026-03-12 13:45:08,079 - STARTING LOOP
INFO: 2026-03-12 13:45:08,080 - Nothing to insert into the database!
INFO: 2026-03-12 13:45:08,080 - FINISHED LOOP

INFO: 2026-03-12 13:50:07,883 - STARTING LOOP
INFO: 2026-03-12 13:50:07,885 - Nothing to insert into the database!
INFO: 2026-03-12 13:50:07,885 - FINISHED LOOP

INFO: 2026-03-12 13:55:06,722 - STARTING LOOP
INFO: 2026-03-12 13:55:06,724 - Nothing to insert into the database!
INFO: 2026-03-12 13:55:06,724 - FINISHED LOOP

INFO: 2026-03-12 14:00:09,607 - STARTING LOOP
INFO: 2026-03-12 14:00:09,609 - Nothing to insert into the database!
INFO: 2026-03-12 14:00:09,609 - FINISHED LOOP

INFO: 2026-03-12 14:05:07,407 - STARTING LOOP
INFO: 2026-03-12 14:05:07,409 - Nothing to insert into the database!
INFO: 2026-03-12 14:05:07,409 - FINISHED LOOP

INFO: 2026-03-12 14:10:12,339 - STARTING LOOP
INFO: 2026-03-12 14:10:12,340 - Nothing to insert into the database!
INFO: 2026-03-12 14:10:12,340 - FINISHED LOOP

INFO: 2026-03-12 14:15:06,960 - STARTING LOOP
INFO: 2026-03-12 14:15:06,961 - Nothing to insert into the database!
INFO: 2026-03-12 14:15:06,961 - FINISHED LOOP

INFO: 2026-03-12 14:20:07,026 - STARTING LOOP
INFO: 2026-03-12 14:20:07,027 - Nothing to insert into the database!
INFO: 2026-03-12 14:20:07,027 - FINISHED LOOP

INFO: 2026-03-12 14:25:07,888 - STARTING LOOP
INFO: 2026-03-12 14:25:07,889 - Nothing to insert into the database!
INFO: 2026-03-12 14:25:07,889 - FINISHED LOOP

INFO: 2026-03-12 14:30:07,243 - STARTING LOOP
INFO: 2026-03-12 14:30:07,245 - Nothing to insert into the database!
INFO: 2026-03-12 14:30:07,245 - FINISHED LOOP

INFO: 2026-03-12 14:35:10,639 - STARTING LOOP
INFO: 2026-03-12 14:35:10,640 - Nothing to insert into the database!
INFO: 2026-03-12 14:35:10,640 - FINISHED LOOP

INFO: 2026-03-12 14:40:07,748 - STARTING LOOP
INFO: 2026-03-12 14:40:07,750 - Nothing to insert into the database!
INFO: 2026-03-12 14:40:07,750 - FINISHED LOOP

INFO: 2026-03-12 14:45:07,522 - STARTING LOOP
INFO: 2026-03-12 14:45:07,524 - Nothing to insert into the database!
INFO: 2026-03-12 14:45:07,524 - FINISHED LOOP

INFO: 2026-03-12 14:50:08,453 - STARTING LOOP
INFO: 2026-03-12 14:50:08,455 - Nothing to insert into the database!
INFO: 2026-03-12 14:50:08,455 - FINISHED LOOP

INFO: 2026-03-12 14:55:06,412 - STARTING LOOP
INFO: 2026-03-12 14:55:06,414 - Nothing to insert into the database!
INFO: 2026-03-12 14:55:06,414 - FINISHED LOOP

INFO: 2026-03-12 15:00:08,298 - STARTING LOOP
INFO: 2026-03-12 15:00:08,300 - Nothing to insert into the database!
INFO: 2026-03-12 15:00:08,300 - FINISHED LOOP

INFO: 2026-03-12 15:05:09,341 - STARTING LOOP
INFO: 2026-03-12 15:05:09,343 - Nothing to insert into the database!
INFO: 2026-03-12 15:05:09,343 - FINISHED LOOP

INFO: 2026-03-12 15:10:17,941 - STARTING LOOP
INFO: 2026-03-12 15:10:17,943 - Nothing to insert into the database!
INFO: 2026-03-12 15:10:17,943 - FINISHED LOOP

INFO: 2026-03-12 15:15:11,905 - STARTING LOOP
INFO: 2026-03-12 15:15:11,907 - Nothing to insert into the database!
INFO: 2026-03-12 15:15:11,907 - FINISHED LOOP

INFO: 2026-03-12 15:20:10,429 - STARTING LOOP
INFO: 2026-03-12 15:20:10,430 - Nothing to insert into the database!
INFO: 2026-03-12 15:20:10,430 - FINISHED LOOP

INFO: 2026-03-12 15:25:07,576 - STARTING LOOP
INFO: 2026-03-12 15:25:07,577 - Nothing to insert into the database!
INFO: 2026-03-12 15:25:07,577 - FINISHED LOOP

INFO: 2026-03-12 15:30:08,873 - STARTING LOOP
INFO: 2026-03-12 15:30:08,875 - Nothing to insert into the database!
INFO: 2026-03-12 15:30:08,875 - FINISHED LOOP

INFO: 2026-03-12 15:35:10,236 - STARTING LOOP
INFO: 2026-03-12 15:35:10,237 - Nothing to insert into the database!
INFO: 2026-03-12 15:35:10,237 - FINISHED LOOP

INFO: 2026-03-12 15:40:15,065 - STARTING LOOP
INFO: 2026-03-12 15:40:15,067 - Nothing to insert into the database!
INFO: 2026-03-12 15:40:15,067 - FINISHED LOOP

INFO: 2026-03-12 15:45:11,561 - STARTING LOOP
INFO: 2026-03-12 15:45:11,563 - Nothing to insert into the database!
INFO: 2026-03-12 15:45:11,564 - FINISHED LOOP

INFO: 2026-03-12 15:50:09,838 - STARTING LOOP
INFO: 2026-03-12 15:50:09,839 - Nothing to insert into the database!
INFO: 2026-03-12 15:50:09,840 - FINISHED LOOP

INFO: 2026-03-12 15:55:06,636 - STARTING LOOP
INFO: 2026-03-12 15:55:06,638 - Nothing to insert into the database!
INFO: 2026-03-12 15:55:06,638 - FINISHED LOOP

INFO: 2026-03-12 16:00:10,558 - STARTING LOOP
INFO: 2026-03-12 16:00:10,562 - Nothing to insert into the database!
INFO: 2026-03-12 16:00:10,562 - FINISHED LOOP

INFO: 2026-03-12 16:05:08,150 - STARTING LOOP
INFO: 2026-03-12 16:05:08,152 - Nothing to insert into the database!
INFO: 2026-03-12 16:05:08,152 - FINISHED LOOP

INFO: 2026-03-12 16:10:11,548 - STARTING LOOP
INFO: 2026-03-12 16:10:11,550 - Nothing to insert into the database!
INFO: 2026-03-12 16:10:11,550 - FINISHED LOOP

INFO: 2026-03-12 16:15:09,638 - STARTING LOOP
INFO: 2026-03-12 16:15:09,639 - Nothing to insert into the database!
INFO: 2026-03-12 16:15:09,639 - FINISHED LOOP

INFO: 2026-03-12 16:20:09,025 - STARTING LOOP
INFO: 2026-03-12 16:20:09,026 - Nothing to insert into the database!
INFO: 2026-03-12 16:20:09,026 - FINISHED LOOP

INFO: 2026-03-12 16:25:07,155 - STARTING LOOP
INFO: 2026-03-12 16:25:07,157 - Nothing to insert into the database!
INFO: 2026-03-12 16:25:07,157 - FINISHED LOOP

INFO: 2026-03-12 16:30:08,842 - STARTING LOOP
INFO: 2026-03-12 16:30:08,845 - Nothing to insert into the database!
INFO: 2026-03-12 16:30:08,845 - FINISHED LOOP

INFO: 2026-03-12 16:35:06,737 - STARTING LOOP
INFO: 2026-03-12 16:35:06,739 - Nothing to insert into the database!
INFO: 2026-03-12 16:35:06,739 - FINISHED LOOP

INFO: 2026-03-12 16:41:32,722 - STARTING LOOP
INFO: 2026-03-12 16:41:32,776 - Nothing to insert into the database!
INFO: 2026-03-12 16:41:32,777 - FINISHED LOOP

INFO: 2026-03-12 16:45:08,485 - STARTING LOOP
INFO: 2026-03-12 16:45:08,486 - Nothing to insert into the database!
INFO: 2026-03-12 16:45:08,486 - FINISHED LOOP

INFO: 2026-03-12 16:50:08,486 - STARTING LOOP
INFO: 2026-03-12 16:50:08,487 - Nothing to insert into the database!
INFO: 2026-03-12 16:50:08,487 - FINISHED LOOP

INFO: 2026-03-12 16:55:07,630 - STARTING LOOP
INFO: 2026-03-12 16:55:07,632 - Nothing to insert into the database!
INFO: 2026-03-12 16:55:07,632 - FINISHED LOOP

INFO: 2026-03-12 17:00:07,589 - STARTING LOOP
INFO: 2026-03-12 17:00:07,590 - Nothing to insert into the database!
INFO: 2026-03-12 17:00:07,590 - FINISHED LOOP

INFO: 2026-03-12 17:05:25,374 - STARTING LOOP
INFO: 2026-03-12 17:05:25,375 - Nothing to insert into the database!
INFO: 2026-03-12 17:05:25,375 - FINISHED LOOP

INFO: 2026-03-12 17:10:11,349 - STARTING LOOP
INFO: 2026-03-12 17:10:11,351 - Nothing to insert into the database!
INFO: 2026-03-12 17:10:11,351 - FINISHED LOOP

INFO: 2026-03-12 17:15:09,061 - STARTING LOOP
INFO: 2026-03-12 17:15:09,062 - Nothing to insert into the database!
INFO: 2026-03-12 17:15:09,063 - FINISHED LOOP

INFO: 2026-03-12 17:20:11,476 - STARTING LOOP
INFO: 2026-03-12 17:20:11,478 - Nothing to insert into the database!
INFO: 2026-03-12 17:20:11,478 - FINISHED LOOP

INFO: 2026-03-12 17:25:07,843 - STARTING LOOP
INFO: 2026-03-12 17:25:07,845 - Nothing to insert into the database!
INFO: 2026-03-12 17:25:07,845 - FINISHED LOOP

INFO: 2026-03-12 17:30:07,300 - STARTING LOOP
INFO: 2026-03-12 17:30:07,301 - Nothing to insert into the database!
INFO: 2026-03-12 17:30:07,301 - FINISHED LOOP

INFO: 2026-03-12 17:35:07,903 - STARTING LOOP
INFO: 2026-03-12 17:35:07,905 - Nothing to insert into the database!
INFO: 2026-03-12 17:35:07,905 - FINISHED LOOP

INFO: 2026-03-12 17:40:08,547 - STARTING LOOP
INFO: 2026-03-12 17:40:08,549 - Nothing to insert into the database!
INFO: 2026-03-12 17:40:08,549 - FINISHED LOOP

INFO: 2026-03-12 17:45:15,081 - STARTING LOOP
INFO: 2026-03-12 17:45:15,083 - Nothing to insert into the database!
INFO: 2026-03-12 17:45:15,083 - FINISHED LOOP

INFO: 2026-03-12 17:50:08,298 - STARTING LOOP
INFO: 2026-03-12 17:50:08,300 - Nothing to insert into the database!
INFO: 2026-03-12 17:50:08,300 - FINISHED LOOP

INFO: 2026-03-12 17:55:08,736 - STARTING LOOP
INFO: 2026-03-12 17:55:08,737 - Nothing to insert into the database!
INFO: 2026-03-12 17:55:08,737 - FINISHED LOOP

INFO: 2026-03-12 18:00:06,719 - STARTING LOOP
INFO: 2026-03-12 18:00:06,720 - Nothing to insert into the database!
INFO: 2026-03-12 18:00:06,721 - FINISHED LOOP

INFO: 2026-03-12 18:05:09,447 - STARTING LOOP
INFO: 2026-03-12 18:05:09,449 - Nothing to insert into the database!
INFO: 2026-03-12 18:05:09,449 - FINISHED LOOP

INFO: 2026-03-12 18:10:16,603 - STARTING LOOP
INFO: 2026-03-12 18:10:16,606 - Nothing to insert into the database!
INFO: 2026-03-12 18:10:16,606 - FINISHED LOOP

INFO: 2026-03-12 18:15:09,224 - STARTING LOOP
INFO: 2026-03-12 18:15:09,227 - Nothing to insert into the database!
INFO: 2026-03-12 18:15:09,227 - FINISHED LOOP

INFO: 2026-03-12 18:20:10,805 - STARTING LOOP
INFO: 2026-03-12 18:20:10,808 - Nothing to insert into the database!
INFO: 2026-03-12 18:20:10,808 - FINISHED LOOP

INFO: 2026-03-12 18:25:07,071 - STARTING LOOP
INFO: 2026-03-12 18:25:07,073 - Nothing to insert into the database!
INFO: 2026-03-12 18:25:07,073 - FINISHED LOOP

INFO: 2026-03-12 18:30:10,367 - STARTING LOOP
INFO: 2026-03-12 18:30:10,369 - Nothing to insert into the database!
INFO: 2026-03-12 18:30:10,369 - FINISHED LOOP

INFO: 2026-03-12 18:35:07,427 - STARTING LOOP
INFO: 2026-03-12 18:35:07,428 - Nothing to insert into the database!
INFO: 2026-03-12 18:35:07,428 - FINISHED LOOP

INFO: 2026-03-12 18:43:52,977 - STARTING LOOP
INFO: 2026-03-12 18:43:52,979 - Nothing to insert into the database!
INFO: 2026-03-12 18:43:52,979 - FINISHED LOOP

INFO: 2026-03-12 18:45:06,566 - STARTING LOOP
INFO: 2026-03-12 18:45:06,566 - Nothing to insert into the database!
INFO: 2026-03-12 18:45:06,566 - FINISHED LOOP

INFO: 2026-03-12 18:50:08,005 - STARTING LOOP
INFO: 2026-03-12 18:50:08,006 - Nothing to insert into the database!
INFO: 2026-03-12 18:50:08,006 - FINISHED LOOP

INFO: 2026-03-12 18:55:15,974 - STARTING LOOP
INFO: 2026-03-12 18:55:15,975 - Nothing to insert into the database!
INFO: 2026-03-12 18:55:15,975 - FINISHED LOOP

INFO: 2026-03-12 19:00:08,932 - STARTING LOOP
INFO: 2026-03-12 19:00:08,933 - Nothing to insert into the database!
INFO: 2026-03-12 19:00:08,933 - FINISHED LOOP

INFO: 2026-03-12 19:05:07,771 - STARTING LOOP
INFO: 2026-03-12 19:05:07,773 - Nothing to insert into the database!
INFO: 2026-03-12 19:05:07,773 - FINISHED LOOP

INFO: 2026-03-12 19:10:07,802 - STARTING LOOP
INFO: 2026-03-12 19:10:07,803 - Nothing to insert into the database!
INFO: 2026-03-12 19:10:07,803 - FINISHED LOOP

INFO: 2026-03-12 19:15:07,267 - STARTING LOOP
INFO: 2026-03-12 19:15:07,270 - Nothing to insert into the database!
INFO: 2026-03-12 19:15:07,270 - FINISHED LOOP

INFO: 2026-03-12 19:20:09,074 - STARTING LOOP
INFO: 2026-03-12 19:20:09,076 - Nothing to insert into the database!
INFO: 2026-03-12 19:20:09,076 - FINISHED LOOP

INFO: 2026-03-12 19:25:08,330 - STARTING LOOP
INFO: 2026-03-12 19:25:08,332 - Nothing to insert into the database!
INFO: 2026-03-12 19:25:08,332 - FINISHED LOOP

INFO: 2026-03-12 19:30:28,097 - STARTING LOOP
INFO: 2026-03-12 19:30:28,101 - Nothing to insert into the database!
INFO: 2026-03-12 19:30:28,101 - FINISHED LOOP

INFO: 2026-03-12 19:50:13,873 - STARTING LOOP
INFO: 2026-03-12 19:50:13,874 - Nothing to insert into the database!
INFO: 2026-03-12 19:50:13,874 - FINISHED LOOP

INFO: 2026-03-12 19:57:11,468 - STARTING LOOP
INFO: 2026-03-12 19:57:11,469 - Nothing to insert into the database!
INFO: 2026-03-12 19:57:11,469 - FINISHED LOOP

INFO: 2026-03-12 20:45:12,773 - STARTING LOOP
INFO: 2026-03-12 20:45:12,774 - Nothing to insert into the database!
INFO: 2026-03-12 20:45:12,774 - FINISHED LOOP

INFO: 2026-03-12 21:00:08,480 - STARTING LOOP
INFO: 2026-03-12 21:00:08,481 - Nothing to insert into the database!
INFO: 2026-03-12 21:00:08,481 - FINISHED LOOP

INFO: 2026-03-12 21:08:02,686 - STARTING LOOP
INFO: 2026-03-12 21:08:02,687 - Nothing to insert into the database!
INFO: 2026-03-12 21:08:02,687 - FINISHED LOOP

INFO: 2026-03-13 00:30:09,948 - STARTING LOOP
INFO: 2026-03-13 00:30:09,949 - Nothing to insert into the database!
INFO: 2026-03-13 00:30:09,950 - FINISHED LOOP

INFO: 2026-03-13 01:20:05,464 - STARTING LOOP
INFO: 2026-03-13 01:20:05,465 - Nothing to insert into the database!
INFO: 2026-03-13 01:20:05,465 - FINISHED LOOP

INFO: 2026-03-13 05:00:10,197 - STARTING LOOP
INFO: 2026-03-13 05:00:10,199 - Nothing to insert into the database!
INFO: 2026-03-13 05:00:10,199 - FINISHED LOOP

INFO: 2026-03-13 06:25:06,052 - STARTING LOOP
INFO: 2026-03-13 06:25:06,054 - Nothing to insert into the database!
INFO: 2026-03-13 06:25:06,054 - FINISHED LOOP

INFO: 2026-03-13 08:09:47,938 - STARTING LOOP
INFO: 2026-03-13 08:09:47,940 - Nothing to insert into the database!
INFO: 2026-03-13 08:09:47,940 - FINISHED LOOP

INFO: 2026-03-13 08:10:05,946 - STARTING LOOP
INFO: 2026-03-13 08:10:05,947 - Nothing to insert into the database!
INFO: 2026-03-13 08:10:05,947 - FINISHED LOOP

INFO: 2026-03-13 08:18:37,246 - STARTING LOOP
INFO: 2026-03-13 08:18:37,247 - Nothing to insert into the database!
INFO: 2026-03-13 08:18:37,247 - FINISHED LOOP

INFO: 2026-03-13 08:26:31,316 - STARTING LOOP
INFO: 2026-03-13 08:26:31,318 - Nothing to insert into the database!
INFO: 2026-03-13 08:26:31,318 - FINISHED LOOP

INFO: 2026-03-13 08:38:39,583 - STARTING LOOP
INFO: 2026-03-13 08:38:39,588 - Nothing to insert into the database!
INFO: 2026-03-13 08:38:39,588 - FINISHED LOOP

INFO: 2026-03-13 08:40:16,882 - STARTING LOOP
INFO: 2026-03-13 08:40:16,885 - Nothing to insert into the database!
INFO: 2026-03-13 08:40:16,885 - FINISHED LOOP

INFO: 2026-03-13 08:45:07,869 - STARTING LOOP
INFO: 2026-03-13 08:45:07,871 - Nothing to insert into the database!
INFO: 2026-03-13 08:45:07,871 - FINISHED LOOP

INFO: 2026-03-13 08:50:07,360 - STARTING LOOP
INFO: 2026-03-13 08:50:07,362 - Nothing to insert into the database!
INFO: 2026-03-13 08:50:07,362 - FINISHED LOOP

INFO: 2026-03-13 08:55:06,810 - STARTING LOOP
INFO: 2026-03-13 08:55:06,811 - Nothing to insert into the database!
INFO: 2026-03-13 08:55:06,811 - FINISHED LOOP

INFO: 2026-03-13 09:00:07,528 - STARTING LOOP
INFO: 2026-03-13 09:00:07,530 - Nothing to insert into the database!
INFO: 2026-03-13 09:00:07,530 - FINISHED LOOP

INFO: 2026-03-13 09:05:08,766 - STARTING LOOP
INFO: 2026-03-13 09:05:08,767 - Nothing to insert into the database!
INFO: 2026-03-13 09:05:08,767 - FINISHED LOOP

INFO: 2026-03-13 09:10:09,340 - STARTING LOOP
INFO: 2026-03-13 09:10:09,342 - Nothing to insert into the database!
INFO: 2026-03-13 09:10:09,342 - FINISHED LOOP

INFO: 2026-03-13 09:15:07,270 - STARTING LOOP
INFO: 2026-03-13 09:15:07,272 - Nothing to insert into the database!
INFO: 2026-03-13 09:15:07,272 - FINISHED LOOP

INFO: 2026-03-13 09:21:15,405 - STARTING LOOP
INFO: 2026-03-13 09:21:15,406 - Nothing to insert into the database!
INFO: 2026-03-13 09:21:15,406 - FINISHED LOOP

INFO: 2026-03-13 09:25:07,241 - STARTING LOOP
INFO: 2026-03-13 09:25:07,243 - Nothing to insert into the database!
INFO: 2026-03-13 09:25:07,243 - FINISHED LOOP

INFO: 2026-03-13 09:30:09,275 - STARTING LOOP
INFO: 2026-03-13 09:30:09,277 - Nothing to insert into the database!
INFO: 2026-03-13 09:30:09,277 - FINISHED LOOP

INFO: 2026-03-13 09:35:06,567 - STARTING LOOP
INFO: 2026-03-13 09:35:06,569 - Nothing to insert into the database!
INFO: 2026-03-13 09:35:06,569 - FINISHED LOOP

INFO: 2026-03-13 09:40:12,776 - STARTING LOOP
INFO: 2026-03-13 09:40:12,778 - Nothing to insert into the database!
INFO: 2026-03-13 09:40:12,778 - FINISHED LOOP

INFO: 2026-03-13 09:45:10,041 - STARTING LOOP
INFO: 2026-03-13 09:45:10,043 - Nothing to insert into the database!
INFO: 2026-03-13 09:45:10,043 - FINISHED LOOP

INFO: 2026-03-13 09:50:11,589 - STARTING LOOP
INFO: 2026-03-13 09:50:11,590 - Nothing to insert into the database!
INFO: 2026-03-13 09:50:11,591 - FINISHED LOOP

INFO: 2026-03-13 09:55:07,014 - STARTING LOOP
INFO: 2026-03-13 09:55:07,016 - Nothing to insert into the database!
INFO: 2026-03-13 09:55:07,016 - FINISHED LOOP

INFO: 2026-03-13 10:00:09,116 - STARTING LOOP
INFO: 2026-03-13 10:00:09,117 - Nothing to insert into the database!
INFO: 2026-03-13 10:00:09,117 - FINISHED LOOP

INFO: 2026-03-13 10:05:09,393 - STARTING LOOP
INFO: 2026-03-13 10:05:09,395 - Nothing to insert into the database!
INFO: 2026-03-13 10:05:09,395 - FINISHED LOOP

INFO: 2026-03-13 10:10:11,436 - STARTING LOOP
INFO: 2026-03-13 10:10:11,439 - Nothing to insert into the database!
INFO: 2026-03-13 10:10:11,439 - FINISHED LOOP

INFO: 2026-03-13 10:15:06,634 - STARTING LOOP
INFO: 2026-03-13 10:15:06,635 - Nothing to insert into the database!
INFO: 2026-03-13 10:15:06,636 - FINISHED LOOP

INFO: 2026-03-13 10:20:08,166 - STARTING LOOP
INFO: 2026-03-13 10:20:08,167 - Nothing to insert into the database!
INFO: 2026-03-13 10:20:08,168 - FINISHED LOOP

INFO: 2026-03-13 10:25:09,481 - STARTING LOOP
INFO: 2026-03-13 10:25:09,482 - Nothing to insert into the database!
INFO: 2026-03-13 10:25:09,482 - FINISHED LOOP

INFO: 2026-03-13 10:30:07,893 - STARTING LOOP
INFO: 2026-03-13 10:30:07,894 - Nothing to insert into the database!
INFO: 2026-03-13 10:30:07,894 - FINISHED LOOP

INFO: 2026-03-13 10:35:07,228 - STARTING LOOP
INFO: 2026-03-13 10:35:07,230 - Nothing to insert into the database!
INFO: 2026-03-13 10:35:07,230 - FINISHED LOOP

INFO: 2026-03-13 10:40:09,197 - STARTING LOOP
INFO: 2026-03-13 10:40:09,198 - Nothing to insert into the database!
INFO: 2026-03-13 10:40:09,198 - FINISHED LOOP

INFO: 2026-03-13 10:45:07,058 - STARTING LOOP
INFO: 2026-03-13 10:45:07,060 - Nothing to insert into the database!
INFO: 2026-03-13 10:45:07,060 - FINISHED LOOP

INFO: 2026-03-13 10:50:07,256 - STARTING LOOP
INFO: 2026-03-13 10:50:07,257 - Nothing to insert into the database!
INFO: 2026-03-13 10:50:07,257 - FINISHED LOOP

INFO: 2026-03-13 10:55:07,945 - STARTING LOOP
INFO: 2026-03-13 10:55:07,946 - Nothing to insert into the database!
INFO: 2026-03-13 10:55:07,947 - FINISHED LOOP

INFO: 2026-03-13 11:00:07,791 - STARTING LOOP
INFO: 2026-03-13 11:00:07,793 - Nothing to insert into the database!
INFO: 2026-03-13 11:00:07,793 - FINISHED LOOP

INFO: 2026-03-13 11:05:13,113 - STARTING LOOP
INFO: 2026-03-13 11:05:13,121 - Nothing to insert into the database!
INFO: 2026-03-13 11:05:13,121 - FINISHED LOOP

INFO: 2026-03-13 11:10:12,763 - STARTING LOOP
INFO: 2026-03-13 11:10:12,764 - Nothing to insert into the database!
INFO: 2026-03-13 11:10:12,764 - FINISHED LOOP

INFO: 2026-03-13 11:15:07,409 - STARTING LOOP
INFO: 2026-03-13 11:15:07,411 - Nothing to insert into the database!
INFO: 2026-03-13 11:15:07,411 - FINISHED LOOP

INFO: 2026-03-13 11:20:08,466 - STARTING LOOP
INFO: 2026-03-13 11:20:08,468 - Nothing to insert into the database!
INFO: 2026-03-13 11:20:08,468 - FINISHED LOOP

INFO: 2026-03-13 11:25:06,997 - STARTING LOOP
INFO: 2026-03-13 11:25:06,998 - Nothing to insert into the database!
INFO: 2026-03-13 11:25:06,999 - FINISHED LOOP

INFO: 2026-03-13 11:30:07,919 - STARTING LOOP
INFO: 2026-03-13 11:30:07,921 - Nothing to insert into the database!
INFO: 2026-03-13 11:30:07,921 - FINISHED LOOP

INFO: 2026-03-13 11:35:07,057 - STARTING LOOP
INFO: 2026-03-13 11:35:07,058 - Nothing to insert into the database!
INFO: 2026-03-13 11:35:07,059 - FINISHED LOOP

INFO: 2026-03-13 11:40:07,578 - STARTING LOOP
INFO: 2026-03-13 11:40:07,579 - Nothing to insert into the database!
INFO: 2026-03-13 11:40:07,580 - FINISHED LOOP

INFO: 2026-03-13 11:45:23,481 - STARTING LOOP
INFO: 2026-03-13 11:45:23,482 - Nothing to insert into the database!
INFO: 2026-03-13 11:45:23,483 - FINISHED LOOP

INFO: 2026-03-13 11:50:10,447 - STARTING LOOP
INFO: 2026-03-13 11:50:10,448 - Nothing to insert into the database!
INFO: 2026-03-13 11:50:10,448 - FINISHED LOOP

INFO: 2026-03-13 11:55:06,434 - STARTING LOOP
INFO: 2026-03-13 11:55:06,436 - Nothing to insert into the database!
INFO: 2026-03-13 11:55:06,436 - FINISHED LOOP

INFO: 2026-03-13 12:00:11,855 - STARTING LOOP
INFO: 2026-03-13 12:00:11,857 - Nothing to insert into the database!
INFO: 2026-03-13 12:00:11,857 - FINISHED LOOP

INFO: 2026-03-13 12:05:09,699 - STARTING LOOP
INFO: 2026-03-13 12:05:09,701 - Nothing to insert into the database!
INFO: 2026-03-13 12:05:09,701 - FINISHED LOOP

INFO: 2026-03-13 12:10:08,188 - STARTING LOOP
INFO: 2026-03-13 12:10:08,190 - Nothing to insert into the database!
INFO: 2026-03-13 12:10:08,190 - FINISHED LOOP

INFO: 2026-03-13 12:15:08,982 - STARTING LOOP
INFO: 2026-03-13 12:15:08,983 - Nothing to insert into the database!
INFO: 2026-03-13 12:15:08,983 - FINISHED LOOP

INFO: 2026-03-13 12:20:07,685 - STARTING LOOP
INFO: 2026-03-13 12:20:07,689 - Nothing to insert into the database!
INFO: 2026-03-13 12:20:07,689 - FINISHED LOOP

INFO: 2026-03-13 12:25:10,450 - STARTING LOOP
INFO: 2026-03-13 12:25:10,451 - Nothing to insert into the database!
INFO: 2026-03-13 12:25:10,451 - FINISHED LOOP

INFO: 2026-03-13 12:30:08,908 - STARTING LOOP
INFO: 2026-03-13 12:30:08,912 - Nothing to insert into the database!
INFO: 2026-03-13 12:30:08,912 - FINISHED LOOP

INFO: 2026-03-13 12:35:25,922 - STARTING LOOP
INFO: 2026-03-13 12:35:25,931 - Nothing to insert into the database!
INFO: 2026-03-13 12:35:25,931 - FINISHED LOOP

INFO: 2026-03-13 12:40:10,515 - STARTING LOOP
INFO: 2026-03-13 12:40:10,517 - Nothing to insert into the database!
INFO: 2026-03-13 12:40:10,517 - FINISHED LOOP

INFO: 2026-03-13 12:45:10,706 - STARTING LOOP
INFO: 2026-03-13 12:45:10,708 - Nothing to insert into the database!
INFO: 2026-03-13 12:45:10,708 - FINISHED LOOP

INFO: 2026-03-13 12:50:07,633 - STARTING LOOP
INFO: 2026-03-13 12:50:07,635 - Nothing to insert into the database!
INFO: 2026-03-13 12:50:07,635 - FINISHED LOOP

INFO: 2026-03-13 12:55:07,682 - STARTING LOOP
INFO: 2026-03-13 12:55:07,684 - Nothing to insert into the database!
INFO: 2026-03-13 12:55:07,684 - FINISHED LOOP

INFO: 2026-03-13 13:00:08,659 - STARTING LOOP
INFO: 2026-03-13 13:00:08,661 - Nothing to insert into the database!
INFO: 2026-03-13 13:00:08,661 - FINISHED LOOP

INFO: 2026-03-13 13:05:09,915 - STARTING LOOP
INFO: 2026-03-13 13:05:09,970 - Nothing to insert into the database!
INFO: 2026-03-13 13:05:09,971 - FINISHED LOOP

INFO: 2026-03-13 13:10:07,800 - STARTING LOOP
INFO: 2026-03-13 13:10:07,802 - Nothing to insert into the database!
INFO: 2026-03-13 13:10:07,802 - FINISHED LOOP

INFO: 2026-03-13 13:15:10,354 - STARTING LOOP
INFO: 2026-03-13 13:15:10,358 - Nothing to insert into the database!
INFO: 2026-03-13 13:15:10,358 - FINISHED LOOP

INFO: 2026-03-13 13:20:08,516 - STARTING LOOP
INFO: 2026-03-13 13:20:08,517 - Nothing to insert into the database!
INFO: 2026-03-13 13:20:08,517 - FINISHED LOOP

INFO: 2026-03-13 13:25:08,347 - STARTING LOOP
INFO: 2026-03-13 13:25:08,349 - Nothing to insert into the database!
INFO: 2026-03-13 13:25:08,349 - FINISHED LOOP

INFO: 2026-03-13 13:30:14,212 - STARTING LOOP
INFO: 2026-03-13 13:30:14,215 - Nothing to insert into the database!
INFO: 2026-03-13 13:30:14,215 - FINISHED LOOP

INFO: 2026-03-13 13:35:08,621 - STARTING LOOP
INFO: 2026-03-13 13:35:08,623 - Nothing to insert into the database!
INFO: 2026-03-13 13:35:08,623 - FINISHED LOOP

INFO: 2026-03-13 13:40:07,988 - STARTING LOOP
INFO: 2026-03-13 13:40:07,993 - Nothing to insert into the database!
INFO: 2026-03-13 13:40:07,993 - FINISHED LOOP

INFO: 2026-03-13 13:45:11,853 - STARTING LOOP
INFO: 2026-03-13 13:45:11,854 - Nothing to insert into the database!
INFO: 2026-03-13 13:45:11,854 - FINISHED LOOP

INFO: 2026-03-13 13:50:27,268 - STARTING LOOP
INFO: 2026-03-13 13:50:27,269 - Nothing to insert into the database!
INFO: 2026-03-13 13:50:27,269 - FINISHED LOOP

INFO: 2026-03-13 13:55:16,459 - STARTING LOOP
INFO: 2026-03-13 13:55:16,460 - Nothing to insert into the database!
INFO: 2026-03-13 13:55:16,461 - FINISHED LOOP

INFO: 2026-03-13 14:00:18,878 - STARTING LOOP
INFO: 2026-03-13 14:00:18,985 - Nothing to insert into the database!
INFO: 2026-03-13 14:00:18,985 - FINISHED LOOP

INFO: 2026-03-13 14:05:10,957 - STARTING LOOP
INFO: 2026-03-13 14:05:10,959 - Nothing to insert into the database!
INFO: 2026-03-13 14:05:10,959 - FINISHED LOOP

INFO: 2026-03-13 14:10:11,491 - STARTING LOOP
INFO: 2026-03-13 14:10:11,493 - Nothing to insert into the database!
INFO: 2026-03-13 14:10:11,493 - FINISHED LOOP

INFO: 2026-03-13 14:15:07,826 - STARTING LOOP
INFO: 2026-03-13 14:15:07,828 - Nothing to insert into the database!
INFO: 2026-03-13 14:15:07,828 - FINISHED LOOP

INFO: 2026-03-13 14:20:07,614 - STARTING LOOP
INFO: 2026-03-13 14:20:07,616 - Nothing to insert into the database!
INFO: 2026-03-13 14:20:07,616 - FINISHED LOOP

INFO: 2026-03-13 14:25:14,049 - STARTING LOOP
INFO: 2026-03-13 14:25:14,053 - Nothing to insert into the database!
INFO: 2026-03-13 14:25:14,053 - FINISHED LOOP

INFO: 2026-03-13 14:30:11,285 - STARTING LOOP
INFO: 2026-03-13 14:30:11,286 - Nothing to insert into the database!
INFO: 2026-03-13 14:30:11,286 - FINISHED LOOP

INFO: 2026-03-13 14:35:12,903 - STARTING LOOP
INFO: 2026-03-13 14:35:12,905 - Nothing to insert into the database!
INFO: 2026-03-13 14:35:12,905 - FINISHED LOOP

INFO: 2026-03-13 14:40:09,751 - STARTING LOOP
INFO: 2026-03-13 14:40:09,753 - Nothing to insert into the database!
INFO: 2026-03-13 14:40:09,753 - FINISHED LOOP

INFO: 2026-03-13 14:45:08,055 - STARTING LOOP
INFO: 2026-03-13 14:45:08,057 - Nothing to insert into the database!
INFO: 2026-03-13 14:45:08,057 - FINISHED LOOP

INFO: 2026-03-13 14:50:07,554 - STARTING LOOP
INFO: 2026-03-13 14:50:07,556 - Nothing to insert into the database!
INFO: 2026-03-13 14:50:07,556 - FINISHED LOOP

INFO: 2026-03-13 14:55:07,604 - STARTING LOOP
INFO: 2026-03-13 14:55:07,605 - Nothing to insert into the database!
INFO: 2026-03-13 14:55:07,605 - FINISHED LOOP

INFO: 2026-03-13 15:00:08,900 - STARTING LOOP
INFO: 2026-03-13 15:00:08,901 - Nothing to insert into the database!
INFO: 2026-03-13 15:00:08,901 - FINISHED LOOP

INFO: 2026-03-13 15:05:08,119 - STARTING LOOP
INFO: 2026-03-13 15:05:08,121 - Nothing to insert into the database!
INFO: 2026-03-13 15:05:08,121 - FINISHED LOOP

INFO: 2026-03-13 15:10:07,853 - STARTING LOOP
INFO: 2026-03-13 15:10:07,854 - Nothing to insert into the database!
INFO: 2026-03-13 15:10:07,854 - FINISHED LOOP

INFO: 2026-03-13 15:15:12,080 - STARTING LOOP
INFO: 2026-03-13 15:15:12,082 - Nothing to insert into the database!
INFO: 2026-03-13 15:15:12,082 - FINISHED LOOP

INFO: 2026-03-13 15:20:08,589 - STARTING LOOP
INFO: 2026-03-13 15:20:08,590 - Nothing to insert into the database!
INFO: 2026-03-13 15:20:08,590 - FINISHED LOOP

INFO: 2026-03-13 15:25:07,343 - STARTING LOOP
INFO: 2026-03-13 15:25:07,345 - Nothing to insert into the database!
INFO: 2026-03-13 15:25:07,345 - FINISHED LOOP

INFO: 2026-03-13 15:30:08,347 - STARTING LOOP
INFO: 2026-03-13 15:30:08,349 - Nothing to insert into the database!
INFO: 2026-03-13 15:30:08,349 - FINISHED LOOP

INFO: 2026-03-13 15:35:08,582 - STARTING LOOP
INFO: 2026-03-13 15:35:08,585 - Inserting file apollo--1995971__vanguard char 3.13 new list.csv...
INFO: 2026-03-13 15:35:48,384 - DONE!
INFO: 2026-03-13 15:35:48,388 - Saving for project 1995971 - Vanguardcharitable
INFO: 2026-03-13 15:35:49,704 - DONE!
INFO: 2026-03-13 15:35:50,780 - FINISHED LOOP

saving new records...
inserted 2818 new records
failed converting to list in the column: 
other_emails
failed converting to list in the column: 
projects_ids
updating 5529 records
success!
INFO: 2026-03-13 15:40:07,107 - STARTING LOOP
INFO: 2026-03-13 15:40:07,108 - Nothing to insert into the database!
INFO: 2026-03-13 15:40:07,108 - FINISHED LOOP

INFO: 2026-03-13 15:45:07,313 - STARTING LOOP
INFO: 2026-03-13 15:45:07,315 - Nothing to insert into the database!
INFO: 2026-03-13 15:45:07,315 - FINISHED LOOP

INFO: 2026-03-13 15:50:07,475 - STARTING LOOP
INFO: 2026-03-13 15:50:07,476 - Nothing to insert into the database!
INFO: 2026-03-13 15:50:07,476 - FINISHED LOOP

INFO: 2026-03-13 15:55:08,386 - STARTING LOOP
INFO: 2026-03-13 15:55:08,387 - Nothing to insert into the database!
INFO: 2026-03-13 15:55:08,387 - FINISHED LOOP

INFO: 2026-03-13 16:00:08,240 - STARTING LOOP
INFO: 2026-03-13 16:00:08,241 - Nothing to insert into the database!
INFO: 2026-03-13 16:00:08,241 - FINISHED LOOP

INFO: 2026-03-13 16:08:24,909 - STARTING LOOP
INFO: 2026-03-13 16:08:24,911 - Nothing to insert into the database!
INFO: 2026-03-13 16:08:24,911 - FINISHED LOOP

INFO: 2026-03-13 16:10:07,219 - STARTING LOOP
INFO: 2026-03-13 16:10:07,221 - Nothing to insert into the database!
INFO: 2026-03-13 16:10:07,221 - FINISHED LOOP

INFO: 2026-03-13 16:17:14,974 - STARTING LOOP
INFO: 2026-03-13 16:17:14,975 - Nothing to insert into the database!
INFO: 2026-03-13 16:17:14,976 - FINISHED LOOP

INFO: 2026-03-13 16:23:31,326 - STARTING LOOP
INFO: 2026-03-13 16:23:31,328 - Nothing to insert into the database!
INFO: 2026-03-13 16:23:31,328 - FINISHED LOOP

INFO: 2026-03-13 16:25:07,363 - STARTING LOOP
INFO: 2026-03-13 16:25:07,365 - Nothing to insert into the database!
INFO: 2026-03-13 16:25:07,365 - FINISHED LOOP

INFO: 2026-03-13 16:30:06,831 - STARTING LOOP
INFO: 2026-03-13 16:30:06,832 - Nothing to insert into the database!
INFO: 2026-03-13 16:30:06,832 - FINISHED LOOP

INFO: 2026-03-13 16:35:09,441 - STARTING LOOP
INFO: 2026-03-13 16:35:09,442 - Nothing to insert into the database!
INFO: 2026-03-13 16:35:09,442 - FINISHED LOOP

INFO: 2026-03-13 16:40:06,646 - STARTING LOOP
INFO: 2026-03-13 16:40:06,647 - Nothing to insert into the database!
INFO: 2026-03-13 16:40:06,648 - FINISHED LOOP

INFO: 2026-03-13 16:45:06,886 - STARTING LOOP
INFO: 2026-03-13 16:45:06,887 - Nothing to insert into the database!
INFO: 2026-03-13 16:45:06,887 - FINISHED LOOP

INFO: 2026-03-13 16:50:07,449 - STARTING LOOP
INFO: 2026-03-13 16:50:07,451 - Nothing to insert into the database!
INFO: 2026-03-13 16:50:07,451 - FINISHED LOOP

INFO: 2026-03-13 16:55:06,698 - STARTING LOOP
INFO: 2026-03-13 16:55:06,699 - Nothing to insert into the database!
INFO: 2026-03-13 16:55:06,699 - FINISHED LOOP

INFO: 2026-03-13 17:00:08,173 - STARTING LOOP
INFO: 2026-03-13 17:00:08,175 - Nothing to insert into the database!
INFO: 2026-03-13 17:00:08,175 - FINISHED LOOP

INFO: 2026-03-13 17:05:07,153 - STARTING LOOP
INFO: 2026-03-13 17:05:07,155 - Nothing to insert into the database!
INFO: 2026-03-13 17:05:07,155 - FINISHED LOOP

INFO: 2026-03-13 17:10:07,391 - STARTING LOOP
INFO: 2026-03-13 17:10:07,392 - Nothing to insert into the database!
INFO: 2026-03-13 17:10:07,392 - FINISHED LOOP

INFO: 2026-03-13 17:15:09,579 - STARTING LOOP
INFO: 2026-03-13 17:15:09,580 - Nothing to insert into the database!
INFO: 2026-03-13 17:15:09,580 - FINISHED LOOP

INFO: 2026-03-13 17:20:09,284 - STARTING LOOP
INFO: 2026-03-13 17:20:09,285 - Nothing to insert into the database!
INFO: 2026-03-13 17:20:09,285 - FINISHED LOOP

INFO: 2026-03-13 17:25:12,788 - STARTING LOOP
INFO: 2026-03-13 17:25:12,798 - Nothing to insert into the database!
INFO: 2026-03-13 17:25:12,798 - FINISHED LOOP

INFO: 2026-03-13 17:30:09,192 - STARTING LOOP
INFO: 2026-03-13 17:30:09,194 - Nothing to insert into the database!
INFO: 2026-03-13 17:30:09,194 - FINISHED LOOP

INFO: 2026-03-13 17:35:08,023 - STARTING LOOP
INFO: 2026-03-13 17:35:08,025 - Nothing to insert into the database!
INFO: 2026-03-13 17:35:08,025 - FINISHED LOOP

INFO: 2026-03-13 17:40:07,037 - STARTING LOOP
INFO: 2026-03-13 17:40:07,038 - Nothing to insert into the database!
INFO: 2026-03-13 17:40:07,038 - FINISHED LOOP

INFO: 2026-03-13 17:45:07,231 - STARTING LOOP
INFO: 2026-03-13 17:45:07,232 - Nothing to insert into the database!
INFO: 2026-03-13 17:45:07,232 - FINISHED LOOP

INFO: 2026-03-13 17:50:07,430 - STARTING LOOP
INFO: 2026-03-13 17:50:07,431 - Nothing to insert into the database!
INFO: 2026-03-13 17:50:07,431 - FINISHED LOOP

INFO: 2026-03-13 17:55:06,625 - STARTING LOOP
INFO: 2026-03-13 17:55:06,627 - Nothing to insert into the database!
INFO: 2026-03-13 17:55:06,627 - FINISHED LOOP

INFO: 2026-03-13 18:00:09,856 - STARTING LOOP
INFO: 2026-03-13 18:00:09,858 - Nothing to insert into the database!
INFO: 2026-03-13 18:00:09,858 - FINISHED LOOP

INFO: 2026-03-13 18:05:07,614 - STARTING LOOP
INFO: 2026-03-13 18:05:07,616 - Nothing to insert into the database!
INFO: 2026-03-13 18:05:07,616 - FINISHED LOOP

INFO: 2026-03-13 18:10:07,658 - STARTING LOOP
INFO: 2026-03-13 18:10:07,659 - Nothing to insert into the database!
INFO: 2026-03-13 18:10:07,659 - FINISHED LOOP

INFO: 2026-03-13 18:15:07,000 - STARTING LOOP
INFO: 2026-03-13 18:15:07,001 - Nothing to insert into the database!
INFO: 2026-03-13 18:15:07,001 - FINISHED LOOP

INFO: 2026-03-13 18:20:07,340 - STARTING LOOP
INFO: 2026-03-13 18:20:07,342 - Nothing to insert into the database!
INFO: 2026-03-13 18:20:07,342 - FINISHED LOOP

INFO: 2026-03-13 18:25:05,222 - STARTING LOOP
INFO: 2026-03-13 18:25:05,224 - Nothing to insert into the database!
INFO: 2026-03-13 18:25:05,224 - FINISHED LOOP

INFO: 2026-03-13 18:30:07,167 - STARTING LOOP
INFO: 2026-03-13 18:30:07,168 - Nothing to insert into the database!
INFO: 2026-03-13 18:30:07,168 - FINISHED LOOP

INFO: 2026-03-13 18:35:06,573 - STARTING LOOP
INFO: 2026-03-13 18:35:06,575 - Nothing to insert into the database!
INFO: 2026-03-13 18:35:06,575 - FINISHED LOOP

INFO: 2026-03-13 18:40:05,318 - STARTING LOOP
INFO: 2026-03-13 18:40:05,319 - Nothing to insert into the database!
INFO: 2026-03-13 18:40:05,319 - FINISHED LOOP

INFO: 2026-03-13 18:45:07,690 - STARTING LOOP
INFO: 2026-03-13 18:45:07,691 - Nothing to insert into the database!
INFO: 2026-03-13 18:45:07,691 - FINISHED LOOP

INFO: 2026-03-13 18:50:07,772 - STARTING LOOP
INFO: 2026-03-13 18:50:07,774 - Nothing to insert into the database!
INFO: 2026-03-13 18:50:07,774 - FINISHED LOOP

INFO: 2026-03-13 18:55:07,976 - STARTING LOOP
INFO: 2026-03-13 18:55:07,978 - Nothing to insert into the database!
INFO: 2026-03-13 18:55:07,978 - FINISHED LOOP

INFO: 2026-03-13 19:00:07,076 - STARTING LOOP
INFO: 2026-03-13 19:00:07,078 - Nothing to insert into the database!
INFO: 2026-03-13 19:00:07,078 - FINISHED LOOP

INFO: 2026-03-13 19:05:07,581 - STARTING LOOP
INFO: 2026-03-13 19:05:07,583 - Nothing to insert into the database!
INFO: 2026-03-13 19:05:07,584 - FINISHED LOOP

INFO: 2026-03-13 19:10:07,894 - STARTING LOOP
INFO: 2026-03-13 19:10:07,895 - Nothing to insert into the database!
INFO: 2026-03-13 19:10:07,895 - FINISHED LOOP

INFO: 2026-03-13 19:15:06,158 - STARTING LOOP
INFO: 2026-03-13 19:15:06,159 - Nothing to insert into the database!
INFO: 2026-03-13 19:15:06,159 - FINISHED LOOP

INFO: 2026-03-13 19:20:06,518 - STARTING LOOP
INFO: 2026-03-13 19:20:06,519 - Nothing to insert into the database!
INFO: 2026-03-13 19:20:06,519 - FINISHED LOOP

INFO: 2026-03-13 19:25:07,235 - STARTING LOOP
INFO: 2026-03-13 19:25:07,236 - Nothing to insert into the database!
INFO: 2026-03-13 19:25:07,236 - FINISHED LOOP

INFO: 2026-03-13 19:30:09,708 - STARTING LOOP
INFO: 2026-03-13 19:30:09,710 - Nothing to insert into the database!
INFO: 2026-03-13 19:30:09,710 - FINISHED LOOP

INFO: 2026-03-13 19:35:07,571 - STARTING LOOP
INFO: 2026-03-13 19:35:07,573 - Nothing to insert into the database!
INFO: 2026-03-13 19:35:07,573 - FINISHED LOOP

INFO: 2026-03-13 19:41:50,750 - STARTING LOOP
INFO: 2026-03-13 19:41:50,751 - Nothing to insert into the database!
INFO: 2026-03-13 19:41:50,752 - FINISHED LOOP

INFO: 2026-03-13 19:45:42,311 - STARTING LOOP
INFO: 2026-03-13 19:45:42,312 - Nothing to insert into the database!
INFO: 2026-03-13 19:45:42,312 - FINISHED LOOP

INFO: 2026-03-13 19:58:46,661 - STARTING LOOP
INFO: 2026-03-13 19:58:46,662 - Nothing to insert into the database!
INFO: 2026-03-13 19:58:46,663 - FINISHED LOOP

INFO: 2026-03-13 20:00:05,537 - STARTING LOOP
INFO: 2026-03-13 20:00:05,538 - Nothing to insert into the database!
INFO: 2026-03-13 20:00:05,538 - FINISHED LOOP

INFO: 2026-03-13 20:05:46,562 - STARTING LOOP
INFO: 2026-03-13 20:05:46,563 - Nothing to insert into the database!
INFO: 2026-03-13 20:05:46,563 - FINISHED LOOP

INFO: 2026-03-13 20:10:20,113 - STARTING LOOP
INFO: 2026-03-13 20:10:20,114 - Nothing to insert into the database!
INFO: 2026-03-13 20:10:20,114 - FINISHED LOOP

INFO: 2026-03-13 20:15:47,739 - STARTING LOOP
INFO: 2026-03-13 20:15:47,740 - Nothing to insert into the database!
INFO: 2026-03-13 20:15:47,740 - FINISHED LOOP

INFO: 2026-03-13 20:31:34,952 - STARTING LOOP
INFO: 2026-03-13 20:31:34,953 - Nothing to insert into the database!
INFO: 2026-03-13 20:31:34,954 - FINISHED LOOP

INFO: 2026-03-13 21:05:06,802 - STARTING LOOP
INFO: 2026-03-13 21:05:06,803 - Nothing to insert into the database!
INFO: 2026-03-13 21:05:06,803 - FINISHED LOOP

INFO: 2026-03-13 21:35:06,522 - STARTING LOOP
INFO: 2026-03-13 21:35:06,524 - Nothing to insert into the database!
INFO: 2026-03-13 21:35:06,524 - FINISHED LOOP

INFO: 2026-03-13 22:00:54,743 - STARTING LOOP
INFO: 2026-03-13 22:00:54,745 - Nothing to insert into the database!
INFO: 2026-03-13 22:00:54,745 - FINISHED LOOP

INFO: 2026-03-13 23:15:54,785 - STARTING LOOP
INFO: 2026-03-13 23:15:54,787 - Nothing to insert into the database!
INFO: 2026-03-13 23:15:54,787 - FINISHED LOOP

INFO: 2026-03-14 04:35:07,015 - STARTING LOOP
INFO: 2026-03-14 04:35:07,016 - Nothing to insert into the database!
INFO: 2026-03-14 04:35:07,016 - FINISHED LOOP

INFO: 2026-03-14 06:20:07,500 - STARTING LOOP
INFO: 2026-03-14 06:20:07,502 - Nothing to insert into the database!
INFO: 2026-03-14 06:20:07,502 - FINISHED LOOP

INFO: 2026-03-14 06:29:51,512 - STARTING LOOP
INFO: 2026-03-14 06:29:51,514 - Nothing to insert into the database!
INFO: 2026-03-14 06:29:51,514 - FINISHED LOOP

INFO: 2026-03-14 06:30:05,679 - STARTING LOOP
INFO: 2026-03-14 06:30:05,680 - Nothing to insert into the database!
INFO: 2026-03-14 06:30:05,680 - FINISHED LOOP

INFO: 2026-03-14 06:37:40,812 - STARTING LOOP
INFO: 2026-03-14 06:37:40,814 - Nothing to insert into the database!
INFO: 2026-03-14 06:37:40,814 - FINISHED LOOP

INFO: 2026-03-14 06:40:05,773 - STARTING LOOP
INFO: 2026-03-14 06:40:05,773 - Nothing to insert into the database!
INFO: 2026-03-14 06:40:05,773 - FINISHED LOOP

INFO: 2026-03-14 07:20:06,754 - STARTING LOOP
INFO: 2026-03-14 07:20:06,755 - Nothing to insert into the database!
INFO: 2026-03-14 07:20:06,755 - FINISHED LOOP

INFO: 2026-03-14 07:27:45,869 - STARTING LOOP
INFO: 2026-03-14 07:27:45,871 - Nothing to insert into the database!
INFO: 2026-03-14 07:27:45,871 - FINISHED LOOP

INFO: 2026-03-14 07:34:52,107 - STARTING LOOP
INFO: 2026-03-14 07:34:52,107 - Nothing to insert into the database!
INFO: 2026-03-14 07:34:52,107 - FINISHED LOOP

INFO: 2026-03-14 07:35:04,265 - STARTING LOOP
INFO: 2026-03-14 07:35:04,266 - Nothing to insert into the database!
INFO: 2026-03-14 07:35:04,266 - FINISHED LOOP

INFO: 2026-03-14 07:43:18,833 - STARTING LOOP
INFO: 2026-03-14 07:43:18,834 - Nothing to insert into the database!
INFO: 2026-03-14 07:43:18,835 - FINISHED LOOP

INFO: 2026-03-14 07:48:19,450 - STARTING LOOP
INFO: 2026-03-14 07:48:19,451 - Nothing to insert into the database!
INFO: 2026-03-14 07:48:19,451 - FINISHED LOOP

INFO: 2026-03-14 07:57:45,943 - STARTING LOOP
INFO: 2026-03-14 07:57:45,944 - Nothing to insert into the database!
INFO: 2026-03-14 07:57:45,945 - FINISHED LOOP

INFO: 2026-03-14 08:00:06,931 - STARTING LOOP
INFO: 2026-03-14 08:00:06,932 - Nothing to insert into the database!
INFO: 2026-03-14 08:00:06,932 - FINISHED LOOP

INFO: 2026-03-14 08:05:07,396 - STARTING LOOP
INFO: 2026-03-14 08:05:07,397 - Nothing to insert into the database!
INFO: 2026-03-14 08:05:07,398 - FINISHED LOOP

INFO: 2026-03-14 08:10:07,329 - STARTING LOOP
INFO: 2026-03-14 08:10:07,331 - Nothing to insert into the database!
INFO: 2026-03-14 08:10:07,331 - FINISHED LOOP

INFO: 2026-03-14 08:15:07,605 - STARTING LOOP
INFO: 2026-03-14 08:15:07,607 - Nothing to insert into the database!
INFO: 2026-03-14 08:15:07,607 - FINISHED LOOP

INFO: 2026-03-14 08:20:09,848 - STARTING LOOP
INFO: 2026-03-14 08:20:09,849 - Nothing to insert into the database!
INFO: 2026-03-14 08:20:09,849 - FINISHED LOOP

INFO: 2026-03-14 08:25:07,660 - STARTING LOOP
INFO: 2026-03-14 08:25:07,661 - Nothing to insert into the database!
INFO: 2026-03-14 08:25:07,661 - FINISHED LOOP

INFO: 2026-03-14 08:30:10,072 - STARTING LOOP
INFO: 2026-03-14 08:30:10,073 - Nothing to insert into the database!
INFO: 2026-03-14 08:30:10,073 - FINISHED LOOP

INFO: 2026-03-14 08:35:08,290 - STARTING LOOP
INFO: 2026-03-14 08:35:08,292 - Nothing to insert into the database!
INFO: 2026-03-14 08:35:08,292 - FINISHED LOOP

INFO: 2026-03-14 08:40:08,264 - STARTING LOOP
INFO: 2026-03-14 08:40:08,267 - Nothing to insert into the database!
INFO: 2026-03-14 08:40:08,267 - FINISHED LOOP

INFO: 2026-03-14 08:45:06,920 - STARTING LOOP
INFO: 2026-03-14 08:45:06,922 - Nothing to insert into the database!
INFO: 2026-03-14 08:45:06,922 - FINISHED LOOP

INFO: 2026-03-14 09:14:09,245 - STARTING LOOP
INFO: 2026-03-14 09:14:09,246 - Nothing to insert into the database!
INFO: 2026-03-14 09:14:09,246 - FINISHED LOOP

INFO: 2026-03-14 09:15:08,909 - STARTING LOOP
INFO: 2026-03-14 09:15:08,911 - Nothing to insert into the database!
INFO: 2026-03-14 09:15:08,911 - FINISHED LOOP

INFO: 2026-03-14 09:55:23,623 - STARTING LOOP
INFO: 2026-03-14 09:55:23,624 - Nothing to insert into the database!
INFO: 2026-03-14 09:55:23,624 - FINISHED LOOP

INFO: 2026-03-14 10:00:07,994 - STARTING LOOP
INFO: 2026-03-14 10:00:07,996 - Nothing to insert into the database!
INFO: 2026-03-14 10:00:07,996 - FINISHED LOOP

INFO: 2026-03-14 10:05:07,176 - STARTING LOOP
INFO: 2026-03-14 10:05:07,178 - Nothing to insert into the database!
INFO: 2026-03-14 10:05:07,178 - FINISHED LOOP

INFO: 2026-03-14 10:10:10,684 - STARTING LOOP
INFO: 2026-03-14 10:10:10,685 - Nothing to insert into the database!
INFO: 2026-03-14 10:10:10,685 - FINISHED LOOP

INFO: 2026-03-14 10:15:10,750 - STARTING LOOP
INFO: 2026-03-14 10:15:10,751 - Nothing to insert into the database!
INFO: 2026-03-14 10:15:10,751 - FINISHED LOOP

INFO: 2026-03-14 10:20:07,488 - STARTING LOOP
INFO: 2026-03-14 10:20:07,490 - Nothing to insert into the database!
INFO: 2026-03-14 10:20:07,490 - FINISHED LOOP

INFO: 2026-03-14 10:25:07,150 - STARTING LOOP
INFO: 2026-03-14 10:25:07,152 - Nothing to insert into the database!
INFO: 2026-03-14 10:25:07,152 - FINISHED LOOP

INFO: 2026-03-14 10:30:08,745 - STARTING LOOP
INFO: 2026-03-14 10:30:08,747 - Nothing to insert into the database!
INFO: 2026-03-14 10:30:08,747 - FINISHED LOOP

INFO: 2026-03-14 10:35:05,724 - STARTING LOOP
INFO: 2026-03-14 10:35:05,726 - Nothing to insert into the database!
INFO: 2026-03-14 10:35:05,726 - FINISHED LOOP

INFO: 2026-03-14 10:40:06,686 - STARTING LOOP
INFO: 2026-03-14 10:40:06,688 - Nothing to insert into the database!
INFO: 2026-03-14 10:40:06,688 - FINISHED LOOP

INFO: 2026-03-14 10:45:06,980 - STARTING LOOP
INFO: 2026-03-14 10:45:06,982 - Nothing to insert into the database!
INFO: 2026-03-14 10:45:06,982 - FINISHED LOOP

INFO: 2026-03-14 10:50:06,099 - STARTING LOOP
INFO: 2026-03-14 10:50:06,100 - Nothing to insert into the database!
INFO: 2026-03-14 10:50:06,101 - FINISHED LOOP

INFO: 2026-03-14 10:55:07,708 - STARTING LOOP
INFO: 2026-03-14 10:55:07,709 - Nothing to insert into the database!
INFO: 2026-03-14 10:55:07,709 - FINISHED LOOP

INFO: 2026-03-14 11:00:05,807 - STARTING LOOP
INFO: 2026-03-14 11:00:05,809 - Nothing to insert into the database!
INFO: 2026-03-14 11:00:05,809 - FINISHED LOOP

INFO: 2026-03-14 11:05:07,155 - STARTING LOOP
INFO: 2026-03-14 11:05:07,157 - Nothing to insert into the database!
INFO: 2026-03-14 11:05:07,157 - FINISHED LOOP

INFO: 2026-03-14 11:10:08,005 - STARTING LOOP
INFO: 2026-03-14 11:10:08,037 - Nothing to insert into the database!
INFO: 2026-03-14 11:10:08,037 - FINISHED LOOP

INFO: 2026-03-14 11:15:07,653 - STARTING LOOP
INFO: 2026-03-14 11:15:07,654 - Nothing to insert into the database!
INFO: 2026-03-14 11:15:07,654 - FINISHED LOOP

INFO: 2026-03-14 11:20:07,780 - STARTING LOOP
INFO: 2026-03-14 11:20:07,781 - Nothing to insert into the database!
INFO: 2026-03-14 11:20:07,781 - FINISHED LOOP

INFO: 2026-03-14 11:25:06,695 - STARTING LOOP
INFO: 2026-03-14 11:25:06,697 - Nothing to insert into the database!
INFO: 2026-03-14 11:25:06,697 - FINISHED LOOP

INFO: 2026-03-14 11:30:05,611 - STARTING LOOP
INFO: 2026-03-14 11:30:05,613 - Nothing to insert into the database!
INFO: 2026-03-14 11:30:05,613 - FINISHED LOOP

INFO: 2026-03-14 11:35:05,816 - STARTING LOOP
INFO: 2026-03-14 11:35:05,818 - Nothing to insert into the database!
INFO: 2026-03-14 11:35:05,818 - FINISHED LOOP

INFO: 2026-03-14 11:40:08,272 - STARTING LOOP
INFO: 2026-03-14 11:40:08,275 - Nothing to insert into the database!
INFO: 2026-03-14 11:40:08,276 - FINISHED LOOP

INFO: 2026-03-14 11:45:08,082 - STARTING LOOP
INFO: 2026-03-14 11:45:08,083 - Nothing to insert into the database!
INFO: 2026-03-14 11:45:08,083 - FINISHED LOOP

INFO: 2026-03-14 11:50:07,441 - STARTING LOOP
INFO: 2026-03-14 11:50:07,442 - Nothing to insert into the database!
INFO: 2026-03-14 11:50:07,442 - FINISHED LOOP

INFO: 2026-03-14 11:55:05,024 - STARTING LOOP
INFO: 2026-03-14 11:55:05,025 - Nothing to insert into the database!
INFO: 2026-03-14 11:55:05,025 - FINISHED LOOP

INFO: 2026-03-14 12:00:06,083 - STARTING LOOP
INFO: 2026-03-14 12:00:06,084 - Nothing to insert into the database!
INFO: 2026-03-14 12:00:06,084 - FINISHED LOOP

INFO: 2026-03-14 12:05:06,875 - STARTING LOOP
INFO: 2026-03-14 12:05:06,877 - Nothing to insert into the database!
INFO: 2026-03-14 12:05:06,877 - FINISHED LOOP

INFO: 2026-03-14 12:10:06,186 - STARTING LOOP
INFO: 2026-03-14 12:10:06,187 - Nothing to insert into the database!
INFO: 2026-03-14 12:10:06,187 - FINISHED LOOP

INFO: 2026-03-14 12:15:06,831 - STARTING LOOP
INFO: 2026-03-14 12:15:06,834 - Nothing to insert into the database!
INFO: 2026-03-14 12:15:06,834 - FINISHED LOOP

INFO: 2026-03-14 12:35:06,654 - STARTING LOOP
INFO: 2026-03-14 12:35:06,656 - Nothing to insert into the database!
INFO: 2026-03-14 12:35:06,656 - FINISHED LOOP

INFO: 2026-03-14 12:43:10,450 - STARTING LOOP
INFO: 2026-03-14 12:43:10,451 - Nothing to insert into the database!
INFO: 2026-03-14 12:43:10,451 - FINISHED LOOP

INFO: 2026-03-14 12:51:59,767 - STARTING LOOP
INFO: 2026-03-14 12:51:59,769 - Nothing to insert into the database!
INFO: 2026-03-14 12:51:59,769 - FINISHED LOOP

INFO: 2026-03-14 12:52:03,556 - STARTING LOOP
INFO: 2026-03-14 12:52:03,557 - Nothing to insert into the database!
INFO: 2026-03-14 12:52:03,557 - FINISHED LOOP

INFO: 2026-03-14 13:00:37,438 - STARTING LOOP
INFO: 2026-03-14 13:00:37,440 - Nothing to insert into the database!
INFO: 2026-03-14 13:00:37,440 - FINISHED LOOP

INFO: 2026-03-14 13:06:21,540 - STARTING LOOP
INFO: 2026-03-14 13:06:21,541 - Nothing to insert into the database!
INFO: 2026-03-14 13:06:21,541 - FINISHED LOOP

INFO: 2026-03-14 14:18:37,513 - STARTING LOOP
INFO: 2026-03-14 14:18:37,515 - Nothing to insert into the database!
INFO: 2026-03-14 14:18:37,515 - FINISHED LOOP

INFO: 2026-03-14 14:21:08,834 - STARTING LOOP
INFO: 2026-03-14 14:21:08,835 - Nothing to insert into the database!
INFO: 2026-03-14 14:21:08,835 - FINISHED LOOP

INFO: 2026-03-14 14:27:28,221 - STARTING LOOP
INFO: 2026-03-14 14:27:28,223 - Nothing to insert into the database!
INFO: 2026-03-14 14:27:28,223 - FINISHED LOOP

INFO: 2026-03-14 15:11:43,895 - STARTING LOOP
INFO: 2026-03-14 15:11:43,897 - Nothing to insert into the database!
INFO: 2026-03-14 15:11:43,897 - FINISHED LOOP

INFO: 2026-03-14 15:30:05,735 - STARTING LOOP
INFO: 2026-03-14 15:30:05,736 - Nothing to insert into the database!
INFO: 2026-03-14 15:30:05,736 - FINISHED LOOP

INFO: 2026-03-14 16:15:05,392 - STARTING LOOP
INFO: 2026-03-14 16:15:05,393 - Nothing to insert into the database!
INFO: 2026-03-14 16:15:05,393 - FINISHED LOOP

INFO: 2026-03-14 16:20:12,891 - STARTING LOOP
INFO: 2026-03-14 16:20:12,891 - Nothing to insert into the database!
INFO: 2026-03-14 16:20:12,891 - FINISHED LOOP

INFO: 2026-03-14 17:13:18,018 - STARTING LOOP
INFO: 2026-03-14 17:13:18,019 - Nothing to insert into the database!
INFO: 2026-03-14 17:13:18,020 - FINISHED LOOP

INFO: 2026-03-14 17:21:12,309 - STARTING LOOP
INFO: 2026-03-14 17:21:12,310 - Nothing to insert into the database!
INFO: 2026-03-14 17:21:12,310 - FINISHED LOOP

INFO: 2026-03-14 17:45:42,642 - STARTING LOOP
INFO: 2026-03-14 17:45:42,643 - Nothing to insert into the database!
INFO: 2026-03-14 17:45:42,643 - FINISHED LOOP

INFO: 2026-03-14 18:11:08,449 - STARTING LOOP
INFO: 2026-03-14 18:11:08,450 - Nothing to insert into the database!
INFO: 2026-03-14 18:11:08,450 - FINISHED LOOP

INFO: 2026-03-14 18:15:24,387 - STARTING LOOP
INFO: 2026-03-14 18:15:24,388 - Nothing to insert into the database!
INFO: 2026-03-14 18:15:24,388 - FINISHED LOOP

INFO: 2026-03-14 18:22:18,118 - STARTING LOOP
INFO: 2026-03-14 18:22:18,119 - Nothing to insert into the database!
INFO: 2026-03-14 18:22:18,119 - FINISHED LOOP

INFO: 2026-03-14 18:25:56,049 - STARTING LOOP
INFO: 2026-03-14 18:25:56,051 - Nothing to insert into the database!
INFO: 2026-03-14 18:25:56,051 - FINISHED LOOP

INFO: 2026-03-14 20:00:07,694 - STARTING LOOP
INFO: 2026-03-14 20:00:07,696 - Nothing to insert into the database!
INFO: 2026-03-14 20:00:07,696 - FINISHED LOOP

INFO: 2026-03-14 20:06:42,559 - STARTING LOOP
INFO: 2026-03-14 20:06:42,561 - Nothing to insert into the database!
INFO: 2026-03-14 20:06:42,561 - FINISHED LOOP

INFO: 2026-03-14 21:57:34,129 - STARTING LOOP
INFO: 2026-03-14 21:57:34,131 - Nothing to insert into the database!
INFO: 2026-03-14 21:57:34,131 - FINISHED LOOP

INFO: 2026-03-14 22:07:34,519 - STARTING LOOP
INFO: 2026-03-14 22:07:34,520 - Nothing to insert into the database!
INFO: 2026-03-14 22:07:34,520 - FINISHED LOOP

INFO: 2026-03-14 22:10:34,911 - STARTING LOOP
INFO: 2026-03-14 22:10:34,912 - Nothing to insert into the database!
INFO: 2026-03-14 22:10:34,912 - FINISHED LOOP

INFO: 2026-03-14 22:20:25,210 - STARTING LOOP
INFO: 2026-03-14 22:20:25,212 - Nothing to insert into the database!
INFO: 2026-03-14 22:20:25,212 - FINISHED LOOP

INFO: 2026-03-14 22:20:28,807 - STARTING LOOP
INFO: 2026-03-14 22:20:28,807 - Nothing to insert into the database!
INFO: 2026-03-14 22:20:28,807 - FINISHED LOOP

INFO: 2026-03-14 22:25:50,118 - STARTING LOOP
INFO: 2026-03-14 22:25:50,119 - Nothing to insert into the database!
INFO: 2026-03-14 22:25:50,119 - FINISHED LOOP

INFO: 2026-03-15 00:28:07,675 - STARTING LOOP
INFO: 2026-03-15 00:28:07,677 - Nothing to insert into the database!
INFO: 2026-03-15 00:28:07,677 - FINISHED LOOP

INFO: 2026-03-15 04:20:53,994 - STARTING LOOP
INFO: 2026-03-15 04:20:53,995 - Nothing to insert into the database!
INFO: 2026-03-15 04:20:53,995 - FINISHED LOOP

INFO: 2026-03-15 04:40:32,227 - STARTING LOOP
INFO: 2026-03-15 04:40:32,228 - Nothing to insert into the database!
INFO: 2026-03-15 04:40:32,228 - FINISHED LOOP

INFO: 2026-03-15 08:29:58,525 - STARTING LOOP
INFO: 2026-03-15 08:29:58,527 - Nothing to insert into the database!
INFO: 2026-03-15 08:29:58,527 - FINISHED LOOP

INFO: 2026-03-15 08:30:02,566 - STARTING LOOP
INFO: 2026-03-15 08:30:02,568 - Nothing to insert into the database!
INFO: 2026-03-15 08:30:02,568 - FINISHED LOOP

INFO: 2026-03-15 08:30:05,165 - STARTING LOOP
INFO: 2026-03-15 08:30:05,166 - Nothing to insert into the database!
INFO: 2026-03-15 08:30:05,166 - FINISHED LOOP

INFO: 2026-03-15 08:45:44,484 - STARTING LOOP
INFO: 2026-03-15 08:45:44,485 - Nothing to insert into the database!
INFO: 2026-03-15 08:45:44,485 - FINISHED LOOP

INFO: 2026-03-15 09:05:05,595 - STARTING LOOP
INFO: 2026-03-15 09:05:05,596 - Nothing to insert into the database!
INFO: 2026-03-15 09:05:05,596 - FINISHED LOOP

INFO: 2026-03-15 09:23:20,500 - STARTING LOOP
INFO: 2026-03-15 09:23:20,501 - Nothing to insert into the database!
INFO: 2026-03-15 09:23:20,501 - FINISHED LOOP

INFO: 2026-03-15 10:10:04,097 - STARTING LOOP
INFO: 2026-03-15 10:10:04,098 - Nothing to insert into the database!
INFO: 2026-03-15 10:10:04,098 - FINISHED LOOP

INFO: 2026-03-15 10:10:04,760 - STARTING LOOP
INFO: 2026-03-15 10:10:04,761 - Nothing to insert into the database!
INFO: 2026-03-15 10:10:04,761 - FINISHED LOOP

INFO: 2026-03-15 10:25:18,730 - STARTING LOOP
INFO: 2026-03-15 10:25:18,732 - Nothing to insert into the database!
INFO: 2026-03-15 10:25:18,732 - FINISHED LOOP

INFO: 2026-03-15 10:32:20,347 - STARTING LOOP
INFO: 2026-03-15 10:32:20,348 - Nothing to insert into the database!
INFO: 2026-03-15 10:32:20,349 - FINISHED LOOP

INFO: 2026-03-15 11:05:05,052 - STARTING LOOP
INFO: 2026-03-15 11:05:05,053 - Nothing to insert into the database!
INFO: 2026-03-15 11:05:05,053 - FINISHED LOOP

INFO: 2026-03-15 11:42:48,069 - STARTING LOOP
INFO: 2026-03-15 11:42:48,070 - Nothing to insert into the database!
INFO: 2026-03-15 11:42:48,070 - FINISHED LOOP

INFO: 2026-03-15 12:25:37,307 - STARTING LOOP
INFO: 2026-03-15 12:25:37,308 - Nothing to insert into the database!
INFO: 2026-03-15 12:25:37,308 - FINISHED LOOP

INFO: 2026-03-15 12:30:07,719 - STARTING LOOP
INFO: 2026-03-15 12:30:07,720 - Nothing to insert into the database!
INFO: 2026-03-15 12:30:07,721 - FINISHED LOOP

INFO: 2026-03-15 12:35:44,918 - STARTING LOOP
INFO: 2026-03-15 12:35:44,919 - Nothing to insert into the database!
INFO: 2026-03-15 12:35:44,919 - FINISHED LOOP

INFO: 2026-03-15 12:45:31,161 - STARTING LOOP
INFO: 2026-03-15 12:45:31,162 - Nothing to insert into the database!
INFO: 2026-03-15 12:45:31,162 - FINISHED LOOP

INFO: 2026-03-15 12:51:10,266 - STARTING LOOP
INFO: 2026-03-15 12:51:10,302 - Nothing to insert into the database!
INFO: 2026-03-15 12:51:10,302 - FINISHED LOOP

INFO: 2026-03-15 13:10:06,757 - STARTING LOOP
INFO: 2026-03-15 13:10:06,759 - Nothing to insert into the database!
INFO: 2026-03-15 13:10:06,759 - FINISHED LOOP

INFO: 2026-03-15 14:06:34,068 - STARTING LOOP
INFO: 2026-03-15 14:06:34,069 - Nothing to insert into the database!
INFO: 2026-03-15 14:06:34,069 - FINISHED LOOP

INFO: 2026-03-15 14:14:19,582 - STARTING LOOP
INFO: 2026-03-15 14:14:19,583 - Nothing to insert into the database!
INFO: 2026-03-15 14:14:19,584 - FINISHED LOOP

INFO: 2026-03-15 14:16:12,803 - STARTING LOOP
INFO: 2026-03-15 14:16:12,805 - Nothing to insert into the database!
INFO: 2026-03-15 14:16:12,805 - FINISHED LOOP

INFO: 2026-03-15 14:20:32,621 - STARTING LOOP
INFO: 2026-03-15 14:20:32,623 - Nothing to insert into the database!
INFO: 2026-03-15 14:20:32,623 - FINISHED LOOP

INFO: 2026-03-15 14:27:33,080 - STARTING LOOP
INFO: 2026-03-15 14:27:33,082 - Nothing to insert into the database!
INFO: 2026-03-15 14:27:33,082 - FINISHED LOOP

INFO: 2026-03-15 14:54:23,793 - STARTING LOOP
INFO: 2026-03-15 14:54:23,794 - Nothing to insert into the database!
INFO: 2026-03-15 14:54:23,794 - FINISHED LOOP

INFO: 2026-03-15 14:55:04,351 - STARTING LOOP
INFO: 2026-03-15 14:55:04,352 - Nothing to insert into the database!
INFO: 2026-03-15 14:55:04,352 - FINISHED LOOP

INFO: 2026-03-15 15:04:51,766 - STARTING LOOP
INFO: 2026-03-15 15:04:51,767 - Nothing to insert into the database!
INFO: 2026-03-15 15:04:51,767 - FINISHED LOOP

INFO: 2026-03-15 15:05:05,568 - STARTING LOOP
INFO: 2026-03-15 15:05:05,569 - Nothing to insert into the database!
INFO: 2026-03-15 15:05:05,569 - FINISHED LOOP

INFO: 2026-03-15 15:11:11,734 - STARTING LOOP
INFO: 2026-03-15 15:11:11,735 - Nothing to insert into the database!
INFO: 2026-03-15 15:11:11,735 - FINISHED LOOP

INFO: 2026-03-15 15:15:12,494 - STARTING LOOP
INFO: 2026-03-15 15:15:12,495 - Nothing to insert into the database!
INFO: 2026-03-15 15:15:12,495 - FINISHED LOOP

INFO: 2026-03-15 15:37:51,122 - STARTING LOOP
INFO: 2026-03-15 15:37:51,123 - Nothing to insert into the database!
INFO: 2026-03-15 15:37:51,123 - FINISHED LOOP

INFO: 2026-03-15 15:46:36,345 - STARTING LOOP
INFO: 2026-03-15 15:46:36,346 - Nothing to insert into the database!
INFO: 2026-03-15 15:46:36,346 - FINISHED LOOP

INFO: 2026-03-15 16:50:41,534 - STARTING LOOP
INFO: 2026-03-15 16:50:41,536 - Nothing to insert into the database!
INFO: 2026-03-15 16:50:41,536 - FINISHED LOOP

INFO: 2026-03-15 17:30:28,995 - STARTING LOOP
INFO: 2026-03-15 17:30:28,996 - Nothing to insert into the database!
INFO: 2026-03-15 17:30:28,996 - FINISHED LOOP

INFO: 2026-03-15 17:46:15,412 - STARTING LOOP
INFO: 2026-03-15 17:46:15,413 - Nothing to insert into the database!
INFO: 2026-03-15 17:46:15,413 - FINISHED LOOP

INFO: 2026-03-15 18:10:14,619 - STARTING LOOP
INFO: 2026-03-15 18:10:14,619 - STARTING LOOP
INFO: 2026-03-15 18:10:14,620 - Nothing to insert into the database!
INFO: 2026-03-15 18:10:14,620 - Nothing to insert into the database!
INFO: 2026-03-15 18:10:14,620 - FINISHED LOOP

INFO: 2026-03-15 18:10:14,620 - FINISHED LOOP

INFO: 2026-03-15 18:15:07,169 - STARTING LOOP
INFO: 2026-03-15 18:15:07,170 - Nothing to insert into the database!
INFO: 2026-03-15 18:15:07,170 - FINISHED LOOP

INFO: 2026-03-15 18:20:07,693 - STARTING LOOP
INFO: 2026-03-15 18:20:07,695 - Nothing to insert into the database!
INFO: 2026-03-15 18:20:07,695 - FINISHED LOOP

INFO: 2026-03-15 18:25:07,020 - STARTING LOOP
INFO: 2026-03-15 18:25:07,021 - Nothing to insert into the database!
INFO: 2026-03-15 18:25:07,021 - FINISHED LOOP

INFO: 2026-03-15 18:30:07,291 - STARTING LOOP
INFO: 2026-03-15 18:30:07,292 - Nothing to insert into the database!
INFO: 2026-03-15 18:30:07,292 - FINISHED LOOP

INFO: 2026-03-15 18:35:06,698 - STARTING LOOP
INFO: 2026-03-15 18:35:06,700 - Nothing to insert into the database!
INFO: 2026-03-15 18:35:06,700 - FINISHED LOOP

INFO: 2026-03-15 19:00:16,968 - STARTING LOOP
INFO: 2026-03-15 19:00:16,969 - Nothing to insert into the database!
INFO: 2026-03-15 19:00:16,969 - FINISHED LOOP

INFO: 2026-03-15 19:05:58,038 - STARTING LOOP
INFO: 2026-03-15 19:05:58,039 - Nothing to insert into the database!
INFO: 2026-03-15 19:05:58,039 - FINISHED LOOP

INFO: 2026-03-15 19:13:44,549 - STARTING LOOP
INFO: 2026-03-15 19:13:44,549 - Nothing to insert into the database!
INFO: 2026-03-15 19:13:44,550 - FINISHED LOOP

INFO: 2026-03-15 19:21:47,599 - STARTING LOOP
INFO: 2026-03-15 19:21:47,599 - Nothing to insert into the database!
INFO: 2026-03-15 19:21:47,599 - FINISHED LOOP

INFO: 2026-03-15 19:26:03,334 - STARTING LOOP
INFO: 2026-03-15 19:26:03,334 - Nothing to insert into the database!
INFO: 2026-03-15 19:26:03,334 - FINISHED LOOP

INFO: 2026-03-15 19:32:29,623 - STARTING LOOP
INFO: 2026-03-15 19:32:29,624 - Nothing to insert into the database!
INFO: 2026-03-15 19:32:29,624 - FINISHED LOOP

INFO: 2026-03-15 19:40:20,441 - STARTING LOOP
INFO: 2026-03-15 19:40:20,442 - Nothing to insert into the database!
INFO: 2026-03-15 19:40:20,442 - FINISHED LOOP

INFO: 2026-03-15 19:46:18,153 - STARTING LOOP
INFO: 2026-03-15 19:46:18,154 - Nothing to insert into the database!
INFO: 2026-03-15 19:46:18,154 - FINISHED LOOP

INFO: 2026-03-15 20:05:23,116 - STARTING LOOP
INFO: 2026-03-15 20:05:23,118 - Nothing to insert into the database!
INFO: 2026-03-15 20:05:23,118 - FINISHED LOOP

INFO: 2026-03-15 20:10:15,489 - STARTING LOOP
INFO: 2026-03-15 20:10:15,491 - Nothing to insert into the database!
INFO: 2026-03-15 20:10:15,491 - FINISHED LOOP

INFO: 2026-03-15 20:48:49,578 - STARTING LOOP
INFO: 2026-03-15 20:48:49,578 - STARTING LOOP
INFO: 2026-03-15 20:48:49,580 - Nothing to insert into the database!
INFO: 2026-03-15 20:48:49,580 - FINISHED LOOP

INFO: 2026-03-15 20:48:49,580 - Nothing to insert into the database!
INFO: 2026-03-15 20:48:49,580 - FINISHED LOOP

INFO: 2026-03-15 20:54:28,653 - STARTING LOOP
INFO: 2026-03-15 20:54:28,654 - Nothing to insert into the database!
INFO: 2026-03-15 20:54:28,654 - FINISHED LOOP

INFO: 2026-03-15 20:55:23,488 - STARTING LOOP
INFO: 2026-03-15 20:55:23,489 - Nothing to insert into the database!
INFO: 2026-03-15 20:55:23,490 - FINISHED LOOP

INFO: 2026-03-15 21:00:11,201 - STARTING LOOP
INFO: 2026-03-15 21:00:11,202 - Nothing to insert into the database!
INFO: 2026-03-15 21:00:11,202 - FINISHED LOOP

INFO: 2026-03-15 21:05:08,425 - STARTING LOOP
INFO: 2026-03-15 21:05:08,426 - Nothing to insert into the database!
INFO: 2026-03-15 21:05:08,426 - FINISHED LOOP

INFO: 2026-03-15 21:10:07,825 - STARTING LOOP
INFO: 2026-03-15 21:10:07,826 - Nothing to insert into the database!
INFO: 2026-03-15 21:10:07,826 - FINISHED LOOP

INFO: 2026-03-15 21:15:07,303 - STARTING LOOP
INFO: 2026-03-15 21:15:07,305 - Nothing to insert into the database!
INFO: 2026-03-15 21:15:07,305 - FINISHED LOOP

INFO: 2026-03-15 21:20:08,193 - STARTING LOOP
INFO: 2026-03-15 21:20:08,194 - Nothing to insert into the database!
INFO: 2026-03-15 21:20:08,194 - FINISHED LOOP

INFO: 2026-03-15 21:25:07,446 - STARTING LOOP
INFO: 2026-03-15 21:25:07,447 - Nothing to insert into the database!
INFO: 2026-03-15 21:25:07,447 - FINISHED LOOP

INFO: 2026-03-15 21:30:07,977 - STARTING LOOP
INFO: 2026-03-15 21:30:07,978 - Nothing to insert into the database!
INFO: 2026-03-15 21:30:07,979 - FINISHED LOOP

INFO: 2026-03-15 21:37:54,584 - STARTING LOOP
INFO: 2026-03-15 21:37:54,662 - Nothing to insert into the database!
INFO: 2026-03-15 21:37:54,664 - FINISHED LOOP

INFO: 2026-03-15 21:40:07,222 - STARTING LOOP
INFO: 2026-03-15 21:40:07,224 - Nothing to insert into the database!
INFO: 2026-03-15 21:40:07,224 - FINISHED LOOP

INFO: 2026-03-15 21:45:07,354 - STARTING LOOP
INFO: 2026-03-15 21:45:07,356 - Nothing to insert into the database!
INFO: 2026-03-15 21:45:07,356 - FINISHED LOOP

INFO: 2026-03-15 21:50:08,493 - STARTING LOOP
INFO: 2026-03-15 21:50:08,495 - Nothing to insert into the database!
INFO: 2026-03-15 21:50:08,495 - FINISHED LOOP

INFO: 2026-03-16 06:50:13,050 - STARTING LOOP
INFO: 2026-03-16 06:50:13,051 - Nothing to insert into the database!
INFO: 2026-03-16 06:50:13,051 - FINISHED LOOP

INFO: 2026-03-16 06:50:16,559 - STARTING LOOP
INFO: 2026-03-16 06:50:16,559 - Nothing to insert into the database!
INFO: 2026-03-16 06:50:16,559 - FINISHED LOOP

INFO: 2026-03-16 07:04:34,106 - STARTING LOOP
INFO: 2026-03-16 07:04:34,107 - Nothing to insert into the database!
INFO: 2026-03-16 07:04:34,107 - FINISHED LOOP

INFO: 2026-03-16 07:04:38,238 - STARTING LOOP
INFO: 2026-03-16 07:04:38,239 - Nothing to insert into the database!
INFO: 2026-03-16 07:04:38,239 - FINISHED LOOP

INFO: 2026-03-16 07:15:03,599 - STARTING LOOP
INFO: 2026-03-16 07:15:03,599 - Nothing to insert into the database!
INFO: 2026-03-16 07:15:03,600 - FINISHED LOOP

INFO: 2026-03-16 07:15:04,429 - STARTING LOOP
INFO: 2026-03-16 07:15:04,429 - Nothing to insert into the database!
INFO: 2026-03-16 07:15:04,430 - FINISHED LOOP

INFO: 2026-03-16 08:19:47,970 - STARTING LOOP
INFO: 2026-03-16 08:19:47,973 - Nothing to insert into the database!
INFO: 2026-03-16 08:19:47,973 - FINISHED LOOP

INFO: 2026-03-16 08:26:18,710 - STARTING LOOP
INFO: 2026-03-16 08:26:18,711 - Nothing to insert into the database!
INFO: 2026-03-16 08:26:18,711 - FINISHED LOOP

INFO: 2026-03-16 08:26:22,010 - STARTING LOOP
INFO: 2026-03-16 08:26:22,010 - Nothing to insert into the database!
INFO: 2026-03-16 08:26:22,010 - FINISHED LOOP

INFO: 2026-03-16 08:33:51,123 - STARTING LOOP
INFO: 2026-03-16 08:33:51,124 - Nothing to insert into the database!
INFO: 2026-03-16 08:33:51,124 - FINISHED LOOP

INFO: 2026-03-16 08:35:43,334 - STARTING LOOP
INFO: 2026-03-16 08:35:43,334 - Nothing to insert into the database!
INFO: 2026-03-16 08:35:43,334 - FINISHED LOOP

INFO: 2026-03-16 08:40:04,743 - STARTING LOOP
INFO: 2026-03-16 08:40:04,743 - Nothing to insert into the database!
INFO: 2026-03-16 08:40:04,743 - FINISHED LOOP

INFO: 2026-03-16 08:45:23,738 - STARTING LOOP
INFO: 2026-03-16 08:45:23,740 - Nothing to insert into the database!
INFO: 2026-03-16 08:45:23,740 - FINISHED LOOP

INFO: 2026-03-16 08:50:09,715 - STARTING LOOP
INFO: 2026-03-16 08:50:09,716 - Nothing to insert into the database!
INFO: 2026-03-16 08:50:09,716 - FINISHED LOOP

INFO: 2026-03-16 08:55:06,733 - STARTING LOOP
INFO: 2026-03-16 08:55:06,734 - Nothing to insert into the database!
INFO: 2026-03-16 08:55:06,734 - FINISHED LOOP

INFO: 2026-03-16 09:00:09,187 - STARTING LOOP
INFO: 2026-03-16 09:00:09,188 - Nothing to insert into the database!
INFO: 2026-03-16 09:00:09,188 - FINISHED LOOP

INFO: 2026-03-16 09:05:07,539 - STARTING LOOP
INFO: 2026-03-16 09:05:07,540 - Nothing to insert into the database!
INFO: 2026-03-16 09:05:07,540 - FINISHED LOOP

INFO: 2026-03-16 09:10:08,359 - STARTING LOOP
INFO: 2026-03-16 09:10:08,360 - Nothing to insert into the database!
INFO: 2026-03-16 09:10:08,360 - FINISHED LOOP

INFO: 2026-03-16 09:15:08,216 - STARTING LOOP
INFO: 2026-03-16 09:15:08,218 - Nothing to insert into the database!
INFO: 2026-03-16 09:15:08,218 - FINISHED LOOP

INFO: 2026-03-16 09:20:15,120 - STARTING LOOP
INFO: 2026-03-16 09:20:15,122 - Nothing to insert into the database!
INFO: 2026-03-16 09:20:15,122 - FINISHED LOOP

INFO: 2026-03-16 09:25:08,753 - STARTING LOOP
INFO: 2026-03-16 09:25:08,766 - Nothing to insert into the database!
INFO: 2026-03-16 09:25:08,766 - FINISHED LOOP

INFO: 2026-03-16 09:30:07,760 - STARTING LOOP
INFO: 2026-03-16 09:30:07,761 - Nothing to insert into the database!
INFO: 2026-03-16 09:30:07,761 - FINISHED LOOP

INFO: 2026-03-16 09:35:24,709 - STARTING LOOP
INFO: 2026-03-16 09:35:24,712 - Nothing to insert into the database!
INFO: 2026-03-16 09:35:24,712 - FINISHED LOOP

INFO: 2026-03-16 09:40:05,823 - STARTING LOOP
INFO: 2026-03-16 09:40:05,824 - Nothing to insert into the database!
INFO: 2026-03-16 09:40:05,824 - FINISHED LOOP

INFO: 2026-03-16 09:45:04,982 - STARTING LOOP
INFO: 2026-03-16 09:45:04,983 - Nothing to insert into the database!
INFO: 2026-03-16 09:45:04,983 - FINISHED LOOP

INFO: 2026-03-16 09:50:07,456 - STARTING LOOP
INFO: 2026-03-16 09:50:07,457 - Nothing to insert into the database!
INFO: 2026-03-16 09:50:07,457 - FINISHED LOOP

INFO: 2026-03-16 09:55:06,589 - STARTING LOOP
INFO: 2026-03-16 09:55:06,591 - Nothing to insert into the database!
INFO: 2026-03-16 09:55:06,591 - FINISHED LOOP

INFO: 2026-03-16 10:00:08,782 - STARTING LOOP
INFO: 2026-03-16 10:00:08,783 - Nothing to insert into the database!
INFO: 2026-03-16 10:00:08,783 - FINISHED LOOP

INFO: 2026-03-16 10:05:10,009 - STARTING LOOP
INFO: 2026-03-16 10:05:10,011 - Nothing to insert into the database!
INFO: 2026-03-16 10:05:10,011 - FINISHED LOOP

INFO: 2026-03-16 10:10:07,543 - STARTING LOOP
INFO: 2026-03-16 10:10:07,545 - Nothing to insert into the database!
INFO: 2026-03-16 10:10:07,545 - FINISHED LOOP

INFO: 2026-03-16 10:15:07,151 - STARTING LOOP
INFO: 2026-03-16 10:15:07,153 - Nothing to insert into the database!
INFO: 2026-03-16 10:15:07,154 - FINISHED LOOP

INFO: 2026-03-16 10:20:08,023 - STARTING LOOP
INFO: 2026-03-16 10:20:08,024 - Nothing to insert into the database!
INFO: 2026-03-16 10:20:08,024 - FINISHED LOOP

INFO: 2026-03-16 10:25:08,081 - STARTING LOOP
INFO: 2026-03-16 10:25:08,083 - Nothing to insert into the database!
INFO: 2026-03-16 10:25:08,083 - FINISHED LOOP

INFO: 2026-03-16 10:30:07,587 - STARTING LOOP
INFO: 2026-03-16 10:30:07,589 - Nothing to insert into the database!
INFO: 2026-03-16 10:30:07,589 - FINISHED LOOP

INFO: 2026-03-16 10:35:09,236 - STARTING LOOP
INFO: 2026-03-16 10:35:09,238 - Nothing to insert into the database!
INFO: 2026-03-16 10:35:09,239 - FINISHED LOOP

INFO: 2026-03-16 10:40:09,103 - STARTING LOOP
INFO: 2026-03-16 10:40:09,105 - Nothing to insert into the database!
INFO: 2026-03-16 10:40:09,105 - FINISHED LOOP

INFO: 2026-03-16 10:45:04,893 - STARTING LOOP
INFO: 2026-03-16 10:45:04,894 - Nothing to insert into the database!
INFO: 2026-03-16 10:45:04,894 - FINISHED LOOP

INFO: 2026-03-16 10:50:05,296 - STARTING LOOP
INFO: 2026-03-16 10:50:05,297 - Nothing to insert into the database!
INFO: 2026-03-16 10:50:05,297 - FINISHED LOOP

INFO: 2026-03-16 10:55:05,928 - STARTING LOOP
INFO: 2026-03-16 10:55:05,930 - Nothing to insert into the database!
INFO: 2026-03-16 10:55:05,930 - FINISHED LOOP

INFO: 2026-03-16 11:00:09,442 - STARTING LOOP
INFO: 2026-03-16 11:00:09,446 - Nothing to insert into the database!
INFO: 2026-03-16 11:00:09,446 - FINISHED LOOP

INFO: 2026-03-16 11:05:06,919 - STARTING LOOP
INFO: 2026-03-16 11:05:06,920 - Nothing to insert into the database!
INFO: 2026-03-16 11:05:06,921 - FINISHED LOOP

INFO: 2026-03-16 11:10:08,123 - STARTING LOOP
INFO: 2026-03-16 11:10:08,124 - Nothing to insert into the database!
INFO: 2026-03-16 11:10:08,124 - FINISHED LOOP

INFO: 2026-03-16 11:15:10,246 - STARTING LOOP
INFO: 2026-03-16 11:15:10,247 - Nothing to insert into the database!
INFO: 2026-03-16 11:15:10,247 - FINISHED LOOP

INFO: 2026-03-16 11:20:07,731 - STARTING LOOP
INFO: 2026-03-16 11:20:07,732 - Nothing to insert into the database!
INFO: 2026-03-16 11:20:07,732 - FINISHED LOOP

INFO: 2026-03-16 11:25:07,444 - STARTING LOOP
INFO: 2026-03-16 11:25:07,445 - Nothing to insert into the database!
INFO: 2026-03-16 11:25:07,445 - FINISHED LOOP

INFO: 2026-03-16 11:30:08,501 - STARTING LOOP
INFO: 2026-03-16 11:30:08,502 - Nothing to insert into the database!
INFO: 2026-03-16 11:30:08,502 - FINISHED LOOP

INFO: 2026-03-16 11:35:08,992 - STARTING LOOP
INFO: 2026-03-16 11:35:08,993 - Nothing to insert into the database!
INFO: 2026-03-16 11:35:08,993 - FINISHED LOOP

INFO: 2026-03-16 11:40:07,717 - STARTING LOOP
INFO: 2026-03-16 11:40:07,718 - Nothing to insert into the database!
INFO: 2026-03-16 11:40:07,718 - FINISHED LOOP

INFO: 2026-03-16 11:45:07,458 - STARTING LOOP
INFO: 2026-03-16 11:45:07,459 - Nothing to insert into the database!
INFO: 2026-03-16 11:45:07,459 - FINISHED LOOP

INFO: 2026-03-16 11:50:10,181 - STARTING LOOP
INFO: 2026-03-16 11:50:10,184 - Nothing to insert into the database!
INFO: 2026-03-16 11:50:10,184 - FINISHED LOOP

INFO: 2026-03-16 11:55:10,478 - STARTING LOOP
INFO: 2026-03-16 11:55:10,479 - Nothing to insert into the database!
INFO: 2026-03-16 11:55:10,479 - FINISHED LOOP

INFO: 2026-03-16 12:00:10,558 - STARTING LOOP
INFO: 2026-03-16 12:00:10,559 - Nothing to insert into the database!
INFO: 2026-03-16 12:00:10,559 - FINISHED LOOP

INFO: 2026-03-16 12:05:24,509 - STARTING LOOP
INFO: 2026-03-16 12:05:24,511 - Nothing to insert into the database!
INFO: 2026-03-16 12:05:24,511 - FINISHED LOOP

INFO: 2026-03-16 12:10:07,394 - STARTING LOOP
INFO: 2026-03-16 12:10:07,395 - Nothing to insert into the database!
INFO: 2026-03-16 12:10:07,396 - FINISHED LOOP

INFO: 2026-03-16 12:15:12,783 - STARTING LOOP
INFO: 2026-03-16 12:15:12,786 - Nothing to insert into the database!
INFO: 2026-03-16 12:15:12,786 - FINISHED LOOP

INFO: 2026-03-16 12:20:11,136 - STARTING LOOP
INFO: 2026-03-16 12:20:11,138 - Nothing to insert into the database!
INFO: 2026-03-16 12:20:11,138 - FINISHED LOOP

INFO: 2026-03-16 12:25:07,700 - STARTING LOOP
INFO: 2026-03-16 12:25:07,701 - Nothing to insert into the database!
INFO: 2026-03-16 12:25:07,701 - FINISHED LOOP

INFO: 2026-03-16 12:30:07,961 - STARTING LOOP
INFO: 2026-03-16 12:30:07,962 - Nothing to insert into the database!
INFO: 2026-03-16 12:30:07,962 - FINISHED LOOP

INFO: 2026-03-16 12:35:07,253 - STARTING LOOP
INFO: 2026-03-16 12:35:07,255 - Nothing to insert into the database!
INFO: 2026-03-16 12:35:07,255 - FINISHED LOOP

INFO: 2026-03-16 12:40:08,540 - STARTING LOOP
INFO: 2026-03-16 12:40:08,543 - Nothing to insert into the database!
INFO: 2026-03-16 12:40:08,543 - FINISHED LOOP

INFO: 2026-03-16 12:45:08,083 - STARTING LOOP
INFO: 2026-03-16 12:45:08,084 - Nothing to insert into the database!
INFO: 2026-03-16 12:45:08,084 - FINISHED LOOP

INFO: 2026-03-16 12:50:07,829 - STARTING LOOP
INFO: 2026-03-16 12:50:07,830 - Inserting file apollo--1993971__contacts-export-2.csv...
INFO: 2026-03-16 12:50:13,595 - DONE!
INFO: 2026-03-16 12:50:13,602 - Saving for project 1993971 - intralink_realtors_ny_nj
INFO: 2026-03-16 12:50:13,669 - DONE!
INFO: 2026-03-16 12:50:14,716 - Inserting file apollo--1993971__contacts-export.csv...
INFO: 2026-03-16 12:50:20,963 - DONE!
INFO: 2026-03-16 12:50:20,965 - Saving for project 1993971 - intralink_realtors_ny_nj
INFO: 2026-03-16 12:50:21,050 - DONE!
INFO: 2026-03-16 12:50:22,066 - FINISHED LOOP

saving new records...
inserted 1853 new records
failed converting to list in the column: 
other_emails
updating 151 records
success!
saving new records...
inserted 1657 new records
failed converting to list in the column: 
other_emails
failed converting to list in the column: 
projects_ids
updating 537 records
success!
INFO: 2026-03-16 12:55:08,955 - STARTING LOOP
INFO: 2026-03-16 12:55:08,957 - Nothing to insert into the database!
INFO: 2026-03-16 12:55:08,957 - FINISHED LOOP

INFO: 2026-03-16 13:00:07,654 - STARTING LOOP
INFO: 2026-03-16 13:00:07,655 - Nothing to insert into the database!
INFO: 2026-03-16 13:00:07,655 - FINISHED LOOP

INFO: 2026-03-16 13:05:17,924 - STARTING LOOP
INFO: 2026-03-16 13:05:17,926 - Nothing to insert into the database!
INFO: 2026-03-16 13:05:17,926 - FINISHED LOOP

INFO: 2026-03-16 13:10:10,047 - STARTING LOOP
INFO: 2026-03-16 13:10:10,049 - Nothing to insert into the database!
INFO: 2026-03-16 13:10:10,049 - FINISHED LOOP

INFO: 2026-03-16 13:15:13,911 - STARTING LOOP
INFO: 2026-03-16 13:15:13,915 - Nothing to insert into the database!
INFO: 2026-03-16 13:15:13,915 - FINISHED LOOP

INFO: 2026-03-16 13:20:16,772 - STARTING LOOP
INFO: 2026-03-16 13:20:16,773 - Nothing to insert into the database!
INFO: 2026-03-16 13:20:16,773 - FINISHED LOOP

INFO: 2026-03-16 13:25:08,310 - STARTING LOOP
INFO: 2026-03-16 13:25:08,312 - Nothing to insert into the database!
INFO: 2026-03-16 13:25:08,312 - FINISHED LOOP

INFO: 2026-03-16 13:30:08,672 - STARTING LOOP
INFO: 2026-03-16 13:30:08,673 - Nothing to insert into the database!
INFO: 2026-03-16 13:30:08,674 - FINISHED LOOP

INFO: 2026-03-16 13:35:10,801 - STARTING LOOP
INFO: 2026-03-16 13:35:10,803 - Nothing to insert into the database!
INFO: 2026-03-16 13:35:10,803 - FINISHED LOOP

INFO: 2026-03-16 13:40:08,028 - STARTING LOOP
INFO: 2026-03-16 13:40:08,030 - Nothing to insert into the database!
INFO: 2026-03-16 13:40:08,030 - FINISHED LOOP

INFO: 2026-03-16 13:45:08,526 - STARTING LOOP
INFO: 2026-03-16 13:45:08,528 - Nothing to insert into the database!
INFO: 2026-03-16 13:45:08,528 - FINISHED LOOP

INFO: 2026-03-16 13:50:07,243 - STARTING LOOP
INFO: 2026-03-16 13:50:07,244 - Nothing to insert into the database!
INFO: 2026-03-16 13:50:07,244 - FINISHED LOOP

INFO: 2026-03-16 13:55:11,292 - STARTING LOOP
INFO: 2026-03-16 13:55:11,294 - Nothing to insert into the database!
INFO: 2026-03-16 13:55:11,294 - FINISHED LOOP

INFO: 2026-03-16 14:00:10,726 - STARTING LOOP
INFO: 2026-03-16 14:00:10,727 - Nothing to insert into the database!
INFO: 2026-03-16 14:00:10,727 - FINISHED LOOP

INFO: 2026-03-16 14:05:09,798 - STARTING LOOP
INFO: 2026-03-16 14:05:09,799 - Nothing to insert into the database!
INFO: 2026-03-16 14:05:09,799 - FINISHED LOOP

INFO: 2026-03-16 14:10:07,444 - STARTING LOOP
INFO: 2026-03-16 14:10:07,446 - Nothing to insert into the database!
INFO: 2026-03-16 14:10:07,446 - FINISHED LOOP

INFO: 2026-03-16 14:15:08,298 - STARTING LOOP
INFO: 2026-03-16 14:15:08,300 - Inserting file apollo--1995971__contacts-export (6).csv...
INFO: 2026-03-16 14:16:08,337 - DONE!
INFO: 2026-03-16 14:16:08,342 - Saving for project 1995971 - Vanguardcharitable
INFO: 2026-03-16 14:16:08,703 - DONE!
INFO: 2026-03-16 14:16:09,775 - FINISHED LOOP

saving new records...
inserted 5246 new records
failed converting to list in the column: 
other_emails
failed converting to list in the column: 
projects_ids
updating 7609 records
success!
INFO: 2026-03-16 14:20:07,531 - STARTING LOOP
INFO: 2026-03-16 14:20:07,533 - Nothing to insert into the database!
INFO: 2026-03-16 14:20:07,533 - FINISHED LOOP

INFO: 2026-03-16 14:25:10,105 - STARTING LOOP
INFO: 2026-03-16 14:25:10,107 - Nothing to insert into the database!
INFO: 2026-03-16 14:25:10,107 - FINISHED LOOP

INFO: 2026-03-16 14:30:15,265 - STARTING LOOP
INFO: 2026-03-16 14:30:15,270 - Nothing to insert into the database!
INFO: 2026-03-16 14:30:15,270 - FINISHED LOOP

INFO: 2026-03-16 14:35:12,219 - STARTING LOOP
INFO: 2026-03-16 14:35:12,221 - Nothing to insert into the database!
INFO: 2026-03-16 14:35:12,221 - FINISHED LOOP

INFO: 2026-03-16 14:40:09,771 - STARTING LOOP
INFO: 2026-03-16 14:40:09,772 - Nothing to insert into the database!
INFO: 2026-03-16 14:40:09,772 - FINISHED LOOP

INFO: 2026-03-16 14:45:09,792 - STARTING LOOP
INFO: 2026-03-16 14:45:09,794 - Nothing to insert into the database!
INFO: 2026-03-16 14:45:09,794 - FINISHED LOOP

INFO: 2026-03-16 14:50:08,416 - STARTING LOOP
INFO: 2026-03-16 14:50:08,417 - Nothing to insert into the database!
INFO: 2026-03-16 14:50:08,418 - FINISHED LOOP

INFO: 2026-03-16 14:55:09,443 - STARTING LOOP
INFO: 2026-03-16 14:55:09,445 - Nothing to insert into the database!
INFO: 2026-03-16 14:55:09,445 - FINISHED LOOP

INFO: 2026-03-16 15:00:08,549 - STARTING LOOP
INFO: 2026-03-16 15:00:08,551 - Nothing to insert into the database!
INFO: 2026-03-16 15:00:08,551 - FINISHED LOOP

INFO: 2026-03-16 15:05:09,265 - STARTING LOOP
INFO: 2026-03-16 15:05:09,267 - Nothing to insert into the database!
INFO: 2026-03-16 15:05:09,267 - FINISHED LOOP

INFO: 2026-03-16 15:10:10,926 - STARTING LOOP
INFO: 2026-03-16 15:10:10,928 - Nothing to insert into the database!
INFO: 2026-03-16 15:10:10,928 - FINISHED LOOP

INFO: 2026-03-16 15:15:08,833 - STARTING LOOP
INFO: 2026-03-16 15:15:08,835 - Nothing to insert into the database!
INFO: 2026-03-16 15:15:08,835 - FINISHED LOOP

INFO: 2026-03-16 15:20:08,106 - STARTING LOOP
INFO: 2026-03-16 15:20:08,107 - Nothing to insert into the database!
INFO: 2026-03-16 15:20:08,108 - FINISHED LOOP

INFO: 2026-03-16 15:25:10,099 - STARTING LOOP
INFO: 2026-03-16 15:25:10,101 - Nothing to insert into the database!
INFO: 2026-03-16 15:25:10,101 - FINISHED LOOP

INFO: 2026-03-16 15:30:15,660 - STARTING LOOP
INFO: 2026-03-16 15:30:15,662 - Nothing to insert into the database!
INFO: 2026-03-16 15:30:15,662 - FINISHED LOOP

INFO: 2026-03-16 15:35:09,176 - STARTING LOOP
INFO: 2026-03-16 15:35:09,178 - Nothing to insert into the database!
INFO: 2026-03-16 15:35:09,178 - FINISHED LOOP

INFO: 2026-03-16 15:40:11,116 - STARTING LOOP
INFO: 2026-03-16 15:40:11,118 - Nothing to insert into the database!
INFO: 2026-03-16 15:40:11,118 - FINISHED LOOP

INFO: 2026-03-16 15:45:13,953 - STARTING LOOP
INFO: 2026-03-16 15:45:13,956 - Nothing to insert into the database!
INFO: 2026-03-16 15:45:13,956 - FINISHED LOOP

INFO: 2026-03-16 15:50:12,828 - STARTING LOOP
INFO: 2026-03-16 15:50:12,830 - Nothing to insert into the database!
INFO: 2026-03-16 15:50:12,830 - FINISHED LOOP

INFO: 2026-03-16 15:55:11,564 - STARTING LOOP
INFO: 2026-03-16 15:55:11,565 - Nothing to insert into the database!
INFO: 2026-03-16 15:55:11,565 - FINISHED LOOP

INFO: 2026-03-16 16:00:13,488 - STARTING LOOP
INFO: 2026-03-16 16:00:13,489 - Nothing to insert into the database!
INFO: 2026-03-16 16:00:13,490 - FINISHED LOOP

INFO: 2026-03-16 16:05:20,740 - STARTING LOOP
INFO: 2026-03-16 16:05:20,751 - Nothing to insert into the database!
INFO: 2026-03-16 16:05:20,751 - FINISHED LOOP

INFO: 2026-03-16 16:10:09,634 - STARTING LOOP
INFO: 2026-03-16 16:10:09,636 - Nothing to insert into the database!
INFO: 2026-03-16 16:10:09,636 - FINISHED LOOP

INFO: 2026-03-16 16:15:08,318 - STARTING LOOP
INFO: 2026-03-16 16:15:08,320 - Nothing to insert into the database!
INFO: 2026-03-16 16:15:08,320 - FINISHED LOOP

INFO: 2026-03-16 16:20:08,274 - STARTING LOOP
INFO: 2026-03-16 16:20:08,275 - Nothing to insert into the database!
INFO: 2026-03-16 16:20:08,276 - FINISHED LOOP

INFO: 2026-03-16 16:25:09,906 - STARTING LOOP
INFO: 2026-03-16 16:25:09,908 - Nothing to insert into the database!
INFO: 2026-03-16 16:25:09,908 - FINISHED LOOP

INFO: 2026-03-16 16:30:08,182 - STARTING LOOP
INFO: 2026-03-16 16:30:08,183 - Nothing to insert into the database!
INFO: 2026-03-16 16:30:08,184 - FINISHED LOOP

INFO: 2026-03-16 16:35:08,323 - STARTING LOOP
INFO: 2026-03-16 16:35:08,324 - Nothing to insert into the database!
INFO: 2026-03-16 16:35:08,324 - FINISHED LOOP

INFO: 2026-03-16 16:40:08,357 - STARTING LOOP
INFO: 2026-03-16 16:40:08,359 - Nothing to insert into the database!
INFO: 2026-03-16 16:40:08,359 - FINISHED LOOP

INFO: 2026-03-16 16:45:09,894 - STARTING LOOP
INFO: 2026-03-16 16:45:09,896 - Nothing to insert into the database!
INFO: 2026-03-16 16:45:09,896 - FINISHED LOOP

INFO: 2026-03-16 16:50:07,929 - STARTING LOOP
INFO: 2026-03-16 16:50:07,930 - Nothing to insert into the database!
INFO: 2026-03-16 16:50:07,931 - FINISHED LOOP

INFO: 2026-03-16 16:55:07,449 - STARTING LOOP
INFO: 2026-03-16 16:55:07,450 - Nothing to insert into the database!
INFO: 2026-03-16 16:55:07,450 - FINISHED LOOP

INFO: 2026-03-16 17:00:06,114 - STARTING LOOP
INFO: 2026-03-16 17:00:06,115 - Nothing to insert into the database!
INFO: 2026-03-16 17:00:06,115 - FINISHED LOOP

INFO: 2026-03-16 17:05:08,847 - STARTING LOOP
INFO: 2026-03-16 17:05:08,848 - Nothing to insert into the database!
INFO: 2026-03-16 17:05:08,848 - FINISHED LOOP

INFO: 2026-03-16 17:10:06,307 - STARTING LOOP
INFO: 2026-03-16 17:10:06,309 - Nothing to insert into the database!
INFO: 2026-03-16 17:10:06,309 - FINISHED LOOP

INFO: 2026-03-16 17:15:07,777 - STARTING LOOP
INFO: 2026-03-16 17:15:07,778 - Nothing to insert into the database!
INFO: 2026-03-16 17:15:07,779 - FINISHED LOOP

INFO: 2026-03-16 17:20:11,377 - STARTING LOOP
INFO: 2026-03-16 17:20:11,378 - Nothing to insert into the database!
INFO: 2026-03-16 17:20:11,378 - FINISHED LOOP

INFO: 2026-03-16 17:25:06,073 - STARTING LOOP
INFO: 2026-03-16 17:25:06,074 - Nothing to insert into the database!
INFO: 2026-03-16 17:25:06,074 - FINISHED LOOP

INFO: 2026-03-16 17:30:08,238 - STARTING LOOP
INFO: 2026-03-16 17:30:08,239 - Nothing to insert into the database!
INFO: 2026-03-16 17:30:08,239 - FINISHED LOOP

INFO: 2026-03-16 17:35:05,284 - STARTING LOOP
INFO: 2026-03-16 17:35:05,286 - Nothing to insert into the database!
INFO: 2026-03-16 17:35:05,286 - FINISHED LOOP

INFO: 2026-03-16 17:40:05,036 - STARTING LOOP
INFO: 2026-03-16 17:40:05,036 - Nothing to insert into the database!
INFO: 2026-03-16 17:40:05,036 - FINISHED LOOP

INFO: 2026-03-16 17:45:03,550 - STARTING LOOP
INFO: 2026-03-16 17:45:03,551 - Nothing to insert into the database!
INFO: 2026-03-16 17:45:03,551 - FINISHED LOOP

INFO: 2026-03-16 17:50:04,836 - STARTING LOOP
INFO: 2026-03-16 17:50:04,837 - Nothing to insert into the database!
INFO: 2026-03-16 17:50:04,837 - FINISHED LOOP

INFO: 2026-03-16 17:55:04,965 - STARTING LOOP
INFO: 2026-03-16 17:55:04,966 - Nothing to insert into the database!
INFO: 2026-03-16 17:55:04,966 - FINISHED LOOP

INFO: 2026-03-16 18:02:09,306 - STARTING LOOP
INFO: 2026-03-16 18:02:09,307 - Nothing to insert into the database!
INFO: 2026-03-16 18:02:09,307 - FINISHED LOOP

INFO: 2026-03-16 18:05:55,709 - STARTING LOOP
INFO: 2026-03-16 18:05:55,709 - Nothing to insert into the database!
INFO: 2026-03-16 18:05:55,709 - FINISHED LOOP

INFO: 2026-03-16 18:25:06,113 - STARTING LOOP
INFO: 2026-03-16 18:25:06,114 - Nothing to insert into the database!
INFO: 2026-03-16 18:25:06,115 - FINISHED LOOP

INFO: 2026-03-16 18:30:06,836 - STARTING LOOP
INFO: 2026-03-16 18:30:06,837 - Nothing to insert into the database!
INFO: 2026-03-16 18:30:06,837 - FINISHED LOOP

INFO: 2026-03-16 18:51:06,094 - STARTING LOOP
INFO: 2026-03-16 18:51:06,096 - Nothing to insert into the database!
INFO: 2026-03-16 18:51:06,096 - FINISHED LOOP

INFO: 2026-03-16 19:16:31,401 - STARTING LOOP
INFO: 2026-03-16 19:16:31,403 - Nothing to insert into the database!
INFO: 2026-03-16 19:16:31,404 - FINISHED LOOP

INFO: 2026-03-16 19:20:13,446 - STARTING LOOP
INFO: 2026-03-16 19:20:13,447 - Nothing to insert into the database!
INFO: 2026-03-16 19:20:13,447 - FINISHED LOOP

INFO: 2026-03-16 19:31:25,454 - STARTING LOOP
INFO: 2026-03-16 19:31:25,456 - Nothing to insert into the database!
INFO: 2026-03-16 19:31:25,456 - FINISHED LOOP

INFO: 2026-03-16 19:36:21,290 - STARTING LOOP
INFO: 2026-03-16 19:36:21,292 - Nothing to insert into the database!
INFO: 2026-03-16 19:36:21,292 - FINISHED LOOP

INFO: 2026-03-16 20:01:19,379 - STARTING LOOP
INFO: 2026-03-16 20:01:19,380 - Nothing to insert into the database!
INFO: 2026-03-16 20:01:19,380 - FINISHED LOOP

INFO: 2026-03-16 20:47:30,106 - STARTING LOOP
INFO: 2026-03-16 20:47:30,107 - Nothing to insert into the database!
INFO: 2026-03-16 20:47:30,107 - FINISHED LOOP

INFO: 2026-03-16 23:10:05,708 - STARTING LOOP
INFO: 2026-03-16 23:10:05,709 - Nothing to insert into the database!
INFO: 2026-03-16 23:10:05,709 - FINISHED LOOP

INFO: 2026-03-16 23:17:04,104 - STARTING LOOP
INFO: 2026-03-16 23:17:04,104 - Nothing to insert into the database!
INFO: 2026-03-16 23:17:04,105 - FINISHED LOOP

INFO: 2026-03-16 23:23:22,972 - STARTING LOOP
INFO: 2026-03-16 23:23:22,973 - Nothing to insert into the database!
INFO: 2026-03-16 23:23:22,973 - FINISHED LOOP

INFO: 2026-03-17 08:21:35,392 - STARTING LOOP
INFO: 2026-03-17 08:21:35,393 - Nothing to insert into the database!
INFO: 2026-03-17 08:21:35,394 - FINISHED LOOP

INFO: 2026-03-17 08:25:41,328 - STARTING LOOP
INFO: 2026-03-17 08:25:41,349 - Nothing to insert into the database!
INFO: 2026-03-17 08:25:41,349 - FINISHED LOOP

INFO: 2026-03-17 08:30:07,372 - STARTING LOOP
INFO: 2026-03-17 08:30:07,373 - Nothing to insert into the database!
INFO: 2026-03-17 08:30:07,374 - FINISHED LOOP

INFO: 2026-03-17 08:35:06,672 - STARTING LOOP
INFO: 2026-03-17 08:35:06,673 - Nothing to insert into the database!
INFO: 2026-03-17 08:35:06,674 - FINISHED LOOP

INFO: 2026-03-17 08:40:07,514 - STARTING LOOP
INFO: 2026-03-17 08:40:07,515 - Nothing to insert into the database!
INFO: 2026-03-17 08:40:07,515 - FINISHED LOOP

INFO: 2026-03-17 08:45:06,891 - STARTING LOOP
INFO: 2026-03-17 08:45:06,893 - Nothing to insert into the database!
INFO: 2026-03-17 08:45:06,893 - FINISHED LOOP

INFO: 2026-03-17 08:50:05,844 - STARTING LOOP
INFO: 2026-03-17 08:50:05,845 - Nothing to insert into the database!
INFO: 2026-03-17 08:50:05,845 - FINISHED LOOP

INFO: 2026-03-17 08:55:06,919 - STARTING LOOP
INFO: 2026-03-17 08:55:06,920 - Nothing to insert into the database!
INFO: 2026-03-17 08:55:06,920 - FINISHED LOOP

INFO: 2026-03-17 09:00:06,775 - STARTING LOOP
INFO: 2026-03-17 09:00:06,777 - Nothing to insert into the database!
INFO: 2026-03-17 09:00:06,778 - FINISHED LOOP

INFO: 2026-03-17 09:05:05,885 - STARTING LOOP
INFO: 2026-03-17 09:05:05,887 - Nothing to insert into the database!
INFO: 2026-03-17 09:05:05,887 - FINISHED LOOP

INFO: 2026-03-17 09:10:05,229 - STARTING LOOP
INFO: 2026-03-17 09:10:05,230 - Nothing to insert into the database!
INFO: 2026-03-17 09:10:05,230 - FINISHED LOOP

INFO: 2026-03-17 09:15:06,968 - STARTING LOOP
INFO: 2026-03-17 09:15:06,970 - Nothing to insert into the database!
INFO: 2026-03-17 09:15:06,970 - FINISHED LOOP

INFO: 2026-03-17 09:20:05,169 - STARTING LOOP
INFO: 2026-03-17 09:20:05,170 - Nothing to insert into the database!
INFO: 2026-03-17 09:20:05,170 - FINISHED LOOP

INFO: 2026-03-17 09:25:07,223 - STARTING LOOP
INFO: 2026-03-17 09:25:07,224 - Nothing to insert into the database!
INFO: 2026-03-17 09:25:07,224 - FINISHED LOOP

INFO: 2026-03-17 09:30:08,797 - STARTING LOOP
INFO: 2026-03-17 09:30:08,803 - Nothing to insert into the database!
INFO: 2026-03-17 09:30:08,803 - FINISHED LOOP

INFO: 2026-03-17 09:35:07,305 - STARTING LOOP
INFO: 2026-03-17 09:35:07,307 - Nothing to insert into the database!
INFO: 2026-03-17 09:35:07,307 - FINISHED LOOP

INFO: 2026-03-17 09:40:07,969 - STARTING LOOP
INFO: 2026-03-17 09:40:07,971 - Nothing to insert into the database!
INFO: 2026-03-17 09:40:07,971 - FINISHED LOOP

INFO: 2026-03-17 09:45:07,222 - STARTING LOOP
INFO: 2026-03-17 09:45:07,224 - Nothing to insert into the database!
INFO: 2026-03-17 09:45:07,224 - FINISHED LOOP

INFO: 2026-03-17 09:50:07,187 - STARTING LOOP
INFO: 2026-03-17 09:50:07,188 - Nothing to insert into the database!
INFO: 2026-03-17 09:50:07,188 - FINISHED LOOP

INFO: 2026-03-17 09:55:07,571 - STARTING LOOP
INFO: 2026-03-17 09:55:07,573 - Nothing to insert into the database!
INFO: 2026-03-17 09:55:07,573 - FINISHED LOOP

INFO: 2026-03-17 10:00:07,308 - STARTING LOOP
INFO: 2026-03-17 10:00:07,310 - Nothing to insert into the database!
INFO: 2026-03-17 10:00:07,310 - FINISHED LOOP

INFO: 2026-03-17 10:05:06,083 - STARTING LOOP
INFO: 2026-03-17 10:05:06,083 - Nothing to insert into the database!
INFO: 2026-03-17 10:05:06,084 - FINISHED LOOP

INFO: 2026-03-17 10:10:06,946 - STARTING LOOP
INFO: 2026-03-17 10:10:06,948 - Nothing to insert into the database!
INFO: 2026-03-17 10:10:06,948 - FINISHED LOOP

INFO: 2026-03-17 10:15:08,091 - STARTING LOOP
INFO: 2026-03-17 10:15:08,092 - Nothing to insert into the database!
INFO: 2026-03-17 10:15:08,092 - FINISHED LOOP

INFO: 2026-03-17 10:20:07,157 - STARTING LOOP
INFO: 2026-03-17 10:20:07,158 - Nothing to insert into the database!
INFO: 2026-03-17 10:20:07,158 - FINISHED LOOP

INFO: 2026-03-17 10:25:06,870 - STARTING LOOP
INFO: 2026-03-17 10:25:06,871 - Nothing to insert into the database!
INFO: 2026-03-17 10:25:06,871 - FINISHED LOOP

INFO: 2026-03-17 10:30:10,273 - STARTING LOOP
INFO: 2026-03-17 10:30:10,275 - Nothing to insert into the database!
INFO: 2026-03-17 10:30:10,275 - FINISHED LOOP

INFO: 2026-03-17 10:35:06,494 - STARTING LOOP
INFO: 2026-03-17 10:35:06,496 - Nothing to insert into the database!
INFO: 2026-03-17 10:35:06,496 - FINISHED LOOP

INFO: 2026-03-17 10:40:07,708 - STARTING LOOP
INFO: 2026-03-17 10:40:07,713 - Nothing to insert into the database!
INFO: 2026-03-17 10:40:07,713 - FINISHED LOOP

INFO: 2026-03-17 10:45:07,906 - STARTING LOOP
INFO: 2026-03-17 10:45:07,907 - Nothing to insert into the database!
INFO: 2026-03-17 10:45:07,907 - FINISHED LOOP

INFO: 2026-03-17 10:50:07,443 - STARTING LOOP
INFO: 2026-03-17 10:50:07,444 - Nothing to insert into the database!
INFO: 2026-03-17 10:50:07,445 - FINISHED LOOP

INFO: 2026-03-17 10:55:09,868 - STARTING LOOP
INFO: 2026-03-17 10:55:09,871 - Nothing to insert into the database!
INFO: 2026-03-17 10:55:09,871 - FINISHED LOOP

INFO: 2026-03-17 11:00:08,974 - STARTING LOOP
INFO: 2026-03-17 11:00:08,977 - Nothing to insert into the database!
INFO: 2026-03-17 11:00:08,977 - FINISHED LOOP

INFO: 2026-03-17 11:05:08,963 - STARTING LOOP
INFO: 2026-03-17 11:05:08,965 - Nothing to insert into the database!
INFO: 2026-03-17 11:05:08,965 - FINISHED LOOP

INFO: 2026-03-17 11:10:09,589 - STARTING LOOP
INFO: 2026-03-17 11:10:09,595 - Nothing to insert into the database!
INFO: 2026-03-17 11:10:09,595 - FINISHED LOOP

INFO: 2026-03-17 11:15:08,016 - STARTING LOOP
INFO: 2026-03-17 11:15:08,018 - Nothing to insert into the database!
INFO: 2026-03-17 11:15:08,018 - FINISHED LOOP

INFO: 2026-03-17 11:20:08,858 - STARTING LOOP
INFO: 2026-03-17 11:20:08,859 - Nothing to insert into the database!
INFO: 2026-03-17 11:20:08,859 - FINISHED LOOP

INFO: 2026-03-17 11:25:08,711 - STARTING LOOP
INFO: 2026-03-17 11:25:08,713 - Nothing to insert into the database!
INFO: 2026-03-17 11:25:08,714 - FINISHED LOOP

INFO: 2026-03-17 11:30:09,536 - STARTING LOOP
INFO: 2026-03-17 11:30:09,543 - Nothing to insert into the database!
INFO: 2026-03-17 11:30:09,543 - FINISHED LOOP

INFO: 2026-03-17 11:35:07,746 - STARTING LOOP
INFO: 2026-03-17 11:35:07,747 - Nothing to insert into the database!
INFO: 2026-03-17 11:35:07,747 - FINISHED LOOP

INFO: 2026-03-17 11:40:07,199 - STARTING LOOP
INFO: 2026-03-17 11:40:07,200 - Inserting file snov--1995971__vanguardcharitable.csv...
INFO: 2026-03-17 11:40:38,239 - DONE!
INFO: 2026-03-17 11:40:38,241 - Saving for project 1995971 - Vanguardcharitable
INFO: 2026-03-17 11:40:38,672 - DONE!
INFO: 2026-03-17 11:40:39,740 - Inserting file snov--1467231__medtech-uk.csv...
INFO: 2026-03-17 11:40:40,491 - DONE!
INFO: 2026-03-17 11:40:40,493 - Saving for project 1467231 - hsj_medical_sis_lists
INFO: 2026-03-17 11:40:40,564 - DONE!
INFO: 2026-03-17 11:40:41,633 - Inserting file snov--1949181__alaska-engineer.csv...
INFO: 2026-03-17 11:40:51,311 - DONE!
INFO: 2026-03-17 11:40:51,314 - Saving for project 1949181 - northwestel
INFO: 2026-03-17 11:40:51,394 - DONE!
INFO: 2026-03-17 11:40:52,438 - FINISHED LOOP

saving new records...
inserted 4505 new records
failed converting to list in the column: 
other_emails
failed converting to list in the column: 
projects_ids
updating 1237 records
success!
saving new records...
inserted 258 new records
updating 54 records
success!
saving new records...
inserted 155 new records
failed converting to list in the column: 
other_emails
updating 2177 records
success!
INFO: 2026-03-17 11:45:07,512 - STARTING LOOP
INFO: 2026-03-17 11:45:07,514 - Nothing to insert into the database!
INFO: 2026-03-17 11:45:07,514 - FINISHED LOOP

INFO: 2026-03-17 11:50:09,627 - STARTING LOOP
INFO: 2026-03-17 11:50:09,628 - Nothing to insert into the database!
INFO: 2026-03-17 11:50:09,628 - FINISHED LOOP

INFO: 2026-03-17 11:55:07,259 - STARTING LOOP
INFO: 2026-03-17 11:55:07,261 - Nothing to insert into the database!
INFO: 2026-03-17 11:55:07,261 - FINISHED LOOP

INFO: 2026-03-17 12:00:18,191 - STARTING LOOP
INFO: 2026-03-17 12:00:18,192 - Nothing to insert into the database!
INFO: 2026-03-17 12:00:18,192 - FINISHED LOOP

INFO: 2026-03-17 12:05:08,771 - STARTING LOOP
INFO: 2026-03-17 12:05:08,772 - Nothing to insert into the database!
INFO: 2026-03-17 12:05:08,772 - FINISHED LOOP

INFO: 2026-03-17 12:10:07,184 - STARTING LOOP
INFO: 2026-03-17 12:10:07,185 - Nothing to insert into the database!
INFO: 2026-03-17 12:10:07,185 - FINISHED LOOP

INFO: 2026-03-17 12:15:08,504 - STARTING LOOP
INFO: 2026-03-17 12:15:08,505 - Nothing to insert into the database!
INFO: 2026-03-17 12:15:08,505 - FINISHED LOOP

INFO: 2026-03-17 12:20:06,631 - STARTING LOOP
INFO: 2026-03-17 12:20:06,633 - Nothing to insert into the database!
INFO: 2026-03-17 12:20:06,633 - FINISHED LOOP

INFO: 2026-03-17 12:25:07,010 - STARTING LOOP
INFO: 2026-03-17 12:25:07,012 - Nothing to insert into the database!
INFO: 2026-03-17 12:25:07,012 - FINISHED LOOP

INFO: 2026-03-17 12:30:07,258 - STARTING LOOP
INFO: 2026-03-17 12:30:07,259 - Nothing to insert into the database!
INFO: 2026-03-17 12:30:07,259 - FINISHED LOOP

INFO: 2026-03-17 12:35:06,046 - STARTING LOOP
INFO: 2026-03-17 12:35:06,047 - Nothing to insert into the database!
INFO: 2026-03-17 12:35:06,047 - FINISHED LOOP

INFO: 2026-03-17 12:40:07,016 - STARTING LOOP
INFO: 2026-03-17 12:40:07,017 - Nothing to insert into the database!
INFO: 2026-03-17 12:40:07,017 - FINISHED LOOP

INFO: 2026-03-17 12:45:07,467 - STARTING LOOP
INFO: 2026-03-17 12:45:07,469 - Nothing to insert into the database!
INFO: 2026-03-17 12:45:07,469 - FINISHED LOOP

INFO: 2026-03-17 12:50:07,784 - STARTING LOOP
INFO: 2026-03-17 12:50:07,792 - Nothing to insert into the database!
INFO: 2026-03-17 12:50:07,792 - FINISHED LOOP

INFO: 2026-03-17 12:55:06,499 - STARTING LOOP
INFO: 2026-03-17 12:55:06,501 - Nothing to insert into the database!
INFO: 2026-03-17 12:55:06,501 - FINISHED LOOP

INFO: 2026-03-17 13:00:07,802 - STARTING LOOP
INFO: 2026-03-17 13:00:07,804 - Nothing to insert into the database!
INFO: 2026-03-17 13:00:07,804 - FINISHED LOOP

INFO: 2026-03-17 13:05:42,983 - STARTING LOOP
INFO: 2026-03-17 13:05:42,985 - Nothing to insert into the database!
INFO: 2026-03-17 13:05:42,985 - FINISHED LOOP

INFO: 2026-03-17 13:12:25,990 - STARTING LOOP
INFO: 2026-03-17 13:12:25,991 - Nothing to insert into the database!
INFO: 2026-03-17 13:12:25,991 - FINISHED LOOP

INFO: 2026-03-17 13:15:08,303 - STARTING LOOP
INFO: 2026-03-17 13:15:08,304 - Nothing to insert into the database!
INFO: 2026-03-17 13:15:08,304 - FINISHED LOOP

INFO: 2026-03-17 13:20:07,252 - STARTING LOOP
INFO: 2026-03-17 13:20:07,253 - Nothing to insert into the database!
INFO: 2026-03-17 13:20:07,253 - FINISHED LOOP

INFO: 2026-03-17 13:25:10,344 - STARTING LOOP
INFO: 2026-03-17 13:25:10,345 - Nothing to insert into the database!
INFO: 2026-03-17 13:25:10,345 - FINISHED LOOP

INFO: 2026-03-17 13:30:07,618 - STARTING LOOP
INFO: 2026-03-17 13:30:07,619 - Nothing to insert into the database!
INFO: 2026-03-17 13:30:07,619 - FINISHED LOOP

INFO: 2026-03-17 13:35:06,661 - STARTING LOOP
INFO: 2026-03-17 13:35:06,663 - Nothing to insert into the database!
INFO: 2026-03-17 13:35:06,663 - FINISHED LOOP

INFO: 2026-03-17 13:40:06,300 - STARTING LOOP
INFO: 2026-03-17 13:40:06,302 - Nothing to insert into the database!
INFO: 2026-03-17 13:40:06,302 - FINISHED LOOP

INFO: 2026-03-17 13:58:08,142 - STARTING LOOP
INFO: 2026-03-17 13:58:08,143 - Nothing to insert into the database!
INFO: 2026-03-17 13:58:08,143 - FINISHED LOOP

INFO: 2026-03-17 14:16:25,039 - STARTING LOOP
INFO: 2026-03-17 14:16:25,041 - Nothing to insert into the database!
INFO: 2026-03-17 14:16:25,041 - FINISHED LOOP

INFO: 2026-03-17 14:46:07,974 - STARTING LOOP
INFO: 2026-03-17 14:46:07,976 - Nothing to insert into the database!
INFO: 2026-03-17 14:46:07,976 - FINISHED LOOP

INFO: 2026-03-17 14:46:11,527 - STARTING LOOP
INFO: 2026-03-17 14:46:11,528 - Nothing to insert into the database!
INFO: 2026-03-17 14:46:11,528 - FINISHED LOOP

INFO: 2026-03-17 15:17:19,085 - STARTING LOOP
INFO: 2026-03-17 15:17:19,086 - Nothing to insert into the database!
INFO: 2026-03-17 15:17:19,086 - FINISHED LOOP

INFO: 2026-03-17 15:47:34,809 - STARTING LOOP
INFO: 2026-03-17 15:47:34,810 - Nothing to insert into the database!
INFO: 2026-03-17 15:47:34,810 - FINISHED LOOP

INFO: 2026-03-17 15:50:04,989 - STARTING LOOP
INFO: 2026-03-17 15:50:04,990 - Nothing to insert into the database!
INFO: 2026-03-17 15:50:04,990 - FINISHED LOOP

INFO: 2026-03-17 17:16:45,712 - STARTING LOOP
INFO: 2026-03-17 17:16:45,714 - Nothing to insert into the database!
INFO: 2026-03-17 17:16:45,714 - FINISHED LOOP

INFO: 2026-03-17 17:27:23,084 - STARTING LOOP
INFO: 2026-03-17 17:27:23,084 - Nothing to insert into the database!
INFO: 2026-03-17 17:27:23,084 - FINISHED LOOP

INFO: 2026-03-17 17:39:32,520 - STARTING LOOP
INFO: 2026-03-17 17:39:32,521 - Nothing to insert into the database!
INFO: 2026-03-17 17:39:32,522 - FINISHED LOOP

INFO: 2026-03-17 17:43:23,895 - STARTING LOOP
INFO: 2026-03-17 17:43:23,895 - Nothing to insert into the database!
INFO: 2026-03-17 17:43:23,895 - FINISHED LOOP

INFO: 2026-03-17 17:51:52,208 - STARTING LOOP
INFO: 2026-03-17 17:51:52,209 - Nothing to insert into the database!
INFO: 2026-03-17 17:51:52,209 - FINISHED LOOP

INFO: 2026-03-17 18:29:02,245 - STARTING LOOP
INFO: 2026-03-17 18:29:02,247 - Nothing to insert into the database!
INFO: 2026-03-17 18:29:02,247 - FINISHED LOOP

INFO: 2026-03-17 19:30:06,813 - STARTING LOOP
INFO: 2026-03-17 19:30:06,815 - Nothing to insert into the database!
INFO: 2026-03-17 19:30:06,815 - FINISHED LOOP

INFO: 2026-03-17 20:41:24,103 - STARTING LOOP
INFO: 2026-03-17 20:41:24,104 - Nothing to insert into the database!
INFO: 2026-03-17 20:41:24,104 - FINISHED LOOP

INFO: 2026-03-17 20:41:27,889 - STARTING LOOP
INFO: 2026-03-17 20:41:27,889 - Nothing to insert into the database!
INFO: 2026-03-17 20:41:27,889 - FINISHED LOOP

INFO: 2026-03-17 20:48:55,268 - STARTING LOOP
INFO: 2026-03-17 20:48:55,270 - Nothing to insert into the database!
INFO: 2026-03-17 20:48:55,270 - FINISHED LOOP

INFO: 2026-03-17 21:13:29,006 - STARTING LOOP
INFO: 2026-03-17 21:13:29,008 - Nothing to insert into the database!
INFO: 2026-03-17 21:13:29,008 - FINISHED LOOP

INFO: 2026-03-17 21:16:38,960 - STARTING LOOP
INFO: 2026-03-17 21:16:38,961 - Nothing to insert into the database!
INFO: 2026-03-17 21:16:38,961 - FINISHED LOOP

INFO: 2026-03-17 21:24:51,383 - STARTING LOOP
INFO: 2026-03-17 21:24:51,384 - Nothing to insert into the database!
INFO: 2026-03-17 21:24:51,384 - FINISHED LOOP

INFO: 2026-03-17 21:25:05,281 - STARTING LOOP
INFO: 2026-03-17 21:25:05,282 - Nothing to insert into the database!
INFO: 2026-03-17 21:25:05,282 - FINISHED LOOP

INFO: 2026-03-18 04:30:07,674 - STARTING LOOP
INFO: 2026-03-18 04:30:07,675 - Nothing to insert into the database!
INFO: 2026-03-18 04:30:07,675 - FINISHED LOOP

INFO: 2026-03-18 06:10:07,181 - STARTING LOOP
INFO: 2026-03-18 06:10:07,183 - Nothing to insert into the database!
INFO: 2026-03-18 06:10:07,183 - FINISHED LOOP

INFO: 2026-03-18 06:55:11,734 - STARTING LOOP
INFO: 2026-03-18 06:55:11,736 - Nothing to insert into the database!
INFO: 2026-03-18 06:55:11,736 - FINISHED LOOP

INFO: 2026-03-18 08:16:58,491 - STARTING LOOP
INFO: 2026-03-18 08:16:58,492 - Nothing to insert into the database!
INFO: 2026-03-18 08:16:58,493 - FINISHED LOOP

INFO: 2026-03-18 08:32:49,828 - STARTING LOOP
INFO: 2026-03-18 08:32:49,829 - Nothing to insert into the database!
INFO: 2026-03-18 08:32:49,829 - FINISHED LOOP

INFO: 2026-03-18 08:32:53,644 - STARTING LOOP
INFO: 2026-03-18 08:32:53,644 - Nothing to insert into the database!
INFO: 2026-03-18 08:32:53,644 - FINISHED LOOP

INFO: 2026-03-18 08:37:29,877 - STARTING LOOP
INFO: 2026-03-18 08:37:29,890 - Nothing to insert into the database!
INFO: 2026-03-18 08:37:29,890 - FINISHED LOOP

INFO: 2026-03-18 08:40:08,710 - STARTING LOOP
INFO: 2026-03-18 08:40:08,712 - Nothing to insert into the database!
INFO: 2026-03-18 08:40:08,712 - FINISHED LOOP

INFO: 2026-03-18 08:45:07,897 - STARTING LOOP
INFO: 2026-03-18 08:45:07,899 - Nothing to insert into the database!
INFO: 2026-03-18 08:45:07,899 - FINISHED LOOP

INFO: 2026-03-18 08:50:08,982 - STARTING LOOP
INFO: 2026-03-18 08:50:08,983 - Nothing to insert into the database!
INFO: 2026-03-18 08:50:08,984 - FINISHED LOOP

INFO: 2026-03-18 08:55:09,022 - STARTING LOOP
INFO: 2026-03-18 08:55:09,023 - Nothing to insert into the database!
INFO: 2026-03-18 08:55:09,023 - FINISHED LOOP

INFO: 2026-03-18 09:00:09,746 - STARTING LOOP
INFO: 2026-03-18 09:00:09,747 - Nothing to insert into the database!
INFO: 2026-03-18 09:00:09,747 - FINISHED LOOP

INFO: 2026-03-18 09:05:07,600 - STARTING LOOP
INFO: 2026-03-18 09:05:07,601 - Nothing to insert into the database!
INFO: 2026-03-18 09:05:07,602 - FINISHED LOOP

INFO: 2026-03-18 09:10:07,797 - STARTING LOOP
INFO: 2026-03-18 09:10:07,798 - Nothing to insert into the database!
INFO: 2026-03-18 09:10:07,799 - FINISHED LOOP

INFO: 2026-03-18 09:15:06,703 - STARTING LOOP
INFO: 2026-03-18 09:15:06,705 - Nothing to insert into the database!
INFO: 2026-03-18 09:15:06,705 - FINISHED LOOP

INFO: 2026-03-18 09:20:10,957 - STARTING LOOP
INFO: 2026-03-18 09:20:10,958 - Nothing to insert into the database!
INFO: 2026-03-18 09:20:10,958 - FINISHED LOOP

INFO: 2026-03-18 09:25:06,876 - STARTING LOOP
INFO: 2026-03-18 09:25:06,877 - Nothing to insert into the database!
INFO: 2026-03-18 09:25:06,877 - FINISHED LOOP

INFO: 2026-03-18 09:30:09,298 - STARTING LOOP
INFO: 2026-03-18 09:30:09,299 - Nothing to insert into the database!
INFO: 2026-03-18 09:30:09,299 - FINISHED LOOP

INFO: 2026-03-18 09:35:07,115 - STARTING LOOP
INFO: 2026-03-18 09:35:07,117 - Nothing to insert into the database!
INFO: 2026-03-18 09:35:07,117 - FINISHED LOOP

INFO: 2026-03-18 09:40:11,038 - STARTING LOOP
INFO: 2026-03-18 09:40:11,039 - Nothing to insert into the database!
INFO: 2026-03-18 09:40:11,039 - FINISHED LOOP

INFO: 2026-03-18 09:45:14,023 - STARTING LOOP
INFO: 2026-03-18 09:45:14,035 - Nothing to insert into the database!
INFO: 2026-03-18 09:45:14,036 - FINISHED LOOP

INFO: 2026-03-18 09:50:06,745 - STARTING LOOP
INFO: 2026-03-18 09:50:06,746 - Nothing to insert into the database!
INFO: 2026-03-18 09:50:06,746 - FINISHED LOOP

INFO: 2026-03-18 09:55:06,258 - STARTING LOOP
INFO: 2026-03-18 09:55:06,259 - Nothing to insert into the database!
INFO: 2026-03-18 09:55:06,259 - FINISHED LOOP

INFO: 2026-03-18 10:00:10,933 - STARTING LOOP
INFO: 2026-03-18 10:00:10,935 - Nothing to insert into the database!
INFO: 2026-03-18 10:00:10,935 - FINISHED LOOP

INFO: 2026-03-18 10:05:06,092 - STARTING LOOP
INFO: 2026-03-18 10:05:06,093 - Nothing to insert into the database!
INFO: 2026-03-18 10:05:06,093 - FINISHED LOOP

INFO: 2026-03-18 10:10:06,151 - STARTING LOOP
INFO: 2026-03-18 10:10:06,152 - Nothing to insert into the database!
INFO: 2026-03-18 10:10:06,152 - FINISHED LOOP

INFO: 2026-03-18 10:15:05,895 - STARTING LOOP
INFO: 2026-03-18 10:15:05,896 - Nothing to insert into the database!
INFO: 2026-03-18 10:15:05,896 - FINISHED LOOP

INFO: 2026-03-18 10:20:07,290 - STARTING LOOP
INFO: 2026-03-18 10:20:07,292 - Nothing to insert into the database!
INFO: 2026-03-18 10:20:07,292 - FINISHED LOOP

INFO: 2026-03-18 10:25:07,837 - STARTING LOOP
INFO: 2026-03-18 10:25:07,839 - Inserting file apollo--1995971__contacts-export.csv...
INFO: 2026-03-18 10:28:12,996 - DONE!
INFO: 2026-03-18 10:28:13,003 - Saving for project 1995971 - Vanguardcharitable
INFO: 2026-03-18 10:28:14,042 - DONE!
INFO: 2026-03-18 10:28:15,113 - FINISHED LOOP

saving new records...
inserted 1488 new records
failed converting to list in the column: 
other_emails
failed converting to list in the column: 
projects_ids
updating 26835 records
success!
INFO: 2026-03-18 10:30:08,436 - STARTING LOOP
INFO: 2026-03-18 10:30:08,440 - Nothing to insert into the database!
INFO: 2026-03-18 10:30:08,441 - FINISHED LOOP

INFO: 2026-03-18 10:35:06,667 - STARTING LOOP
INFO: 2026-03-18 10:35:06,669 - Nothing to insert into the database!
INFO: 2026-03-18 10:35:06,669 - FINISHED LOOP

INFO: 2026-03-18 10:40:07,540 - STARTING LOOP
INFO: 2026-03-18 10:40:07,543 - Nothing to insert into the database!
INFO: 2026-03-18 10:40:07,543 - FINISHED LOOP

INFO: 2026-03-18 10:45:07,217 - STARTING LOOP
INFO: 2026-03-18 10:45:07,219 - Nothing to insert into the database!
INFO: 2026-03-18 10:45:07,219 - FINISHED LOOP

INFO: 2026-03-18 10:50:09,946 - STARTING LOOP
INFO: 2026-03-18 10:50:09,948 - Nothing to insert into the database!
INFO: 2026-03-18 10:50:09,948 - FINISHED LOOP

INFO: 2026-03-18 10:55:06,545 - STARTING LOOP
INFO: 2026-03-18 10:55:06,546 - Nothing to insert into the database!
INFO: 2026-03-18 10:55:06,546 - FINISHED LOOP

INFO: 2026-03-18 11:00:07,774 - STARTING LOOP
INFO: 2026-03-18 11:00:07,776 - Nothing to insert into the database!
INFO: 2026-03-18 11:00:07,776 - FINISHED LOOP

INFO: 2026-03-18 11:05:08,236 - STARTING LOOP
INFO: 2026-03-18 11:05:08,239 - Nothing to insert into the database!
INFO: 2026-03-18 11:05:08,239 - FINISHED LOOP

INFO: 2026-03-18 11:10:27,466 - STARTING LOOP
INFO: 2026-03-18 11:10:27,467 - Nothing to insert into the database!
INFO: 2026-03-18 11:10:27,467 - FINISHED LOOP

INFO: 2026-03-18 11:15:09,097 - STARTING LOOP
INFO: 2026-03-18 11:15:09,099 - Nothing to insert into the database!
INFO: 2026-03-18 11:15:09,099 - FINISHED LOOP

INFO: 2026-03-18 11:20:08,517 - STARTING LOOP
INFO: 2026-03-18 11:20:08,521 - Nothing to insert into the database!
INFO: 2026-03-18 11:20:08,521 - FINISHED LOOP

INFO: 2026-03-18 11:25:07,750 - STARTING LOOP
INFO: 2026-03-18 11:25:07,752 - Nothing to insert into the database!
INFO: 2026-03-18 11:25:07,752 - FINISHED LOOP

INFO: 2026-03-18 11:30:07,242 - STARTING LOOP
INFO: 2026-03-18 11:30:07,243 - Nothing to insert into the database!
INFO: 2026-03-18 11:30:07,243 - FINISHED LOOP

INFO: 2026-03-18 11:35:12,924 - STARTING LOOP
INFO: 2026-03-18 11:35:12,936 - Nothing to insert into the database!
INFO: 2026-03-18 11:35:12,936 - FINISHED LOOP

INFO: 2026-03-18 11:40:06,904 - STARTING LOOP
INFO: 2026-03-18 11:40:06,905 - Nothing to insert into the database!
INFO: 2026-03-18 11:40:06,905 - FINISHED LOOP

INFO: 2026-03-18 11:45:08,503 - STARTING LOOP
INFO: 2026-03-18 11:45:08,504 - Nothing to insert into the database!
INFO: 2026-03-18 11:45:08,504 - FINISHED LOOP

INFO: 2026-03-18 11:50:07,275 - STARTING LOOP
INFO: 2026-03-18 11:50:07,276 - Nothing to insert into the database!
INFO: 2026-03-18 11:50:07,276 - FINISHED LOOP

INFO: 2026-03-18 11:55:08,591 - STARTING LOOP
INFO: 2026-03-18 11:55:08,593 - Nothing to insert into the database!
INFO: 2026-03-18 11:55:08,594 - FINISHED LOOP

INFO: 2026-03-18 12:00:06,791 - STARTING LOOP
INFO: 2026-03-18 12:00:06,793 - Nothing to insert into the database!
INFO: 2026-03-18 12:00:06,793 - FINISHED LOOP

INFO: 2026-03-18 12:05:07,598 - STARTING LOOP
INFO: 2026-03-18 12:05:07,600 - Nothing to insert into the database!
INFO: 2026-03-18 12:05:07,600 - FINISHED LOOP

INFO: 2026-03-18 12:10:05,540 - STARTING LOOP
INFO: 2026-03-18 12:10:05,541 - Nothing to insert into the database!
INFO: 2026-03-18 12:10:05,541 - FINISHED LOOP

INFO: 2026-03-18 12:15:05,612 - STARTING LOOP
INFO: 2026-03-18 12:15:05,614 - Nothing to insert into the database!
INFO: 2026-03-18 12:15:05,614 - FINISHED LOOP

INFO: 2026-03-18 12:20:05,398 - STARTING LOOP
INFO: 2026-03-18 12:20:05,399 - Nothing to insert into the database!
INFO: 2026-03-18 12:20:05,400 - FINISHED LOOP

INFO: 2026-03-18 12:25:06,896 - STARTING LOOP
INFO: 2026-03-18 12:25:06,898 - Nothing to insert into the database!
INFO: 2026-03-18 12:25:06,898 - FINISHED LOOP

INFO: 2026-03-18 12:30:07,626 - STARTING LOOP
INFO: 2026-03-18 12:30:07,627 - Nothing to insert into the database!
INFO: 2026-03-18 12:30:07,627 - FINISHED LOOP

INFO: 2026-03-18 12:35:09,306 - STARTING LOOP
INFO: 2026-03-18 12:35:09,308 - Nothing to insert into the database!
INFO: 2026-03-18 12:35:09,308 - FINISHED LOOP

INFO: 2026-03-18 12:40:07,225 - STARTING LOOP
INFO: 2026-03-18 12:40:07,226 - Nothing to insert into the database!
INFO: 2026-03-18 12:40:07,226 - FINISHED LOOP

INFO: 2026-03-18 12:45:07,315 - STARTING LOOP
INFO: 2026-03-18 12:45:07,316 - Nothing to insert into the database!
INFO: 2026-03-18 12:45:07,316 - FINISHED LOOP

INFO: 2026-03-18 12:53:41,931 - STARTING LOOP
INFO: 2026-03-18 12:53:41,932 - Nothing to insert into the database!
INFO: 2026-03-18 12:53:41,933 - FINISHED LOOP

INFO: 2026-03-18 13:00:42,824 - STARTING LOOP
INFO: 2026-03-18 13:00:42,826 - Nothing to insert into the database!
INFO: 2026-03-18 13:00:42,827 - FINISHED LOOP

INFO: 2026-03-18 13:06:20,391 - STARTING LOOP
INFO: 2026-03-18 13:06:20,394 - Nothing to insert into the database!
INFO: 2026-03-18 13:06:20,394 - FINISHED LOOP

INFO: 2026-03-18 13:10:05,228 - STARTING LOOP
INFO: 2026-03-18 13:10:05,229 - Nothing to insert into the database!
INFO: 2026-03-18 13:10:05,229 - FINISHED LOOP

INFO: 2026-03-18 14:21:46,642 - STARTING LOOP
INFO: 2026-03-18 14:21:46,652 - Nothing to insert into the database!
INFO: 2026-03-18 14:21:46,652 - FINISHED LOOP

INFO: 2026-03-18 14:25:12,658 - STARTING LOOP
INFO: 2026-03-18 14:25:12,661 - Nothing to insert into the database!
INFO: 2026-03-18 14:25:12,661 - FINISHED LOOP

INFO: 2026-03-18 14:30:19,408 - STARTING LOOP
INFO: 2026-03-18 14:30:19,409 - Nothing to insert into the database!
INFO: 2026-03-18 14:30:19,409 - FINISHED LOOP

INFO: 2026-03-18 14:35:08,011 - STARTING LOOP
INFO: 2026-03-18 14:35:08,013 - Nothing to insert into the database!
INFO: 2026-03-18 14:35:08,013 - FINISHED LOOP

INFO: 2026-03-18 14:40:07,132 - STARTING LOOP
INFO: 2026-03-18 14:40:07,133 - Nothing to insert into the database!
INFO: 2026-03-18 14:40:07,133 - FINISHED LOOP

INFO: 2026-03-18 16:54:43,952 - STARTING LOOP
INFO: 2026-03-18 16:54:43,953 - Nothing to insert into the database!
INFO: 2026-03-18 16:54:43,953 - FINISHED LOOP

INFO: 2026-03-18 16:56:22,057 - STARTING LOOP
INFO: 2026-03-18 16:56:22,058 - Nothing to insert into the database!
INFO: 2026-03-18 16:56:22,058 - FINISHED LOOP

INFO: 2026-03-18 17:02:48,592 - STARTING LOOP
INFO: 2026-03-18 17:02:48,592 - Nothing to insert into the database!
INFO: 2026-03-18 17:02:48,592 - FINISHED LOOP

INFO: 2026-03-18 17:09:53,962 - STARTING LOOP
INFO: 2026-03-18 17:09:53,963 - Nothing to insert into the database!
INFO: 2026-03-18 17:09:53,963 - FINISHED LOOP

INFO: 2026-03-18 17:12:54,943 - STARTING LOOP
INFO: 2026-03-18 17:12:54,945 - Nothing to insert into the database!
INFO: 2026-03-18 17:12:54,945 - FINISHED LOOP

INFO: 2026-03-18 18:50:08,662 - STARTING LOOP
INFO: 2026-03-18 18:50:08,663 - Nothing to insert into the database!
INFO: 2026-03-18 18:50:08,664 - FINISHED LOOP

INFO: 2026-03-18 18:55:06,803 - STARTING LOOP
INFO: 2026-03-18 18:55:06,804 - Nothing to insert into the database!
INFO: 2026-03-18 18:55:06,804 - FINISHED LOOP

INFO: 2026-03-18 19:00:06,651 - STARTING LOOP
INFO: 2026-03-18 19:00:06,653 - Nothing to insert into the database!
INFO: 2026-03-18 19:00:06,653 - FINISHED LOOP

INFO: 2026-03-18 19:05:09,348 - STARTING LOOP
INFO: 2026-03-18 19:05:09,350 - Nothing to insert into the database!
INFO: 2026-03-18 19:05:09,350 - FINISHED LOOP

INFO: 2026-03-18 19:10:06,593 - STARTING LOOP
INFO: 2026-03-18 19:10:06,594 - Nothing to insert into the database!
INFO: 2026-03-18 19:10:06,594 - FINISHED LOOP

INFO: 2026-03-18 19:15:24,996 - STARTING LOOP
INFO: 2026-03-18 19:15:24,998 - Nothing to insert into the database!
INFO: 2026-03-18 19:15:24,998 - FINISHED LOOP

INFO: 2026-03-18 19:20:08,005 - STARTING LOOP
INFO: 2026-03-18 19:20:08,006 - Nothing to insert into the database!
INFO: 2026-03-18 19:20:08,007 - FINISHED LOOP

INFO: 2026-03-18 19:25:17,410 - STARTING LOOP
INFO: 2026-03-18 19:25:17,411 - Nothing to insert into the database!
INFO: 2026-03-18 19:25:17,411 - FINISHED LOOP

INFO: 2026-03-18 19:30:08,189 - STARTING LOOP
INFO: 2026-03-18 19:30:08,191 - Nothing to insert into the database!
INFO: 2026-03-18 19:30:08,191 - FINISHED LOOP

INFO: 2026-03-18 19:35:07,463 - STARTING LOOP
INFO: 2026-03-18 19:35:07,464 - Nothing to insert into the database!
INFO: 2026-03-18 19:35:07,464 - FINISHED LOOP

INFO: 2026-03-18 19:40:07,022 - STARTING LOOP
INFO: 2026-03-18 19:40:07,024 - Nothing to insert into the database!
INFO: 2026-03-18 19:40:07,024 - FINISHED LOOP

INFO: 2026-03-18 20:15:06,052 - STARTING LOOP
INFO: 2026-03-18 20:15:06,053 - Nothing to insert into the database!
INFO: 2026-03-18 20:15:06,053 - FINISHED LOOP

INFO: 2026-03-18 20:51:06,602 - STARTING LOOP
INFO: 2026-03-18 20:51:06,603 - Nothing to insert into the database!
INFO: 2026-03-18 20:51:06,603 - FINISHED LOOP

INFO: 2026-03-19 00:21:48,301 - STARTING LOOP
INFO: 2026-03-19 00:21:48,302 - Nothing to insert into the database!
INFO: 2026-03-19 00:21:48,302 - FINISHED LOOP

INFO: 2026-03-19 03:35:31,828 - STARTING LOOP
INFO: 2026-03-19 03:35:31,829 - Nothing to insert into the database!
INFO: 2026-03-19 03:35:31,829 - FINISHED LOOP

INFO: 2026-03-19 06:01:29,658 - STARTING LOOP
INFO: 2026-03-19 06:01:29,659 - Nothing to insert into the database!
INFO: 2026-03-19 06:01:29,659 - FINISHED LOOP

INFO: 2026-03-19 06:40:14,146 - STARTING LOOP
INFO: 2026-03-19 06:40:14,147 - Nothing to insert into the database!
INFO: 2026-03-19 06:40:14,147 - FINISHED LOOP

INFO: 2026-03-19 07:41:45,618 - STARTING LOOP
INFO: 2026-03-19 07:41:45,620 - Nothing to insert into the database!
INFO: 2026-03-19 07:41:45,620 - FINISHED LOOP

INFO: 2026-03-19 07:46:01,990 - STARTING LOOP
INFO: 2026-03-19 07:46:01,991 - Nothing to insert into the database!
INFO: 2026-03-19 07:46:01,991 - FINISHED LOOP

INFO: 2026-03-19 07:53:18,685 - STARTING LOOP
INFO: 2026-03-19 07:53:18,687 - Nothing to insert into the database!
INFO: 2026-03-19 07:53:18,687 - FINISHED LOOP

INFO: 2026-03-19 07:58:32,052 - STARTING LOOP
INFO: 2026-03-19 07:58:32,053 - Nothing to insert into the database!
INFO: 2026-03-19 07:58:32,053 - FINISHED LOOP

INFO: 2026-03-19 08:16:10,668 - STARTING LOOP
INFO: 2026-03-19 08:16:10,669 - Nothing to insert into the database!
INFO: 2026-03-19 08:16:10,669 - FINISHED LOOP

INFO: 2026-03-19 10:18:08,031 - STARTING LOOP
INFO: 2026-03-19 10:18:08,033 - Nothing to insert into the database!
INFO: 2026-03-19 10:18:08,033 - FINISHED LOOP

INFO: 2026-03-19 10:20:42,734 - STARTING LOOP
INFO: 2026-03-19 10:20:42,735 - Nothing to insert into the database!
INFO: 2026-03-19 10:20:42,735 - FINISHED LOOP

INFO: 2026-03-19 10:25:06,789 - STARTING LOOP
INFO: 2026-03-19 10:25:06,790 - Nothing to insert into the database!
INFO: 2026-03-19 10:25:06,790 - FINISHED LOOP

INFO: 2026-03-19 10:32:52,771 - STARTING LOOP
INFO: 2026-03-19 10:32:52,773 - Nothing to insert into the database!
INFO: 2026-03-19 10:32:52,773 - FINISHED LOOP

INFO: 2026-03-19 10:43:59,253 - STARTING LOOP
INFO: 2026-03-19 10:43:59,254 - Nothing to insert into the database!
INFO: 2026-03-19 10:43:59,254 - FINISHED LOOP

INFO: 2026-03-19 11:00:05,277 - STARTING LOOP
INFO: 2026-03-19 11:00:05,278 - Nothing to insert into the database!
INFO: 2026-03-19 11:00:05,278 - FINISHED LOOP

INFO: 2026-03-19 11:11:16,473 - STARTING LOOP
INFO: 2026-03-19 11:11:16,474 - Nothing to insert into the database!
INFO: 2026-03-19 11:11:16,474 - FINISHED LOOP

INFO: 2026-03-19 11:17:29,188 - STARTING LOOP
INFO: 2026-03-19 11:17:29,190 - Nothing to insert into the database!
INFO: 2026-03-19 11:17:29,190 - FINISHED LOOP

INFO: 2026-03-19 11:21:29,234 - STARTING LOOP
INFO: 2026-03-19 11:21:29,234 - Nothing to insert into the database!
INFO: 2026-03-19 11:21:29,234 - FINISHED LOOP

INFO: 2026-03-19 11:27:33,622 - STARTING LOOP
INFO: 2026-03-19 11:27:33,623 - Nothing to insert into the database!
INFO: 2026-03-19 11:27:33,623 - FINISHED LOOP

INFO: 2026-03-19 11:33:03,133 - STARTING LOOP
INFO: 2026-03-19 11:33:03,134 - Nothing to insert into the database!
INFO: 2026-03-19 11:33:03,134 - FINISHED LOOP

INFO: 2026-03-19 11:40:31,771 - STARTING LOOP
INFO: 2026-03-19 11:40:31,772 - Nothing to insert into the database!
INFO: 2026-03-19 11:40:31,772 - FINISHED LOOP

INFO: 2026-03-19 11:40:36,338 - STARTING LOOP
INFO: 2026-03-19 11:40:36,339 - Nothing to insert into the database!
INFO: 2026-03-19 11:40:36,339 - FINISHED LOOP

INFO: 2026-03-19 12:12:13,326 - STARTING LOOP
INFO: 2026-03-19 12:12:13,327 - Nothing to insert into the database!
INFO: 2026-03-19 12:12:13,328 - FINISHED LOOP

INFO: 2026-03-19 12:15:04,970 - STARTING LOOP
INFO: 2026-03-19 12:15:04,971 - Nothing to insert into the database!
INFO: 2026-03-19 12:15:04,971 - FINISHED LOOP

INFO: 2026-03-19 12:22:51,097 - STARTING LOOP
INFO: 2026-03-19 12:22:51,098 - Nothing to insert into the database!
INFO: 2026-03-19 12:22:51,098 - FINISHED LOOP

INFO: 2026-03-19 12:52:39,949 - STARTING LOOP
INFO: 2026-03-19 12:52:39,950 - Nothing to insert into the database!
INFO: 2026-03-19 12:52:39,951 - FINISHED LOOP

INFO: 2026-03-19 12:52:43,963 - STARTING LOOP
INFO: 2026-03-19 12:52:43,964 - Nothing to insert into the database!
INFO: 2026-03-19 12:52:43,964 - FINISHED LOOP

INFO: 2026-03-19 12:57:15,613 - STARTING LOOP
INFO: 2026-03-19 12:57:15,615 - Nothing to insert into the database!
INFO: 2026-03-19 12:57:15,615 - FINISHED LOOP

INFO: 2026-03-19 13:04:32,267 - STARTING LOOP
INFO: 2026-03-19 13:04:32,269 - Nothing to insert into the database!
INFO: 2026-03-19 13:04:32,269 - FINISHED LOOP

INFO: 2026-03-19 13:06:40,617 - STARTING LOOP
INFO: 2026-03-19 13:06:40,618 - Nothing to insert into the database!
INFO: 2026-03-19 13:06:40,618 - FINISHED LOOP

INFO: 2026-03-19 13:10:31,025 - STARTING LOOP
INFO: 2026-03-19 13:10:31,025 - Nothing to insert into the database!
INFO: 2026-03-19 13:10:31,025 - FINISHED LOOP

INFO: 2026-03-19 13:20:37,941 - STARTING LOOP
INFO: 2026-03-19 13:20:37,942 - Nothing to insert into the database!
INFO: 2026-03-19 13:20:37,942 - FINISHED LOOP

INFO: 2026-03-19 13:42:25,693 - STARTING LOOP
INFO: 2026-03-19 13:42:25,694 - Nothing to insert into the database!
INFO: 2026-03-19 13:42:25,694 - FINISHED LOOP

INFO: 2026-03-19 13:48:49,157 - STARTING LOOP
INFO: 2026-03-19 13:48:49,158 - Nothing to insert into the database!
INFO: 2026-03-19 13:48:49,158 - FINISHED LOOP

INFO: 2026-03-19 13:56:11,082 - STARTING LOOP
INFO: 2026-03-19 13:56:11,083 - Nothing to insert into the database!
INFO: 2026-03-19 13:56:11,083 - FINISHED LOOP

INFO: 2026-03-19 14:17:42,771 - STARTING LOOP
INFO: 2026-03-19 14:17:42,772 - Nothing to insert into the database!
INFO: 2026-03-19 14:17:42,773 - FINISHED LOOP

INFO: 2026-03-19 14:20:04,976 - STARTING LOOP
INFO: 2026-03-19 14:20:04,977 - Nothing to insert into the database!
INFO: 2026-03-19 14:20:04,977 - FINISHED LOOP

INFO: 2026-03-19 15:50:06,911 - STARTING LOOP
INFO: 2026-03-19 15:50:06,912 - Nothing to insert into the database!
INFO: 2026-03-19 15:50:06,912 - FINISHED LOOP

INFO: 2026-03-19 17:20:43,041 - STARTING LOOP
INFO: 2026-03-19 17:20:43,042 - Nothing to insert into the database!
INFO: 2026-03-19 17:20:43,042 - FINISHED LOOP

INFO: 2026-03-19 17:20:46,183 - STARTING LOOP
INFO: 2026-03-19 17:20:46,183 - Nothing to insert into the database!
INFO: 2026-03-19 17:20:46,183 - FINISHED LOOP

INFO: 2026-03-19 17:44:43,439 - STARTING LOOP
INFO: 2026-03-19 17:44:43,440 - Nothing to insert into the database!
INFO: 2026-03-19 17:44:43,440 - FINISHED LOOP

INFO: 2026-03-19 17:48:27,246 - STARTING LOOP
INFO: 2026-03-19 17:48:27,247 - Nothing to insert into the database!
INFO: 2026-03-19 17:48:27,247 - FINISHED LOOP

INFO: 2026-03-19 18:25:53,464 - STARTING LOOP
INFO: 2026-03-19 18:25:53,465 - Nothing to insert into the database!
INFO: 2026-03-19 18:25:53,465 - FINISHED LOOP

INFO: 2026-03-19 19:05:06,086 - STARTING LOOP
INFO: 2026-03-19 19:05:06,088 - Nothing to insert into the database!
INFO: 2026-03-19 19:05:06,088 - FINISHED LOOP

INFO: 2026-03-19 19:18:56,792 - STARTING LOOP
INFO: 2026-03-19 19:18:56,793 - Nothing to insert into the database!
INFO: 2026-03-19 19:18:56,793 - FINISHED LOOP

INFO: 2026-03-19 19:57:28,756 - STARTING LOOP
INFO: 2026-03-19 19:57:28,757 - Nothing to insert into the database!
INFO: 2026-03-19 19:57:28,757 - FINISHED LOOP

INFO: 2026-03-19 20:04:08,870 - STARTING LOOP
INFO: 2026-03-19 20:04:08,871 - Nothing to insert into the database!
INFO: 2026-03-19 20:04:08,871 - FINISHED LOOP

INFO: 2026-03-19 20:13:33,562 - STARTING LOOP
INFO: 2026-03-19 20:13:33,563 - Nothing to insert into the database!
INFO: 2026-03-19 20:13:33,563 - FINISHED LOOP

INFO: 2026-03-19 20:16:01,107 - STARTING LOOP
INFO: 2026-03-19 20:16:01,107 - Nothing to insert into the database!
INFO: 2026-03-19 20:16:01,107 - FINISHED LOOP

INFO: 2026-03-19 20:28:35,977 - STARTING LOOP
INFO: 2026-03-19 20:28:35,978 - Nothing to insert into the database!
INFO: 2026-03-19 20:28:35,978 - FINISHED LOOP

INFO: 2026-03-19 20:31:02,376 - STARTING LOOP
INFO: 2026-03-19 20:31:02,376 - Nothing to insert into the database!
INFO: 2026-03-19 20:31:02,376 - FINISHED LOOP

INFO: 2026-03-19 20:35:05,392 - STARTING LOOP
INFO: 2026-03-19 20:35:05,392 - Nothing to insert into the database!
INFO: 2026-03-19 20:35:05,392 - FINISHED LOOP

INFO: 2026-03-19 20:53:39,659 - STARTING LOOP
INFO: 2026-03-19 20:53:39,660 - Nothing to insert into the database!
INFO: 2026-03-19 20:53:39,660 - FINISHED LOOP

INFO: 2026-03-19 20:53:43,423 - STARTING LOOP
INFO: 2026-03-19 20:53:43,423 - Nothing to insert into the database!
INFO: 2026-03-19 20:53:43,423 - FINISHED LOOP

INFO: 2026-03-20 00:00:07,324 - STARTING LOOP
INFO: 2026-03-20 00:00:07,325 - Nothing to insert into the database!
INFO: 2026-03-20 00:00:07,325 - FINISHED LOOP

INFO: 2026-03-20 01:00:06,714 - STARTING LOOP
INFO: 2026-03-20 01:00:06,716 - Nothing to insert into the database!
INFO: 2026-03-20 01:00:06,716 - FINISHED LOOP

INFO: 2026-03-20 06:38:21,986 - STARTING LOOP
INFO: 2026-03-20 06:38:21,987 - Nothing to insert into the database!
INFO: 2026-03-20 06:38:21,987 - FINISHED LOOP

INFO: 2026-03-20 07:22:48,144 - STARTING LOOP
INFO: 2026-03-20 07:22:48,145 - Nothing to insert into the database!
INFO: 2026-03-20 07:22:48,145 - FINISHED LOOP

INFO: 2026-03-20 07:32:09,806 - STARTING LOOP
INFO: 2026-03-20 07:32:09,806 - Nothing to insert into the database!
INFO: 2026-03-20 07:32:09,806 - FINISHED LOOP

INFO: 2026-03-20 07:32:13,510 - STARTING LOOP
INFO: 2026-03-20 07:32:13,510 - Nothing to insert into the database!
INFO: 2026-03-20 07:32:13,511 - FINISHED LOOP

INFO: 2026-03-20 08:11:06,095 - STARTING LOOP
INFO: 2026-03-20 08:11:06,096 - Nothing to insert into the database!
INFO: 2026-03-20 08:11:06,096 - FINISHED LOOP

INFO: 2026-03-20 08:40:21,665 - STARTING LOOP
INFO: 2026-03-20 08:40:21,666 - Nothing to insert into the database!
INFO: 2026-03-20 08:40:21,666 - FINISHED LOOP

INFO: 2026-03-20 08:40:25,552 - STARTING LOOP
INFO: 2026-03-20 08:40:25,552 - Nothing to insert into the database!
INFO: 2026-03-20 08:40:25,552 - FINISHED LOOP

INFO: 2026-03-20 08:56:24,342 - STARTING LOOP
INFO: 2026-03-20 08:56:24,342 - Nothing to insert into the database!
INFO: 2026-03-20 08:56:24,343 - FINISHED LOOP

INFO: 2026-03-20 09:00:07,109 - STARTING LOOP
INFO: 2026-03-20 09:00:07,110 - Nothing to insert into the database!
INFO: 2026-03-20 09:00:07,110 - FINISHED LOOP

INFO: 2026-03-20 09:05:05,896 - STARTING LOOP
INFO: 2026-03-20 09:05:05,898 - Nothing to insert into the database!
INFO: 2026-03-20 09:05:05,898 - FINISHED LOOP

INFO: 2026-03-20 09:10:05,223 - STARTING LOOP
INFO: 2026-03-20 09:10:05,224 - Nothing to insert into the database!
INFO: 2026-03-20 09:10:05,224 - FINISHED LOOP

INFO: 2026-03-20 09:23:39,609 - STARTING LOOP
INFO: 2026-03-20 09:23:39,611 - Nothing to insert into the database!
INFO: 2026-03-20 09:23:39,611 - FINISHED LOOP

INFO: 2026-03-20 09:33:07,275 - STARTING LOOP
INFO: 2026-03-20 09:33:07,276 - Nothing to insert into the database!
INFO: 2026-03-20 09:33:07,276 - FINISHED LOOP

INFO: 2026-03-20 09:35:05,051 - STARTING LOOP
INFO: 2026-03-20 09:35:05,053 - Nothing to insert into the database!
INFO: 2026-03-20 09:35:05,053 - FINISHED LOOP

INFO: 2026-03-20 10:10:06,143 - STARTING LOOP
INFO: 2026-03-20 10:10:06,144 - Nothing to insert into the database!
INFO: 2026-03-20 10:10:06,144 - FINISHED LOOP

INFO: 2026-03-20 10:15:07,244 - STARTING LOOP
INFO: 2026-03-20 10:15:07,246 - Nothing to insert into the database!
INFO: 2026-03-20 10:15:07,246 - FINISHED LOOP

INFO: 2026-03-20 10:20:07,093 - STARTING LOOP
INFO: 2026-03-20 10:20:07,094 - Nothing to insert into the database!
INFO: 2026-03-20 10:20:07,094 - FINISHED LOOP

INFO: 2026-03-20 10:25:07,620 - STARTING LOOP
INFO: 2026-03-20 10:25:07,621 - Nothing to insert into the database!
INFO: 2026-03-20 10:25:07,621 - FINISHED LOOP

INFO: 2026-03-20 10:30:08,040 - STARTING LOOP
INFO: 2026-03-20 10:30:08,041 - Nothing to insert into the database!
INFO: 2026-03-20 10:30:08,041 - FINISHED LOOP

INFO: 2026-03-20 10:35:07,109 - STARTING LOOP
INFO: 2026-03-20 10:35:07,110 - Nothing to insert into the database!
INFO: 2026-03-20 10:35:07,110 - FINISHED LOOP

INFO: 2026-03-20 10:40:06,779 - STARTING LOOP
INFO: 2026-03-20 10:40:06,779 - Nothing to insert into the database!
INFO: 2026-03-20 10:40:06,779 - FINISHED LOOP

INFO: 2026-03-20 10:45:06,514 - STARTING LOOP
INFO: 2026-03-20 10:45:06,515 - Nothing to insert into the database!
INFO: 2026-03-20 10:45:06,515 - FINISHED LOOP

INFO: 2026-03-20 10:50:08,375 - STARTING LOOP
INFO: 2026-03-20 10:50:08,376 - Nothing to insert into the database!
INFO: 2026-03-20 10:50:08,376 - FINISHED LOOP

INFO: 2026-03-20 10:55:06,434 - STARTING LOOP
INFO: 2026-03-20 10:55:06,435 - Nothing to insert into the database!
INFO: 2026-03-20 10:55:06,435 - FINISHED LOOP

INFO: 2026-03-20 11:00:07,618 - STARTING LOOP
INFO: 2026-03-20 11:00:07,620 - Nothing to insert into the database!
INFO: 2026-03-20 11:00:07,620 - FINISHED LOOP

INFO: 2026-03-20 11:05:04,599 - STARTING LOOP
INFO: 2026-03-20 11:05:04,602 - Nothing to insert into the database!
INFO: 2026-03-20 11:05:04,602 - FINISHED LOOP

INFO: 2026-03-20 11:10:12,193 - STARTING LOOP
INFO: 2026-03-20 11:10:12,194 - Nothing to insert into the database!
INFO: 2026-03-20 11:10:12,194 - FINISHED LOOP

INFO: 2026-03-20 11:15:07,307 - STARTING LOOP
INFO: 2026-03-20 11:15:07,309 - Nothing to insert into the database!
INFO: 2026-03-20 11:15:07,309 - FINISHED LOOP

INFO: 2026-03-20 11:20:06,838 - STARTING LOOP
INFO: 2026-03-20 11:20:06,839 - Nothing to insert into the database!
INFO: 2026-03-20 11:20:06,839 - FINISHED LOOP

INFO: 2026-03-20 11:25:06,650 - STARTING LOOP
INFO: 2026-03-20 11:25:06,650 - Nothing to insert into the database!
INFO: 2026-03-20 11:25:06,650 - FINISHED LOOP

INFO: 2026-03-20 11:30:51,153 - STARTING LOOP
INFO: 2026-03-20 11:30:51,160 - Nothing to insert into the database!
INFO: 2026-03-20 11:30:51,167 - FINISHED LOOP

INFO: 2026-03-20 11:36:03,083 - STARTING LOOP
INFO: 2026-03-20 11:36:03,084 - Nothing to insert into the database!
INFO: 2026-03-20 11:36:03,084 - FINISHED LOOP

INFO: 2026-03-20 11:42:04,480 - STARTING LOOP
INFO: 2026-03-20 11:42:04,481 - Nothing to insert into the database!
INFO: 2026-03-20 11:42:04,481 - FINISHED LOOP

INFO: 2026-03-20 11:45:16,765 - STARTING LOOP
INFO: 2026-03-20 11:45:16,767 - Nothing to insert into the database!
INFO: 2026-03-20 11:45:16,767 - FINISHED LOOP

INFO: 2026-03-20 11:50:08,501 - STARTING LOOP
INFO: 2026-03-20 11:50:08,502 - Nothing to insert into the database!
INFO: 2026-03-20 11:50:08,502 - FINISHED LOOP

INFO: 2026-03-20 11:55:09,291 - STARTING LOOP
INFO: 2026-03-20 11:55:09,292 - Nothing to insert into the database!
INFO: 2026-03-20 11:55:09,292 - FINISHED LOOP

INFO: 2026-03-20 12:00:08,310 - STARTING LOOP
INFO: 2026-03-20 12:00:08,311 - Nothing to insert into the database!
INFO: 2026-03-20 12:00:08,311 - FINISHED LOOP

INFO: 2026-03-20 12:05:07,619 - STARTING LOOP
INFO: 2026-03-20 12:05:07,621 - Nothing to insert into the database!
INFO: 2026-03-20 12:05:07,621 - FINISHED LOOP

INFO: 2026-03-20 12:10:06,346 - STARTING LOOP
INFO: 2026-03-20 12:10:06,347 - Nothing to insert into the database!
INFO: 2026-03-20 12:10:06,347 - FINISHED LOOP

INFO: 2026-03-20 12:15:10,962 - STARTING LOOP
INFO: 2026-03-20 12:15:10,962 - Nothing to insert into the database!
INFO: 2026-03-20 12:15:10,962 - FINISHED LOOP

INFO: 2026-03-20 12:20:07,175 - STARTING LOOP
INFO: 2026-03-20 12:20:07,176 - Nothing to insert into the database!
INFO: 2026-03-20 12:20:07,176 - FINISHED LOOP

INFO: 2026-03-20 12:25:07,762 - STARTING LOOP
INFO: 2026-03-20 12:25:07,763 - Nothing to insert into the database!
INFO: 2026-03-20 12:25:07,763 - FINISHED LOOP

INFO: 2026-03-20 12:30:07,919 - STARTING LOOP
INFO: 2026-03-20 12:30:07,920 - Nothing to insert into the database!
INFO: 2026-03-20 12:30:07,920 - FINISHED LOOP

INFO: 2026-03-20 12:35:07,258 - STARTING LOOP
INFO: 2026-03-20 12:35:07,259 - Nothing to insert into the database!
INFO: 2026-03-20 12:35:07,259 - FINISHED LOOP

INFO: 2026-03-20 12:40:08,871 - STARTING LOOP
INFO: 2026-03-20 12:40:08,872 - Nothing to insert into the database!
INFO: 2026-03-20 12:40:08,872 - FINISHED LOOP

INFO: 2026-03-20 12:45:07,941 - STARTING LOOP
INFO: 2026-03-20 12:45:07,942 - Nothing to insert into the database!
INFO: 2026-03-20 12:45:07,943 - FINISHED LOOP

INFO: 2026-03-20 12:50:06,607 - STARTING LOOP
INFO: 2026-03-20 12:50:06,609 - Nothing to insert into the database!
INFO: 2026-03-20 12:50:06,609 - FINISHED LOOP

INFO: 2026-03-20 12:55:11,273 - STARTING LOOP
INFO: 2026-03-20 12:55:11,274 - Nothing to insert into the database!
INFO: 2026-03-20 12:55:11,274 - FINISHED LOOP

INFO: 2026-03-20 13:00:07,932 - STARTING LOOP
INFO: 2026-03-20 13:00:07,934 - Nothing to insert into the database!
INFO: 2026-03-20 13:00:07,934 - FINISHED LOOP

INFO: 2026-03-20 13:05:07,569 - STARTING LOOP
INFO: 2026-03-20 13:05:07,571 - Nothing to insert into the database!
INFO: 2026-03-20 13:05:07,571 - FINISHED LOOP

INFO: 2026-03-20 13:10:07,528 - STARTING LOOP
INFO: 2026-03-20 13:10:07,529 - Nothing to insert into the database!
INFO: 2026-03-20 13:10:07,529 - FINISHED LOOP

INFO: 2026-03-20 13:15:06,025 - STARTING LOOP
INFO: 2026-03-20 13:15:06,026 - Nothing to insert into the database!
INFO: 2026-03-20 13:15:06,026 - FINISHED LOOP

INFO: 2026-03-20 13:20:08,954 - STARTING LOOP
INFO: 2026-03-20 13:20:08,955 - Nothing to insert into the database!
INFO: 2026-03-20 13:20:08,955 - FINISHED LOOP

INFO: 2026-03-20 13:25:06,738 - STARTING LOOP
INFO: 2026-03-20 13:25:06,739 - Nothing to insert into the database!
INFO: 2026-03-20 13:25:06,739 - FINISHED LOOP

INFO: 2026-03-20 13:30:05,794 - STARTING LOOP
INFO: 2026-03-20 13:30:05,795 - Nothing to insert into the database!
INFO: 2026-03-20 13:30:05,795 - FINISHED LOOP

INFO: 2026-03-20 13:35:06,367 - STARTING LOOP
INFO: 2026-03-20 13:35:06,368 - Nothing to insert into the database!
INFO: 2026-03-20 13:35:06,368 - FINISHED LOOP

INFO: 2026-03-20 13:40:06,367 - STARTING LOOP
INFO: 2026-03-20 13:40:06,368 - Nothing to insert into the database!
INFO: 2026-03-20 13:40:06,368 - FINISHED LOOP

INFO: 2026-03-20 13:45:05,275 - STARTING LOOP
INFO: 2026-03-20 13:45:05,276 - Nothing to insert into the database!
INFO: 2026-03-20 13:45:05,276 - FINISHED LOOP

INFO: 2026-03-20 13:50:05,798 - STARTING LOOP
INFO: 2026-03-20 13:50:05,799 - Nothing to insert into the database!
INFO: 2026-03-20 13:50:05,799 - FINISHED LOOP

INFO: 2026-03-20 13:55:05,513 - STARTING LOOP
INFO: 2026-03-20 13:55:05,514 - Nothing to insert into the database!
INFO: 2026-03-20 13:55:05,515 - FINISHED LOOP

INFO: 2026-03-20 14:03:46,503 - STARTING LOOP
INFO: 2026-03-20 14:03:46,505 - Nothing to insert into the database!
INFO: 2026-03-20 14:03:46,505 - FINISHED LOOP

INFO: 2026-03-20 14:05:04,770 - STARTING LOOP
INFO: 2026-03-20 14:05:04,771 - Nothing to insert into the database!
INFO: 2026-03-20 14:05:04,771 - FINISHED LOOP

INFO: 2026-03-20 14:10:24,715 - STARTING LOOP
INFO: 2026-03-20 14:10:24,716 - Nothing to insert into the database!
INFO: 2026-03-20 14:10:24,716 - FINISHED LOOP

INFO: 2026-03-20 14:15:04,753 - STARTING LOOP
INFO: 2026-03-20 14:15:04,755 - Nothing to insert into the database!
INFO: 2026-03-20 14:15:04,755 - FINISHED LOOP

INFO: 2026-03-20 14:21:53,380 - STARTING LOOP
INFO: 2026-03-20 14:21:53,381 - Nothing to insert into the database!
INFO: 2026-03-20 14:21:53,381 - FINISHED LOOP

INFO: 2026-03-20 14:26:02,332 - STARTING LOOP
INFO: 2026-03-20 14:26:02,333 - Nothing to insert into the database!
INFO: 2026-03-20 14:26:02,333 - FINISHED LOOP

INFO: 2026-03-20 14:44:19,598 - STARTING LOOP
INFO: 2026-03-20 14:44:19,600 - Nothing to insert into the database!
INFO: 2026-03-20 14:44:19,600 - FINISHED LOOP

INFO: 2026-03-20 14:46:47,144 - STARTING LOOP
INFO: 2026-03-20 14:46:47,145 - Nothing to insert into the database!
INFO: 2026-03-20 14:46:47,145 - FINISHED LOOP

INFO: 2026-03-20 14:50:51,371 - STARTING LOOP
INFO: 2026-03-20 14:50:51,372 - Nothing to insert into the database!
INFO: 2026-03-20 14:50:51,372 - FINISHED LOOP

INFO: 2026-03-20 15:02:01,697 - STARTING LOOP
INFO: 2026-03-20 15:02:01,698 - Nothing to insert into the database!
INFO: 2026-03-20 15:02:01,698 - FINISHED LOOP

INFO: 2026-03-20 15:02:05,425 - STARTING LOOP
INFO: 2026-03-20 15:02:05,425 - Nothing to insert into the database!
INFO: 2026-03-20 15:02:05,425 - FINISHED LOOP

INFO: 2026-03-20 15:09:28,361 - STARTING LOOP
INFO: 2026-03-20 15:09:28,362 - Nothing to insert into the database!
INFO: 2026-03-20 15:09:28,362 - FINISHED LOOP

INFO: 2026-03-20 15:10:05,062 - STARTING LOOP
INFO: 2026-03-20 15:10:05,063 - Nothing to insert into the database!
INFO: 2026-03-20 15:10:05,063 - FINISHED LOOP

INFO: 2026-03-20 15:16:48,243 - STARTING LOOP
INFO: 2026-03-20 15:16:48,245 - Nothing to insert into the database!
INFO: 2026-03-20 15:16:48,245 - FINISHED LOOP

INFO: 2026-03-20 15:22:33,841 - STARTING LOOP
INFO: 2026-03-20 15:22:33,842 - Nothing to insert into the database!
INFO: 2026-03-20 15:22:33,842 - FINISHED LOOP

INFO: 2026-03-20 17:55:03,960 - STARTING LOOP
INFO: 2026-03-20 17:55:03,961 - Nothing to insert into the database!
INFO: 2026-03-20 17:55:03,961 - FINISHED LOOP

INFO: 2026-03-20 17:55:04,326 - STARTING LOOP
INFO: 2026-03-20 17:55:04,327 - Nothing to insert into the database!
INFO: 2026-03-20 17:55:04,327 - FINISHED LOOP

INFO: 2026-03-20 19:45:29,861 - STARTING LOOP
INFO: 2026-03-20 19:45:29,863 - Nothing to insert into the database!
INFO: 2026-03-20 19:45:29,863 - FINISHED LOOP

INFO: 2026-03-20 19:52:04,305 - STARTING LOOP
INFO: 2026-03-20 19:52:04,306 - Nothing to insert into the database!
INFO: 2026-03-20 19:52:04,306 - FINISHED LOOP

INFO: 2026-03-20 19:56:27,532 - STARTING LOOP
INFO: 2026-03-20 19:56:27,533 - Nothing to insert into the database!
INFO: 2026-03-20 19:56:27,533 - FINISHED LOOP

INFO: 2026-03-20 20:04:25,171 - STARTING LOOP
INFO: 2026-03-20 20:04:25,173 - Nothing to insert into the database!
INFO: 2026-03-20 20:04:25,173 - FINISHED LOOP

INFO: 2026-03-20 20:06:44,146 - STARTING LOOP
INFO: 2026-03-20 20:06:44,147 - Nothing to insert into the database!
INFO: 2026-03-20 20:06:44,147 - FINISHED LOOP

INFO: 2026-03-20 20:17:27,895 - STARTING LOOP
INFO: 2026-03-20 20:17:27,896 - Nothing to insert into the database!
INFO: 2026-03-20 20:17:27,896 - FINISHED LOOP

INFO: 2026-03-20 20:26:24,991 - STARTING LOOP
INFO: 2026-03-20 20:26:24,994 - Nothing to insert into the database!
INFO: 2026-03-20 20:26:24,994 - FINISHED LOOP

INFO: 2026-03-20 20:45:05,876 - STARTING LOOP
INFO: 2026-03-20 20:45:05,877 - Nothing to insert into the database!
INFO: 2026-03-20 20:45:05,877 - FINISHED LOOP

INFO: 2026-03-20 20:53:21,044 - STARTING LOOP
INFO: 2026-03-20 20:53:21,046 - Nothing to insert into the database!
INFO: 2026-03-20 20:53:21,046 - FINISHED LOOP

INFO: 2026-03-20 21:26:22,080 - STARTING LOOP
INFO: 2026-03-20 21:26:22,081 - Nothing to insert into the database!
INFO: 2026-03-20 21:26:22,081 - FINISHED LOOP

INFO: 2026-03-20 21:37:03,276 - STARTING LOOP
INFO: 2026-03-20 21:37:03,277 - Nothing to insert into the database!
INFO: 2026-03-20 21:37:03,277 - FINISHED LOOP

INFO: 2026-03-20 21:44:46,492 - STARTING LOOP
INFO: 2026-03-20 21:44:46,493 - Nothing to insert into the database!
INFO: 2026-03-20 21:44:46,493 - FINISHED LOOP

INFO: 2026-03-20 21:45:04,968 - STARTING LOOP
INFO: 2026-03-20 21:45:04,968 - Nothing to insert into the database!
INFO: 2026-03-20 21:45:04,968 - FINISHED LOOP

INFO: 2026-03-20 21:57:04,185 - STARTING LOOP
INFO: 2026-03-20 21:57:04,186 - Nothing to insert into the database!
INFO: 2026-03-20 21:57:04,186 - FINISHED LOOP

INFO: 2026-03-20 21:57:07,443 - STARTING LOOP
INFO: 2026-03-20 21:57:07,444 - Nothing to insert into the database!
INFO: 2026-03-20 21:57:07,444 - FINISHED LOOP

INFO: 2026-03-20 22:00:41,755 - STARTING LOOP
INFO: 2026-03-20 22:00:41,756 - Nothing to insert into the database!
INFO: 2026-03-20 22:00:41,756 - FINISHED LOOP

INFO: 2026-03-20 22:10:05,151 - STARTING LOOP
INFO: 2026-03-20 22:10:05,152 - Nothing to insert into the database!
INFO: 2026-03-20 22:10:05,152 - FINISHED LOOP

INFO: 2026-03-20 22:10:05,202 - STARTING LOOP
INFO: 2026-03-20 22:10:05,203 - Nothing to insert into the database!
INFO: 2026-03-20 22:10:05,203 - FINISHED LOOP

INFO: 2026-03-20 22:20:32,257 - STARTING LOOP
INFO: 2026-03-20 22:20:32,258 - Nothing to insert into the database!
INFO: 2026-03-20 22:20:32,258 - FINISHED LOOP

INFO: 2026-03-20 22:20:36,013 - STARTING LOOP
INFO: 2026-03-20 22:20:36,014 - Nothing to insert into the database!
INFO: 2026-03-20 22:20:36,014 - FINISHED LOOP

INFO: 2026-03-20 22:31:32,100 - STARTING LOOP
INFO: 2026-03-20 22:31:32,102 - Nothing to insert into the database!
INFO: 2026-03-20 22:31:32,102 - FINISHED LOOP

INFO: 2026-03-21 00:22:56,211 - STARTING LOOP
INFO: 2026-03-21 00:22:56,212 - Nothing to insert into the database!
INFO: 2026-03-21 00:22:56,212 - FINISHED LOOP

INFO: 2026-03-21 00:25:05,106 - STARTING LOOP
INFO: 2026-03-21 00:25:05,107 - Nothing to insert into the database!
INFO: 2026-03-21 00:25:05,107 - FINISHED LOOP

INFO: 2026-03-21 00:30:05,508 - STARTING LOOP
INFO: 2026-03-21 00:30:05,509 - Nothing to insert into the database!
INFO: 2026-03-21 00:30:05,509 - FINISHED LOOP

INFO: 2026-03-21 00:35:04,892 - STARTING LOOP
INFO: 2026-03-21 00:35:04,893 - Nothing to insert into the database!
INFO: 2026-03-21 00:35:04,893 - FINISHED LOOP

INFO: 2026-03-21 00:40:05,598 - STARTING LOOP
INFO: 2026-03-21 00:40:05,598 - Nothing to insert into the database!
INFO: 2026-03-21 00:40:05,598 - FINISHED LOOP

INFO: 2026-03-21 00:45:04,724 - STARTING LOOP
INFO: 2026-03-21 00:45:04,724 - Nothing to insert into the database!
INFO: 2026-03-21 00:45:04,724 - FINISHED LOOP

INFO: 2026-03-21 00:50:05,685 - STARTING LOOP
INFO: 2026-03-21 00:50:05,686 - Nothing to insert into the database!
INFO: 2026-03-21 00:50:05,686 - FINISHED LOOP

INFO: 2026-03-21 00:55:05,096 - STARTING LOOP
INFO: 2026-03-21 00:55:05,098 - Nothing to insert into the database!
INFO: 2026-03-21 00:55:05,098 - FINISHED LOOP

INFO: 2026-03-21 01:00:05,707 - STARTING LOOP
INFO: 2026-03-21 01:00:05,709 - Nothing to insert into the database!
INFO: 2026-03-21 01:00:05,709 - FINISHED LOOP

INFO: 2026-03-21 01:05:05,100 - STARTING LOOP
INFO: 2026-03-21 01:05:05,100 - Nothing to insert into the database!
INFO: 2026-03-21 01:05:05,101 - FINISHED LOOP

INFO: 2026-03-21 01:10:05,428 - STARTING LOOP
INFO: 2026-03-21 01:10:05,429 - Nothing to insert into the database!
INFO: 2026-03-21 01:10:05,429 - FINISHED LOOP

INFO: 2026-03-21 01:15:04,807 - STARTING LOOP
INFO: 2026-03-21 01:15:04,810 - Nothing to insert into the database!
INFO: 2026-03-21 01:15:04,810 - FINISHED LOOP

INFO: 2026-03-21 01:20:05,448 - STARTING LOOP
INFO: 2026-03-21 01:20:05,450 - Nothing to insert into the database!
INFO: 2026-03-21 01:20:05,450 - FINISHED LOOP

INFO: 2026-03-21 01:55:05,368 - STARTING LOOP
INFO: 2026-03-21 01:55:05,369 - Nothing to insert into the database!
INFO: 2026-03-21 01:55:05,369 - FINISHED LOOP

INFO: 2026-03-21 04:35:06,430 - STARTING LOOP
INFO: 2026-03-21 04:35:06,432 - Nothing to insert into the database!
INFO: 2026-03-21 04:35:06,432 - FINISHED LOOP

INFO: 2026-03-21 06:10:36,694 - STARTING LOOP
INFO: 2026-03-21 06:10:36,695 - Nothing to insert into the database!
INFO: 2026-03-21 06:10:36,696 - FINISHED LOOP

INFO: 2026-03-21 06:15:04,648 - STARTING LOOP
INFO: 2026-03-21 06:15:04,649 - Nothing to insert into the database!
INFO: 2026-03-21 06:15:04,649 - FINISHED LOOP

INFO: 2026-03-21 06:20:29,635 - STARTING LOOP
INFO: 2026-03-21 06:20:29,635 - Nothing to insert into the database!
INFO: 2026-03-21 06:20:29,635 - FINISHED LOOP

INFO: 2026-03-21 06:28:04,727 - STARTING LOOP
INFO: 2026-03-21 06:28:04,728 - Nothing to insert into the database!
INFO: 2026-03-21 06:28:04,728 - FINISHED LOOP

INFO: 2026-03-21 06:38:49,475 - STARTING LOOP
INFO: 2026-03-21 06:38:49,476 - Nothing to insert into the database!
INFO: 2026-03-21 06:38:49,476 - FINISHED LOOP

INFO: 2026-03-21 06:47:11,009 - STARTING LOOP
INFO: 2026-03-21 06:47:11,011 - Nothing to insert into the database!
INFO: 2026-03-21 06:47:11,011 - FINISHED LOOP

INFO: 2026-03-21 06:56:10,594 - STARTING LOOP
INFO: 2026-03-21 06:56:10,595 - Nothing to insert into the database!
INFO: 2026-03-21 06:56:10,595 - FINISHED LOOP

INFO: 2026-03-21 07:05:37,431 - STARTING LOOP
INFO: 2026-03-21 07:05:37,432 - Nothing to insert into the database!
INFO: 2026-03-21 07:05:37,432 - FINISHED LOOP

INFO: 2026-03-21 07:14:03,637 - STARTING LOOP
INFO: 2026-03-21 07:14:03,639 - Nothing to insert into the database!
INFO: 2026-03-21 07:14:03,639 - FINISHED LOOP

INFO: 2026-03-21 07:16:33,791 - STARTING LOOP
INFO: 2026-03-21 07:16:33,791 - Nothing to insert into the database!
INFO: 2026-03-21 07:16:33,791 - FINISHED LOOP

INFO: 2026-03-21 07:35:05,085 - STARTING LOOP
INFO: 2026-03-21 07:35:05,085 - Nothing to insert into the database!
INFO: 2026-03-21 07:35:05,085 - FINISHED LOOP

INFO: 2026-03-21 07:48:53,851 - STARTING LOOP
INFO: 2026-03-21 07:48:53,852 - Nothing to insert into the database!
INFO: 2026-03-21 07:48:53,852 - FINISHED LOOP

INFO: 2026-03-21 07:54:54,526 - STARTING LOOP
INFO: 2026-03-21 07:54:54,527 - Nothing to insert into the database!
INFO: 2026-03-21 07:54:54,528 - FINISHED LOOP

INFO: 2026-03-21 07:55:04,169 - STARTING LOOP
INFO: 2026-03-21 07:55:04,169 - Nothing to insert into the database!
INFO: 2026-03-21 07:55:04,170 - FINISHED LOOP

INFO: 2026-03-21 08:06:32,187 - STARTING LOOP
INFO: 2026-03-21 08:06:32,188 - Nothing to insert into the database!
INFO: 2026-03-21 08:06:32,188 - FINISHED LOOP

INFO: 2026-03-21 08:24:58,625 - STARTING LOOP
INFO: 2026-03-21 08:24:58,627 - Nothing to insert into the database!
INFO: 2026-03-21 08:24:58,627 - FINISHED LOOP

INFO: 2026-03-21 08:25:03,344 - STARTING LOOP
INFO: 2026-03-21 08:25:03,344 - Nothing to insert into the database!
INFO: 2026-03-21 08:25:03,344 - FINISHED LOOP

INFO: 2026-03-21 08:32:57,658 - STARTING LOOP
INFO: 2026-03-21 08:32:57,659 - Nothing to insert into the database!
INFO: 2026-03-21 08:32:57,659 - FINISHED LOOP

INFO: 2026-03-21 08:40:49,359 - STARTING LOOP
INFO: 2026-03-21 08:40:49,361 - Nothing to insert into the database!
INFO: 2026-03-21 08:40:49,361 - FINISHED LOOP

INFO: 2026-03-21 08:46:54,136 - STARTING LOOP
INFO: 2026-03-21 08:46:54,137 - Nothing to insert into the database!
INFO: 2026-03-21 08:46:54,137 - FINISHED LOOP

INFO: 2026-03-21 10:21:30,107 - STARTING LOOP
INFO: 2026-03-21 10:21:30,108 - Nothing to insert into the database!
INFO: 2026-03-21 10:21:30,108 - FINISHED LOOP

INFO: 2026-03-21 10:50:11,456 - STARTING LOOP
INFO: 2026-03-21 10:50:11,457 - Nothing to insert into the database!
INFO: 2026-03-21 10:50:11,457 - FINISHED LOOP

INFO: 2026-03-21 11:09:10,678 - STARTING LOOP
INFO: 2026-03-21 11:09:10,679 - Nothing to insert into the database!
INFO: 2026-03-21 11:09:10,679 - FINISHED LOOP

INFO: 2026-03-21 11:18:44,361 - STARTING LOOP
INFO: 2026-03-21 11:18:44,362 - Nothing to insert into the database!
INFO: 2026-03-21 11:18:44,363 - FINISHED LOOP

INFO: 2026-03-21 11:31:29,589 - STARTING LOOP
INFO: 2026-03-21 11:31:29,590 - Nothing to insert into the database!
INFO: 2026-03-21 11:31:29,590 - FINISHED LOOP

INFO: 2026-03-21 11:40:49,379 - STARTING LOOP
INFO: 2026-03-21 11:40:49,380 - Nothing to insert into the database!
INFO: 2026-03-21 11:40:49,380 - FINISHED LOOP

INFO: 2026-03-21 11:45:06,238 - STARTING LOOP
INFO: 2026-03-21 11:45:06,239 - Nothing to insert into the database!
INFO: 2026-03-21 11:45:06,239 - FINISHED LOOP

INFO: 2026-03-21 11:54:27,293 - STARTING LOOP
INFO: 2026-03-21 11:54:27,294 - Nothing to insert into the database!
INFO: 2026-03-21 11:54:27,295 - FINISHED LOOP

INFO: 2026-03-21 11:55:05,521 - STARTING LOOP
INFO: 2026-03-21 11:55:05,522 - Nothing to insert into the database!
INFO: 2026-03-21 11:55:05,522 - FINISHED LOOP

INFO: 2026-03-21 12:00:29,543 - STARTING LOOP
INFO: 2026-03-21 12:00:29,545 - Nothing to insert into the database!
INFO: 2026-03-21 12:00:29,545 - FINISHED LOOP

INFO: 2026-03-21 12:06:41,575 - STARTING LOOP
INFO: 2026-03-21 12:06:41,577 - Nothing to insert into the database!
INFO: 2026-03-21 12:06:41,577 - FINISHED LOOP

INFO: 2026-03-21 12:11:06,370 - STARTING LOOP
INFO: 2026-03-21 12:11:06,371 - Nothing to insert into the database!
INFO: 2026-03-21 12:11:06,371 - FINISHED LOOP

INFO: 2026-03-21 12:15:04,881 - STARTING LOOP
INFO: 2026-03-21 12:15:04,882 - Nothing to insert into the database!
INFO: 2026-03-21 12:15:04,882 - FINISHED LOOP

INFO: 2026-03-21 12:21:03,840 - STARTING LOOP
INFO: 2026-03-21 12:21:03,841 - Nothing to insert into the database!
INFO: 2026-03-21 12:21:03,841 - FINISHED LOOP

INFO: 2026-03-21 12:25:34,959 - STARTING LOOP
INFO: 2026-03-21 12:25:34,961 - Nothing to insert into the database!
INFO: 2026-03-21 12:25:34,961 - FINISHED LOOP

INFO: 2026-03-21 12:30:07,843 - STARTING LOOP
INFO: 2026-03-21 12:30:07,844 - Nothing to insert into the database!
INFO: 2026-03-21 12:30:07,845 - FINISHED LOOP

INFO: 2026-03-21 12:35:24,241 - STARTING LOOP
INFO: 2026-03-21 12:35:24,242 - Nothing to insert into the database!
INFO: 2026-03-21 12:35:24,242 - FINISHED LOOP

INFO: 2026-03-21 12:41:05,667 - STARTING LOOP
INFO: 2026-03-21 12:41:05,669 - Nothing to insert into the database!
INFO: 2026-03-21 12:41:05,669 - FINISHED LOOP

INFO: 2026-03-21 12:51:26,336 - STARTING LOOP
INFO: 2026-03-21 12:51:26,338 - Nothing to insert into the database!
INFO: 2026-03-21 12:51:26,338 - FINISHED LOOP

INFO: 2026-03-21 13:06:12,377 - STARTING LOOP
INFO: 2026-03-21 13:06:12,378 - Nothing to insert into the database!
INFO: 2026-03-21 13:06:12,378 - FINISHED LOOP

INFO: 2026-03-21 13:06:15,671 - STARTING LOOP
INFO: 2026-03-21 13:06:15,672 - Nothing to insert into the database!
INFO: 2026-03-21 13:06:15,672 - FINISHED LOOP

INFO: 2026-03-21 13:10:26,327 - STARTING LOOP
INFO: 2026-03-21 13:10:26,328 - Nothing to insert into the database!
INFO: 2026-03-21 13:10:26,328 - FINISHED LOOP

INFO: 2026-03-21 13:16:07,530 - STARTING LOOP
INFO: 2026-03-21 13:16:07,532 - Nothing to insert into the database!
INFO: 2026-03-21 13:16:07,532 - FINISHED LOOP

INFO: 2026-03-21 13:20:36,316 - STARTING LOOP
INFO: 2026-03-21 13:20:36,318 - Nothing to insert into the database!
INFO: 2026-03-21 13:20:36,318 - FINISHED LOOP

INFO: 2026-03-21 13:29:33,675 - STARTING LOOP
INFO: 2026-03-21 13:29:33,676 - Nothing to insert into the database!
INFO: 2026-03-21 13:29:33,676 - FINISHED LOOP

INFO: 2026-03-21 13:30:05,338 - STARTING LOOP
INFO: 2026-03-21 13:30:05,338 - Nothing to insert into the database!
INFO: 2026-03-21 13:30:05,338 - FINISHED LOOP

INFO: 2026-03-21 13:50:17,598 - STARTING LOOP
INFO: 2026-03-21 13:50:17,599 - Nothing to insert into the database!
INFO: 2026-03-21 13:50:17,599 - FINISHED LOOP

INFO: 2026-03-21 14:00:07,184 - STARTING LOOP
INFO: 2026-03-21 14:00:07,185 - Nothing to insert into the database!
INFO: 2026-03-21 14:00:07,185 - FINISHED LOOP

INFO: 2026-03-21 14:21:24,333 - STARTING LOOP
INFO: 2026-03-21 14:21:24,335 - Nothing to insert into the database!
INFO: 2026-03-21 14:21:24,335 - FINISHED LOOP

INFO: 2026-03-21 14:37:56,333 - STARTING LOOP
INFO: 2026-03-21 14:37:56,334 - Nothing to insert into the database!
INFO: 2026-03-21 14:37:56,334 - FINISHED LOOP

INFO: 2026-03-21 14:43:08,684 - STARTING LOOP
INFO: 2026-03-21 14:43:08,685 - Nothing to insert into the database!
INFO: 2026-03-21 14:43:08,685 - FINISHED LOOP

INFO: 2026-03-21 14:47:08,485 - STARTING LOOP
INFO: 2026-03-21 14:47:08,486 - Nothing to insert into the database!
INFO: 2026-03-21 14:47:08,486 - FINISHED LOOP

INFO: 2026-03-21 14:50:43,638 - STARTING LOOP
INFO: 2026-03-21 14:50:43,639 - Nothing to insert into the database!
INFO: 2026-03-21 14:50:43,639 - FINISHED LOOP

INFO: 2026-03-21 14:56:17,391 - STARTING LOOP
INFO: 2026-03-21 14:56:17,392 - Nothing to insert into the database!
INFO: 2026-03-21 14:56:17,392 - FINISHED LOOP

INFO: 2026-03-21 15:00:44,087 - STARTING LOOP
INFO: 2026-03-21 15:00:44,088 - Nothing to insert into the database!
INFO: 2026-03-21 15:00:44,089 - FINISHED LOOP

INFO: 2026-03-21 15:06:41,223 - STARTING LOOP
INFO: 2026-03-21 15:06:41,224 - Nothing to insert into the database!
INFO: 2026-03-21 15:06:41,224 - FINISHED LOOP

INFO: 2026-03-21 15:10:39,668 - STARTING LOOP
INFO: 2026-03-21 15:10:39,670 - Nothing to insert into the database!
INFO: 2026-03-21 15:10:39,670 - FINISHED LOOP

INFO: 2026-03-21 15:16:49,902 - STARTING LOOP
INFO: 2026-03-21 15:16:49,903 - Nothing to insert into the database!
INFO: 2026-03-21 15:16:49,903 - FINISHED LOOP

INFO: 2026-03-21 15:22:07,353 - STARTING LOOP
INFO: 2026-03-21 15:22:07,353 - Nothing to insert into the database!
INFO: 2026-03-21 15:22:07,353 - FINISHED LOOP

INFO: 2026-03-21 15:40:05,410 - STARTING LOOP
INFO: 2026-03-21 15:40:05,411 - Nothing to insert into the database!
INFO: 2026-03-21 15:40:05,411 - FINISHED LOOP

INFO: 2026-03-21 15:55:05,402 - STARTING LOOP
INFO: 2026-03-21 15:55:05,404 - Nothing to insert into the database!
INFO: 2026-03-21 15:55:05,404 - FINISHED LOOP

INFO: 2026-03-21 16:15:26,123 - STARTING LOOP
INFO: 2026-03-21 16:15:26,124 - Nothing to insert into the database!
INFO: 2026-03-21 16:15:26,124 - FINISHED LOOP

INFO: 2026-03-21 16:22:16,930 - STARTING LOOP
INFO: 2026-03-21 16:22:16,931 - Nothing to insert into the database!
INFO: 2026-03-21 16:22:16,931 - FINISHED LOOP

INFO: 2026-03-21 16:40:05,141 - STARTING LOOP
INFO: 2026-03-21 16:40:05,141 - Nothing to insert into the database!
INFO: 2026-03-21 16:40:05,142 - FINISHED LOOP

INFO: 2026-03-21 16:45:05,229 - STARTING LOOP
INFO: 2026-03-21 16:45:05,229 - Nothing to insert into the database!
INFO: 2026-03-21 16:45:05,229 - FINISHED LOOP

INFO: 2026-03-21 16:51:27,178 - STARTING LOOP
INFO: 2026-03-21 16:51:27,179 - Nothing to insert into the database!
INFO: 2026-03-21 16:51:27,179 - FINISHED LOOP

INFO: 2026-03-21 16:55:05,021 - STARTING LOOP
INFO: 2026-03-21 16:55:05,023 - Nothing to insert into the database!
INFO: 2026-03-21 16:55:05,023 - FINISHED LOOP

INFO: 2026-03-21 17:29:29,776 - STARTING LOOP
INFO: 2026-03-21 17:29:29,778 - Nothing to insert into the database!
INFO: 2026-03-21 17:29:29,778 - FINISHED LOOP

INFO: 2026-03-21 17:31:07,228 - STARTING LOOP
INFO: 2026-03-21 17:31:07,228 - Nothing to insert into the database!
INFO: 2026-03-21 17:31:07,228 - FINISHED LOOP

INFO: 2026-03-21 17:35:29,872 - STARTING LOOP
INFO: 2026-03-21 17:35:29,874 - Nothing to insert into the database!
INFO: 2026-03-21 17:35:29,874 - FINISHED LOOP

INFO: 2026-03-21 17:41:32,462 - STARTING LOOP
INFO: 2026-03-21 17:41:32,463 - Nothing to insert into the database!
INFO: 2026-03-21 17:41:32,463 - FINISHED LOOP

INFO: 2026-03-21 17:51:38,979 - STARTING LOOP
INFO: 2026-03-21 17:51:38,980 - Nothing to insert into the database!
INFO: 2026-03-21 17:51:38,980 - FINISHED LOOP

INFO: 2026-03-21 18:15:04,726 - STARTING LOOP
INFO: 2026-03-21 18:15:04,727 - Nothing to insert into the database!
INFO: 2026-03-21 18:15:04,727 - FINISHED LOOP

INFO: 2026-03-21 20:00:08,698 - STARTING LOOP
INFO: 2026-03-21 20:00:08,699 - Nothing to insert into the database!
INFO: 2026-03-21 20:00:08,699 - FINISHED LOOP

INFO: 2026-03-21 20:21:11,138 - STARTING LOOP
INFO: 2026-03-21 20:21:11,139 - Nothing to insert into the database!
INFO: 2026-03-21 20:21:11,139 - FINISHED LOOP

INFO: 2026-03-21 20:26:13,691 - STARTING LOOP
INFO: 2026-03-21 20:26:13,692 - Nothing to insert into the database!
INFO: 2026-03-21 20:26:13,692 - FINISHED LOOP

INFO: 2026-03-21 20:34:44,440 - STARTING LOOP
INFO: 2026-03-21 20:34:44,441 - Nothing to insert into the database!
INFO: 2026-03-21 20:34:44,441 - FINISHED LOOP

INFO: 2026-03-21 20:35:04,222 - STARTING LOOP
INFO: 2026-03-21 20:35:04,222 - Nothing to insert into the database!
INFO: 2026-03-21 20:35:04,222 - FINISHED LOOP

INFO: 2026-03-21 21:44:30,771 - STARTING LOOP
INFO: 2026-03-21 21:44:30,773 - Nothing to insert into the database!
INFO: 2026-03-21 21:44:30,773 - FINISHED LOOP

INFO: 2026-03-21 21:45:05,182 - STARTING LOOP
INFO: 2026-03-21 21:45:05,183 - Nothing to insert into the database!
INFO: 2026-03-21 21:45:05,183 - FINISHED LOOP

INFO: 2026-03-21 22:23:17,408 - STARTING LOOP
INFO: 2026-03-21 22:23:17,409 - Nothing to insert into the database!
INFO: 2026-03-21 22:23:17,409 - FINISHED LOOP

INFO: 2026-03-21 22:25:46,059 - STARTING LOOP
INFO: 2026-03-21 22:25:46,061 - Nothing to insert into the database!
INFO: 2026-03-21 22:25:46,061 - FINISHED LOOP

INFO: 2026-03-21 22:30:06,042 - STARTING LOOP
INFO: 2026-03-21 22:30:06,043 - Nothing to insert into the database!
INFO: 2026-03-21 22:30:06,043 - FINISHED LOOP

INFO: 2026-03-21 23:30:06,406 - STARTING LOOP
INFO: 2026-03-21 23:30:06,407 - Nothing to insert into the database!
INFO: 2026-03-21 23:30:06,407 - FINISHED LOOP

INFO: 2026-03-22 00:30:05,411 - STARTING LOOP
INFO: 2026-03-22 00:30:05,412 - Nothing to insert into the database!
INFO: 2026-03-22 00:30:05,412 - FINISHED LOOP

INFO: 2026-03-23 10:10:28,550 - STARTING LOOP
INFO: 2026-03-23 10:10:28,551 - Nothing to insert into the database!
INFO: 2026-03-23 10:10:28,552 - FINISHED LOOP

INFO: 2026-03-23 10:15:08,193 - STARTING LOOP
INFO: 2026-03-23 10:15:08,194 - Nothing to insert into the database!
INFO: 2026-03-23 10:15:08,194 - FINISHED LOOP

INFO: 2026-03-23 10:20:07,180 - STARTING LOOP
INFO: 2026-03-23 10:20:07,181 - Nothing to insert into the database!
INFO: 2026-03-23 10:20:07,181 - FINISHED LOOP

INFO: 2026-03-23 10:25:06,986 - STARTING LOOP
INFO: 2026-03-23 10:25:06,988 - Nothing to insert into the database!
INFO: 2026-03-23 10:25:06,988 - FINISHED LOOP

INFO: 2026-03-23 10:30:07,333 - STARTING LOOP
INFO: 2026-03-23 10:30:07,335 - Nothing to insert into the database!
INFO: 2026-03-23 10:30:07,335 - FINISHED LOOP

INFO: 2026-03-23 10:35:08,340 - STARTING LOOP
INFO: 2026-03-23 10:35:08,343 - Nothing to insert into the database!
INFO: 2026-03-23 10:35:08,343 - FINISHED LOOP

INFO: 2026-03-23 10:40:07,982 - STARTING LOOP
INFO: 2026-03-23 10:40:07,990 - Nothing to insert into the database!
INFO: 2026-03-23 10:40:07,991 - FINISHED LOOP

INFO: 2026-03-23 10:45:09,273 - STARTING LOOP
INFO: 2026-03-23 10:45:09,274 - Nothing to insert into the database!
INFO: 2026-03-23 10:45:09,274 - FINISHED LOOP

INFO: 2026-03-23 10:50:07,223 - STARTING LOOP
INFO: 2026-03-23 10:50:07,226 - Nothing to insert into the database!
INFO: 2026-03-23 10:50:07,226 - FINISHED LOOP

INFO: 2026-03-23 10:55:16,799 - STARTING LOOP
INFO: 2026-03-23 10:55:16,865 - Nothing to insert into the database!
INFO: 2026-03-23 10:55:16,865 - FINISHED LOOP

INFO: 2026-03-23 11:00:08,045 - STARTING LOOP
INFO: 2026-03-23 11:00:08,046 - Nothing to insert into the database!
INFO: 2026-03-23 11:00:08,046 - FINISHED LOOP

INFO: 2026-03-23 11:05:06,254 - STARTING LOOP
INFO: 2026-03-23 11:05:06,256 - Nothing to insert into the database!
INFO: 2026-03-23 11:05:06,256 - FINISHED LOOP

INFO: 2026-03-23 11:10:07,184 - STARTING LOOP
INFO: 2026-03-23 11:10:07,185 - Nothing to insert into the database!
INFO: 2026-03-23 11:10:07,185 - FINISHED LOOP

INFO: 2026-03-23 11:15:09,661 - STARTING LOOP
INFO: 2026-03-23 11:15:09,661 - Nothing to insert into the database!
INFO: 2026-03-23 11:15:09,661 - FINISHED LOOP

INFO: 2026-03-23 11:20:07,008 - STARTING LOOP
INFO: 2026-03-23 11:20:07,010 - Nothing to insert into the database!
INFO: 2026-03-23 11:20:07,010 - FINISHED LOOP

INFO: 2026-03-23 11:26:51,520 - STARTING LOOP
INFO: 2026-03-23 11:26:51,522 - Nothing to insert into the database!
INFO: 2026-03-23 11:26:51,522 - FINISHED LOOP

INFO: 2026-03-23 11:30:08,143 - STARTING LOOP
INFO: 2026-03-23 11:30:08,146 - Nothing to insert into the database!
INFO: 2026-03-23 11:30:08,146 - FINISHED LOOP

INFO: 2026-03-23 11:35:21,494 - STARTING LOOP
INFO: 2026-03-23 11:35:21,495 - Nothing to insert into the database!
INFO: 2026-03-23 11:35:21,496 - FINISHED LOOP

INFO: 2026-03-23 11:40:09,834 - STARTING LOOP
INFO: 2026-03-23 11:40:09,836 - Nothing to insert into the database!
INFO: 2026-03-23 11:40:09,836 - FINISHED LOOP

INFO: 2026-03-23 11:45:06,465 - STARTING LOOP
INFO: 2026-03-23 11:45:06,466 - Nothing to insert into the database!
INFO: 2026-03-23 11:45:06,466 - FINISHED LOOP

INFO: 2026-03-23 11:50:14,183 - STARTING LOOP
INFO: 2026-03-23 11:50:14,184 - Nothing to insert into the database!
INFO: 2026-03-23 11:50:14,184 - FINISHED LOOP

INFO: 2026-03-23 11:58:54,347 - STARTING LOOP
INFO: 2026-03-23 11:58:54,438 - Nothing to insert into the database!
INFO: 2026-03-23 11:58:54,438 - FINISHED LOOP

INFO: 2026-03-23 12:03:16,940 - STARTING LOOP
INFO: 2026-03-23 12:03:16,975 - Nothing to insert into the database!
INFO: 2026-03-23 12:03:16,976 - FINISHED LOOP

INFO: 2026-03-23 12:06:46,521 - STARTING LOOP
INFO: 2026-03-23 12:06:46,522 - Nothing to insert into the database!
INFO: 2026-03-23 12:06:46,522 - FINISHED LOOP

INFO: 2026-03-23 12:11:53,609 - STARTING LOOP
INFO: 2026-03-23 12:11:53,610 - Nothing to insert into the database!
INFO: 2026-03-23 12:11:53,610 - FINISHED LOOP

INFO: 2026-03-23 12:15:43,936 - STARTING LOOP
INFO: 2026-03-23 12:15:43,938 - Nothing to insert into the database!
INFO: 2026-03-23 12:15:43,938 - FINISHED LOOP

INFO: 2026-03-23 12:23:22,170 - STARTING LOOP
INFO: 2026-03-23 12:23:22,171 - Nothing to insert into the database!
INFO: 2026-03-23 12:23:22,172 - FINISHED LOOP

INFO: 2026-03-23 12:28:38,295 - STARTING LOOP
INFO: 2026-03-23 12:28:38,296 - Nothing to insert into the database!
INFO: 2026-03-23 12:28:38,296 - FINISHED LOOP

INFO: 2026-03-23 12:30:09,249 - STARTING LOOP
INFO: 2026-03-23 12:30:09,250 - Nothing to insert into the database!
INFO: 2026-03-23 12:30:09,250 - FINISHED LOOP

INFO: 2026-03-23 12:35:08,752 - STARTING LOOP
INFO: 2026-03-23 12:35:08,755 - Nothing to insert into the database!
INFO: 2026-03-23 12:35:08,755 - FINISHED LOOP

INFO: 2026-03-23 12:40:05,627 - STARTING LOOP
INFO: 2026-03-23 12:40:05,628 - Nothing to insert into the database!
INFO: 2026-03-23 12:40:05,629 - FINISHED LOOP

INFO: 2026-03-23 12:45:15,629 - STARTING LOOP
INFO: 2026-03-23 12:45:15,630 - Nothing to insert into the database!
INFO: 2026-03-23 12:45:15,630 - FINISHED LOOP

INFO: 2026-03-23 13:01:46,356 - STARTING LOOP
INFO: 2026-03-23 13:01:46,357 - Nothing to insert into the database!
INFO: 2026-03-23 13:01:46,357 - FINISHED LOOP

INFO: 2026-03-23 13:05:09,604 - STARTING LOOP
INFO: 2026-03-23 13:05:09,605 - Nothing to insert into the database!
INFO: 2026-03-23 13:05:09,605 - FINISHED LOOP

INFO: 2026-03-23 13:10:06,895 - STARTING LOOP
INFO: 2026-03-23 13:10:06,896 - Nothing to insert into the database!
INFO: 2026-03-23 13:10:06,896 - FINISHED LOOP

INFO: 2026-03-23 13:15:07,118 - STARTING LOOP
INFO: 2026-03-23 13:15:07,119 - Nothing to insert into the database!
INFO: 2026-03-23 13:15:07,119 - FINISHED LOOP

INFO: 2026-03-23 13:23:00,353 - STARTING LOOP
INFO: 2026-03-23 13:23:00,353 - Nothing to insert into the database!
INFO: 2026-03-23 13:23:00,353 - FINISHED LOOP

INFO: 2026-03-23 13:31:06,301 - STARTING LOOP
INFO: 2026-03-23 13:31:06,303 - Nothing to insert into the database!
INFO: 2026-03-23 13:31:06,303 - FINISHED LOOP

INFO: 2026-03-23 13:35:05,566 - STARTING LOOP
INFO: 2026-03-23 13:35:05,567 - Nothing to insert into the database!
INFO: 2026-03-23 13:35:05,567 - FINISHED LOOP

INFO: 2026-03-23 13:40:05,962 - STARTING LOOP
INFO: 2026-03-23 13:40:05,964 - Nothing to insert into the database!
INFO: 2026-03-23 13:40:05,964 - FINISHED LOOP

INFO: 2026-03-23 13:48:51,649 - STARTING LOOP
INFO: 2026-03-23 13:48:51,651 - Nothing to insert into the database!
INFO: 2026-03-23 13:48:51,651 - FINISHED LOOP

INFO: 2026-03-23 15:40:09,834 - STARTING LOOP
INFO: 2026-03-23 15:40:09,836 - Nothing to insert into the database!
INFO: 2026-03-23 15:40:09,836 - FINISHED LOOP

INFO: 2026-03-23 15:45:13,850 - STARTING LOOP
INFO: 2026-03-23 15:45:13,851 - Nothing to insert into the database!
INFO: 2026-03-23 15:45:13,851 - FINISHED LOOP

INFO: 2026-03-23 15:55:28,934 - STARTING LOOP
INFO: 2026-03-23 15:55:28,960 - Nothing to insert into the database!
INFO: 2026-03-23 15:55:28,961 - FINISHED LOOP

INFO: 2026-03-23 16:13:47,735 - STARTING LOOP
INFO: 2026-03-23 16:13:47,889 - Nothing to insert into the database!
INFO: 2026-03-23 16:13:47,889 - FINISHED LOOP

INFO: 2026-03-23 16:16:10,591 - STARTING LOOP
INFO: 2026-03-23 16:16:10,592 - Nothing to insert into the database!
INFO: 2026-03-23 16:16:10,592 - FINISHED LOOP

INFO: 2026-03-23 16:16:19,046 - STARTING LOOP
INFO: 2026-03-23 16:16:19,047 - Nothing to insert into the database!
INFO: 2026-03-23 16:16:19,047 - FINISHED LOOP

INFO: 2026-03-23 16:20:43,267 - STARTING LOOP
INFO: 2026-03-23 16:20:43,268 - Nothing to insert into the database!
INFO: 2026-03-23 16:20:43,268 - FINISHED LOOP

INFO: 2026-03-23 16:29:45,684 - STARTING LOOP
INFO: 2026-03-23 16:29:45,731 - Nothing to insert into the database!
INFO: 2026-03-23 16:29:45,731 - FINISHED LOOP

INFO: 2026-03-23 16:34:13,240 - STARTING LOOP
INFO: 2026-03-23 16:34:13,359 - Nothing to insert into the database!
INFO: 2026-03-23 16:34:13,360 - FINISHED LOOP

INFO: 2026-03-23 16:35:43,462 - STARTING LOOP
INFO: 2026-03-23 16:35:43,574 - Nothing to insert into the database!
INFO: 2026-03-23 16:35:43,574 - FINISHED LOOP

INFO: 2026-03-23 16:45:14,374 - STARTING LOOP
INFO: 2026-03-23 16:45:14,377 - Nothing to insert into the database!
INFO: 2026-03-23 16:45:14,377 - FINISHED LOOP

INFO: 2026-03-23 16:52:46,266 - STARTING LOOP
INFO: 2026-03-23 16:52:46,267 - Nothing to insert into the database!
INFO: 2026-03-23 16:52:46,267 - FINISHED LOOP

INFO: 2026-03-23 18:01:46,254 - STARTING LOOP
INFO: 2026-03-23 18:01:46,255 - Nothing to insert into the database!
INFO: 2026-03-23 18:01:46,255 - FINISHED LOOP

INFO: 2026-03-23 18:20:10,015 - STARTING LOOP
INFO: 2026-03-23 18:20:10,016 - Nothing to insert into the database!
INFO: 2026-03-23 18:20:10,016 - FINISHED LOOP

INFO: 2026-03-23 18:26:31,807 - STARTING LOOP
INFO: 2026-03-23 18:26:31,807 - Nothing to insert into the database!
INFO: 2026-03-23 18:26:31,807 - FINISHED LOOP

INFO: 2026-03-23 18:36:10,337 - STARTING LOOP
INFO: 2026-03-23 18:36:10,338 - Nothing to insert into the database!
INFO: 2026-03-23 18:36:10,338 - FINISHED LOOP

INFO: 2026-03-23 18:40:17,353 - STARTING LOOP
INFO: 2026-03-23 18:40:17,353 - Nothing to insert into the database!
INFO: 2026-03-23 18:40:17,353 - FINISHED LOOP

INFO: 2026-03-23 18:52:47,635 - STARTING LOOP
INFO: 2026-03-23 18:52:47,636 - Nothing to insert into the database!
INFO: 2026-03-23 18:52:47,636 - FINISHED LOOP

INFO: 2026-03-23 18:55:42,466 - STARTING LOOP
INFO: 2026-03-23 18:55:42,466 - Nothing to insert into the database!
INFO: 2026-03-23 18:55:42,466 - FINISHED LOOP

INFO: 2026-03-23 19:03:07,998 - STARTING LOOP
INFO: 2026-03-23 19:03:07,999 - Nothing to insert into the database!
INFO: 2026-03-23 19:03:07,999 - FINISHED LOOP

INFO: 2026-03-23 19:06:41,188 - STARTING LOOP
INFO: 2026-03-23 19:06:41,189 - Nothing to insert into the database!
INFO: 2026-03-23 19:06:41,189 - FINISHED LOOP

INFO: 2026-03-23 19:10:03,980 - STARTING LOOP
INFO: 2026-03-23 19:10:03,980 - Nothing to insert into the database!
INFO: 2026-03-23 19:10:03,980 - FINISHED LOOP

INFO: 2026-03-23 20:55:49,630 - STARTING LOOP
INFO: 2026-03-23 20:55:49,630 - Nothing to insert into the database!
INFO: 2026-03-23 20:55:49,630 - FINISHED LOOP

INFO: 2026-03-23 21:01:10,854 - STARTING LOOP
INFO: 2026-03-23 21:01:10,855 - Nothing to insert into the database!
INFO: 2026-03-23 21:01:10,855 - FINISHED LOOP

INFO: 2026-03-23 21:09:04,941 - STARTING LOOP
INFO: 2026-03-23 21:09:04,942 - Nothing to insert into the database!
INFO: 2026-03-23 21:09:04,942 - FINISHED LOOP

INFO: 2026-03-23 22:12:51,140 - STARTING LOOP
INFO: 2026-03-23 22:12:51,140 - Nothing to insert into the database!
INFO: 2026-03-23 22:12:51,140 - FINISHED LOOP

INFO: 2026-03-23 22:21:57,761 - STARTING LOOP
INFO: 2026-03-23 22:21:57,762 - Nothing to insert into the database!
INFO: 2026-03-23 22:21:57,762 - FINISHED LOOP

INFO: 2026-03-24 00:55:47,521 - STARTING LOOP
INFO: 2026-03-24 00:55:47,523 - Nothing to insert into the database!
INFO: 2026-03-24 00:55:47,523 - FINISHED LOOP

INFO: 2026-03-24 06:09:31,139 - STARTING LOOP
INFO: 2026-03-24 06:09:31,140 - Nothing to insert into the database!
INFO: 2026-03-24 06:09:31,140 - FINISHED LOOP

INFO: 2026-03-24 06:10:14,362 - STARTING LOOP
INFO: 2026-03-24 06:10:14,363 - Nothing to insert into the database!
INFO: 2026-03-24 06:10:14,363 - FINISHED LOOP

INFO: 2026-03-24 07:15:08,936 - STARTING LOOP
INFO: 2026-03-24 07:15:08,937 - Nothing to insert into the database!
INFO: 2026-03-24 07:15:08,937 - FINISHED LOOP

INFO: 2026-03-24 07:33:02,966 - STARTING LOOP
INFO: 2026-03-24 07:33:02,966 - Nothing to insert into the database!
INFO: 2026-03-24 07:33:02,966 - FINISHED LOOP

INFO: 2026-03-24 07:33:06,668 - STARTING LOOP
INFO: 2026-03-24 07:33:06,669 - Nothing to insert into the database!
INFO: 2026-03-24 07:33:06,669 - FINISHED LOOP

INFO: 2026-03-24 07:43:37,969 - STARTING LOOP
INFO: 2026-03-24 07:43:37,969 - Nothing to insert into the database!
INFO: 2026-03-24 07:43:37,969 - FINISHED LOOP

INFO: 2026-03-24 07:49:58,106 - STARTING LOOP
INFO: 2026-03-24 07:49:58,106 - Nothing to insert into the database!
INFO: 2026-03-24 07:49:58,106 - FINISHED LOOP

INFO: 2026-03-24 07:50:04,993 - STARTING LOOP
INFO: 2026-03-24 07:50:04,993 - Nothing to insert into the database!
INFO: 2026-03-24 07:50:04,993 - FINISHED LOOP

INFO: 2026-03-24 08:00:43,471 - STARTING LOOP
INFO: 2026-03-24 08:00:43,472 - Nothing to insert into the database!
INFO: 2026-03-24 08:00:43,472 - FINISHED LOOP

INFO: 2026-03-24 08:20:58,273 - STARTING LOOP
INFO: 2026-03-24 08:20:58,275 - Nothing to insert into the database!
INFO: 2026-03-24 08:20:58,275 - FINISHED LOOP

INFO: 2026-03-24 08:27:55,981 - STARTING LOOP
INFO: 2026-03-24 08:27:55,983 - Nothing to insert into the database!
INFO: 2026-03-24 08:27:55,983 - FINISHED LOOP

INFO: 2026-03-24 08:30:05,180 - STARTING LOOP
INFO: 2026-03-24 08:30:05,181 - Nothing to insert into the database!
INFO: 2026-03-24 08:30:05,181 - FINISHED LOOP

INFO: 2026-03-24 08:35:07,016 - STARTING LOOP
INFO: 2026-03-24 08:35:07,017 - Nothing to insert into the database!
INFO: 2026-03-24 08:35:07,017 - FINISHED LOOP

INFO: 2026-03-24 08:40:06,946 - STARTING LOOP
INFO: 2026-03-24 08:40:06,947 - Nothing to insert into the database!
INFO: 2026-03-24 08:40:06,947 - FINISHED LOOP

INFO: 2026-03-24 08:45:05,744 - STARTING LOOP
INFO: 2026-03-24 08:45:05,745 - Nothing to insert into the database!
INFO: 2026-03-24 08:45:05,745 - FINISHED LOOP

INFO: 2026-03-24 08:50:07,589 - STARTING LOOP
INFO: 2026-03-24 08:50:07,590 - Nothing to insert into the database!
INFO: 2026-03-24 08:50:07,591 - FINISHED LOOP

INFO: 2026-03-24 08:55:04,773 - STARTING LOOP
INFO: 2026-03-24 08:55:04,774 - Nothing to insert into the database!
INFO: 2026-03-24 08:55:04,775 - FINISHED LOOP

INFO: 2026-03-24 09:00:05,810 - STARTING LOOP
INFO: 2026-03-24 09:00:05,811 - Nothing to insert into the database!
INFO: 2026-03-24 09:00:05,811 - FINISHED LOOP

INFO: 2026-03-24 09:07:38,558 - STARTING LOOP
INFO: 2026-03-24 09:07:38,558 - Nothing to insert into the database!
INFO: 2026-03-24 09:07:38,558 - FINISHED LOOP

INFO: 2026-03-24 09:10:22,860 - STARTING LOOP
INFO: 2026-03-24 09:10:22,860 - Nothing to insert into the database!
INFO: 2026-03-24 09:10:22,860 - FINISHED LOOP

INFO: 2026-03-24 09:19:13,019 - STARTING LOOP
INFO: 2026-03-24 09:19:13,020 - Nothing to insert into the database!
INFO: 2026-03-24 09:19:13,020 - FINISHED LOOP

INFO: 2026-03-24 09:20:04,450 - STARTING LOOP
INFO: 2026-03-24 09:20:04,451 - Nothing to insert into the database!
INFO: 2026-03-24 09:20:04,451 - FINISHED LOOP

INFO: 2026-03-24 09:25:06,871 - STARTING LOOP
INFO: 2026-03-24 09:25:06,872 - Nothing to insert into the database!
INFO: 2026-03-24 09:25:06,872 - FINISHED LOOP

INFO: 2026-03-24 09:30:07,146 - STARTING LOOP
INFO: 2026-03-24 09:30:07,146 - Nothing to insert into the database!
INFO: 2026-03-24 09:30:07,147 - FINISHED LOOP

INFO: 2026-03-24 09:38:41,465 - STARTING LOOP
INFO: 2026-03-24 09:38:41,467 - Nothing to insert into the database!
INFO: 2026-03-24 09:38:41,467 - FINISHED LOOP

INFO: 2026-03-24 09:41:44,079 - STARTING LOOP
INFO: 2026-03-24 09:41:44,082 - Nothing to insert into the database!
INFO: 2026-03-24 09:41:44,082 - FINISHED LOOP

INFO: 2026-03-24 10:00:06,855 - STARTING LOOP
INFO: 2026-03-24 10:00:06,856 - Nothing to insert into the database!
INFO: 2026-03-24 10:00:06,856 - FINISHED LOOP

INFO: 2026-03-24 10:05:04,662 - STARTING LOOP
INFO: 2026-03-24 10:05:04,663 - Nothing to insert into the database!
INFO: 2026-03-24 10:05:04,663 - FINISHED LOOP

INFO: 2026-03-24 10:10:10,691 - STARTING LOOP
INFO: 2026-03-24 10:10:10,694 - Nothing to insert into the database!
INFO: 2026-03-24 10:10:10,694 - FINISHED LOOP

INFO: 2026-03-24 10:17:59,142 - STARTING LOOP
INFO: 2026-03-24 10:17:59,143 - Nothing to insert into the database!
INFO: 2026-03-24 10:17:59,144 - FINISHED LOOP

INFO: 2026-03-24 10:20:08,630 - STARTING LOOP
INFO: 2026-03-24 10:20:08,632 - Nothing to insert into the database!
INFO: 2026-03-24 10:20:08,632 - FINISHED LOOP

INFO: 2026-03-24 10:25:05,912 - STARTING LOOP
INFO: 2026-03-24 10:25:05,913 - Nothing to insert into the database!
INFO: 2026-03-24 10:25:05,913 - FINISHED LOOP

INFO: 2026-03-24 10:30:06,890 - STARTING LOOP
INFO: 2026-03-24 10:30:06,891 - Nothing to insert into the database!
INFO: 2026-03-24 10:30:06,891 - FINISHED LOOP

INFO: 2026-03-24 10:35:05,804 - STARTING LOOP
INFO: 2026-03-24 10:35:05,805 - Nothing to insert into the database!
INFO: 2026-03-24 10:35:05,805 - FINISHED LOOP

INFO: 2026-03-24 10:40:06,340 - STARTING LOOP
INFO: 2026-03-24 10:40:06,340 - Nothing to insert into the database!
INFO: 2026-03-24 10:40:06,340 - FINISHED LOOP

INFO: 2026-03-24 10:45:05,449 - STARTING LOOP
INFO: 2026-03-24 10:45:05,450 - Nothing to insert into the database!
INFO: 2026-03-24 10:45:05,450 - FINISHED LOOP

INFO: 2026-03-24 10:50:06,582 - STARTING LOOP
INFO: 2026-03-24 10:50:06,584 - Nothing to insert into the database!
INFO: 2026-03-24 10:50:06,584 - FINISHED LOOP

INFO: 2026-03-24 10:55:05,943 - STARTING LOOP
INFO: 2026-03-24 10:55:05,944 - Nothing to insert into the database!
INFO: 2026-03-24 10:55:05,944 - FINISHED LOOP

INFO: 2026-03-24 11:00:06,376 - STARTING LOOP
INFO: 2026-03-24 11:00:06,376 - Nothing to insert into the database!
INFO: 2026-03-24 11:00:06,377 - FINISHED LOOP

INFO: 2026-03-24 11:05:05,823 - STARTING LOOP
INFO: 2026-03-24 11:05:05,823 - Nothing to insert into the database!
INFO: 2026-03-24 11:05:05,824 - FINISHED LOOP

INFO: 2026-03-24 11:10:05,379 - STARTING LOOP
INFO: 2026-03-24 11:10:05,380 - Nothing to insert into the database!
INFO: 2026-03-24 11:10:05,380 - FINISHED LOOP

INFO: 2026-03-24 11:15:15,587 - STARTING LOOP
INFO: 2026-03-24 11:15:15,587 - Nothing to insert into the database!
INFO: 2026-03-24 11:15:15,588 - FINISHED LOOP

INFO: 2026-03-24 11:20:06,582 - STARTING LOOP
INFO: 2026-03-24 11:20:06,583 - Nothing to insert into the database!
INFO: 2026-03-24 11:20:06,583 - FINISHED LOOP

INFO: 2026-03-24 11:25:06,344 - STARTING LOOP
INFO: 2026-03-24 11:25:06,345 - Nothing to insert into the database!
INFO: 2026-03-24 11:25:06,345 - FINISHED LOOP

INFO: 2026-03-24 11:30:07,148 - STARTING LOOP
INFO: 2026-03-24 11:30:07,149 - Nothing to insert into the database!
INFO: 2026-03-24 11:30:07,149 - FINISHED LOOP

INFO: 2026-03-24 11:35:07,166 - STARTING LOOP
INFO: 2026-03-24 11:35:07,167 - Nothing to insert into the database!
INFO: 2026-03-24 11:35:07,167 - FINISHED LOOP

INFO: 2026-03-24 11:40:07,310 - STARTING LOOP
INFO: 2026-03-24 11:40:07,312 - Nothing to insert into the database!
INFO: 2026-03-24 11:40:07,312 - FINISHED LOOP

INFO: 2026-03-24 11:45:05,921 - STARTING LOOP
INFO: 2026-03-24 11:45:05,922 - Nothing to insert into the database!
INFO: 2026-03-24 11:45:05,922 - FINISHED LOOP

INFO: 2026-03-24 11:50:19,116 - STARTING LOOP
INFO: 2026-03-24 11:50:19,118 - Inserting file snov--2002111__hlm-prison-research-1.csv...
INFO: 2026-03-24 11:50:19,906 - DONE!
INFO: 2026-03-24 11:50:19,912 - Saving for project 2002111 - hlm_prison_research
INFO: 2026-03-24 11:50:19,948 - DONE!
INFO: 2026-03-24 11:50:21,000 - Inserting file aus-csuite-vp.csv...
INFO: 2026-03-24 11:50:23,193 - DONE!
INFO: 2026-03-24 11:50:24,269 - Inserting file germany-csuite-vp.csv...
INFO: 2026-03-24 11:50:26,393 - DONE!
INFO: 2026-03-24 11:50:27,468 - FINISHED LOOP

saving new records...
inserted 218 new records
failed converting to list in the column: 
other_emails
updating 21 records
success!
saving new records...
inserted 639 new records
failed converting to list in the column: 
other_emails
updating 175 records
saving new records...
inserted 679 new records
failed converting to list in the column: 
other_emails
failed converting to list in the column: 
projects_ids
updating 198 records
INFO: 2026-03-24 11:55:07,529 - STARTING LOOP
INFO: 2026-03-24 11:55:07,530 - Nothing to insert into the database!
INFO: 2026-03-24 11:55:07,530 - FINISHED LOOP

INFO: 2026-03-24 12:00:08,612 - STARTING LOOP
INFO: 2026-03-24 12:00:08,614 - Inserting file vanguard-323.csv...
INFO: 2026-03-24 12:00:11,501 - DONE!
INFO: 2026-03-24 12:00:12,570 - FINISHED LOOP

saving new records...
inserted 876 new records
failed converting to list in the column: 
other_emails
failed converting to list in the column: 
projects_ids
updating 162 records
INFO: 2026-03-24 12:05:07,830 - STARTING LOOP
INFO: 2026-03-24 12:05:07,830 - Nothing to insert into the database!
INFO: 2026-03-24 12:05:07,831 - FINISHED LOOP

INFO: 2026-03-24 12:10:06,639 - STARTING LOOP
INFO: 2026-03-24 12:10:06,641 - Nothing to insert into the database!
INFO: 2026-03-24 12:10:06,641 - FINISHED LOOP

INFO: 2026-03-24 12:15:06,668 - STARTING LOOP
INFO: 2026-03-24 12:15:06,669 - Nothing to insert into the database!
INFO: 2026-03-24 12:15:06,669 - FINISHED LOOP

INFO: 2026-03-24 12:20:08,130 - STARTING LOOP
INFO: 2026-03-24 12:20:08,132 - Nothing to insert into the database!
INFO: 2026-03-24 12:20:08,132 - FINISHED LOOP

INFO: 2026-03-24 12:25:08,379 - STARTING LOOP
INFO: 2026-03-24 12:25:08,381 - Nothing to insert into the database!
INFO: 2026-03-24 12:25:08,381 - FINISHED LOOP

INFO: 2026-03-24 12:30:11,705 - STARTING LOOP
INFO: 2026-03-24 12:30:11,706 - Nothing to insert into the database!
INFO: 2026-03-24 12:30:11,706 - FINISHED LOOP

INFO: 2026-03-24 12:35:10,787 - STARTING LOOP
INFO: 2026-03-24 12:35:10,788 - Nothing to insert into the database!
INFO: 2026-03-24 12:35:10,788 - FINISHED LOOP

INFO: 2026-03-24 12:40:06,405 - STARTING LOOP
INFO: 2026-03-24 12:40:06,406 - Nothing to insert into the database!
INFO: 2026-03-24 12:40:06,406 - FINISHED LOOP

INFO: 2026-03-24 12:45:07,530 - STARTING LOOP
INFO: 2026-03-24 12:45:07,531 - Nothing to insert into the database!
INFO: 2026-03-24 12:45:07,531 - FINISHED LOOP

INFO: 2026-03-24 12:50:07,771 - STARTING LOOP
INFO: 2026-03-24 12:50:07,772 - Nothing to insert into the database!
INFO: 2026-03-24 12:50:07,773 - FINISHED LOOP

INFO: 2026-03-24 12:55:06,132 - STARTING LOOP
INFO: 2026-03-24 12:55:06,133 - Nothing to insert into the database!
INFO: 2026-03-24 12:55:06,133 - FINISHED LOOP

INFO: 2026-03-24 13:00:07,407 - STARTING LOOP
INFO: 2026-03-24 13:00:07,408 - Nothing to insert into the database!
INFO: 2026-03-24 13:00:07,409 - FINISHED LOOP

INFO: 2026-03-24 13:05:14,970 - STARTING LOOP
INFO: 2026-03-24 13:05:14,971 - Nothing to insert into the database!
INFO: 2026-03-24 13:05:14,972 - FINISHED LOOP

INFO: 2026-03-24 13:10:06,797 - STARTING LOOP
INFO: 2026-03-24 13:10:06,798 - Nothing to insert into the database!
INFO: 2026-03-24 13:10:06,798 - FINISHED LOOP

INFO: 2026-03-24 13:15:07,328 - STARTING LOOP
INFO: 2026-03-24 13:15:07,329 - Nothing to insert into the database!
INFO: 2026-03-24 13:15:07,329 - FINISHED LOOP

INFO: 2026-03-24 13:21:01,518 - STARTING LOOP
INFO: 2026-03-24 13:21:01,519 - Nothing to insert into the database!
INFO: 2026-03-24 13:21:01,519 - FINISHED LOOP

INFO: 2026-03-24 13:25:06,191 - STARTING LOOP
INFO: 2026-03-24 13:25:06,192 - Nothing to insert into the database!
INFO: 2026-03-24 13:25:06,192 - FINISHED LOOP

INFO: 2026-03-24 13:31:11,617 - STARTING LOOP
INFO: 2026-03-24 13:31:11,618 - Nothing to insert into the database!
INFO: 2026-03-24 13:31:11,618 - FINISHED LOOP

INFO: 2026-03-24 13:35:11,781 - STARTING LOOP
INFO: 2026-03-24 13:35:11,782 - Nothing to insert into the database!
INFO: 2026-03-24 13:35:11,782 - FINISHED LOOP

INFO: 2026-03-24 13:40:07,106 - STARTING LOOP
INFO: 2026-03-24 13:40:07,108 - Nothing to insert into the database!
INFO: 2026-03-24 13:40:07,108 - FINISHED LOOP

INFO: 2026-03-24 13:45:06,759 - STARTING LOOP
INFO: 2026-03-24 13:45:06,760 - Nothing to insert into the database!
INFO: 2026-03-24 13:45:06,760 - FINISHED LOOP

INFO: 2026-03-24 13:50:06,546 - STARTING LOOP
INFO: 2026-03-24 13:50:06,548 - Nothing to insert into the database!
INFO: 2026-03-24 13:50:06,548 - FINISHED LOOP

INFO: 2026-03-24 13:58:04,320 - STARTING LOOP
INFO: 2026-03-24 13:58:04,322 - Nothing to insert into the database!
INFO: 2026-03-24 13:58:04,322 - FINISHED LOOP

INFO: 2026-03-24 14:00:06,206 - STARTING LOOP
INFO: 2026-03-24 14:00:06,207 - Nothing to insert into the database!
INFO: 2026-03-24 14:00:06,207 - FINISHED LOOP

INFO: 2026-03-24 14:05:05,429 - STARTING LOOP
INFO: 2026-03-24 14:05:05,431 - Nothing to insert into the database!
INFO: 2026-03-24 14:05:05,431 - FINISHED LOOP

INFO: 2026-03-24 14:10:06,859 - STARTING LOOP
INFO: 2026-03-24 14:10:06,861 - Nothing to insert into the database!
INFO: 2026-03-24 14:10:06,861 - FINISHED LOOP

INFO: 2026-03-24 14:15:08,248 - STARTING LOOP
INFO: 2026-03-24 14:15:08,250 - Nothing to insert into the database!
INFO: 2026-03-24 14:15:08,250 - FINISHED LOOP

INFO: 2026-03-24 14:20:07,909 - STARTING LOOP
INFO: 2026-03-24 14:20:07,910 - Nothing to insert into the database!
INFO: 2026-03-24 14:20:07,910 - FINISHED LOOP

INFO: 2026-03-24 14:25:06,683 - STARTING LOOP
INFO: 2026-03-24 14:25:06,684 - Nothing to insert into the database!
INFO: 2026-03-24 14:25:06,684 - FINISHED LOOP

INFO: 2026-03-24 14:30:08,935 - STARTING LOOP
INFO: 2026-03-24 14:30:08,936 - Nothing to insert into the database!
INFO: 2026-03-24 14:30:08,936 - FINISHED LOOP

INFO: 2026-03-24 14:35:07,233 - STARTING LOOP
INFO: 2026-03-24 14:35:07,235 - Nothing to insert into the database!
INFO: 2026-03-24 14:35:07,235 - FINISHED LOOP

INFO: 2026-03-24 14:40:08,031 - STARTING LOOP
INFO: 2026-03-24 14:40:08,032 - Nothing to insert into the database!
INFO: 2026-03-24 14:40:08,032 - FINISHED LOOP

INFO: 2026-03-24 14:45:08,551 - STARTING LOOP
INFO: 2026-03-24 14:45:08,553 - Nothing to insert into the database!
INFO: 2026-03-24 14:45:08,553 - FINISHED LOOP

INFO: 2026-03-24 14:50:07,547 - STARTING LOOP
INFO: 2026-03-24 14:50:07,549 - Nothing to insert into the database!
INFO: 2026-03-24 14:50:07,550 - FINISHED LOOP

INFO: 2026-03-24 14:55:16,055 - STARTING LOOP
INFO: 2026-03-24 14:55:16,056 - Nothing to insert into the database!
INFO: 2026-03-24 14:55:16,056 - FINISHED LOOP

INFO: 2026-03-24 15:00:07,439 - STARTING LOOP
INFO: 2026-03-24 15:00:07,440 - Nothing to insert into the database!
INFO: 2026-03-24 15:00:07,440 - FINISHED LOOP

INFO: 2026-03-24 15:05:07,659 - STARTING LOOP
INFO: 2026-03-24 15:05:07,661 - Nothing to insert into the database!
INFO: 2026-03-24 15:05:07,661 - FINISHED LOOP

INFO: 2026-03-24 15:10:06,569 - STARTING LOOP
INFO: 2026-03-24 15:10:06,570 - Nothing to insert into the database!
INFO: 2026-03-24 15:10:06,570 - FINISHED LOOP

INFO: 2026-03-24 15:15:10,250 - STARTING LOOP
INFO: 2026-03-24 15:15:10,251 - Nothing to insert into the database!
INFO: 2026-03-24 15:15:10,251 - FINISHED LOOP

INFO: 2026-03-24 15:20:09,335 - STARTING LOOP
INFO: 2026-03-24 15:20:09,336 - Nothing to insert into the database!
INFO: 2026-03-24 15:20:09,336 - FINISHED LOOP

INFO: 2026-03-24 15:25:07,939 - STARTING LOOP
INFO: 2026-03-24 15:25:07,940 - Nothing to insert into the database!
INFO: 2026-03-24 15:25:07,941 - FINISHED LOOP

INFO: 2026-03-24 15:30:09,474 - STARTING LOOP
INFO: 2026-03-24 15:30:09,476 - Nothing to insert into the database!
INFO: 2026-03-24 15:30:09,476 - FINISHED LOOP

INFO: 2026-03-24 15:35:08,266 - STARTING LOOP
INFO: 2026-03-24 15:35:08,267 - Nothing to insert into the database!
INFO: 2026-03-24 15:35:08,267 - FINISHED LOOP

INFO: 2026-03-24 15:40:08,445 - STARTING LOOP
INFO: 2026-03-24 15:40:08,447 - Nothing to insert into the database!
INFO: 2026-03-24 15:40:08,447 - FINISHED LOOP

INFO: 2026-03-24 15:45:07,088 - STARTING LOOP
INFO: 2026-03-24 15:45:07,088 - Nothing to insert into the database!
INFO: 2026-03-24 15:45:07,088 - FINISHED LOOP

INFO: 2026-03-24 15:50:05,762 - STARTING LOOP
INFO: 2026-03-24 15:50:05,764 - Nothing to insert into the database!
INFO: 2026-03-24 15:50:05,764 - FINISHED LOOP

INFO: 2026-03-24 15:55:06,538 - STARTING LOOP
INFO: 2026-03-24 15:55:06,541 - Nothing to insert into the database!
INFO: 2026-03-24 15:55:06,541 - FINISHED LOOP

INFO: 2026-03-24 16:00:05,750 - STARTING LOOP
INFO: 2026-03-24 16:00:05,751 - Nothing to insert into the database!
INFO: 2026-03-24 16:00:05,752 - FINISHED LOOP

INFO: 2026-03-24 16:05:05,299 - STARTING LOOP
INFO: 2026-03-24 16:05:05,301 - Nothing to insert into the database!
INFO: 2026-03-24 16:05:05,301 - FINISHED LOOP

INFO: 2026-03-24 16:10:05,890 - STARTING LOOP
INFO: 2026-03-24 16:10:05,891 - Nothing to insert into the database!
INFO: 2026-03-24 16:10:05,891 - FINISHED LOOP

INFO: 2026-03-24 16:15:05,643 - STARTING LOOP
INFO: 2026-03-24 16:15:05,644 - Nothing to insert into the database!
INFO: 2026-03-24 16:15:05,644 - FINISHED LOOP

INFO: 2026-03-24 16:20:07,481 - STARTING LOOP
INFO: 2026-03-24 16:20:07,482 - Nothing to insert into the database!
INFO: 2026-03-24 16:20:07,483 - FINISHED LOOP

INFO: 2026-03-24 16:25:07,499 - STARTING LOOP
INFO: 2026-03-24 16:25:07,500 - Nothing to insert into the database!
INFO: 2026-03-24 16:25:07,500 - FINISHED LOOP

INFO: 2026-03-24 16:30:07,347 - STARTING LOOP
INFO: 2026-03-24 16:30:07,348 - Nothing to insert into the database!
INFO: 2026-03-24 16:30:07,348 - FINISHED LOOP

INFO: 2026-03-24 16:35:06,444 - STARTING LOOP
INFO: 2026-03-24 16:35:06,446 - Nothing to insert into the database!
INFO: 2026-03-24 16:35:06,446 - FINISHED LOOP

INFO: 2026-03-24 16:40:06,435 - STARTING LOOP
INFO: 2026-03-24 16:40:06,437 - Nothing to insert into the database!
INFO: 2026-03-24 16:40:06,437 - FINISHED LOOP

INFO: 2026-03-24 16:45:06,353 - STARTING LOOP
INFO: 2026-03-24 16:45:06,354 - Nothing to insert into the database!
INFO: 2026-03-24 16:45:06,355 - FINISHED LOOP

INFO: 2026-03-24 16:50:07,746 - STARTING LOOP
INFO: 2026-03-24 16:50:07,748 - Nothing to insert into the database!
INFO: 2026-03-24 16:50:07,748 - FINISHED LOOP

INFO: 2026-03-24 16:55:06,260 - STARTING LOOP
INFO: 2026-03-24 16:55:06,262 - Nothing to insert into the database!
INFO: 2026-03-24 16:55:06,262 - FINISHED LOOP

INFO: 2026-03-24 17:00:06,235 - STARTING LOOP
INFO: 2026-03-24 17:00:06,237 - Nothing to insert into the database!
INFO: 2026-03-24 17:00:06,237 - FINISHED LOOP

INFO: 2026-03-24 17:05:07,322 - STARTING LOOP
INFO: 2026-03-24 17:05:07,323 - Nothing to insert into the database!
INFO: 2026-03-24 17:05:07,324 - FINISHED LOOP

INFO: 2026-03-24 17:10:06,192 - STARTING LOOP
INFO: 2026-03-24 17:10:06,194 - Nothing to insert into the database!
INFO: 2026-03-24 17:10:06,194 - FINISHED LOOP

INFO: 2026-03-24 17:15:07,723 - STARTING LOOP
INFO: 2026-03-24 17:15:07,725 - Nothing to insert into the database!
INFO: 2026-03-24 17:15:07,725 - FINISHED LOOP

INFO: 2026-03-24 17:20:05,622 - STARTING LOOP
INFO: 2026-03-24 17:20:05,623 - Nothing to insert into the database!
INFO: 2026-03-24 17:20:05,623 - FINISHED LOOP

INFO: 2026-03-24 17:25:05,261 - STARTING LOOP
INFO: 2026-03-24 17:25:05,263 - Nothing to insert into the database!
INFO: 2026-03-24 17:25:05,263 - FINISHED LOOP

INFO: 2026-03-24 17:30:07,161 - STARTING LOOP
INFO: 2026-03-24 17:30:07,162 - Nothing to insert into the database!
INFO: 2026-03-24 17:30:07,162 - FINISHED LOOP

INFO: 2026-03-24 17:35:09,505 - STARTING LOOP
INFO: 2026-03-24 17:35:09,506 - Nothing to insert into the database!
INFO: 2026-03-24 17:35:09,506 - FINISHED LOOP

INFO: 2026-03-24 17:40:06,771 - STARTING LOOP
INFO: 2026-03-24 17:40:06,772 - Nothing to insert into the database!
INFO: 2026-03-24 17:40:06,773 - FINISHED LOOP

INFO: 2026-03-24 17:45:09,049 - STARTING LOOP
INFO: 2026-03-24 17:45:09,050 - Nothing to insert into the database!
INFO: 2026-03-24 17:45:09,050 - FINISHED LOOP

INFO: 2026-03-24 17:50:05,631 - STARTING LOOP
INFO: 2026-03-24 17:50:05,632 - Nothing to insert into the database!
INFO: 2026-03-24 17:50:05,632 - FINISHED LOOP

INFO: 2026-03-24 17:55:04,944 - STARTING LOOP
INFO: 2026-03-24 17:55:04,946 - Nothing to insert into the database!
INFO: 2026-03-24 17:55:04,946 - FINISHED LOOP

INFO: 2026-03-24 18:00:06,057 - STARTING LOOP
INFO: 2026-03-24 18:00:06,058 - Nothing to insert into the database!
INFO: 2026-03-24 18:00:06,059 - FINISHED LOOP

INFO: 2026-03-24 18:05:05,376 - STARTING LOOP
INFO: 2026-03-24 18:05:05,378 - Nothing to insert into the database!
INFO: 2026-03-24 18:05:05,378 - FINISHED LOOP

INFO: 2026-03-24 18:10:05,194 - STARTING LOOP
INFO: 2026-03-24 18:10:05,195 - Nothing to insert into the database!
INFO: 2026-03-24 18:10:05,195 - FINISHED LOOP

INFO: 2026-03-24 18:15:05,784 - STARTING LOOP
INFO: 2026-03-24 18:15:05,785 - Nothing to insert into the database!
INFO: 2026-03-24 18:15:05,785 - FINISHED LOOP

INFO: 2026-03-24 18:20:06,419 - STARTING LOOP
INFO: 2026-03-24 18:20:06,420 - Nothing to insert into the database!
INFO: 2026-03-24 18:20:06,420 - FINISHED LOOP

INFO: 2026-03-24 18:25:04,876 - STARTING LOOP
INFO: 2026-03-24 18:25:04,878 - Nothing to insert into the database!
INFO: 2026-03-24 18:25:04,878 - FINISHED LOOP

INFO: 2026-03-24 18:30:05,926 - STARTING LOOP
INFO: 2026-03-24 18:30:05,927 - Nothing to insert into the database!
INFO: 2026-03-24 18:30:05,927 - FINISHED LOOP

INFO: 2026-03-24 18:35:05,182 - STARTING LOOP
INFO: 2026-03-24 18:35:05,184 - Nothing to insert into the database!
INFO: 2026-03-24 18:35:05,184 - FINISHED LOOP

INFO: 2026-03-24 18:40:07,300 - STARTING LOOP
INFO: 2026-03-24 18:40:07,302 - Nothing to insert into the database!
INFO: 2026-03-24 18:40:07,302 - FINISHED LOOP

INFO: 2026-03-24 18:46:36,585 - STARTING LOOP
INFO: 2026-03-24 18:46:36,586 - Nothing to insert into the database!
INFO: 2026-03-24 18:46:36,586 - FINISHED LOOP

INFO: 2026-03-24 19:20:20,049 - STARTING LOOP
INFO: 2026-03-24 19:20:20,050 - Nothing to insert into the database!
INFO: 2026-03-24 19:20:20,050 - FINISHED LOOP

INFO: 2026-03-24 19:25:28,624 - STARTING LOOP
INFO: 2026-03-24 19:25:28,625 - Nothing to insert into the database!
INFO: 2026-03-24 19:25:28,625 - FINISHED LOOP

INFO: 2026-03-24 19:31:45,389 - STARTING LOOP
INFO: 2026-03-24 19:31:45,390 - Nothing to insert into the database!
INFO: 2026-03-24 19:31:45,390 - FINISHED LOOP

INFO: 2026-03-24 19:42:47,921 - STARTING LOOP
INFO: 2026-03-24 19:42:47,923 - Nothing to insert into the database!
INFO: 2026-03-24 19:42:47,923 - FINISHED LOOP

INFO: 2026-03-24 19:46:29,250 - STARTING LOOP
INFO: 2026-03-24 19:46:29,251 - Nothing to insert into the database!
INFO: 2026-03-24 19:46:29,251 - FINISHED LOOP

INFO: 2026-03-24 20:00:06,665 - STARTING LOOP
INFO: 2026-03-24 20:00:06,672 - Nothing to insert into the database!
INFO: 2026-03-24 20:00:06,672 - FINISHED LOOP

INFO: 2026-03-24 20:05:04,166 - STARTING LOOP
INFO: 2026-03-24 20:05:04,167 - Nothing to insert into the database!
INFO: 2026-03-24 20:05:04,167 - FINISHED LOOP

INFO: 2026-03-24 20:24:51,923 - STARTING LOOP
INFO: 2026-03-24 20:24:51,924 - Nothing to insert into the database!
INFO: 2026-03-24 20:24:51,924 - FINISHED LOOP

INFO: 2026-03-24 20:25:05,415 - STARTING LOOP
INFO: 2026-03-24 20:25:05,415 - Nothing to insert into the database!
INFO: 2026-03-24 20:25:05,415 - FINISHED LOOP

INFO: 2026-03-24 20:45:44,001 - STARTING LOOP
INFO: 2026-03-24 20:45:44,002 - Nothing to insert into the database!
INFO: 2026-03-24 20:45:44,002 - FINISHED LOOP

INFO: 2026-03-24 21:11:48,947 - STARTING LOOP
INFO: 2026-03-24 21:11:48,948 - Nothing to insert into the database!
INFO: 2026-03-24 21:11:48,948 - FINISHED LOOP

INFO: 2026-03-24 21:15:25,682 - STARTING LOOP
INFO: 2026-03-24 21:15:25,683 - Nothing to insert into the database!
INFO: 2026-03-24 21:15:25,683 - FINISHED LOOP

INFO: 2026-03-24 21:22:54,969 - STARTING LOOP
INFO: 2026-03-24 21:22:54,969 - Nothing to insert into the database!
INFO: 2026-03-24 21:22:54,969 - FINISHED LOOP

INFO: 2026-03-24 21:50:05,835 - STARTING LOOP
INFO: 2026-03-24 21:50:05,836 - Nothing to insert into the database!
INFO: 2026-03-24 21:50:05,837 - FINISHED LOOP

INFO: 2026-03-24 22:26:58,198 - STARTING LOOP
INFO: 2026-03-24 22:26:58,199 - Nothing to insert into the database!
INFO: 2026-03-24 22:26:58,199 - FINISHED LOOP

INFO: 2026-03-25 00:25:14,393 - STARTING LOOP
INFO: 2026-03-25 00:25:14,394 - Nothing to insert into the database!
INFO: 2026-03-25 00:25:14,394 - FINISHED LOOP

INFO: 2026-03-25 03:40:24,104 - STARTING LOOP
INFO: 2026-03-25 03:40:24,105 - Nothing to insert into the database!
INFO: 2026-03-25 03:40:24,105 - FINISHED LOOP

INFO: 2026-03-25 06:29:13,097 - STARTING LOOP
INFO: 2026-03-25 06:29:13,098 - Nothing to insert into the database!
INFO: 2026-03-25 06:29:13,098 - FINISHED LOOP

INFO: 2026-03-25 06:48:50,941 - STARTING LOOP
INFO: 2026-03-25 06:48:50,942 - Nothing to insert into the database!
INFO: 2026-03-25 06:48:50,942 - FINISHED LOOP

INFO: 2026-03-25 07:08:49,912 - STARTING LOOP
INFO: 2026-03-25 07:08:49,913 - Nothing to insert into the database!
INFO: 2026-03-25 07:08:49,913 - FINISHED LOOP

INFO: 2026-03-25 07:14:13,926 - STARTING LOOP
INFO: 2026-03-25 07:14:13,927 - Nothing to insert into the database!
INFO: 2026-03-25 07:14:13,927 - FINISHED LOOP

INFO: 2026-03-25 07:19:27,637 - STARTING LOOP
INFO: 2026-03-25 07:19:27,638 - Nothing to insert into the database!
INFO: 2026-03-25 07:19:27,638 - FINISHED LOOP

INFO: 2026-03-25 07:24:19,315 - STARTING LOOP
INFO: 2026-03-25 07:24:19,337 - Nothing to insert into the database!
INFO: 2026-03-25 07:24:19,337 - FINISHED LOOP

INFO: 2026-03-25 07:32:09,547 - STARTING LOOP
INFO: 2026-03-25 07:32:09,548 - Nothing to insert into the database!
INFO: 2026-03-25 07:32:09,548 - FINISHED LOOP

INFO: 2026-03-25 07:32:13,218 - STARTING LOOP
INFO: 2026-03-25 07:32:13,218 - Nothing to insert into the database!
INFO: 2026-03-25 07:32:13,218 - FINISHED LOOP

INFO: 2026-03-25 07:35:04,838 - STARTING LOOP
INFO: 2026-03-25 07:35:04,838 - Nothing to insert into the database!
INFO: 2026-03-25 07:35:04,839 - FINISHED LOOP

INFO: 2026-03-25 07:45:17,832 - STARTING LOOP
INFO: 2026-03-25 07:45:17,832 - Nothing to insert into the database!
INFO: 2026-03-25 07:45:17,832 - FINISHED LOOP

INFO: 2026-03-25 07:51:45,839 - STARTING LOOP
INFO: 2026-03-25 07:51:45,839 - Nothing to insert into the database!
INFO: 2026-03-25 07:51:45,839 - FINISHED LOOP

INFO: 2026-03-25 08:15:26,623 - STARTING LOOP
INFO: 2026-03-25 08:15:26,623 - Nothing to insert into the database!
INFO: 2026-03-25 08:15:26,623 - FINISHED LOOP

INFO: 2026-03-25 08:22:52,802 - STARTING LOOP
INFO: 2026-03-25 08:22:52,803 - Nothing to insert into the database!
INFO: 2026-03-25 08:22:52,803 - FINISHED LOOP

INFO: 2026-03-25 08:28:54,051 - STARTING LOOP
INFO: 2026-03-25 08:28:54,052 - Nothing to insert into the database!
INFO: 2026-03-25 08:28:54,052 - FINISHED LOOP

INFO: 2026-03-25 08:45:25,046 - STARTING LOOP
INFO: 2026-03-25 08:45:25,047 - Nothing to insert into the database!
INFO: 2026-03-25 08:45:25,047 - FINISHED LOOP

INFO: 2026-03-25 08:50:20,905 - STARTING LOOP
INFO: 2026-03-25 08:50:20,906 - Nothing to insert into the database!
INFO: 2026-03-25 08:50:20,906 - FINISHED LOOP

INFO: 2026-03-25 08:55:24,869 - STARTING LOOP
INFO: 2026-03-25 08:55:24,870 - Nothing to insert into the database!
INFO: 2026-03-25 08:55:24,870 - FINISHED LOOP

INFO: 2026-03-25 09:00:16,711 - STARTING LOOP
INFO: 2026-03-25 09:00:16,712 - Nothing to insert into the database!
INFO: 2026-03-25 09:00:16,713 - FINISHED LOOP

INFO: 2026-03-25 09:05:08,774 - STARTING LOOP
INFO: 2026-03-25 09:05:08,775 - Nothing to insert into the database!
INFO: 2026-03-25 09:05:08,775 - FINISHED LOOP

INFO: 2026-03-25 09:11:32,771 - STARTING LOOP
INFO: 2026-03-25 09:11:32,773 - Nothing to insert into the database!
INFO: 2026-03-25 09:11:32,773 - FINISHED LOOP

INFO: 2026-03-25 09:18:20,216 - STARTING LOOP
INFO: 2026-03-25 09:18:20,217 - Nothing to insert into the database!
INFO: 2026-03-25 09:18:20,217 - FINISHED LOOP

INFO: 2026-03-25 09:20:09,917 - STARTING LOOP
INFO: 2026-03-25 09:20:09,919 - Nothing to insert into the database!
INFO: 2026-03-25 09:20:09,919 - FINISHED LOOP

INFO: 2026-03-25 09:25:08,246 - STARTING LOOP
INFO: 2026-03-25 09:25:08,248 - Nothing to insert into the database!
INFO: 2026-03-25 09:25:08,248 - FINISHED LOOP

INFO: 2026-03-25 09:30:08,696 - STARTING LOOP
INFO: 2026-03-25 09:30:08,697 - Nothing to insert into the database!
INFO: 2026-03-25 09:30:08,697 - FINISHED LOOP

INFO: 2026-03-25 09:35:07,245 - STARTING LOOP
INFO: 2026-03-25 09:35:07,246 - Nothing to insert into the database!
INFO: 2026-03-25 09:35:07,246 - FINISHED LOOP

INFO: 2026-03-25 09:40:06,746 - STARTING LOOP
INFO: 2026-03-25 09:40:06,748 - Nothing to insert into the database!
INFO: 2026-03-25 09:40:06,748 - FINISHED LOOP

INFO: 2026-03-25 09:45:08,920 - STARTING LOOP
INFO: 2026-03-25 09:45:08,922 - Nothing to insert into the database!
INFO: 2026-03-25 09:45:08,922 - FINISHED LOOP

INFO: 2026-03-25 09:50:07,640 - STARTING LOOP
INFO: 2026-03-25 09:50:07,642 - Nothing to insert into the database!
INFO: 2026-03-25 09:50:07,642 - FINISHED LOOP

INFO: 2026-03-25 09:55:07,501 - STARTING LOOP
INFO: 2026-03-25 09:55:07,502 - Nothing to insert into the database!
INFO: 2026-03-25 09:55:07,502 - FINISHED LOOP

INFO: 2026-03-25 10:00:08,381 - STARTING LOOP
INFO: 2026-03-25 10:00:08,383 - Nothing to insert into the database!
INFO: 2026-03-25 10:00:08,383 - FINISHED LOOP

INFO: 2026-03-25 10:05:52,606 - STARTING LOOP
INFO: 2026-03-25 10:05:52,608 - Nothing to insert into the database!
INFO: 2026-03-25 10:05:52,608 - FINISHED LOOP

INFO: 2026-03-25 10:11:29,281 - STARTING LOOP
INFO: 2026-03-25 10:11:29,282 - Nothing to insert into the database!
INFO: 2026-03-25 10:11:29,282 - FINISHED LOOP

INFO: 2026-03-25 10:15:07,913 - STARTING LOOP
INFO: 2026-03-25 10:15:07,914 - Nothing to insert into the database!
INFO: 2026-03-25 10:15:07,914 - FINISHED LOOP

INFO: 2026-03-25 10:20:06,781 - STARTING LOOP
INFO: 2026-03-25 10:20:06,782 - Nothing to insert into the database!
INFO: 2026-03-25 10:20:06,782 - FINISHED LOOP

INFO: 2026-03-25 10:25:05,436 - STARTING LOOP
INFO: 2026-03-25 10:25:05,437 - Nothing to insert into the database!
INFO: 2026-03-25 10:25:05,438 - FINISHED LOOP

INFO: 2026-03-25 10:30:08,154 - STARTING LOOP
INFO: 2026-03-25 10:30:08,155 - Nothing to insert into the database!
INFO: 2026-03-25 10:30:08,155 - FINISHED LOOP

INFO: 2026-03-25 10:35:07,430 - STARTING LOOP
INFO: 2026-03-25 10:35:07,431 - Nothing to insert into the database!
INFO: 2026-03-25 10:35:07,431 - FINISHED LOOP

INFO: 2026-03-25 10:40:07,021 - STARTING LOOP
INFO: 2026-03-25 10:40:07,022 - Nothing to insert into the database!
INFO: 2026-03-25 10:40:07,022 - FINISHED LOOP

INFO: 2026-03-25 10:45:05,889 - STARTING LOOP
INFO: 2026-03-25 10:45:05,891 - Nothing to insert into the database!
INFO: 2026-03-25 10:45:05,891 - FINISHED LOOP

INFO: 2026-03-25 10:50:07,406 - STARTING LOOP
INFO: 2026-03-25 10:50:07,408 - Nothing to insert into the database!
INFO: 2026-03-25 10:50:07,408 - FINISHED LOOP

INFO: 2026-03-25 10:55:06,778 - STARTING LOOP
INFO: 2026-03-25 10:55:06,780 - Nothing to insert into the database!
INFO: 2026-03-25 10:55:06,780 - FINISHED LOOP

INFO: 2026-03-25 11:00:08,259 - STARTING LOOP
INFO: 2026-03-25 11:00:08,260 - Nothing to insert into the database!
INFO: 2026-03-25 11:00:08,260 - FINISHED LOOP

INFO: 2026-03-25 11:05:08,332 - STARTING LOOP
INFO: 2026-03-25 11:05:08,334 - Nothing to insert into the database!
INFO: 2026-03-25 11:05:08,334 - FINISHED LOOP

INFO: 2026-03-25 11:12:28,888 - STARTING LOOP
INFO: 2026-03-25 11:12:28,889 - Nothing to insert into the database!
INFO: 2026-03-25 11:12:28,889 - FINISHED LOOP

INFO: 2026-03-25 11:15:08,503 - STARTING LOOP
INFO: 2026-03-25 11:15:08,504 - Nothing to insert into the database!
INFO: 2026-03-25 11:15:08,504 - FINISHED LOOP

INFO: 2026-03-25 11:22:52,520 - STARTING LOOP
INFO: 2026-03-25 11:22:52,521 - Nothing to insert into the database!
INFO: 2026-03-25 11:22:52,521 - FINISHED LOOP

INFO: 2026-03-25 11:25:08,353 - STARTING LOOP
INFO: 2026-03-25 11:25:08,355 - Nothing to insert into the database!
INFO: 2026-03-25 11:25:08,355 - FINISHED LOOP

INFO: 2026-03-25 11:30:08,180 - STARTING LOOP
INFO: 2026-03-25 11:30:08,181 - Nothing to insert into the database!
INFO: 2026-03-25 11:30:08,181 - FINISHED LOOP

INFO: 2026-03-25 11:35:07,648 - STARTING LOOP
INFO: 2026-03-25 11:35:07,649 - Nothing to insert into the database!
INFO: 2026-03-25 11:35:07,649 - FINISHED LOOP

INFO: 2026-03-25 11:40:06,614 - STARTING LOOP
INFO: 2026-03-25 11:40:06,615 - Nothing to insert into the database!
INFO: 2026-03-25 11:40:06,615 - FINISHED LOOP

INFO: 2026-03-25 11:45:08,327 - STARTING LOOP
INFO: 2026-03-25 11:45:08,328 - Nothing to insert into the database!
INFO: 2026-03-25 11:45:08,329 - FINISHED LOOP

INFO: 2026-03-25 11:50:08,294 - STARTING LOOP
INFO: 2026-03-25 11:50:08,295 - Nothing to insert into the database!
INFO: 2026-03-25 11:50:08,296 - FINISHED LOOP

INFO: 2026-03-25 11:55:07,945 - STARTING LOOP
INFO: 2026-03-25 11:55:07,946 - Nothing to insert into the database!
INFO: 2026-03-25 11:55:07,947 - FINISHED LOOP

INFO: 2026-03-25 12:00:08,430 - STARTING LOOP
INFO: 2026-03-25 12:00:08,430 - Nothing to insert into the database!
INFO: 2026-03-25 12:00:08,430 - FINISHED LOOP

INFO: 2026-03-25 12:05:07,251 - STARTING LOOP
INFO: 2026-03-25 12:05:07,252 - Nothing to insert into the database!
INFO: 2026-03-25 12:05:07,252 - FINISHED LOOP

INFO: 2026-03-25 12:10:07,487 - STARTING LOOP
INFO: 2026-03-25 12:10:07,488 - Nothing to insert into the database!
INFO: 2026-03-25 12:10:07,488 - FINISHED LOOP

INFO: 2026-03-25 12:15:06,534 - STARTING LOOP
INFO: 2026-03-25 12:15:06,535 - Nothing to insert into the database!
INFO: 2026-03-25 12:15:06,535 - FINISHED LOOP

INFO: 2026-03-25 12:20:08,267 - STARTING LOOP
INFO: 2026-03-25 12:20:08,268 - Nothing to insert into the database!
INFO: 2026-03-25 12:20:08,269 - FINISHED LOOP

INFO: 2026-03-25 12:25:08,137 - STARTING LOOP
INFO: 2026-03-25 12:25:08,138 - Nothing to insert into the database!
INFO: 2026-03-25 12:25:08,138 - FINISHED LOOP

INFO: 2026-03-25 12:30:08,995 - STARTING LOOP
INFO: 2026-03-25 12:30:08,996 - Nothing to insert into the database!
INFO: 2026-03-25 12:30:08,996 - FINISHED LOOP

INFO: 2026-03-25 12:35:08,267 - STARTING LOOP
INFO: 2026-03-25 12:35:08,268 - Nothing to insert into the database!
INFO: 2026-03-25 12:35:08,268 - FINISHED LOOP

INFO: 2026-03-25 12:40:07,201 - STARTING LOOP
INFO: 2026-03-25 12:40:07,202 - Inserting file netherlands-architecture.csv...
INFO: 2026-03-25 12:40:10,475 - DONE!
INFO: 2026-03-25 12:40:11,536 - Inserting file uk-medtech.csv...
INFO: 2026-03-25 12:40:16,355 - DONE!
INFO: 2026-03-25 12:40:17,419 - FINISHED LOOP

saving new records...
inserted 1813 new records
failed converting to list in the column: 
other_emails
failed converting to list in the column: 
projects_ids
updating 31 records
saving new records...
inserted 1349 new records
failed converting to list in the column: 
other_emails
failed converting to list in the column: 
projects_ids
updating 191 records
INFO: 2026-03-25 12:45:09,253 - STARTING LOOP
INFO: 2026-03-25 12:45:09,254 - Nothing to insert into the database!
INFO: 2026-03-25 12:45:09,254 - FINISHED LOOP

INFO: 2026-03-25 12:50:08,844 - STARTING LOOP
INFO: 2026-03-25 12:50:08,845 - Nothing to insert into the database!
INFO: 2026-03-25 12:50:08,845 - FINISHED LOOP

INFO: 2026-03-25 12:55:07,107 - STARTING LOOP
INFO: 2026-03-25 12:55:07,108 - Nothing to insert into the database!
INFO: 2026-03-25 12:55:07,108 - FINISHED LOOP

INFO: 2026-03-25 12:55:46,664 - STARTING LOOP
INFO: 2026-03-25 12:55:46,664 - Inserting file snov--1467231__uk-medtech.csv...
INFO: 2026-03-25 12:55:49,170 - DONE!
INFO: 2026-03-25 12:55:49,174 - Saving for project 1467231 - hsj_medical_sis_lists
INFO: 2026-03-25 12:55:49,281 - DONE!
INFO: 2026-03-25 12:55:50,287 - Inserting file snov--2002111__netherlands-architecture.csv...
INFO: 2026-03-25 12:55:52,745 - DONE!
INFO: 2026-03-25 12:55:52,747 - Saving for project 2002111 - hlm_prison_research
INFO: 2026-03-25 12:55:52,812 - DONE!
INFO: 2026-03-25 12:55:53,817 - FINISHED LOOP

INFO: 2026-03-25 13:15:12,024 - STARTING LOOP
INFO: 2026-03-25 13:15:12,063 - Nothing to insert into the database!
INFO: 2026-03-25 13:15:12,065 - FINISHED LOOP

INFO: 2026-03-25 13:20:06,753 - STARTING LOOP
INFO: 2026-03-25 13:20:06,754 - Nothing to insert into the database!
INFO: 2026-03-25 13:20:06,754 - FINISHED LOOP

INFO: 2026-03-25 13:25:05,082 - STARTING LOOP
INFO: 2026-03-25 13:25:05,083 - Nothing to insert into the database!
INFO: 2026-03-25 13:25:05,083 - FINISHED LOOP

INFO: 2026-03-25 13:30:09,189 - STARTING LOOP
INFO: 2026-03-25 13:30:09,191 - Nothing to insert into the database!
INFO: 2026-03-25 13:30:09,192 - FINISHED LOOP

INFO: 2026-03-25 13:35:08,137 - STARTING LOOP
INFO: 2026-03-25 13:35:08,138 - Nothing to insert into the database!
INFO: 2026-03-25 13:35:08,138 - FINISHED LOOP

INFO: 2026-03-25 13:40:06,353 - STARTING LOOP
INFO: 2026-03-25 13:40:06,355 - Nothing to insert into the database!
INFO: 2026-03-25 13:40:06,355 - FINISHED LOOP

INFO: 2026-03-25 13:45:06,469 - STARTING LOOP
INFO: 2026-03-25 13:45:06,471 - Nothing to insert into the database!
INFO: 2026-03-25 13:45:06,471 - FINISHED LOOP

INFO: 2026-03-25 13:50:06,837 - STARTING LOOP
INFO: 2026-03-25 13:50:06,838 - Nothing to insert into the database!
INFO: 2026-03-25 13:50:06,838 - FINISHED LOOP

INFO: 2026-03-25 13:55:08,204 - STARTING LOOP
INFO: 2026-03-25 13:55:08,205 - Nothing to insert into the database!
INFO: 2026-03-25 13:55:08,205 - FINISHED LOOP

INFO: 2026-03-25 14:00:07,231 - STARTING LOOP
INFO: 2026-03-25 14:00:07,232 - Nothing to insert into the database!
INFO: 2026-03-25 14:00:07,232 - FINISHED LOOP

INFO: 2026-03-25 14:06:03,531 - STARTING LOOP
INFO: 2026-03-25 14:06:03,532 - Nothing to insert into the database!
INFO: 2026-03-25 14:06:03,532 - FINISHED LOOP

INFO: 2026-03-25 14:10:29,436 - STARTING LOOP
INFO: 2026-03-25 14:10:29,437 - Nothing to insert into the database!
INFO: 2026-03-25 14:10:29,437 - FINISHED LOOP

INFO: 2026-03-25 14:15:06,092 - STARTING LOOP
INFO: 2026-03-25 14:15:06,093 - Nothing to insert into the database!
INFO: 2026-03-25 14:15:06,093 - FINISHED LOOP

INFO: 2026-03-25 14:20:08,684 - STARTING LOOP
INFO: 2026-03-25 14:20:08,686 - Nothing to insert into the database!
INFO: 2026-03-25 14:20:08,686 - FINISHED LOOP

INFO: 2026-03-25 14:25:16,775 - STARTING LOOP
INFO: 2026-03-25 14:25:16,776 - Nothing to insert into the database!
INFO: 2026-03-25 14:25:16,776 - FINISHED LOOP

INFO: 2026-03-25 14:30:15,384 - STARTING LOOP
INFO: 2026-03-25 14:30:15,384 - Nothing to insert into the database!
INFO: 2026-03-25 14:30:15,384 - FINISHED LOOP

INFO: 2026-03-25 14:35:07,959 - STARTING LOOP
INFO: 2026-03-25 14:35:07,962 - Nothing to insert into the database!
INFO: 2026-03-25 14:35:07,963 - FINISHED LOOP

INFO: 2026-03-25 14:40:07,206 - STARTING LOOP
INFO: 2026-03-25 14:40:07,208 - Nothing to insert into the database!
INFO: 2026-03-25 14:40:07,208 - FINISHED LOOP

INFO: 2026-03-25 14:45:08,098 - STARTING LOOP
INFO: 2026-03-25 14:45:08,099 - Nothing to insert into the database!
INFO: 2026-03-25 14:45:08,099 - FINISHED LOOP

INFO: 2026-03-25 14:50:07,520 - STARTING LOOP
INFO: 2026-03-25 14:50:07,522 - Nothing to insert into the database!
INFO: 2026-03-25 14:50:07,522 - FINISHED LOOP

INFO: 2026-03-25 14:55:06,681 - STARTING LOOP
INFO: 2026-03-25 14:55:06,683 - Nothing to insert into the database!
INFO: 2026-03-25 14:55:06,683 - FINISHED LOOP

INFO: 2026-03-25 15:00:07,815 - STARTING LOOP
INFO: 2026-03-25 15:00:07,816 - Nothing to insert into the database!
INFO: 2026-03-25 15:00:07,816 - FINISHED LOOP

INFO: 2026-03-25 15:05:08,440 - STARTING LOOP
INFO: 2026-03-25 15:05:08,441 - Nothing to insert into the database!
INFO: 2026-03-25 15:05:08,441 - FINISHED LOOP

INFO: 2026-03-25 15:10:08,218 - STARTING LOOP
INFO: 2026-03-25 15:10:08,220 - Nothing to insert into the database!
INFO: 2026-03-25 15:10:08,220 - FINISHED LOOP

INFO: 2026-03-25 15:15:06,458 - STARTING LOOP
INFO: 2026-03-25 15:15:06,459 - Nothing to insert into the database!
INFO: 2026-03-25 15:15:06,459 - FINISHED LOOP

INFO: 2026-03-25 15:20:08,665 - STARTING LOOP
INFO: 2026-03-25 15:20:08,667 - Nothing to insert into the database!
INFO: 2026-03-25 15:20:08,667 - FINISHED LOOP

INFO: 2026-03-25 15:25:07,853 - STARTING LOOP
INFO: 2026-03-25 15:25:07,854 - Nothing to insert into the database!
INFO: 2026-03-25 15:25:07,854 - FINISHED LOOP

INFO: 2026-03-25 15:30:07,231 - STARTING LOOP
INFO: 2026-03-25 15:30:07,233 - Nothing to insert into the database!
INFO: 2026-03-25 15:30:07,233 - FINISHED LOOP

INFO: 2026-03-25 15:35:05,420 - STARTING LOOP
INFO: 2026-03-25 15:35:05,422 - Nothing to insert into the database!
INFO: 2026-03-25 15:35:05,422 - FINISHED LOOP

INFO: 2026-03-25 15:40:06,265 - STARTING LOOP
INFO: 2026-03-25 15:40:06,266 - Nothing to insert into the database!
INFO: 2026-03-25 15:40:06,266 - FINISHED LOOP

INFO: 2026-03-25 15:45:06,163 - STARTING LOOP
INFO: 2026-03-25 15:45:06,164 - Nothing to insert into the database!
INFO: 2026-03-25 15:45:06,164 - FINISHED LOOP

INFO: 2026-03-25 15:50:08,804 - STARTING LOOP
INFO: 2026-03-25 15:50:08,805 - Nothing to insert into the database!
INFO: 2026-03-25 15:50:08,805 - FINISHED LOOP

INFO: 2026-03-25 15:55:06,833 - STARTING LOOP
INFO: 2026-03-25 15:55:06,834 - Nothing to insert into the database!
INFO: 2026-03-25 15:55:06,834 - FINISHED LOOP

INFO: 2026-03-25 16:00:07,606 - STARTING LOOP
INFO: 2026-03-25 16:00:07,607 - Nothing to insert into the database!
INFO: 2026-03-25 16:00:07,607 - FINISHED LOOP

INFO: 2026-03-25 16:05:06,668 - STARTING LOOP
INFO: 2026-03-25 16:05:06,669 - Nothing to insert into the database!
INFO: 2026-03-25 16:05:06,669 - FINISHED LOOP

INFO: 2026-03-25 16:10:05,538 - STARTING LOOP
INFO: 2026-03-25 16:10:05,539 - Nothing to insert into the database!
INFO: 2026-03-25 16:10:05,539 - FINISHED LOOP

INFO: 2026-03-25 16:15:04,690 - STARTING LOOP
INFO: 2026-03-25 16:15:04,691 - Nothing to insert into the database!
INFO: 2026-03-25 16:15:04,691 - FINISHED LOOP

INFO: 2026-03-25 16:20:07,155 - STARTING LOOP
INFO: 2026-03-25 16:20:07,156 - Nothing to insert into the database!
INFO: 2026-03-25 16:20:07,156 - FINISHED LOOP

INFO: 2026-03-25 16:25:05,266 - STARTING LOOP
INFO: 2026-03-25 16:25:05,267 - Nothing to insert into the database!
INFO: 2026-03-25 16:25:05,267 - FINISHED LOOP

INFO: 2026-03-25 16:30:07,208 - STARTING LOOP
INFO: 2026-03-25 16:30:07,209 - Nothing to insert into the database!
INFO: 2026-03-25 16:30:07,209 - FINISHED LOOP

INFO: 2026-03-25 16:35:04,760 - STARTING LOOP
INFO: 2026-03-25 16:35:04,761 - Nothing to insert into the database!
INFO: 2026-03-25 16:35:04,762 - FINISHED LOOP

INFO: 2026-03-25 16:40:04,894 - STARTING LOOP
INFO: 2026-03-25 16:40:04,895 - Nothing to insert into the database!
INFO: 2026-03-25 16:40:04,895 - FINISHED LOOP

INFO: 2026-03-25 16:45:04,968 - STARTING LOOP
INFO: 2026-03-25 16:45:04,969 - Nothing to insert into the database!
INFO: 2026-03-25 16:45:04,969 - FINISHED LOOP

INFO: 2026-03-25 16:50:06,285 - STARTING LOOP
INFO: 2026-03-25 16:50:06,286 - Nothing to insert into the database!
INFO: 2026-03-25 16:50:06,286 - FINISHED LOOP

INFO: 2026-03-25 16:55:06,982 - STARTING LOOP
INFO: 2026-03-25 16:55:06,983 - Nothing to insert into the database!
INFO: 2026-03-25 16:55:06,984 - FINISHED LOOP

INFO: 2026-03-25 17:00:07,515 - STARTING LOOP
INFO: 2026-03-25 17:00:07,516 - Nothing to insert into the database!
INFO: 2026-03-25 17:00:07,516 - FINISHED LOOP

INFO: 2026-03-25 17:05:06,702 - STARTING LOOP
INFO: 2026-03-25 17:05:06,703 - Nothing to insert into the database!
INFO: 2026-03-25 17:05:06,703 - FINISHED LOOP

INFO: 2026-03-25 17:10:06,819 - STARTING LOOP
INFO: 2026-03-25 17:10:06,820 - Nothing to insert into the database!
INFO: 2026-03-25 17:10:06,820 - FINISHED LOOP

INFO: 2026-03-25 17:15:07,258 - STARTING LOOP
INFO: 2026-03-25 17:15:07,260 - Nothing to insert into the database!
INFO: 2026-03-25 17:15:07,260 - FINISHED LOOP

INFO: 2026-03-25 17:20:07,311 - STARTING LOOP
INFO: 2026-03-25 17:20:07,312 - Nothing to insert into the database!
INFO: 2026-03-25 17:20:07,312 - FINISHED LOOP

INFO: 2026-03-25 17:25:06,455 - STARTING LOOP
INFO: 2026-03-25 17:25:06,456 - Nothing to insert into the database!
INFO: 2026-03-25 17:25:06,456 - FINISHED LOOP

INFO: 2026-03-25 17:30:07,700 - STARTING LOOP
INFO: 2026-03-25 17:30:07,701 - Nothing to insert into the database!
INFO: 2026-03-25 17:30:07,701 - FINISHED LOOP

INFO: 2026-03-25 17:38:23,647 - STARTING LOOP
INFO: 2026-03-25 17:38:23,648 - Nothing to insert into the database!
INFO: 2026-03-25 17:38:23,648 - FINISHED LOOP

INFO: 2026-03-25 17:55:08,585 - STARTING LOOP
INFO: 2026-03-25 17:55:08,587 - Nothing to insert into the database!
INFO: 2026-03-25 17:55:08,587 - FINISHED LOOP

INFO: 2026-03-25 18:21:09,978 - STARTING LOOP
INFO: 2026-03-25 18:21:09,979 - Nothing to insert into the database!
INFO: 2026-03-25 18:21:09,979 - FINISHED LOOP

INFO: 2026-03-25 18:25:06,600 - STARTING LOOP
INFO: 2026-03-25 18:25:06,601 - Nothing to insert into the database!
INFO: 2026-03-25 18:25:06,601 - FINISHED LOOP

INFO: 2026-03-25 18:30:06,862 - STARTING LOOP
INFO: 2026-03-25 18:30:06,863 - Nothing to insert into the database!
INFO: 2026-03-25 18:30:06,863 - FINISHED LOOP

INFO: 2026-03-25 18:35:06,393 - STARTING LOOP
INFO: 2026-03-25 18:35:06,394 - Nothing to insert into the database!
INFO: 2026-03-25 18:35:06,394 - FINISHED LOOP

INFO: 2026-03-25 18:40:07,641 - STARTING LOOP
INFO: 2026-03-25 18:40:07,643 - Nothing to insert into the database!
INFO: 2026-03-25 18:40:07,643 - FINISHED LOOP

INFO: 2026-03-25 18:45:06,395 - STARTING LOOP
INFO: 2026-03-25 18:45:06,396 - Nothing to insert into the database!
INFO: 2026-03-25 18:45:06,396 - FINISHED LOOP

INFO: 2026-03-25 18:50:05,565 - STARTING LOOP
INFO: 2026-03-25 18:50:05,567 - Nothing to insert into the database!
INFO: 2026-03-25 18:50:05,567 - FINISHED LOOP

INFO: 2026-03-25 18:55:06,803 - STARTING LOOP
INFO: 2026-03-25 18:55:06,804 - Nothing to insert into the database!
INFO: 2026-03-25 18:55:06,804 - FINISHED LOOP

INFO: 2026-03-25 19:00:06,768 - STARTING LOOP
INFO: 2026-03-25 19:00:06,768 - Nothing to insert into the database!
INFO: 2026-03-25 19:00:06,769 - FINISHED LOOP

INFO: 2026-03-25 19:05:06,471 - STARTING LOOP
INFO: 2026-03-25 19:05:06,473 - Nothing to insert into the database!
INFO: 2026-03-25 19:05:06,473 - FINISHED LOOP

INFO: 2026-03-25 19:14:20,482 - STARTING LOOP
INFO: 2026-03-25 19:14:20,483 - Nothing to insert into the database!
INFO: 2026-03-25 19:14:20,483 - FINISHED LOOP

INFO: 2026-03-25 20:20:45,525 - STARTING LOOP
INFO: 2026-03-25 20:20:45,526 - Nothing to insert into the database!
INFO: 2026-03-25 20:20:45,526 - FINISHED LOOP

INFO: 2026-03-25 21:10:07,219 - STARTING LOOP
INFO: 2026-03-25 21:10:07,220 - Nothing to insert into the database!
INFO: 2026-03-25 21:10:07,220 - FINISHED LOOP

INFO: 2026-03-25 21:15:06,580 - STARTING LOOP
INFO: 2026-03-25 21:15:06,581 - Nothing to insert into the database!
INFO: 2026-03-25 21:15:06,581 - FINISHED LOOP

INFO: 2026-03-25 21:35:04,788 - STARTING LOOP
INFO: 2026-03-25 21:35:04,788 - Nothing to insert into the database!
INFO: 2026-03-25 21:35:04,788 - FINISHED LOOP

INFO: 2026-03-26 00:18:40,491 - STARTING LOOP
INFO: 2026-03-26 00:18:40,492 - Nothing to insert into the database!
INFO: 2026-03-26 00:18:40,492 - FINISHED LOOP

INFO: 2026-03-26 00:20:04,558 - STARTING LOOP
INFO: 2026-03-26 00:20:04,559 - Nothing to insert into the database!
INFO: 2026-03-26 00:20:04,559 - FINISHED LOOP

INFO: 2026-03-26 02:35:05,312 - STARTING LOOP
INFO: 2026-03-26 02:35:05,313 - Nothing to insert into the database!
INFO: 2026-03-26 02:35:05,313 - FINISHED LOOP

INFO: 2026-03-26 04:35:06,041 - STARTING LOOP
INFO: 2026-03-26 04:35:06,042 - Nothing to insert into the database!
INFO: 2026-03-26 04:35:06,042 - FINISHED LOOP

INFO: 2026-03-26 06:10:12,733 - STARTING LOOP
INFO: 2026-03-26 06:10:12,733 - Nothing to insert into the database!
INFO: 2026-03-26 06:10:12,733 - FINISHED LOOP

INFO: 2026-03-26 06:16:06,282 - STARTING LOOP
INFO: 2026-03-26 06:16:06,284 - Nothing to insert into the database!
INFO: 2026-03-26 06:16:06,284 - FINISHED LOOP

INFO: 2026-03-26 06:29:57,511 - STARTING LOOP
INFO: 2026-03-26 06:29:57,513 - Nothing to insert into the database!
INFO: 2026-03-26 06:29:57,513 - FINISHED LOOP

INFO: 2026-03-26 06:30:04,377 - STARTING LOOP
INFO: 2026-03-26 06:30:04,378 - Nothing to insert into the database!
INFO: 2026-03-26 06:30:04,378 - FINISHED LOOP

INFO: 2026-03-26 07:15:04,910 - STARTING LOOP
INFO: 2026-03-26 07:15:04,911 - Nothing to insert into the database!
INFO: 2026-03-26 07:15:04,911 - FINISHED LOOP

INFO: 2026-03-26 07:25:45,609 - STARTING LOOP
INFO: 2026-03-26 07:25:45,610 - Nothing to insert into the database!
INFO: 2026-03-26 07:25:45,610 - FINISHED LOOP

INFO: 2026-03-26 07:33:05,447 - STARTING LOOP
INFO: 2026-03-26 07:33:05,448 - Nothing to insert into the database!
INFO: 2026-03-26 07:33:05,448 - FINISHED LOOP

INFO: 2026-03-26 07:51:10,558 - STARTING LOOP
INFO: 2026-03-26 07:51:10,558 - Nothing to insert into the database!
INFO: 2026-03-26 07:51:10,558 - FINISHED LOOP

INFO: 2026-03-26 07:51:14,332 - STARTING LOOP
INFO: 2026-03-26 07:51:14,333 - Nothing to insert into the database!
INFO: 2026-03-26 07:51:14,333 - FINISHED LOOP

INFO: 2026-03-26 08:16:38,031 - STARTING LOOP
INFO: 2026-03-26 08:16:38,032 - Nothing to insert into the database!
INFO: 2026-03-26 08:16:38,032 - FINISHED LOOP

INFO: 2026-03-26 08:20:03,604 - STARTING LOOP
INFO: 2026-03-26 08:20:03,605 - Nothing to insert into the database!
INFO: 2026-03-26 08:20:03,605 - FINISHED LOOP

INFO: 2026-03-26 08:55:50,404 - STARTING LOOP
INFO: 2026-03-26 08:55:50,404 - Nothing to insert into the database!
INFO: 2026-03-26 08:55:50,404 - FINISHED LOOP

INFO: 2026-03-26 09:02:20,125 - STARTING LOOP
INFO: 2026-03-26 09:02:20,126 - Nothing to insert into the database!
INFO: 2026-03-26 09:02:20,126 - FINISHED LOOP

INFO: 2026-03-26 09:05:08,315 - STARTING LOOP
INFO: 2026-03-26 09:05:08,317 - Nothing to insert into the database!
INFO: 2026-03-26 09:05:08,317 - FINISHED LOOP

INFO: 2026-03-26 09:10:08,178 - STARTING LOOP
INFO: 2026-03-26 09:10:08,179 - Nothing to insert into the database!
INFO: 2026-03-26 09:10:08,179 - FINISHED LOOP

INFO: 2026-03-26 09:15:07,741 - STARTING LOOP
INFO: 2026-03-26 09:15:07,742 - Nothing to insert into the database!
INFO: 2026-03-26 09:15:07,742 - FINISHED LOOP

INFO: 2026-03-26 09:20:07,975 - STARTING LOOP
INFO: 2026-03-26 09:20:07,976 - Nothing to insert into the database!
INFO: 2026-03-26 09:20:07,976 - FINISHED LOOP

INFO: 2026-03-26 09:25:07,116 - STARTING LOOP
INFO: 2026-03-26 09:25:07,118 - Nothing to insert into the database!
INFO: 2026-03-26 09:25:07,118 - FINISHED LOOP

INFO: 2026-03-26 09:30:07,852 - STARTING LOOP
INFO: 2026-03-26 09:30:07,853 - Nothing to insert into the database!
INFO: 2026-03-26 09:30:07,853 - FINISHED LOOP

INFO: 2026-03-26 09:35:06,583 - STARTING LOOP
INFO: 2026-03-26 09:35:06,584 - Nothing to insert into the database!
INFO: 2026-03-26 09:35:06,584 - FINISHED LOOP

INFO: 2026-03-26 09:40:07,844 - STARTING LOOP
INFO: 2026-03-26 09:40:07,845 - Nothing to insert into the database!
INFO: 2026-03-26 09:40:07,845 - FINISHED LOOP

INFO: 2026-03-26 09:45:07,559 - STARTING LOOP
INFO: 2026-03-26 09:45:07,560 - Nothing to insert into the database!
INFO: 2026-03-26 09:45:07,560 - FINISHED LOOP

INFO: 2026-03-26 09:50:10,080 - STARTING LOOP
INFO: 2026-03-26 09:50:10,084 - Nothing to insert into the database!
INFO: 2026-03-26 09:50:10,084 - FINISHED LOOP

INFO: 2026-03-26 09:55:07,635 - STARTING LOOP
INFO: 2026-03-26 09:55:07,635 - Nothing to insert into the database!
INFO: 2026-03-26 09:55:07,636 - FINISHED LOOP

INFO: 2026-03-26 10:00:07,946 - STARTING LOOP
INFO: 2026-03-26 10:00:07,946 - Nothing to insert into the database!
INFO: 2026-03-26 10:00:07,946 - FINISHED LOOP

INFO: 2026-03-26 10:05:09,817 - STARTING LOOP
INFO: 2026-03-26 10:05:09,818 - Nothing to insert into the database!
INFO: 2026-03-26 10:05:09,818 - FINISHED LOOP

INFO: 2026-03-26 10:10:08,048 - STARTING LOOP
INFO: 2026-03-26 10:10:08,049 - Nothing to insert into the database!
INFO: 2026-03-26 10:10:08,049 - FINISHED LOOP

INFO: 2026-03-26 10:15:08,510 - STARTING LOOP
INFO: 2026-03-26 10:15:08,510 - Nothing to insert into the database!
INFO: 2026-03-26 10:15:08,510 - FINISHED LOOP

INFO: 2026-03-26 10:20:08,807 - STARTING LOOP
INFO: 2026-03-26 10:20:08,808 - Nothing to insert into the database!
INFO: 2026-03-26 10:20:08,808 - FINISHED LOOP

INFO: 2026-03-26 10:25:06,090 - STARTING LOOP
INFO: 2026-03-26 10:25:06,091 - Nothing to insert into the database!
INFO: 2026-03-26 10:25:06,091 - FINISHED LOOP

INFO: 2026-03-26 10:30:08,587 - STARTING LOOP
INFO: 2026-03-26 10:30:08,587 - Nothing to insert into the database!
INFO: 2026-03-26 10:30:08,587 - FINISHED LOOP

INFO: 2026-03-26 10:35:07,625 - STARTING LOOP
INFO: 2026-03-26 10:35:07,627 - Nothing to insert into the database!
INFO: 2026-03-26 10:35:07,628 - FINISHED LOOP

INFO: 2026-03-26 10:40:07,238 - STARTING LOOP
INFO: 2026-03-26 10:40:07,239 - Nothing to insert into the database!
INFO: 2026-03-26 10:40:07,239 - FINISHED LOOP

INFO: 2026-03-26 10:45:09,934 - STARTING LOOP
INFO: 2026-03-26 10:45:09,941 - Nothing to insert into the database!
INFO: 2026-03-26 10:45:09,942 - FINISHED LOOP

INFO: 2026-03-26 10:50:09,361 - STARTING LOOP
INFO: 2026-03-26 10:50:09,367 - Nothing to insert into the database!
INFO: 2026-03-26 10:50:09,367 - FINISHED LOOP

INFO: 2026-03-26 10:55:06,981 - STARTING LOOP
INFO: 2026-03-26 10:55:06,983 - Nothing to insert into the database!
INFO: 2026-03-26 10:55:06,983 - FINISHED LOOP

INFO: 2026-03-26 11:00:15,194 - STARTING LOOP
INFO: 2026-03-26 11:00:15,203 - Nothing to insert into the database!
INFO: 2026-03-26 11:00:15,203 - FINISHED LOOP

INFO: 2026-03-26 11:05:06,381 - STARTING LOOP
INFO: 2026-03-26 11:05:06,382 - Nothing to insert into the database!
INFO: 2026-03-26 11:05:06,382 - FINISHED LOOP

INFO: 2026-03-26 11:10:13,394 - STARTING LOOP
INFO: 2026-03-26 11:10:13,396 - Nothing to insert into the database!
INFO: 2026-03-26 11:10:13,396 - FINISHED LOOP

INFO: 2026-03-26 11:15:07,591 - STARTING LOOP
INFO: 2026-03-26 11:15:07,592 - Nothing to insert into the database!
INFO: 2026-03-26 11:15:07,592 - FINISHED LOOP

INFO: 2026-03-26 11:20:05,707 - STARTING LOOP
INFO: 2026-03-26 11:20:05,709 - Nothing to insert into the database!
INFO: 2026-03-26 11:20:05,709 - FINISHED LOOP

INFO: 2026-03-26 11:25:05,115 - STARTING LOOP
INFO: 2026-03-26 11:25:05,116 - Nothing to insert into the database!
INFO: 2026-03-26 11:25:05,116 - FINISHED LOOP

INFO: 2026-03-26 11:30:07,937 - STARTING LOOP
INFO: 2026-03-26 11:30:07,938 - Nothing to insert into the database!
INFO: 2026-03-26 11:30:07,938 - FINISHED LOOP

INFO: 2026-03-26 11:35:07,207 - STARTING LOOP
INFO: 2026-03-26 11:35:07,209 - Nothing to insert into the database!
INFO: 2026-03-26 11:35:07,209 - FINISHED LOOP

INFO: 2026-03-26 11:40:11,275 - STARTING LOOP
INFO: 2026-03-26 11:40:11,277 - Nothing to insert into the database!
INFO: 2026-03-26 11:40:11,278 - FINISHED LOOP

INFO: 2026-03-26 11:45:09,689 - STARTING LOOP
INFO: 2026-03-26 11:45:09,690 - Nothing to insert into the database!
INFO: 2026-03-26 11:45:09,691 - FINISHED LOOP

INFO: 2026-03-26 11:50:08,366 - STARTING LOOP
INFO: 2026-03-26 11:50:08,373 - Nothing to insert into the database!
INFO: 2026-03-26 11:50:08,374 - FINISHED LOOP

INFO: 2026-03-26 11:55:07,578 - STARTING LOOP
INFO: 2026-03-26 11:55:07,579 - Nothing to insert into the database!
INFO: 2026-03-26 11:55:07,579 - FINISHED LOOP

INFO: 2026-03-26 12:00:08,491 - STARTING LOOP
INFO: 2026-03-26 12:00:08,491 - Nothing to insert into the database!
INFO: 2026-03-26 12:00:08,491 - FINISHED LOOP

INFO: 2026-03-26 12:05:06,569 - STARTING LOOP
INFO: 2026-03-26 12:05:06,570 - Nothing to insert into the database!
INFO: 2026-03-26 12:05:06,570 - FINISHED LOOP

INFO: 2026-03-26 12:08:12,578 - STARTING LOOP
INFO: 2026-03-26 12:08:12,579 - Inserting file zoominfo--2002111__Architects and construction 87k.csv...
INFO: 2026-03-26 12:10:47,772 - DONE!
INFO: 2026-03-26 12:10:47,776 - Saving for project 2002111 - hlm_prison_research
INFO: 2026-03-26 12:10:48,457 - DONE!
INFO: 2026-03-26 12:10:49,464 - Inserting file zoominfo--2002111__government 31k.csv...
INFO: 2026-03-26 12:11:49,230 - DONE!
INFO: 2026-03-26 12:11:49,233 - Saving for project 2002111 - hlm_prison_research
INFO: 2026-03-26 12:11:49,501 - DONE!
INFO: 2026-03-26 12:11:50,506 - FINISHED LOOP

INFO: 2026-03-26 12:11:55,960 - STARTING LOOP
INFO: 2026-03-26 12:11:55,960 - Nothing to insert into the database!
INFO: 2026-03-26 12:11:55,960 - FINISHED LOOP

INFO: 2026-03-26 12:15:06,362 - STARTING LOOP
INFO: 2026-03-26 12:15:06,363 - Nothing to insert into the database!
INFO: 2026-03-26 12:15:06,363 - FINISHED LOOP

INFO: 2026-03-26 12:20:07,590 - STARTING LOOP
INFO: 2026-03-26 12:20:07,592 - Nothing to insert into the database!
INFO: 2026-03-26 12:20:07,592 - FINISHED LOOP

INFO: 2026-03-26 12:25:08,012 - STARTING LOOP
INFO: 2026-03-26 12:25:08,013 - Nothing to insert into the database!
INFO: 2026-03-26 12:25:08,013 - FINISHED LOOP

INFO: 2026-03-26 12:30:07,927 - STARTING LOOP
INFO: 2026-03-26 12:30:07,929 - Nothing to insert into the database!
INFO: 2026-03-26 12:30:07,929 - FINISHED LOOP

INFO: 2026-03-26 12:35:07,460 - STARTING LOOP
INFO: 2026-03-26 12:35:07,463 - Nothing to insert into the database!
INFO: 2026-03-26 12:35:07,464 - FINISHED LOOP

INFO: 2026-03-26 12:40:08,739 - STARTING LOOP
INFO: 2026-03-26 12:40:08,742 - Nothing to insert into the database!
INFO: 2026-03-26 12:40:08,742 - FINISHED LOOP

INFO: 2026-03-26 12:45:13,344 - STARTING LOOP
INFO: 2026-03-26 12:45:13,346 - Nothing to insert into the database!
INFO: 2026-03-26 12:45:13,346 - FINISHED LOOP

INFO: 2026-03-26 12:50:10,211 - STARTING LOOP
INFO: 2026-03-26 12:50:10,212 - Nothing to insert into the database!
INFO: 2026-03-26 12:50:10,212 - FINISHED LOOP

INFO: 2026-03-26 12:55:06,206 - STARTING LOOP
INFO: 2026-03-26 12:55:06,208 - Nothing to insert into the database!
INFO: 2026-03-26 12:55:06,208 - FINISHED LOOP

INFO: 2026-03-26 13:00:07,926 - STARTING LOOP
INFO: 2026-03-26 13:00:07,927 - Nothing to insert into the database!
INFO: 2026-03-26 13:00:07,927 - FINISHED LOOP

INFO: 2026-03-26 13:05:06,850 - STARTING LOOP
INFO: 2026-03-26 13:05:06,851 - Nothing to insert into the database!
INFO: 2026-03-26 13:05:06,851 - FINISHED LOOP

INFO: 2026-03-26 13:10:07,671 - STARTING LOOP
INFO: 2026-03-26 13:10:07,672 - Nothing to insert into the database!
INFO: 2026-03-26 13:10:07,672 - FINISHED LOOP

INFO: 2026-03-26 13:15:19,267 - STARTING LOOP
INFO: 2026-03-26 13:15:19,268 - Nothing to insert into the database!
INFO: 2026-03-26 13:15:19,268 - FINISHED LOOP

INFO: 2026-03-26 13:20:10,809 - STARTING LOOP
INFO: 2026-03-26 13:20:10,811 - Nothing to insert into the database!
INFO: 2026-03-26 13:20:10,811 - FINISHED LOOP

INFO: 2026-03-26 13:25:06,198 - STARTING LOOP
INFO: 2026-03-26 13:25:06,199 - Nothing to insert into the database!
INFO: 2026-03-26 13:25:06,200 - FINISHED LOOP

INFO: 2026-03-26 13:30:10,618 - STARTING LOOP
INFO: 2026-03-26 13:30:10,619 - Nothing to insert into the database!
INFO: 2026-03-26 13:30:10,619 - FINISHED LOOP

INFO: 2026-03-26 13:35:08,896 - STARTING LOOP
INFO: 2026-03-26 13:35:08,897 - Nothing to insert into the database!
INFO: 2026-03-26 13:35:08,897 - FINISHED LOOP

INFO: 2026-03-26 13:40:08,370 - STARTING LOOP
INFO: 2026-03-26 13:40:08,371 - Nothing to insert into the database!
INFO: 2026-03-26 13:40:08,372 - FINISHED LOOP

INFO: 2026-03-26 13:45:11,515 - STARTING LOOP
INFO: 2026-03-26 13:45:11,516 - Nothing to insert into the database!
INFO: 2026-03-26 13:45:11,516 - FINISHED LOOP

INFO: 2026-03-26 13:50:08,779 - STARTING LOOP
INFO: 2026-03-26 13:50:08,780 - Nothing to insert into the database!
INFO: 2026-03-26 13:50:08,781 - FINISHED LOOP

INFO: 2026-03-26 13:55:05,647 - STARTING LOOP
INFO: 2026-03-26 13:55:05,648 - Nothing to insert into the database!
INFO: 2026-03-26 13:55:05,648 - FINISHED LOOP

INFO: 2026-03-26 14:00:07,815 - STARTING LOOP
INFO: 2026-03-26 14:00:07,816 - Nothing to insert into the database!
INFO: 2026-03-26 14:00:07,816 - FINISHED LOOP

INFO: 2026-03-26 14:05:07,710 - STARTING LOOP
INFO: 2026-03-26 14:05:07,712 - Nothing to insert into the database!
INFO: 2026-03-26 14:05:07,712 - FINISHED LOOP

INFO: 2026-03-26 14:10:06,697 - STARTING LOOP
INFO: 2026-03-26 14:10:06,698 - Nothing to insert into the database!
INFO: 2026-03-26 14:10:06,699 - FINISHED LOOP

INFO: 2026-03-26 14:15:08,295 - STARTING LOOP
INFO: 2026-03-26 14:15:08,296 - Nothing to insert into the database!
INFO: 2026-03-26 14:15:08,296 - FINISHED LOOP

INFO: 2026-03-26 14:20:08,196 - STARTING LOOP
INFO: 2026-03-26 14:20:08,197 - Nothing to insert into the database!
INFO: 2026-03-26 14:20:08,198 - FINISHED LOOP

INFO: 2026-03-26 14:25:06,540 - STARTING LOOP
INFO: 2026-03-26 14:25:06,541 - Nothing to insert into the database!
INFO: 2026-03-26 14:25:06,542 - FINISHED LOOP

INFO: 2026-03-26 14:30:06,879 - STARTING LOOP
INFO: 2026-03-26 14:30:06,881 - Nothing to insert into the database!
INFO: 2026-03-26 14:30:06,881 - FINISHED LOOP

INFO: 2026-03-26 14:35:08,049 - STARTING LOOP
INFO: 2026-03-26 14:35:08,052 - Nothing to insert into the database!
INFO: 2026-03-26 14:35:08,052 - FINISHED LOOP

INFO: 2026-03-26 14:40:10,233 - STARTING LOOP
INFO: 2026-03-26 14:40:10,233 - Nothing to insert into the database!
INFO: 2026-03-26 14:40:10,233 - FINISHED LOOP

INFO: 2026-03-26 14:45:07,444 - STARTING LOOP
INFO: 2026-03-26 14:45:07,447 - Nothing to insert into the database!
INFO: 2026-03-26 14:45:07,447 - FINISHED LOOP

INFO: 2026-03-26 14:50:14,539 - STARTING LOOP
INFO: 2026-03-26 14:50:14,540 - Nothing to insert into the database!
INFO: 2026-03-26 14:50:14,540 - FINISHED LOOP

INFO: 2026-03-26 14:55:06,639 - STARTING LOOP
INFO: 2026-03-26 14:55:06,640 - Nothing to insert into the database!
INFO: 2026-03-26 14:55:06,640 - FINISHED LOOP

INFO: 2026-03-26 15:00:08,079 - STARTING LOOP
INFO: 2026-03-26 15:00:08,080 - Nothing to insert into the database!
INFO: 2026-03-26 15:00:08,080 - FINISHED LOOP

INFO: 2026-03-26 15:05:11,836 - STARTING LOOP
INFO: 2026-03-26 15:05:11,837 - Nothing to insert into the database!
INFO: 2026-03-26 15:05:11,837 - FINISHED LOOP

INFO: 2026-03-26 15:10:09,857 - STARTING LOOP
INFO: 2026-03-26 15:10:09,859 - Nothing to insert into the database!
INFO: 2026-03-26 15:10:09,859 - FINISHED LOOP

INFO: 2026-03-26 15:15:08,921 - STARTING LOOP
INFO: 2026-03-26 15:15:08,922 - Nothing to insert into the database!
INFO: 2026-03-26 15:15:08,922 - FINISHED LOOP

INFO: 2026-03-26 15:20:07,307 - STARTING LOOP
INFO: 2026-03-26 15:20:07,308 - Nothing to insert into the database!
INFO: 2026-03-26 15:20:07,308 - FINISHED LOOP

INFO: 2026-03-26 15:25:35,565 - STARTING LOOP
INFO: 2026-03-26 15:25:35,566 - Nothing to insert into the database!
INFO: 2026-03-26 15:25:35,566 - FINISHED LOOP

INFO: 2026-03-26 15:30:11,530 - STARTING LOOP
INFO: 2026-03-26 15:30:11,531 - Nothing to insert into the database!
INFO: 2026-03-26 15:30:11,531 - FINISHED LOOP

INFO: 2026-03-26 15:35:10,082 - STARTING LOOP
INFO: 2026-03-26 15:35:10,083 - Nothing to insert into the database!
INFO: 2026-03-26 15:35:10,083 - FINISHED LOOP

INFO: 2026-03-26 15:40:10,336 - STARTING LOOP
INFO: 2026-03-26 15:40:10,339 - Nothing to insert into the database!
INFO: 2026-03-26 15:40:10,339 - FINISHED LOOP

INFO: 2026-03-26 15:45:14,188 - STARTING LOOP
INFO: 2026-03-26 15:45:14,190 - Nothing to insert into the database!
INFO: 2026-03-26 15:45:14,190 - FINISHED LOOP

INFO: 2026-03-26 15:50:07,755 - STARTING LOOP
INFO: 2026-03-26 15:50:07,756 - Nothing to insert into the database!
INFO: 2026-03-26 15:50:07,756 - FINISHED LOOP

INFO: 2026-03-26 15:55:08,457 - STARTING LOOP
INFO: 2026-03-26 15:55:08,458 - Nothing to insert into the database!
INFO: 2026-03-26 15:55:08,458 - FINISHED LOOP

INFO: 2026-03-26 16:00:08,806 - STARTING LOOP
INFO: 2026-03-26 16:00:08,807 - Nothing to insert into the database!
INFO: 2026-03-26 16:00:08,808 - FINISHED LOOP

INFO: 2026-03-26 16:05:06,627 - STARTING LOOP
INFO: 2026-03-26 16:05:06,628 - Nothing to insert into the database!
INFO: 2026-03-26 16:05:06,628 - FINISHED LOOP

INFO: 2026-03-26 16:10:09,566 - STARTING LOOP
INFO: 2026-03-26 16:10:09,567 - Nothing to insert into the database!
INFO: 2026-03-26 16:10:09,567 - FINISHED LOOP

INFO: 2026-03-26 16:15:08,083 - STARTING LOOP
INFO: 2026-03-26 16:15:08,084 - Nothing to insert into the database!
INFO: 2026-03-26 16:15:08,084 - FINISHED LOOP

INFO: 2026-03-26 16:20:08,657 - STARTING LOOP
INFO: 2026-03-26 16:20:08,659 - Nothing to insert into the database!
INFO: 2026-03-26 16:20:08,659 - FINISHED LOOP

INFO: 2026-03-26 16:25:07,169 - STARTING LOOP
INFO: 2026-03-26 16:25:07,171 - Nothing to insert into the database!
INFO: 2026-03-26 16:25:07,171 - FINISHED LOOP

INFO: 2026-03-26 16:30:10,859 - STARTING LOOP
INFO: 2026-03-26 16:30:10,861 - Nothing to insert into the database!
INFO: 2026-03-26 16:30:10,861 - FINISHED LOOP

INFO: 2026-03-26 16:35:08,877 - STARTING LOOP
INFO: 2026-03-26 16:35:08,878 - Nothing to insert into the database!
INFO: 2026-03-26 16:35:08,878 - FINISHED LOOP

INFO: 2026-03-26 16:40:10,956 - STARTING LOOP
INFO: 2026-03-26 16:40:10,956 - Nothing to insert into the database!
INFO: 2026-03-26 16:40:10,956 - FINISHED LOOP

INFO: 2026-03-26 16:45:10,467 - STARTING LOOP
INFO: 2026-03-26 16:45:10,468 - Nothing to insert into the database!
INFO: 2026-03-26 16:45:10,468 - FINISHED LOOP

INFO: 2026-03-26 16:50:08,185 - STARTING LOOP
INFO: 2026-03-26 16:50:08,186 - Nothing to insert into the database!
INFO: 2026-03-26 16:50:08,187 - FINISHED LOOP

INFO: 2026-03-26 16:55:07,185 - STARTING LOOP
INFO: 2026-03-26 16:55:07,186 - Nothing to insert into the database!
INFO: 2026-03-26 16:55:07,186 - FINISHED LOOP

INFO: 2026-03-26 17:00:10,080 - STARTING LOOP
INFO: 2026-03-26 17:00:10,081 - Nothing to insert into the database!
INFO: 2026-03-26 17:00:10,081 - FINISHED LOOP

INFO: 2026-03-26 17:05:06,937 - STARTING LOOP
INFO: 2026-03-26 17:05:06,939 - Nothing to insert into the database!
INFO: 2026-03-26 17:05:06,939 - FINISHED LOOP

INFO: 2026-03-26 17:10:11,713 - STARTING LOOP
INFO: 2026-03-26 17:10:11,714 - Nothing to insert into the database!
INFO: 2026-03-26 17:10:11,714 - FINISHED LOOP

INFO: 2026-03-26 17:15:09,922 - STARTING LOOP
INFO: 2026-03-26 17:15:09,923 - Nothing to insert into the database!
INFO: 2026-03-26 17:15:09,923 - FINISHED LOOP

INFO: 2026-03-26 17:20:10,670 - STARTING LOOP
INFO: 2026-03-26 17:20:10,671 - Nothing to insert into the database!
INFO: 2026-03-26 17:20:10,671 - FINISHED LOOP

INFO: 2026-03-26 17:25:06,677 - STARTING LOOP
INFO: 2026-03-26 17:25:06,679 - Nothing to insert into the database!
INFO: 2026-03-26 17:25:06,679 - FINISHED LOOP

INFO: 2026-03-26 17:30:10,421 - STARTING LOOP
INFO: 2026-03-26 17:30:10,423 - Nothing to insert into the database!
INFO: 2026-03-26 17:30:10,424 - FINISHED LOOP

INFO: 2026-03-26 17:35:08,119 - STARTING LOOP
INFO: 2026-03-26 17:35:08,120 - Nothing to insert into the database!
INFO: 2026-03-26 17:35:08,120 - FINISHED LOOP

INFO: 2026-03-26 17:40:07,176 - STARTING LOOP
INFO: 2026-03-26 17:40:07,178 - Nothing to insert into the database!
INFO: 2026-03-26 17:40:07,178 - FINISHED LOOP

INFO: 2026-03-26 17:45:07,522 - STARTING LOOP
INFO: 2026-03-26 17:45:07,522 - Nothing to insert into the database!
INFO: 2026-03-26 17:45:07,522 - FINISHED LOOP

INFO: 2026-03-26 17:50:09,400 - STARTING LOOP
INFO: 2026-03-26 17:50:09,401 - Nothing to insert into the database!
INFO: 2026-03-26 17:50:09,401 - FINISHED LOOP

INFO: 2026-03-26 17:55:11,435 - STARTING LOOP
INFO: 2026-03-26 17:55:11,437 - Nothing to insert into the database!
INFO: 2026-03-26 17:55:11,437 - FINISHED LOOP

INFO: 2026-03-26 18:00:08,837 - STARTING LOOP
INFO: 2026-03-26 18:00:08,838 - Nothing to insert into the database!
INFO: 2026-03-26 18:00:08,838 - FINISHED LOOP

INFO: 2026-03-26 18:05:10,361 - STARTING LOOP
INFO: 2026-03-26 18:05:10,363 - Nothing to insert into the database!
INFO: 2026-03-26 18:05:10,363 - FINISHED LOOP

INFO: 2026-03-26 18:10:10,748 - STARTING LOOP
INFO: 2026-03-26 18:10:10,749 - Nothing to insert into the database!
INFO: 2026-03-26 18:10:10,749 - FINISHED LOOP

INFO: 2026-03-26 18:15:09,173 - STARTING LOOP
INFO: 2026-03-26 18:15:09,174 - Nothing to insert into the database!
INFO: 2026-03-26 18:15:09,174 - FINISHED LOOP

INFO: 2026-03-26 18:20:07,739 - STARTING LOOP
INFO: 2026-03-26 18:20:07,741 - Nothing to insert into the database!
INFO: 2026-03-26 18:20:07,741 - FINISHED LOOP

INFO: 2026-03-26 18:25:08,783 - STARTING LOOP
INFO: 2026-03-26 18:25:08,785 - Nothing to insert into the database!
INFO: 2026-03-26 18:25:08,785 - FINISHED LOOP

INFO: 2026-03-26 18:30:09,129 - STARTING LOOP
INFO: 2026-03-26 18:30:09,130 - Nothing to insert into the database!
INFO: 2026-03-26 18:30:09,130 - FINISHED LOOP

INFO: 2026-03-26 18:35:10,210 - STARTING LOOP
INFO: 2026-03-26 18:35:10,212 - Nothing to insert into the database!
INFO: 2026-03-26 18:35:10,212 - FINISHED LOOP

INFO: 2026-03-26 18:40:08,825 - STARTING LOOP
INFO: 2026-03-26 18:40:08,827 - Nothing to insert into the database!
INFO: 2026-03-26 18:40:08,827 - FINISHED LOOP

INFO: 2026-03-26 18:45:10,128 - STARTING LOOP
INFO: 2026-03-26 18:45:10,130 - Nothing to insert into the database!
INFO: 2026-03-26 18:45:10,130 - FINISHED LOOP

INFO: 2026-03-26 18:50:08,132 - STARTING LOOP
INFO: 2026-03-26 18:50:08,133 - Nothing to insert into the database!
INFO: 2026-03-26 18:50:08,133 - FINISHED LOOP

INFO: 2026-03-26 18:55:05,180 - STARTING LOOP
INFO: 2026-03-26 18:55:05,182 - Nothing to insert into the database!
INFO: 2026-03-26 18:55:05,182 - FINISHED LOOP

INFO: 2026-03-26 19:00:07,850 - STARTING LOOP
INFO: 2026-03-26 19:00:07,852 - Nothing to insert into the database!
INFO: 2026-03-26 19:00:07,852 - FINISHED LOOP

INFO: 2026-03-26 19:05:06,330 - STARTING LOOP
INFO: 2026-03-26 19:05:06,333 - Nothing to insert into the database!
INFO: 2026-03-26 19:05:06,333 - FINISHED LOOP

INFO: 2026-03-26 19:10:07,719 - STARTING LOOP
INFO: 2026-03-26 19:10:07,720 - Nothing to insert into the database!
INFO: 2026-03-26 19:10:07,720 - FINISHED LOOP

INFO: 2026-03-26 19:15:08,600 - STARTING LOOP
INFO: 2026-03-26 19:15:08,601 - Nothing to insert into the database!
INFO: 2026-03-26 19:15:08,601 - FINISHED LOOP

INFO: 2026-03-26 19:20:06,277 - STARTING LOOP
INFO: 2026-03-26 19:20:06,278 - Nothing to insert into the database!
INFO: 2026-03-26 19:20:06,278 - FINISHED LOOP

INFO: 2026-03-26 19:25:06,327 - STARTING LOOP
INFO: 2026-03-26 19:25:06,329 - Nothing to insert into the database!
INFO: 2026-03-26 19:25:06,329 - FINISHED LOOP

INFO: 2026-03-26 19:30:07,246 - STARTING LOOP
INFO: 2026-03-26 19:30:07,247 - Nothing to insert into the database!
INFO: 2026-03-26 19:30:07,247 - FINISHED LOOP

INFO: 2026-03-26 19:35:06,496 - STARTING LOOP
INFO: 2026-03-26 19:35:06,498 - Nothing to insert into the database!
INFO: 2026-03-26 19:35:06,498 - FINISHED LOOP

INFO: 2026-03-26 19:56:30,169 - STARTING LOOP
INFO: 2026-03-26 19:56:30,170 - Nothing to insert into the database!
INFO: 2026-03-26 19:56:30,170 - FINISHED LOOP

INFO: 2026-03-26 20:02:44,928 - STARTING LOOP
INFO: 2026-03-26 20:02:44,929 - Nothing to insert into the database!
INFO: 2026-03-26 20:02:44,929 - FINISHED LOOP

INFO: 2026-03-26 20:05:32,303 - STARTING LOOP
INFO: 2026-03-26 20:05:32,305 - Nothing to insert into the database!
INFO: 2026-03-26 20:05:32,305 - FINISHED LOOP

INFO: 2026-03-26 20:52:24,392 - STARTING LOOP
INFO: 2026-03-26 20:52:24,392 - Nothing to insert into the database!
INFO: 2026-03-26 20:52:24,393 - FINISHED LOOP

INFO: 2026-03-26 20:56:08,819 - STARTING LOOP
INFO: 2026-03-26 20:56:08,820 - Nothing to insert into the database!
INFO: 2026-03-26 20:56:08,820 - FINISHED LOOP

INFO: 2026-03-26 21:00:08,805 - STARTING LOOP
INFO: 2026-03-26 21:00:08,807 - Nothing to insert into the database!
INFO: 2026-03-26 21:00:08,807 - FINISHED LOOP

INFO: 2026-03-27 03:20:07,352 - STARTING LOOP
INFO: 2026-03-27 03:20:07,354 - Nothing to insert into the database!
INFO: 2026-03-27 03:20:07,354 - FINISHED LOOP

INFO: 2026-03-27 06:10:08,134 - STARTING LOOP
INFO: 2026-03-27 06:10:08,135 - Nothing to insert into the database!
INFO: 2026-03-27 06:10:08,135 - FINISHED LOOP

INFO: 2026-03-27 06:17:13,797 - STARTING LOOP
INFO: 2026-03-27 06:17:13,798 - Nothing to insert into the database!
INFO: 2026-03-27 06:17:13,798 - FINISHED LOOP

INFO: 2026-03-27 06:28:51,488 - STARTING LOOP
INFO: 2026-03-27 06:28:51,489 - Nothing to insert into the database!
INFO: 2026-03-27 06:28:51,489 - FINISHED LOOP

INFO: 2026-03-27 06:47:05,154 - STARTING LOOP
INFO: 2026-03-27 06:47:05,155 - Nothing to insert into the database!
INFO: 2026-03-27 06:47:05,155 - FINISHED LOOP

INFO: 2026-03-27 06:59:11,908 - STARTING LOOP
INFO: 2026-03-27 06:59:11,909 - Nothing to insert into the database!
INFO: 2026-03-27 06:59:11,909 - FINISHED LOOP

INFO: 2026-03-27 07:05:29,680 - STARTING LOOP
INFO: 2026-03-27 07:05:29,681 - Nothing to insert into the database!
INFO: 2026-03-27 07:05:29,681 - FINISHED LOOP

INFO: 2026-03-27 07:23:38,560 - STARTING LOOP
INFO: 2026-03-27 07:23:38,562 - Nothing to insert into the database!
INFO: 2026-03-27 07:23:38,562 - FINISHED LOOP

INFO: 2026-03-27 07:23:43,757 - STARTING LOOP
INFO: 2026-03-27 07:23:43,758 - Nothing to insert into the database!
INFO: 2026-03-27 07:23:43,758 - FINISHED LOOP

INFO: 2026-03-27 07:33:09,870 - STARTING LOOP
INFO: 2026-03-27 07:33:09,872 - Nothing to insert into the database!
INFO: 2026-03-27 07:33:09,872 - FINISHED LOOP

INFO: 2026-03-27 07:43:30,110 - STARTING LOOP
INFO: 2026-03-27 07:43:30,112 - Nothing to insert into the database!
INFO: 2026-03-27 07:43:30,112 - FINISHED LOOP

INFO: 2026-03-27 07:50:19,563 - STARTING LOOP
INFO: 2026-03-27 07:50:19,564 - Nothing to insert into the database!
INFO: 2026-03-27 07:50:19,564 - FINISHED LOOP

INFO: 2026-03-27 07:55:08,563 - STARTING LOOP
INFO: 2026-03-27 07:55:08,564 - Nothing to insert into the database!
INFO: 2026-03-27 07:55:08,564 - FINISHED LOOP

INFO: 2026-03-27 08:00:08,098 - STARTING LOOP
INFO: 2026-03-27 08:00:08,122 - Nothing to insert into the database!
INFO: 2026-03-27 08:00:08,122 - FINISHED LOOP

INFO: 2026-03-27 08:05:15,642 - STARTING LOOP
INFO: 2026-03-27 08:05:15,643 - Nothing to insert into the database!
INFO: 2026-03-27 08:05:15,643 - FINISHED LOOP

INFO: 2026-03-27 08:10:08,001 - STARTING LOOP
INFO: 2026-03-27 08:10:08,002 - Nothing to insert into the database!
INFO: 2026-03-27 08:10:08,002 - FINISHED LOOP

INFO: 2026-03-27 08:15:06,911 - STARTING LOOP
INFO: 2026-03-27 08:15:06,912 - Nothing to insert into the database!
INFO: 2026-03-27 08:15:06,912 - FINISHED LOOP

INFO: 2026-03-27 08:36:20,213 - STARTING LOOP
INFO: 2026-03-27 08:36:20,213 - Nothing to insert into the database!
INFO: 2026-03-27 08:36:20,213 - FINISHED LOOP

INFO: 2026-03-27 08:42:37,610 - STARTING LOOP
INFO: 2026-03-27 08:42:37,611 - Nothing to insert into the database!
INFO: 2026-03-27 08:42:37,611 - FINISHED LOOP

INFO: 2026-03-27 08:45:03,687 - STARTING LOOP
INFO: 2026-03-27 08:45:03,688 - Nothing to insert into the database!
INFO: 2026-03-27 08:45:03,688 - FINISHED LOOP

INFO: 2026-03-27 08:50:07,918 - STARTING LOOP
INFO: 2026-03-27 08:50:07,920 - Nothing to insert into the database!
INFO: 2026-03-27 08:50:07,920 - FINISHED LOOP

INFO: 2026-03-27 08:55:09,561 - STARTING LOOP
INFO: 2026-03-27 08:55:09,562 - Nothing to insert into the database!
INFO: 2026-03-27 08:55:09,562 - FINISHED LOOP

INFO: 2026-03-27 09:00:10,607 - STARTING LOOP
INFO: 2026-03-27 09:00:10,608 - Nothing to insert into the database!
INFO: 2026-03-27 09:00:10,608 - FINISHED LOOP

INFO: 2026-03-27 09:05:08,718 - STARTING LOOP
INFO: 2026-03-27 09:05:08,719 - Nothing to insert into the database!
INFO: 2026-03-27 09:05:08,719 - FINISHED LOOP

INFO: 2026-03-27 09:10:05,819 - STARTING LOOP
INFO: 2026-03-27 09:10:05,820 - Nothing to insert into the database!
INFO: 2026-03-27 09:10:05,820 - FINISHED LOOP

INFO: 2026-03-27 09:15:07,613 - STARTING LOOP
INFO: 2026-03-27 09:15:07,614 - Nothing to insert into the database!
INFO: 2026-03-27 09:15:07,614 - FINISHED LOOP

INFO: 2026-03-27 09:20:05,715 - STARTING LOOP
INFO: 2026-03-27 09:20:05,717 - Nothing to insert into the database!
INFO: 2026-03-27 09:20:05,717 - FINISHED LOOP

INFO: 2026-03-27 09:25:07,876 - STARTING LOOP
INFO: 2026-03-27 09:25:07,877 - Nothing to insert into the database!
INFO: 2026-03-27 09:25:07,877 - FINISHED LOOP

INFO: 2026-03-27 09:30:07,132 - STARTING LOOP
INFO: 2026-03-27 09:30:07,133 - Nothing to insert into the database!
INFO: 2026-03-27 09:30:07,133 - FINISHED LOOP

INFO: 2026-03-27 09:35:07,849 - STARTING LOOP
INFO: 2026-03-27 09:35:07,850 - Nothing to insert into the database!
INFO: 2026-03-27 09:35:07,850 - FINISHED LOOP

INFO: 2026-03-27 09:40:08,361 - STARTING LOOP
INFO: 2026-03-27 09:40:08,362 - Nothing to insert into the database!
INFO: 2026-03-27 09:40:08,363 - FINISHED LOOP

INFO: 2026-03-27 09:45:08,625 - STARTING LOOP
INFO: 2026-03-27 09:45:08,626 - Nothing to insert into the database!
INFO: 2026-03-27 09:45:08,626 - FINISHED LOOP

INFO: 2026-03-27 09:50:07,899 - STARTING LOOP
INFO: 2026-03-27 09:50:07,900 - Nothing to insert into the database!
INFO: 2026-03-27 09:50:07,900 - FINISHED LOOP

INFO: 2026-03-27 09:55:06,768 - STARTING LOOP
INFO: 2026-03-27 09:55:06,770 - Nothing to insert into the database!
INFO: 2026-03-27 09:55:06,770 - FINISHED LOOP

INFO: 2026-03-27 10:00:09,815 - STARTING LOOP
INFO: 2026-03-27 10:00:09,816 - Nothing to insert into the database!
INFO: 2026-03-27 10:00:09,816 - FINISHED LOOP

INFO: 2026-03-27 10:05:12,552 - STARTING LOOP
INFO: 2026-03-27 10:05:12,555 - Nothing to insert into the database!
INFO: 2026-03-27 10:05:12,555 - FINISHED LOOP

INFO: 2026-03-27 10:10:07,537 - STARTING LOOP
INFO: 2026-03-27 10:10:07,540 - Nothing to insert into the database!
INFO: 2026-03-27 10:10:07,540 - FINISHED LOOP

INFO: 2026-03-27 10:15:05,711 - STARTING LOOP
INFO: 2026-03-27 10:15:05,713 - Nothing to insert into the database!
INFO: 2026-03-27 10:15:05,714 - FINISHED LOOP

INFO: 2026-03-27 10:20:08,659 - STARTING LOOP
INFO: 2026-03-27 10:20:08,661 - Nothing to insert into the database!
INFO: 2026-03-27 10:20:08,661 - FINISHED LOOP

INFO: 2026-03-27 10:25:06,416 - STARTING LOOP
INFO: 2026-03-27 10:25:06,417 - Nothing to insert into the database!
INFO: 2026-03-27 10:25:06,417 - FINISHED LOOP

INFO: 2026-03-27 10:30:07,419 - STARTING LOOP
INFO: 2026-03-27 10:30:07,420 - Nothing to insert into the database!
INFO: 2026-03-27 10:30:07,420 - FINISHED LOOP

INFO: 2026-03-27 10:35:07,560 - STARTING LOOP
INFO: 2026-03-27 10:35:07,561 - Nothing to insert into the database!
INFO: 2026-03-27 10:35:07,561 - FINISHED LOOP

INFO: 2026-03-27 10:40:08,179 - STARTING LOOP
INFO: 2026-03-27 10:40:08,180 - Nothing to insert into the database!
INFO: 2026-03-27 10:40:08,181 - FINISHED LOOP

INFO: 2026-03-27 10:45:06,280 - STARTING LOOP
INFO: 2026-03-27 10:45:06,281 - Nothing to insert into the database!
INFO: 2026-03-27 10:45:06,281 - FINISHED LOOP

INFO: 2026-03-27 10:50:07,870 - STARTING LOOP
INFO: 2026-03-27 10:50:07,871 - Nothing to insert into the database!
INFO: 2026-03-27 10:50:07,871 - FINISHED LOOP

INFO: 2026-03-27 10:55:06,255 - STARTING LOOP
INFO: 2026-03-27 10:55:06,256 - Nothing to insert into the database!
INFO: 2026-03-27 10:55:06,256 - FINISHED LOOP

INFO: 2026-03-27 11:00:10,108 - STARTING LOOP
INFO: 2026-03-27 11:00:10,109 - Nothing to insert into the database!
INFO: 2026-03-27 11:00:10,109 - FINISHED LOOP

INFO: 2026-03-27 11:05:10,031 - STARTING LOOP
INFO: 2026-03-27 11:05:10,032 - Nothing to insert into the database!
INFO: 2026-03-27 11:05:10,032 - FINISHED LOOP

INFO: 2026-03-27 11:10:06,739 - STARTING LOOP
INFO: 2026-03-27 11:10:06,740 - Nothing to insert into the database!
INFO: 2026-03-27 11:10:06,740 - FINISHED LOOP

INFO: 2026-03-27 11:15:08,658 - STARTING LOOP
INFO: 2026-03-27 11:15:08,660 - Nothing to insert into the database!
INFO: 2026-03-27 11:15:08,660 - FINISHED LOOP

INFO: 2026-03-27 11:20:07,350 - STARTING LOOP
INFO: 2026-03-27 11:20:07,351 - Nothing to insert into the database!
INFO: 2026-03-27 11:20:07,352 - FINISHED LOOP

INFO: 2026-03-27 11:25:06,921 - STARTING LOOP
INFO: 2026-03-27 11:25:06,922 - Nothing to insert into the database!
INFO: 2026-03-27 11:25:06,922 - FINISHED LOOP

INFO: 2026-03-27 11:30:07,337 - STARTING LOOP
INFO: 2026-03-27 11:30:07,338 - Nothing to insert into the database!
INFO: 2026-03-27 11:30:07,338 - FINISHED LOOP

INFO: 2026-03-27 11:35:05,398 - STARTING LOOP
INFO: 2026-03-27 11:35:05,400 - Nothing to insert into the database!
INFO: 2026-03-27 11:35:05,400 - FINISHED LOOP

INFO: 2026-03-27 11:40:24,668 - STARTING LOOP
INFO: 2026-03-27 11:40:24,670 - Nothing to insert into the database!
INFO: 2026-03-27 11:40:24,670 - FINISHED LOOP

INFO: 2026-03-27 11:45:06,764 - STARTING LOOP
INFO: 2026-03-27 11:45:06,765 - Nothing to insert into the database!
INFO: 2026-03-27 11:45:06,765 - FINISHED LOOP

INFO: 2026-03-27 11:50:08,318 - STARTING LOOP
INFO: 2026-03-27 11:50:08,319 - Nothing to insert into the database!
INFO: 2026-03-27 11:50:08,319 - FINISHED LOOP

INFO: 2026-03-27 11:55:10,553 - STARTING LOOP
INFO: 2026-03-27 11:55:10,576 - Nothing to insert into the database!
INFO: 2026-03-27 11:55:10,576 - FINISHED LOOP

INFO: 2026-03-27 12:00:11,434 - STARTING LOOP
INFO: 2026-03-27 12:00:11,435 - Nothing to insert into the database!
INFO: 2026-03-27 12:00:11,435 - FINISHED LOOP

INFO: 2026-03-27 12:05:07,246 - STARTING LOOP
INFO: 2026-03-27 12:05:07,255 - Inserting file snov--2002111__Prison architecture.csv...
INFO: 2026-03-27 12:05:14,252 - DONE!
INFO: 2026-03-27 12:05:14,255 - Saving for project 2002111 - hlm_prison_research
INFO: 2026-03-27 12:05:14,299 - DONE!
INFO: 2026-03-27 12:05:15,374 - FINISHED LOOP

saving new records...
inserted 385 new records
failed converting to list in the column: 
other_emails
updating 1963 records
success!
INFO: 2026-03-27 12:10:33,078 - STARTING LOOP
INFO: 2026-03-27 12:10:33,080 - Nothing to insert into the database!
INFO: 2026-03-27 12:10:33,080 - FINISHED LOOP

INFO: 2026-03-27 12:15:07,440 - STARTING LOOP
INFO: 2026-03-27 12:15:07,441 - Nothing to insert into the database!
INFO: 2026-03-27 12:15:07,441 - FINISHED LOOP

INFO: 2026-03-27 12:20:08,017 - STARTING LOOP
INFO: 2026-03-27 12:20:08,019 - Nothing to insert into the database!
INFO: 2026-03-27 12:20:08,019 - FINISHED LOOP

INFO: 2026-03-27 12:25:06,983 - STARTING LOOP
INFO: 2026-03-27 12:25:06,985 - Nothing to insert into the database!
INFO: 2026-03-27 12:25:06,985 - FINISHED LOOP

INFO: 2026-03-27 12:30:07,742 - STARTING LOOP
INFO: 2026-03-27 12:30:07,743 - Nothing to insert into the database!
INFO: 2026-03-27 12:30:07,743 - FINISHED LOOP

INFO: 2026-03-27 12:35:06,803 - STARTING LOOP
INFO: 2026-03-27 12:35:06,804 - Nothing to insert into the database!
INFO: 2026-03-27 12:35:06,804 - FINISHED LOOP

INFO: 2026-03-27 12:37:49,628 - STARTING LOOP
INFO: 2026-03-27 12:37:49,629 - Inserting file client--1546582__Bigalli Customers and Contact.csv...
WARNING: 2026-03-27 12:37:49,735 - Failed inserting new csv to database and assigning it to a project blast./nError: near "-": syntax error
INFO: 2026-03-27 12:37:49,736 - Moved to failed files directory...
INFO: 2026-03-27 12:37:49,736 - FINISHED LOOP

INFO: 2026-03-27 12:38:43,797 - STARTING LOOP
INFO: 2026-03-27 12:38:43,798 - Inserting file client--1546582__Bigalli Customers and Contact.csv...
INFO: 2026-03-27 12:38:43,947 - DONE!
INFO: 2026-03-27 12:38:43,948 - Saving for project 1546582 - bigalli_hats_2
INFO: 2026-03-27 12:38:43,957 - DONE!
INFO: 2026-03-27 12:38:44,962 - FINISHED LOOP

INFO: 2026-03-27 12:40:07,094 - STARTING LOOP
INFO: 2026-03-27 12:40:07,096 - Nothing to insert into the database!
INFO: 2026-03-27 12:40:07,096 - FINISHED LOOP

INFO: 2026-03-27 12:45:08,608 - STARTING LOOP
INFO: 2026-03-27 12:45:08,609 - Nothing to insert into the database!
INFO: 2026-03-27 12:45:08,609 - FINISHED LOOP

INFO: 2026-03-27 12:50:07,930 - STARTING LOOP
INFO: 2026-03-27 12:50:07,932 - Nothing to insert into the database!
INFO: 2026-03-27 12:50:07,932 - FINISHED LOOP

INFO: 2026-03-27 12:55:09,234 - STARTING LOOP
INFO: 2026-03-27 12:55:09,235 - Nothing to insert into the database!
INFO: 2026-03-27 12:55:09,235 - FINISHED LOOP

INFO: 2026-03-27 13:00:11,506 - STARTING LOOP
INFO: 2026-03-27 13:00:11,507 - Nothing to insert into the database!
INFO: 2026-03-27 13:00:11,508 - FINISHED LOOP

INFO: 2026-03-27 13:05:06,876 - STARTING LOOP
INFO: 2026-03-27 13:05:06,877 - Nothing to insert into the database!
INFO: 2026-03-27 13:05:06,877 - FINISHED LOOP

INFO: 2026-03-27 13:10:07,093 - STARTING LOOP
INFO: 2026-03-27 13:10:07,094 - Nothing to insert into the database!
INFO: 2026-03-27 13:10:07,095 - FINISHED LOOP

INFO: 2026-03-27 13:15:08,385 - STARTING LOOP
INFO: 2026-03-27 13:15:08,386 - Nothing to insert into the database!
INFO: 2026-03-27 13:15:08,386 - FINISHED LOOP

INFO: 2026-03-27 13:20:09,930 - STARTING LOOP
INFO: 2026-03-27 13:20:09,931 - Nothing to insert into the database!
INFO: 2026-03-27 13:20:09,931 - FINISHED LOOP

INFO: 2026-03-27 13:25:08,467 - STARTING LOOP
INFO: 2026-03-27 13:25:08,468 - Nothing to insert into the database!
INFO: 2026-03-27 13:25:08,468 - FINISHED LOOP

INFO: 2026-03-27 13:30:07,161 - STARTING LOOP
INFO: 2026-03-27 13:30:07,162 - Nothing to insert into the database!
INFO: 2026-03-27 13:30:07,162 - FINISHED LOOP

INFO: 2026-03-27 13:35:06,849 - STARTING LOOP
INFO: 2026-03-27 13:35:06,850 - Nothing to insert into the database!
INFO: 2026-03-27 13:35:06,850 - FINISHED LOOP

INFO: 2026-03-27 13:41:08,684 - STARTING LOOP
INFO: 2026-03-27 13:41:08,686 - Nothing to insert into the database!
INFO: 2026-03-27 13:41:08,686 - FINISHED LOOP

INFO: 2026-03-27 13:45:08,546 - STARTING LOOP
INFO: 2026-03-27 13:45:08,547 - Nothing to insert into the database!
INFO: 2026-03-27 13:45:08,547 - FINISHED LOOP

INFO: 2026-03-27 13:50:07,912 - STARTING LOOP
INFO: 2026-03-27 13:50:07,925 - Nothing to insert into the database!
INFO: 2026-03-27 13:50:07,925 - FINISHED LOOP

INFO: 2026-03-27 13:55:07,536 - STARTING LOOP
INFO: 2026-03-27 13:55:07,537 - Nothing to insert into the database!
INFO: 2026-03-27 13:55:07,537 - FINISHED LOOP

INFO: 2026-03-27 14:00:07,846 - STARTING LOOP
INFO: 2026-03-27 14:00:07,847 - Nothing to insert into the database!
INFO: 2026-03-27 14:00:07,847 - FINISHED LOOP

INFO: 2026-03-27 14:05:05,412 - STARTING LOOP
INFO: 2026-03-27 14:05:05,414 - Nothing to insert into the database!
INFO: 2026-03-27 14:05:05,414 - FINISHED LOOP

INFO: 2026-03-27 14:10:07,007 - STARTING LOOP
INFO: 2026-03-27 14:10:07,009 - Nothing to insert into the database!
INFO: 2026-03-27 14:10:07,009 - FINISHED LOOP

INFO: 2026-03-27 14:15:06,443 - STARTING LOOP
INFO: 2026-03-27 14:15:06,444 - Nothing to insert into the database!
INFO: 2026-03-27 14:15:06,444 - FINISHED LOOP

INFO: 2026-03-27 14:20:07,521 - STARTING LOOP
INFO: 2026-03-27 14:20:07,523 - Nothing to insert into the database!
INFO: 2026-03-27 14:20:07,523 - FINISHED LOOP

INFO: 2026-03-27 14:25:06,646 - STARTING LOOP
INFO: 2026-03-27 14:25:06,647 - Nothing to insert into the database!
INFO: 2026-03-27 14:25:06,647 - FINISHED LOOP

INFO: 2026-03-27 14:30:05,751 - STARTING LOOP
INFO: 2026-03-27 14:30:05,752 - Nothing to insert into the database!
INFO: 2026-03-27 14:30:05,752 - FINISHED LOOP

INFO: 2026-03-27 14:35:05,733 - STARTING LOOP
INFO: 2026-03-27 14:35:05,734 - Nothing to insert into the database!
INFO: 2026-03-27 14:35:05,734 - FINISHED LOOP

INFO: 2026-03-27 14:40:05,970 - STARTING LOOP
INFO: 2026-03-27 14:40:05,971 - Nothing to insert into the database!
INFO: 2026-03-27 14:40:05,972 - FINISHED LOOP

INFO: 2026-03-27 14:45:07,833 - STARTING LOOP
INFO: 2026-03-27 14:45:07,835 - Nothing to insert into the database!
INFO: 2026-03-27 14:45:07,835 - FINISHED LOOP

INFO: 2026-03-27 14:50:07,524 - STARTING LOOP
INFO: 2026-03-27 14:50:07,525 - Nothing to insert into the database!
INFO: 2026-03-27 14:50:07,525 - FINISHED LOOP

INFO: 2026-03-27 14:55:11,817 - STARTING LOOP
INFO: 2026-03-27 14:55:11,819 - Nothing to insert into the database!
INFO: 2026-03-27 14:55:11,819 - FINISHED LOOP

INFO: 2026-03-27 15:00:08,220 - STARTING LOOP
INFO: 2026-03-27 15:00:08,222 - Nothing to insert into the database!
INFO: 2026-03-27 15:00:08,223 - FINISHED LOOP

INFO: 2026-03-27 15:05:06,863 - STARTING LOOP
INFO: 2026-03-27 15:05:06,864 - Nothing to insert into the database!
INFO: 2026-03-27 15:05:06,864 - FINISHED LOOP

INFO: 2026-03-27 15:10:07,237 - STARTING LOOP
INFO: 2026-03-27 15:10:07,239 - Nothing to insert into the database!
INFO: 2026-03-27 15:10:07,239 - FINISHED LOOP

INFO: 2026-03-27 15:15:06,625 - STARTING LOOP
INFO: 2026-03-27 15:15:06,627 - Nothing to insert into the database!
INFO: 2026-03-27 15:15:06,627 - FINISHED LOOP

INFO: 2026-03-27 15:20:08,697 - STARTING LOOP
INFO: 2026-03-27 15:20:08,698 - Nothing to insert into the database!
INFO: 2026-03-27 15:20:08,699 - FINISHED LOOP

INFO: 2026-03-27 15:25:09,203 - STARTING LOOP
INFO: 2026-03-27 15:25:09,204 - Nothing to insert into the database!
INFO: 2026-03-27 15:25:09,205 - FINISHED LOOP

INFO: 2026-03-27 15:30:08,537 - STARTING LOOP
INFO: 2026-03-27 15:30:08,539 - Nothing to insert into the database!
INFO: 2026-03-27 15:30:08,539 - FINISHED LOOP

INFO: 2026-03-27 15:35:07,239 - STARTING LOOP
INFO: 2026-03-27 15:35:07,240 - Nothing to insert into the database!
INFO: 2026-03-27 15:35:07,240 - FINISHED LOOP

INFO: 2026-03-27 15:40:08,333 - STARTING LOOP
INFO: 2026-03-27 15:40:08,334 - Nothing to insert into the database!
INFO: 2026-03-27 15:40:08,335 - FINISHED LOOP

INFO: 2026-03-27 15:45:08,366 - STARTING LOOP
INFO: 2026-03-27 15:45:08,368 - Nothing to insert into the database!
INFO: 2026-03-27 15:45:08,368 - FINISHED LOOP

INFO: 2026-03-27 15:50:11,311 - STARTING LOOP
INFO: 2026-03-27 15:50:11,312 - Nothing to insert into the database!
INFO: 2026-03-27 15:50:11,312 - FINISHED LOOP

INFO: 2026-03-27 15:55:08,817 - STARTING LOOP
INFO: 2026-03-27 15:55:08,819 - Nothing to insert into the database!
INFO: 2026-03-27 15:55:08,819 - FINISHED LOOP

INFO: 2026-03-27 16:00:08,635 - STARTING LOOP
INFO: 2026-03-27 16:00:08,637 - Nothing to insert into the database!
INFO: 2026-03-27 16:00:08,637 - FINISHED LOOP

INFO: 2026-03-27 16:05:08,099 - STARTING LOOP
INFO: 2026-03-27 16:05:08,102 - Nothing to insert into the database!
INFO: 2026-03-27 16:05:08,102 - FINISHED LOOP

INFO: 2026-03-27 16:10:37,801 - STARTING LOOP
INFO: 2026-03-27 16:10:37,802 - Nothing to insert into the database!
INFO: 2026-03-27 16:10:37,803 - FINISHED LOOP

INFO: 2026-03-27 16:15:11,863 - STARTING LOOP
INFO: 2026-03-27 16:15:11,864 - Nothing to insert into the database!
INFO: 2026-03-27 16:15:11,864 - FINISHED LOOP

INFO: 2026-03-27 16:20:07,143 - STARTING LOOP
INFO: 2026-03-27 16:20:07,144 - Nothing to insert into the database!
INFO: 2026-03-27 16:20:07,144 - FINISHED LOOP

INFO: 2026-03-27 16:25:06,560 - STARTING LOOP
INFO: 2026-03-27 16:25:06,561 - Nothing to insert into the database!
INFO: 2026-03-27 16:25:06,561 - FINISHED LOOP

INFO: 2026-03-27 16:30:08,214 - STARTING LOOP
INFO: 2026-03-27 16:30:08,215 - Nothing to insert into the database!
INFO: 2026-03-27 16:30:08,215 - FINISHED LOOP

INFO: 2026-03-27 16:35:06,494 - STARTING LOOP
INFO: 2026-03-27 16:35:06,496 - Nothing to insert into the database!
INFO: 2026-03-27 16:35:06,496 - FINISHED LOOP

INFO: 2026-03-27 16:40:33,850 - STARTING LOOP
INFO: 2026-03-27 16:40:33,852 - Nothing to insert into the database!
INFO: 2026-03-27 16:40:33,852 - FINISHED LOOP

INFO: 2026-03-27 17:47:13,627 - STARTING LOOP
INFO: 2026-03-27 17:47:13,628 - Nothing to insert into the database!
INFO: 2026-03-27 17:47:13,628 - FINISHED LOOP

INFO: 2026-03-27 17:47:17,595 - STARTING LOOP
INFO: 2026-03-27 17:47:17,596 - Nothing to insert into the database!
INFO: 2026-03-27 17:47:17,596 - FINISHED LOOP

INFO: 2026-03-27 17:50:45,756 - STARTING LOOP
INFO: 2026-03-27 17:50:45,757 - Nothing to insert into the database!
INFO: 2026-03-27 17:50:45,758 - FINISHED LOOP

INFO: 2026-03-27 17:55:07,088 - STARTING LOOP
INFO: 2026-03-27 17:55:07,090 - Nothing to insert into the database!
INFO: 2026-03-27 17:55:07,090 - FINISHED LOOP

INFO: 2026-03-27 18:00:08,138 - STARTING LOOP
INFO: 2026-03-27 18:00:08,139 - Nothing to insert into the database!
INFO: 2026-03-27 18:00:08,139 - FINISHED LOOP

INFO: 2026-03-27 18:05:07,613 - STARTING LOOP
INFO: 2026-03-27 18:05:07,614 - Nothing to insert into the database!
INFO: 2026-03-27 18:05:07,614 - FINISHED LOOP

INFO: 2026-03-27 18:10:07,864 - STARTING LOOP
INFO: 2026-03-27 18:10:07,865 - Nothing to insert into the database!
INFO: 2026-03-27 18:10:07,865 - FINISHED LOOP

INFO: 2026-03-27 18:15:06,821 - STARTING LOOP
INFO: 2026-03-27 18:15:06,822 - Nothing to insert into the database!
INFO: 2026-03-27 18:15:06,822 - FINISHED LOOP

INFO: 2026-03-27 18:20:06,036 - STARTING LOOP
INFO: 2026-03-27 18:20:06,037 - Nothing to insert into the database!
INFO: 2026-03-27 18:20:06,037 - FINISHED LOOP

