error: Workspace member `/Users/albertoruizcajiga/python/sis_international/modules/workers` is missing a `pyproject.toml` (matches: `modules/*`)
nothing to process
nothing to process
nothing to process
nothing to process
nothing to process
nothing to process
nothing to process
nothing to process
nothing to process
nothing to process
nothing to process
nothing to process
nothing to process
nothing to process
nothing to process
nothing to process
nothing to process
nothing to process
nothing to process
nothing to process
nothing to process
nothing to process
nothing to process
nothing to process
nothing to process
nothing to process
nothing to process
nothing to process
nothing to process
nothing to process
nothing to process
nothing to process
nothing to process
nothing to process
nothing to process
nothing to process
nothing to process
nothing to process
nothing to process
nothing to process
nothing to process
nothing to process
nothing to process
nothing to process
nothing to process
nothing to process
nothing to process
nothing to process
nothing to process
nothing to process
nothing to process
{'file_id': '30278147', 'file_name': '1994141', 'status': 'finished', 'unique_emails': 15, 'updated_at': '2026-02-20 23:58:44', 'createdate': '2026-02-20 23:58:39', 'percent': 100, 'total_rows': 0, 'verified': 15, 'unverified': 0, 'ok': 15, 'catch_all': 0, 'disposable': 0, 'invalid': 0, 'unknown': 0, 'reverify': 0, 'credit': 0, 'estimated_time_sec': 0, 'error': ''}
finished
updating validation status...  30278147
success!
update done
{'file_id': '30278160', 'file_name': '1994141', 'status': 'finished', 'unique_emails': 10, 'updated_at': '2026-02-21 00:06:54', 'createdate': '2026-02-21 00:06:44', 'percent': 100, 'total_rows': 0, 'verified': 10, 'unverified': 0, 'ok': 6, 'catch_all': 0, 'disposable': 0, 'invalid': 4, 'unknown': 0, 'reverify': 0, 'credit': 0, 'estimated_time_sec': 0, 'error': ''}
finished
updating validation status...  30278160
success!
update done
{'file_id': '30278161', 'file_name': '1994141', 'status': 'in_progress', 'unique_emails': 1000, 'updated_at': '2026-02-21 00:15:08', 'createdate': '2026-02-21 00:07:18', 'percent': 97, 'total_rows': 0, 'verified': 977, 'unverified': 23, 'ok': 0, 'catch_all': 0, 'disposable': 0, 'invalid': 0, 'unknown': 0, 'reverify': 23, 'credit': 0, 'estimated_time_sec': 2220, 'error': ''}
in_progress
{'file_id': '30278161', 'file_name': '1994141', 'status': 'in_progress', 'unique_emails': 1000, 'updated_at': '2026-02-21 00:16:03', 'createdate': '2026-02-21 00:07:18', 'percent': 97, 'total_rows': 0, 'verified': 979, 'unverified': 21, 'ok': 0, 'catch_all': 0, 'disposable': 0, 'invalid': 0, 'unknown': 0, 'reverify': 21, 'credit': 0, 'estimated_time_sec': 2160, 'error': ''}
in_progress
{'file_id': '30278161', 'file_name': '1994141', 'status': 'in_progress', 'unique_emails': 1000, 'updated_at': '2026-02-21 00:17:03', 'createdate': '2026-02-21 00:07:18', 'percent': 97, 'total_rows': 0, 'verified': 979, 'unverified': 21, 'ok': 0, 'catch_all': 0, 'disposable': 0, 'invalid': 0, 'unknown': 0, 'reverify': 21, 'credit': 0, 'estimated_time_sec': 2100, 'error': ''}
in_progress
{'file_id': '30278161', 'file_name': '1994141', 'status': 'in_progress', 'unique_emails': 1000, 'updated_at': '2026-02-21 00:18:03', 'createdate': '2026-02-21 00:07:18', 'percent': 98, 'total_rows': 0, 'verified': 984, 'unverified': 16, 'ok': 0, 'catch_all': 0, 'disposable': 0, 'invalid': 0, 'unknown': 0, 'reverify': 16, 'credit': 0, 'estimated_time_sec': 2040, 'error': ''}
in_progress
{'file_id': '30278161', 'file_name': '1994141', 'status': 'in_progress', 'unique_emails': 1000, 'updated_at': '2026-02-21 00:19:03', 'createdate': '2026-02-21 00:07:18', 'percent': 98, 'total_rows': 0, 'verified': 984, 'unverified': 16, 'ok': 0, 'catch_all': 0, 'disposable': 0, 'invalid': 0, 'unknown': 0, 'reverify': 16, 'credit': 0, 'estimated_time_sec': 1980, 'error': ''}
in_progress
{'file_id': '30278161', 'file_name': '1994141', 'status': 'in_progress', 'unique_emails': 1000, 'updated_at': '2026-02-21 00:20:03', 'createdate': '2026-02-21 00:07:18', 'percent': 98, 'total_rows': 0, 'verified': 984, 'unverified': 16, 'ok': 0, 'catch_all': 0, 'disposable': 0, 'invalid': 0, 'unknown': 0, 'reverify': 16, 'credit': 0, 'estimated_time_sec': 1920, 'error': ''}
in_progress
{'file_id': '30278161', 'file_name': '1994141', 'status': 'in_progress', 'unique_emails': 1000, 'updated_at': '2026-02-21 00:21:03', 'createdate': '2026-02-21 00:07:18', 'percent': 99, 'total_rows': 0, 'verified': 996, 'unverified': 4, 'ok': 0, 'catch_all': 0, 'disposable': 0, 'invalid': 0, 'unknown': 0, 'reverify': 4, 'credit': 0, 'estimated_time_sec': 1860, 'error': ''}
in_progress
{'file_id': '30278161', 'file_name': '1994141', 'status': 'in_progress', 'unique_emails': 1000, 'updated_at': '2026-02-21 00:22:03', 'createdate': '2026-02-21 00:07:18', 'percent': 99, 'total_rows': 0, 'verified': 997, 'unverified': 3, 'ok': 0, 'catch_all': 0, 'disposable': 0, 'invalid': 0, 'unknown': 0, 'reverify': 3, 'credit': 0, 'estimated_time_sec': 1800, 'error': ''}
in_progress
{'file_id': '30278161', 'file_name': '1994141', 'status': 'finished', 'unique_emails': 1000, 'updated_at': '2026-02-21 00:22:58', 'createdate': '2026-02-21 00:07:18', 'percent': 100, 'total_rows': 0, 'verified': 1000, 'unverified': 0, 'ok': 618, 'catch_all': 129, 'disposable': 0, 'invalid': 240, 'unknown': 13, 'reverify': 0, 'credit': 0, 'estimated_time_sec': 0, 'error': ''}
finished
updating validation status...  30278161
success!
update done
{'file_id': '30278178', 'file_name': '1994141', 'status': 'in_progress', 'unique_emails': 382, 'updated_at': '2026-02-21 00:24:02', 'createdate': '2026-02-21 00:24:02', 'percent': 0, 'total_rows': 0, 'verified': 0, 'unverified': 382, 'ok': 0, 'catch_all': 0, 'disposable': 0, 'invalid': 0, 'unknown': 0, 'reverify': 0, 'credit': 0, 'estimated_time_sec': 0, 'error': ''}
in_progress
{'file_id': '30278178', 'file_name': '1994141', 'status': 'in_progress', 'unique_emails': 382, 'updated_at': '2026-02-21 00:25:02', 'createdate': '2026-02-21 00:24:02', 'percent': 84, 'total_rows': 0, 'verified': 322, 'unverified': 60, 'ok': 0, 'catch_all': 0, 'disposable': 0, 'invalid': 0, 'unknown': 0, 'reverify': 58, 'credit': 0, 'estimated_time_sec': 2640, 'error': ''}
in_progress
{'file_id': '30278178', 'file_name': '1994141', 'status': 'in_progress', 'unique_emails': 382, 'updated_at': '2026-02-21 00:26:02', 'createdate': '2026-02-21 00:24:02', 'percent': 94, 'total_rows': 0, 'verified': 360, 'unverified': 22, 'ok': 0, 'catch_all': 0, 'disposable': 0, 'invalid': 0, 'unknown': 0, 'reverify': 21, 'credit': 0, 'estimated_time_sec': 2580, 'error': ''}
in_progress
{'file_id': '30278178', 'file_name': '1994141', 'status': 'in_progress', 'unique_emails': 382, 'updated_at': '2026-02-21 00:27:02', 'createdate': '2026-02-21 00:24:02', 'percent': 95, 'total_rows': 0, 'verified': 365, 'unverified': 17, 'ok': 0, 'catch_all': 0, 'disposable': 0, 'invalid': 0, 'unknown': 0, 'reverify': 17, 'credit': 0, 'estimated_time_sec': 2520, 'error': ''}
in_progress
{'file_id': '30278178', 'file_name': '1994141', 'status': 'in_progress', 'unique_emails': 382, 'updated_at': '2026-02-21 00:28:02', 'createdate': '2026-02-21 00:24:02', 'percent': 96, 'total_rows': 0, 'verified': 368, 'unverified': 14, 'ok': 0, 'catch_all': 0, 'disposable': 0, 'invalid': 0, 'unknown': 0, 'reverify': 14, 'credit': 0, 'estimated_time_sec': 2460, 'error': ''}
in_progress
{'file_id': '30278178', 'file_name': '1994141', 'status': 'in_progress', 'unique_emails': 382, 'updated_at': '2026-02-21 00:29:02', 'createdate': '2026-02-21 00:24:02', 'percent': 96, 'total_rows': 0, 'verified': 368, 'unverified': 14, 'ok': 0, 'catch_all': 0, 'disposable': 0, 'invalid': 0, 'unknown': 0, 'reverify': 14, 'credit': 0, 'estimated_time_sec': 2400, 'error': ''}
in_progress
{'file_id': '30278178', 'file_name': '1994141', 'status': 'in_progress', 'unique_emails': 382, 'updated_at': '2026-02-21 00:30:07', 'createdate': '2026-02-21 00:24:02', 'percent': 99, 'total_rows': 0, 'verified': 381, 'unverified': 1, 'ok': 0, 'catch_all': 0, 'disposable': 0, 'invalid': 0, 'unknown': 0, 'reverify': 1, 'credit': 0, 'estimated_time_sec': 2340, 'error': ''}
in_progress
{'file_id': '30278178', 'file_name': '1994141', 'status': 'finished', 'unique_emails': 382, 'updated_at': '2026-02-21 00:30:17', 'createdate': '2026-02-21 00:24:02', 'percent': 100, 'total_rows': 0, 'verified': 382, 'unverified': 0, 'ok': 176, 'catch_all': 95, 'disposable': 0, 'invalid': 106, 'unknown': 5, 'reverify': 0, 'credit': 0, 'estimated_time_sec': 0, 'error': ''}
finished
updating validation status...  30278178
success!
update done
nothing to process
nothing to process
nothing to process
nothing to process
{'file_id': '30278192', 'file_name': '1994141', 'status': 'in_progress', 'unique_emails': 206, 'updated_at': '2026-02-21 00:36:01', 'createdate': '2026-02-21 00:35:15', 'percent': 79, 'total_rows': 0, 'verified': 164, 'unverified': 42, 'ok': 0, 'catch_all': 0, 'disposable': 0, 'invalid': 0, 'unknown': 0, 'reverify': 41, 'credit': 0, 'estimated_time_sec': 2640, 'error': ''}
in_progress
{'file_id': '30278192', 'file_name': '1994141', 'status': 'in_progress', 'unique_emails': 206, 'updated_at': '2026-02-21 00:37:06', 'createdate': '2026-02-21 00:35:15', 'percent': 84, 'total_rows': 0, 'verified': 175, 'unverified': 31, 'ok': 0, 'catch_all': 0, 'disposable': 0, 'invalid': 0, 'unknown': 0, 'reverify': 30, 'credit': 0, 'estimated_time_sec': 2580, 'error': ''}
in_progress
{'file_id': '30278192', 'file_name': '1994141', 'status': 'in_progress', 'unique_emails': 206, 'updated_at': '2026-02-21 00:38:06', 'createdate': '2026-02-21 00:35:15', 'percent': 87, 'total_rows': 0, 'verified': 181, 'unverified': 25, 'ok': 0, 'catch_all': 0, 'disposable': 0, 'invalid': 0, 'unknown': 0, 'reverify': 25, 'credit': 0, 'estimated_time_sec': 2520, 'error': ''}
in_progress
{'file_id': '30278192', 'file_name': '1994141', 'status': 'in_progress', 'unique_emails': 206, 'updated_at': '2026-02-21 00:39:01', 'createdate': '2026-02-21 00:35:15', 'percent': 89, 'total_rows': 0, 'verified': 185, 'unverified': 21, 'ok': 0, 'catch_all': 0, 'disposable': 0, 'invalid': 0, 'unknown': 0, 'reverify': 21, 'credit': 0, 'estimated_time_sec': 2460, 'error': ''}
in_progress
{'file_id': '30278192', 'file_name': '1994141', 'status': 'in_progress', 'unique_emails': 206, 'updated_at': '2026-02-21 00:40:01', 'createdate': '2026-02-21 00:35:15', 'percent': 90, 'total_rows': 0, 'verified': 186, 'unverified': 20, 'ok': 0, 'catch_all': 0, 'disposable': 0, 'invalid': 0, 'unknown': 0, 'reverify': 20, 'credit': 0, 'estimated_time_sec': 2400, 'error': ''}
in_progress
{'file_id': '30278192', 'file_name': '1994141', 'status': 'in_progress', 'unique_emails': 206, 'updated_at': '2026-02-21 00:41:01', 'createdate': '2026-02-21 00:35:15', 'percent': 98, 'total_rows': 0, 'verified': 203, 'unverified': 3, 'ok': 0, 'catch_all': 0, 'disposable': 0, 'invalid': 0, 'unknown': 0, 'reverify': 3, 'credit': 0, 'estimated_time_sec': 2340, 'error': ''}
in_progress
{'file_id': '30278192', 'file_name': '1994141', 'status': 'in_progress', 'unique_emails': 206, 'updated_at': '2026-02-21 00:42:06', 'createdate': '2026-02-21 00:35:15', 'percent': 99, 'total_rows': 0, 'verified': 205, 'unverified': 1, 'ok': 0, 'catch_all': 0, 'disposable': 0, 'invalid': 0, 'unknown': 0, 'reverify': 1, 'credit': 0, 'estimated_time_sec': 2280, 'error': ''}
in_progress
{'file_id': '30278192', 'file_name': '1994141', 'status': 'in_progress', 'unique_emails': 206, 'updated_at': '2026-02-21 00:43:06', 'createdate': '2026-02-21 00:35:15', 'percent': 99, 'total_rows': 0, 'verified': 205, 'unverified': 1, 'ok': 0, 'catch_all': 0, 'disposable': 0, 'invalid': 0, 'unknown': 0, 'reverify': 1, 'credit': 0, 'estimated_time_sec': 2220, 'error': ''}
in_progress
{'file_id': '30278192', 'file_name': '1994141', 'status': 'in_progress', 'unique_emails': 206, 'updated_at': '2026-02-21 00:44:06', 'createdate': '2026-02-21 00:35:15', 'percent': 99, 'total_rows': 0, 'verified': 205, 'unverified': 1, 'ok': 0, 'catch_all': 0, 'disposable': 0, 'invalid': 0, 'unknown': 0, 'reverify': 1, 'credit': 0, 'estimated_time_sec': 2160, 'error': ''}
in_progress
{'file_id': '30278192', 'file_name': '1994141', 'status': 'in_progress', 'unique_emails': 206, 'updated_at': '2026-02-21 00:45:06', 'createdate': '2026-02-21 00:35:15', 'percent': 99, 'total_rows': 0, 'verified': 205, 'unverified': 1, 'ok': 0, 'catch_all': 0, 'disposable': 0, 'invalid': 0, 'unknown': 0, 'reverify': 1, 'credit': 0, 'estimated_time_sec': 2100, 'error': ''}
in_progress
{'file_id': '30278192', 'file_name': '1994141', 'status': 'finished', 'unique_emails': 206, 'updated_at': '2026-02-21 00:45:26', 'createdate': '2026-02-21 00:35:15', 'percent': 100, 'total_rows': 0, 'verified': 206, 'unverified': 0, 'ok': 115, 'catch_all': 37, 'disposable': 0, 'invalid': 53, 'unknown': 1, 'reverify': 0, 'credit': 0, 'estimated_time_sec': 0, 'error': ''}
finished
updating validation status...  30278192
success!
update done
{'file_id': '30278199', 'file_name': '1994141', 'status': 'in_progress', 'unique_emails': 206, 'updated_at': '2026-02-21 00:47:03', 'createdate': '2026-02-21 00:46:08', 'percent': 67, 'total_rows': 0, 'verified': 140, 'unverified': 66, 'ok': 0, 'catch_all': 0, 'disposable': 0, 'invalid': 0, 'unknown': 0, 'reverify': 65, 'credit': 0, 'estimated_time_sec': 2640, 'error': ''}
in_progress
{'file_id': '30278199', 'file_name': '1994141', 'status': 'in_progress', 'unique_emails': 206, 'updated_at': '2026-02-21 00:48:03', 'createdate': '2026-02-21 00:46:08', 'percent': 78, 'total_rows': 0, 'verified': 161, 'unverified': 45, 'ok': 0, 'catch_all': 0, 'disposable': 0, 'invalid': 0, 'unknown': 0, 'reverify': 44, 'credit': 0, 'estimated_time_sec': 2580, 'error': ''}
in_progress
{'file_id': '30278199', 'file_name': '1994141', 'status': 'in_progress', 'unique_emails': 206, 'updated_at': '2026-02-21 00:49:03', 'createdate': '2026-02-21 00:46:08', 'percent': 88, 'total_rows': 0, 'verified': 182, 'unverified': 24, 'ok': 0, 'catch_all': 0, 'disposable': 0, 'invalid': 0, 'unknown': 0, 'reverify': 24, 'credit': 0, 'estimated_time_sec': 2520, 'error': ''}
in_progress
{'file_id': '30278199', 'file_name': '1994141', 'status': 'in_progress', 'unique_emails': 206, 'updated_at': '2026-02-21 00:50:03', 'createdate': '2026-02-21 00:46:08', 'percent': 89, 'total_rows': 0, 'verified': 184, 'unverified': 22, 'ok': 0, 'catch_all': 0, 'disposable': 0, 'invalid': 0, 'unknown': 0, 'reverify': 22, 'credit': 0, 'estimated_time_sec': 2460, 'error': ''}
in_progress
{'file_id': '30278199', 'file_name': '1994141', 'status': 'in_progress', 'unique_emails': 206, 'updated_at': '2026-02-21 00:51:03', 'createdate': '2026-02-21 00:46:08', 'percent': 90, 'total_rows': 0, 'verified': 186, 'unverified': 20, 'ok': 0, 'catch_all': 0, 'disposable': 0, 'invalid': 0, 'unknown': 0, 'reverify': 20, 'credit': 0, 'estimated_time_sec': 2400, 'error': ''}
in_progress
{'file_id': '30278199', 'file_name': '1994141', 'status': 'in_progress', 'unique_emails': 206, 'updated_at': '2026-02-21 00:52:03', 'createdate': '2026-02-21 00:46:08', 'percent': 94, 'total_rows': 0, 'verified': 195, 'unverified': 11, 'ok': 0, 'catch_all': 0, 'disposable': 0, 'invalid': 0, 'unknown': 0, 'reverify': 11, 'credit': 0, 'estimated_time_sec': 2340, 'error': ''}
in_progress
{'file_id': '30278199', 'file_name': '1994141', 'status': 'in_progress', 'unique_emails': 206, 'updated_at': '2026-02-21 00:53:03', 'createdate': '2026-02-21 00:46:08', 'percent': 96, 'total_rows': 0, 'verified': 198, 'unverified': 8, 'ok': 0, 'catch_all': 0, 'disposable': 0, 'invalid': 0, 'unknown': 0, 'reverify': 8, 'credit': 0, 'estimated_time_sec': 2280, 'error': ''}
in_progress
{'file_id': '30278199', 'file_name': '1994141', 'status': 'in_progress', 'unique_emails': 206, 'updated_at': '2026-02-21 00:54:03', 'createdate': '2026-02-21 00:46:08', 'percent': 96, 'total_rows': 0, 'verified': 199, 'unverified': 7, 'ok': 0, 'catch_all': 0, 'disposable': 0, 'invalid': 0, 'unknown': 0, 'reverify': 7, 'credit': 0, 'estimated_time_sec': 2220, 'error': ''}
in_progress
{'file_id': '30278199', 'file_name': '1994141', 'status': 'in_progress', 'unique_emails': 206, 'updated_at': '2026-02-21 00:55:03', 'createdate': '2026-02-21 00:46:08', 'percent': 97, 'total_rows': 0, 'verified': 200, 'unverified': 6, 'ok': 0, 'catch_all': 0, 'disposable': 0, 'invalid': 0, 'unknown': 0, 'reverify': 6, 'credit': 0, 'estimated_time_sec': 2160, 'error': ''}
in_progress
{'file_id': '30278199', 'file_name': '1994141', 'status': 'in_progress', 'unique_emails': 206, 'updated_at': '2026-02-21 00:56:03', 'createdate': '2026-02-21 00:46:08', 'percent': 97, 'total_rows': 0, 'verified': 200, 'unverified': 6, 'ok': 0, 'catch_all': 0, 'disposable': 0, 'invalid': 0, 'unknown': 0, 'reverify': 6, 'credit': 0, 'estimated_time_sec': 2100, 'error': ''}
in_progress
{'file_id': '30278199', 'file_name': '1994141', 'status': 'in_progress', 'unique_emails': 206, 'updated_at': '2026-02-21 00:57:03', 'createdate': '2026-02-21 00:46:08', 'percent': 97, 'total_rows': 0, 'verified': 201, 'unverified': 5, 'ok': 0, 'catch_all': 0, 'disposable': 0, 'invalid': 0, 'unknown': 0, 'reverify': 5, 'credit': 0, 'estimated_time_sec': 2040, 'error': ''}
in_progress
{'file_id': '30278199', 'file_name': '1994141', 'status': 'in_progress', 'unique_emails': 206, 'updated_at': '2026-02-21 00:58:03', 'createdate': '2026-02-21 00:46:08', 'percent': 98, 'total_rows': 0, 'verified': 202, 'unverified': 4, 'ok': 0, 'catch_all': 0, 'disposable': 0, 'invalid': 0, 'unknown': 0, 'reverify': 4, 'credit': 0, 'estimated_time_sec': 1980, 'error': ''}
in_progress
{'file_id': '30278199', 'file_name': '1994141', 'status': 'in_progress', 'unique_emails': 206, 'updated_at': '2026-02-21 01:15:03', 'createdate': '2026-02-21 00:46:08', 'percent': 99, 'total_rows': 0, 'verified': 205, 'unverified': 1, 'ok': 0, 'catch_all': 0, 'disposable': 0, 'invalid': 0, 'unknown': 0, 'reverify': 1, 'credit': 0, 'estimated_time_sec': 960, 'error': ''}
in_progress
{'file_id': '30278199', 'file_name': '1994141', 'status': 'in_progress', 'unique_emails': 206, 'updated_at': '2026-02-21 01:16:03', 'createdate': '2026-02-21 00:46:08', 'percent': 99, 'total_rows': 0, 'verified': 205, 'unverified': 1, 'ok': 0, 'catch_all': 0, 'disposable': 0, 'invalid': 0, 'unknown': 0, 'reverify': 1, 'credit': 0, 'estimated_time_sec': 900, 'error': ''}
in_progress
{'file_id': '30278199', 'file_name': '1994141', 'status': 'finished', 'unique_emails': 206, 'updated_at': '2026-02-21 01:16:18', 'createdate': '2026-02-21 00:46:08', 'percent': 100, 'total_rows': 0, 'verified': 206, 'unverified': 0, 'ok': 97, 'catch_all': 31, 'disposable': 0, 'invalid': 74, 'unknown': 4, 'reverify': 0, 'credit': 0, 'estimated_time_sec': 0, 'error': ''}
finished
updating validation status...  30278199
success!
update done
nothing to process
nothing to process
nothing to process
nothing to process
nothing to process
nothing to process
nothing to process
nothing to process
nothing to process
nothing to process
nothing to process
nothing to process
nothing to process
nothing to process
nothing to process
nothing to process
nothing to process
nothing to process
nothing to process
nothing to process
nothing to process
nothing to process
nothing to process
nothing to process
nothing to process
nothing to process
nothing to process
nothing to process
nothing to process
nothing to process
nothing to process
nothing to process
nothing to process
nothing to process
nothing to process
nothing to process
{'file_id': '30278445', 'file_name': '1994141', 'status': 'in_progress', 'unique_emails': 762, 'updated_at': '2026-02-21 04:24:03', 'createdate': '2026-02-21 04:23:08', 'percent': 84, 'total_rows': 0, 'verified': 646, 'unverified': 116, 'ok': 0, 'catch_all': 0, 'disposable': 0, 'invalid': 0, 'unknown': 0, 'reverify': 111, 'credit': 0, 'estimated_time_sec': 2640, 'error': ''}
in_progress
{'file_id': '30278445', 'file_name': '1994141', 'status': 'in_progress', 'unique_emails': 762, 'updated_at': '2026-02-21 04:25:03', 'createdate': '2026-02-21 04:23:08', 'percent': 87, 'total_rows': 0, 'verified': 670, 'unverified': 92, 'ok': 0, 'catch_all': 0, 'disposable': 0, 'invalid': 0, 'unknown': 0, 'reverify': 90, 'credit': 0, 'estimated_time_sec': 2580, 'error': ''}
in_progress
{'file_id': '30278445', 'file_name': '1994141', 'status': 'in_progress', 'unique_emails': 762, 'updated_at': '2026-02-21 04:26:03', 'createdate': '2026-02-21 04:23:08', 'percent': 88, 'total_rows': 0, 'verified': 678, 'unverified': 84, 'ok': 0, 'catch_all': 0, 'disposable': 0, 'invalid': 0, 'unknown': 0, 'reverify': 84, 'credit': 0, 'estimated_time_sec': 2520, 'error': ''}
in_progress
{'file_id': '30278445', 'file_name': '1994141', 'status': 'in_progress', 'unique_emails': 762, 'updated_at': '2026-02-21 04:27:03', 'createdate': '2026-02-21 04:23:08', 'percent': 89, 'total_rows': 0, 'verified': 683, 'unverified': 79, 'ok': 0, 'catch_all': 0, 'disposable': 0, 'invalid': 0, 'unknown': 0, 'reverify': 79, 'credit': 0, 'estimated_time_sec': 2460, 'error': ''}
in_progress
{'file_id': '30278445', 'file_name': '1994141', 'status': 'in_progress', 'unique_emails': 762, 'updated_at': '2026-02-21 04:28:03', 'createdate': '2026-02-21 04:23:08', 'percent': 90, 'total_rows': 0, 'verified': 686, 'unverified': 76, 'ok': 0, 'catch_all': 0, 'disposable': 0, 'invalid': 0, 'unknown': 0, 'reverify': 76, 'credit': 0, 'estimated_time_sec': 2400, 'error': ''}
in_progress
{'file_id': '30278445', 'file_name': '1994141', 'status': 'in_progress', 'unique_emails': 762, 'updated_at': '2026-02-21 04:29:03', 'createdate': '2026-02-21 04:23:08', 'percent': 92, 'total_rows': 0, 'verified': 705, 'unverified': 57, 'ok': 0, 'catch_all': 0, 'disposable': 0, 'invalid': 0, 'unknown': 0, 'reverify': 57, 'credit': 0, 'estimated_time_sec': 2340, 'error': ''}
in_progress
{'file_id': '30278445', 'file_name': '1994141', 'status': 'in_progress', 'unique_emails': 762, 'updated_at': '2026-02-21 04:30:03', 'createdate': '2026-02-21 04:23:08', 'percent': 98, 'total_rows': 0, 'verified': 751, 'unverified': 11, 'ok': 0, 'catch_all': 0, 'disposable': 0, 'invalid': 0, 'unknown': 0, 'reverify': 11, 'credit': 0, 'estimated_time_sec': 2280, 'error': ''}
in_progress
{'file_id': '30278445', 'file_name': '1994141', 'status': 'in_progress', 'unique_emails': 762, 'updated_at': '2026-02-21 04:31:03', 'createdate': '2026-02-21 04:23:08', 'percent': 99, 'total_rows': 0, 'verified': 760, 'unverified': 2, 'ok': 0, 'catch_all': 0, 'disposable': 0, 'invalid': 0, 'unknown': 0, 'reverify': 2, 'credit': 0, 'estimated_time_sec': 2220, 'error': ''}
in_progress
{'file_id': '30278445', 'file_name': '1994141', 'status': 'in_progress', 'unique_emails': 762, 'updated_at': '2026-02-21 04:32:03', 'createdate': '2026-02-21 04:23:08', 'percent': 99, 'total_rows': 0, 'verified': 760, 'unverified': 2, 'ok': 0, 'catch_all': 0, 'disposable': 0, 'invalid': 0, 'unknown': 0, 'reverify': 2, 'credit': 0, 'estimated_time_sec': 2160, 'error': ''}
in_progress
{'file_id': '30278445', 'file_name': '1994141', 'status': 'in_progress', 'unique_emails': 762, 'updated_at': '2026-02-21 04:33:03', 'createdate': '2026-02-21 04:23:08', 'percent': 99, 'total_rows': 0, 'verified': 760, 'unverified': 2, 'ok': 0, 'catch_all': 0, 'disposable': 0, 'invalid': 0, 'unknown': 0, 'reverify': 2, 'credit': 0, 'estimated_time_sec': 2100, 'error': ''}
in_progress
{'file_id': '30278445', 'file_name': '1994141', 'status': 'in_progress', 'unique_emails': 762, 'updated_at': '2026-02-21 04:34:03', 'createdate': '2026-02-21 04:23:08', 'percent': 99, 'total_rows': 0, 'verified': 760, 'unverified': 2, 'ok': 0, 'catch_all': 0, 'disposable': 0, 'invalid': 0, 'unknown': 0, 'reverify': 2, 'credit': 0, 'estimated_time_sec': 2040, 'error': ''}
in_progress
{'file_id': '30278445', 'file_name': '1994141', 'status': 'in_progress', 'unique_emails': 762, 'updated_at': '2026-02-21 04:35:03', 'createdate': '2026-02-21 04:23:08', 'percent': 99, 'total_rows': 0, 'verified': 760, 'unverified': 2, 'ok': 0, 'catch_all': 0, 'disposable': 0, 'invalid': 0, 'unknown': 0, 'reverify': 2, 'credit': 0, 'estimated_time_sec': 1980, 'error': ''}
in_progress
{'file_id': '30278445', 'file_name': '1994141', 'status': 'in_progress', 'unique_emails': 762, 'updated_at': '2026-02-21 04:36:03', 'createdate': '2026-02-21 04:23:08', 'percent': 99, 'total_rows': 0, 'verified': 760, 'unverified': 2, 'ok': 0, 'catch_all': 0, 'disposable': 0, 'invalid': 0, 'unknown': 0, 'reverify': 2, 'credit': 0, 'estimated_time_sec': 1920, 'error': ''}
in_progress
{'file_id': '30278445', 'file_name': '1994141', 'status': 'in_progress', 'unique_emails': 762, 'updated_at': '2026-02-21 04:37:08', 'createdate': '2026-02-21 04:23:08', 'percent': 99, 'total_rows': 0, 'verified': 760, 'unverified': 2, 'ok': 0, 'catch_all': 0, 'disposable': 0, 'invalid': 0, 'unknown': 0, 'reverify': 2, 'credit': 0, 'estimated_time_sec': 1860, 'error': ''}
in_progress
{'file_id': '30278445', 'file_name': '1994141', 'status': 'in_progress', 'unique_emails': 762, 'updated_at': '2026-02-21 04:38:03', 'createdate': '2026-02-21 04:23:08', 'percent': 99, 'total_rows': 0, 'verified': 761, 'unverified': 1, 'ok': 0, 'catch_all': 0, 'disposable': 0, 'invalid': 0, 'unknown': 0, 'reverify': 1, 'credit': 0, 'estimated_time_sec': 1800, 'error': ''}
in_progress
{'file_id': '30278445', 'file_name': '1994141', 'status': 'in_progress', 'unique_emails': 762, 'updated_at': '2026-02-21 04:39:03', 'createdate': '2026-02-21 04:23:08', 'percent': 99, 'total_rows': 0, 'verified': 761, 'unverified': 1, 'ok': 0, 'catch_all': 0, 'disposable': 0, 'invalid': 0, 'unknown': 0, 'reverify': 1, 'credit': 0, 'estimated_time_sec': 1740, 'error': ''}
in_progress
{'file_id': '30278445', 'file_name': '1994141', 'status': 'in_progress', 'unique_emails': 762, 'updated_at': '2026-02-21 04:40:03', 'createdate': '2026-02-21 04:23:08', 'percent': 99, 'total_rows': 0, 'verified': 761, 'unverified': 1, 'ok': 0, 'catch_all': 0, 'disposable': 0, 'invalid': 0, 'unknown': 0, 'reverify': 1, 'credit': 0, 'estimated_time_sec': 1680, 'error': ''}
in_progress
{'file_id': '30278445', 'file_name': '1994141', 'status': 'in_progress', 'unique_emails': 762, 'updated_at': '2026-02-21 04:41:03', 'createdate': '2026-02-21 04:23:08', 'percent': 99, 'total_rows': 0, 'verified': 761, 'unverified': 1, 'ok': 0, 'catch_all': 0, 'disposable': 0, 'invalid': 0, 'unknown': 0, 'reverify': 1, 'credit': 0, 'estimated_time_sec': 1620, 'error': ''}
in_progress
{'file_id': '30278445', 'file_name': '1994141', 'status': 'in_progress', 'unique_emails': 762, 'updated_at': '2026-02-21 04:42:03', 'createdate': '2026-02-21 04:23:08', 'percent': 99, 'total_rows': 0, 'verified': 761, 'unverified': 1, 'ok': 0, 'catch_all': 0, 'disposable': 0, 'invalid': 0, 'unknown': 0, 'reverify': 1, 'credit': 0, 'estimated_time_sec': 1560, 'error': ''}
in_progress
{'file_id': '30278445', 'file_name': '1994141', 'status': 'in_progress', 'unique_emails': 762, 'updated_at': '2026-02-21 04:43:03', 'createdate': '2026-02-21 04:23:08', 'percent': 99, 'total_rows': 0, 'verified': 761, 'unverified': 1, 'ok': 0, 'catch_all': 0, 'disposable': 0, 'invalid': 0, 'unknown': 0, 'reverify': 1, 'credit': 0, 'estimated_time_sec': 1500, 'error': ''}
in_progress
{'file_id': '30278445', 'file_name': '1994141', 'status': 'in_progress', 'unique_emails': 762, 'updated_at': '2026-02-21 04:44:03', 'createdate': '2026-02-21 04:23:08', 'percent': 99, 'total_rows': 0, 'verified': 761, 'unverified': 1, 'ok': 0, 'catch_all': 0, 'disposable': 0, 'invalid': 0, 'unknown': 0, 'reverify': 1, 'credit': 0, 'estimated_time_sec': 1440, 'error': ''}
in_progress
{'file_id': '30278445', 'file_name': '1994141', 'status': 'in_progress', 'unique_emails': 762, 'updated_at': '2026-02-21 04:45:03', 'createdate': '2026-02-21 04:23:08', 'percent': 99, 'total_rows': 0, 'verified': 761, 'unverified': 1, 'ok': 0, 'catch_all': 0, 'disposable': 0, 'invalid': 0, 'unknown': 0, 'reverify': 1, 'credit': 0, 'estimated_time_sec': 1380, 'error': ''}
in_progress
{'file_id': '30278445', 'file_name': '1994141', 'status': 'in_progress', 'unique_emails': 762, 'updated_at': '2026-02-21 04:46:03', 'createdate': '2026-02-21 04:23:08', 'percent': 99, 'total_rows': 0, 'verified': 761, 'unverified': 1, 'ok': 0, 'catch_all': 0, 'disposable': 0, 'invalid': 0, 'unknown': 0, 'reverify': 1, 'credit': 0, 'estimated_time_sec': 1320, 'error': ''}
in_progress
{'file_id': '30278445', 'file_name': '1994141', 'status': 'in_progress', 'unique_emails': 762, 'updated_at': '2026-02-21 04:47:03', 'createdate': '2026-02-21 04:23:08', 'percent': 99, 'total_rows': 0, 'verified': 761, 'unverified': 1, 'ok': 0, 'catch_all': 0, 'disposable': 0, 'invalid': 0, 'unknown': 0, 'reverify': 1, 'credit': 0, 'estimated_time_sec': 1260, 'error': ''}
in_progress
{'file_id': '30278445', 'file_name': '1994141', 'status': 'in_progress', 'unique_emails': 762, 'updated_at': '2026-02-21 04:48:03', 'createdate': '2026-02-21 04:23:08', 'percent': 99, 'total_rows': 0, 'verified': 761, 'unverified': 1, 'ok': 0, 'catch_all': 0, 'disposable': 0, 'invalid': 0, 'unknown': 0, 'reverify': 1, 'credit': 0, 'estimated_time_sec': 1200, 'error': ''}
in_progress
{'file_id': '30278445', 'file_name': '1994141', 'status': 'in_progress', 'unique_emails': 762, 'updated_at': '2026-02-21 04:49:03', 'createdate': '2026-02-21 04:23:08', 'percent': 99, 'total_rows': 0, 'verified': 761, 'unverified': 1, 'ok': 0, 'catch_all': 0, 'disposable': 0, 'invalid': 0, 'unknown': 0, 'reverify': 1, 'credit': 0, 'estimated_time_sec': 1140, 'error': ''}
in_progress
{'file_id': '30278445', 'file_name': '1994141', 'status': 'in_progress', 'unique_emails': 762, 'updated_at': '2026-02-21 04:50:03', 'createdate': '2026-02-21 04:23:08', 'percent': 99, 'total_rows': 0, 'verified': 761, 'unverified': 1, 'ok': 0, 'catch_all': 0, 'disposable': 0, 'invalid': 0, 'unknown': 0, 'reverify': 1, 'credit': 0, 'estimated_time_sec': 1080, 'error': ''}
in_progress
{'file_id': '30278445', 'file_name': '1994141', 'status': 'in_progress', 'unique_emails': 762, 'updated_at': '2026-02-21 04:51:03', 'createdate': '2026-02-21 04:23:08', 'percent': 99, 'total_rows': 0, 'verified': 761, 'unverified': 1, 'ok': 0, 'catch_all': 0, 'disposable': 0, 'invalid': 0, 'unknown': 0, 'reverify': 1, 'credit': 0, 'estimated_time_sec': 1020, 'error': ''}
in_progress
{'file_id': '30278445', 'file_name': '1994141', 'status': 'in_progress', 'unique_emails': 762, 'updated_at': '2026-02-21 04:52:03', 'createdate': '2026-02-21 04:23:08', 'percent': 99, 'total_rows': 0, 'verified': 761, 'unverified': 1, 'ok': 0, 'catch_all': 0, 'disposable': 0, 'invalid': 0, 'unknown': 0, 'reverify': 1, 'credit': 0, 'estimated_time_sec': 960, 'error': ''}
in_progress
{'file_id': '30278445', 'file_name': '1994141', 'status': 'in_progress', 'unique_emails': 762, 'updated_at': '2026-02-21 04:53:03', 'createdate': '2026-02-21 04:23:08', 'percent': 99, 'total_rows': 0, 'verified': 761, 'unverified': 1, 'ok': 0, 'catch_all': 0, 'disposable': 0, 'invalid': 0, 'unknown': 0, 'reverify': 1, 'credit': 0, 'estimated_time_sec': 900, 'error': ''}
in_progress
{'file_id': '30278445', 'file_name': '1994141', 'status': 'finished', 'unique_emails': 762, 'updated_at': '2026-02-21 04:53:29', 'createdate': '2026-02-21 04:23:08', 'percent': 100, 'total_rows': 0, 'verified': 762, 'unverified': 0, 'ok': 247, 'catch_all': 236, 'disposable': 0, 'invalid': 267, 'unknown': 12, 'reverify': 0, 'credit': 0, 'estimated_time_sec': 0, 'error': ''}
finished
updating validation status...  30278445
success!
update done
nothing to process
nothing to process
nothing to process
nothing to process
nothing to process
nothing to process
nothing to process
nothing to process
nothing to process
nothing to process
nothing to process
nothing to process
nothing to process
nothing to process
nothing to process
nothing to process
nothing to process
nothing to process
nothing to process
nothing to process
nothing to process
nothing to process
nothing to process
nothing to process
nothing to process
nothing to process
nothing to process
nothing to process
nothing to process
nothing to process
nothing to process
nothing to process
nothing to process
nothing to process
nothing to process
nothing to process
nothing to process
nothing to process
nothing to process
nothing to process
nothing to process
nothing to process
nothing to process
nothing to process
nothing to process
nothing to process
nothing to process
nothing to process
nothing to process
nothing to process
nothing to process
nothing to process
nothing to process
nothing to process
nothing to process
nothing to process
nothing to process
nothing to process
nothing to process
nothing to process
nothing to process
nothing to process
nothing to process
nothing to process
nothing to process
nothing to process
nothing to process
nothing to process
nothing to process
nothing to process
nothing to process
nothing to process
nothing to process
nothing to process
nothing to process
nothing to process
nothing to process
nothing to process
nothing to process
nothing to process
nothing to process
nothing to process
nothing to process
nothing to process
nothing to process
nothing to process
nothing to process
nothing to process
nothing to process
nothing to process
nothing to process
nothing to process
nothing to process
nothing to process
nothing to process
nothing to process
nothing to process
nothing to process
nothing to process
nothing to process
nothing to process
nothing to process
nothing to process
nothing to process
nothing to process
nothing to process
nothing to process
{'file_id': '30279413', 'file_name': '1994141', 'status': 'in_progress', 'unique_emails': 690, 'updated_at': '2026-02-21 15:29:04', 'createdate': '2026-02-21 15:28:59', 'percent': 20, 'total_rows': 0, 'verified': 140, 'unverified': 550, 'ok': 0, 'catch_all': 0, 'disposable': 0, 'invalid': 0, 'unknown': 0, 'reverify': 14, 'credit': 0, 'estimated_time_sec': 2640, 'error': ''}
in_progress
{'file_id': '30279413', 'file_name': '1994141', 'status': 'in_progress', 'unique_emails': 690, 'updated_at': '2026-02-21 15:30:04', 'createdate': '2026-02-21 15:28:59', 'percent': 88, 'total_rows': 0, 'verified': 614, 'unverified': 76, 'ok': 0, 'catch_all': 0, 'disposable': 0, 'invalid': 0, 'unknown': 0, 'reverify': 76, 'credit': 0, 'estimated_time_sec': 2640, 'error': ''}
in_progress
{'file_id': '30279413', 'file_name': '1994141', 'status': 'in_progress', 'unique_emails': 690, 'updated_at': '2026-02-21 15:31:04', 'createdate': '2026-02-21 15:28:59', 'percent': 98, 'total_rows': 0, 'verified': 683, 'unverified': 7, 'ok': 0, 'catch_all': 0, 'disposable': 0, 'invalid': 0, 'unknown': 0, 'reverify': 7, 'credit': 0, 'estimated_time_sec': 2580, 'error': ''}
in_progress
{'file_id': '30279413', 'file_name': '1994141', 'status': 'in_progress', 'unique_emails': 690, 'updated_at': '2026-02-21 15:32:04', 'createdate': '2026-02-21 15:28:59', 'percent': 98, 'total_rows': 0, 'verified': 683, 'unverified': 7, 'ok': 0, 'catch_all': 0, 'disposable': 0, 'invalid': 0, 'unknown': 0, 'reverify': 7, 'credit': 0, 'estimated_time_sec': 2520, 'error': ''}
in_progress
{'file_id': '30279413', 'file_name': '1994141', 'status': 'in_progress', 'unique_emails': 690, 'updated_at': '2026-02-21 15:33:04', 'createdate': '2026-02-21 15:28:59', 'percent': 98, 'total_rows': 0, 'verified': 683, 'unverified': 7, 'ok': 0, 'catch_all': 0, 'disposable': 0, 'invalid': 0, 'unknown': 0, 'reverify': 7, 'credit': 0, 'estimated_time_sec': 2460, 'error': ''}
in_progress
{'file_id': '30279413', 'file_name': '1994141', 'status': 'in_progress', 'unique_emails': 690, 'updated_at': '2026-02-21 15:34:04', 'createdate': '2026-02-21 15:28:59', 'percent': 99, 'total_rows': 0, 'verified': 685, 'unverified': 5, 'ok': 0, 'catch_all': 0, 'disposable': 0, 'invalid': 0, 'unknown': 0, 'reverify': 5, 'credit': 0, 'estimated_time_sec': 2400, 'error': ''}
in_progress
{'file_id': '30279413', 'file_name': '1994141', 'status': 'in_progress', 'unique_emails': 690, 'updated_at': '2026-02-21 15:35:04', 'createdate': '2026-02-21 15:28:59', 'percent': 99, 'total_rows': 0, 'verified': 688, 'unverified': 2, 'ok': 0, 'catch_all': 0, 'disposable': 0, 'invalid': 0, 'unknown': 0, 'reverify': 2, 'credit': 0, 'estimated_time_sec': 2340, 'error': ''}
in_progress
{'file_id': '30279413', 'file_name': '1994141', 'status': 'in_progress', 'unique_emails': 690, 'updated_at': '2026-02-21 15:36:04', 'createdate': '2026-02-21 15:28:59', 'percent': 99, 'total_rows': 0, 'verified': 688, 'unverified': 2, 'ok': 0, 'catch_all': 0, 'disposable': 0, 'invalid': 0, 'unknown': 0, 'reverify': 2, 'credit': 0, 'estimated_time_sec': 2280, 'error': ''}
in_progress
{'file_id': '30279413', 'file_name': '1994141', 'status': 'in_progress', 'unique_emails': 690, 'updated_at': '2026-02-21 15:37:04', 'createdate': '2026-02-21 15:28:59', 'percent': 99, 'total_rows': 0, 'verified': 688, 'unverified': 2, 'ok': 0, 'catch_all': 0, 'disposable': 0, 'invalid': 0, 'unknown': 0, 'reverify': 2, 'credit': 0, 'estimated_time_sec': 2220, 'error': ''}
in_progress
{'file_id': '30279413', 'file_name': '1994141', 'status': 'in_progress', 'unique_emails': 690, 'updated_at': '2026-02-21 15:38:04', 'createdate': '2026-02-21 15:28:59', 'percent': 99, 'total_rows': 0, 'verified': 688, 'unverified': 2, 'ok': 0, 'catch_all': 0, 'disposable': 0, 'invalid': 0, 'unknown': 0, 'reverify': 2, 'credit': 0, 'estimated_time_sec': 2160, 'error': ''}
in_progress
{'file_id': '30279413', 'file_name': '1994141', 'status': 'in_progress', 'unique_emails': 690, 'updated_at': '2026-02-21 15:39:04', 'createdate': '2026-02-21 15:28:59', 'percent': 99, 'total_rows': 0, 'verified': 688, 'unverified': 2, 'ok': 0, 'catch_all': 0, 'disposable': 0, 'invalid': 0, 'unknown': 0, 'reverify': 2, 'credit': 0, 'estimated_time_sec': 2100, 'error': ''}
in_progress
{'file_id': '30279413', 'file_name': '1994141', 'status': 'in_progress', 'unique_emails': 690, 'updated_at': '2026-02-21 15:40:04', 'createdate': '2026-02-21 15:28:59', 'percent': 99, 'total_rows': 0, 'verified': 689, 'unverified': 1, 'ok': 0, 'catch_all': 0, 'disposable': 0, 'invalid': 0, 'unknown': 0, 'reverify': 1, 'credit': 0, 'estimated_time_sec': 2040, 'error': ''}
in_progress
{'file_id': '30279413', 'file_name': '1994141', 'status': 'finished', 'unique_emails': 690, 'updated_at': '2026-02-21 15:40:19', 'createdate': '2026-02-21 15:28:59', 'percent': 100, 'total_rows': 0, 'verified': 690, 'unverified': 0, 'ok': 73, 'catch_all': 423, 'disposable': 0, 'invalid': 186, 'unknown': 8, 'reverify': 0, 'credit': 0, 'estimated_time_sec': 0, 'error': ''}
finished
updating validation status...  30279413
success!
update done
nothing to process
nothing to process
nothing to process
nothing to process
nothing to process
nothing to process
nothing to process
nothing to process
nothing to process
nothing to process
nothing to process
nothing to process
nothing to process
nothing to process
nothing to process
nothing to process
nothing to process
nothing to process
nothing to process
nothing to process
nothing to process
nothing to process
nothing to process
nothing to process
nothing to process
nothing to process
nothing to process
nothing to process
nothing to process
nothing to process
nothing to process
nothing to process
nothing to process
nothing to process
nothing to process
nothing to process
nothing to process
nothing to process
nothing to process
nothing to process
nothing to process
nothing to process
nothing to process
nothing to process
nothing to process
nothing to process
nothing to process
nothing to process
nothing to process
nothing to process
nothing to process
nothing to process
nothing to process
nothing to process
nothing to process
nothing to process
nothing to process
nothing to process
nothing to process
nothing to process
nothing to process
nothing to process
nothing to process
nothing to process
nothing to process
nothing to process
nothing to process
nothing to process
nothing to process
nothing to process
nothing to process
nothing to process
nothing to process
nothing to process
nothing to process
nothing to process
nothing to process
nothing to process
nothing to process
nothing to process
nothing to process
nothing to process
nothing to process
nothing to process
nothing to process
nothing to process
nothing to process
nothing to process
nothing to process
nothing to process
nothing to process
nothing to process
nothing to process
nothing to process
nothing to process
nothing to process
nothing to process
nothing to process
nothing to process
nothing to process
nothing to process
nothing to process
nothing to process
nothing to process
nothing to process
nothing to process
nothing to process
nothing to process
nothing to process
nothing to process
nothing to process
nothing to process
nothing to process
nothing to process
nothing to process
nothing to process
nothing to process
nothing to process
nothing to process
nothing to process
nothing to process
nothing to process
nothing to process
nothing to process
nothing to process
nothing to process
nothing to process
nothing to process
nothing to process
nothing to process
nothing to process
nothing to process
nothing to process
nothing to process
nothing to process
nothing to process
nothing to process
nothing to process
nothing to process
nothing to process
nothing to process
nothing to process
nothing to process
nothing to process
nothing to process
nothing to process
nothing to process
nothing to process
nothing to process
nothing to process
nothing to process
nothing to process
nothing to process
nothing to process
nothing to process
nothing to process
nothing to process
nothing to process
nothing to process
nothing to process
nothing to process
nothing to process
nothing to process
nothing to process
nothing to process
nothing to process
nothing to process
nothing to process
nothing to process
{'file_id': '30285869', 'file_name': '1994141', 'status': 'in_progress', 'unique_emails': 109, 'updated_at': '2026-02-23 18:31:03', 'createdate': '2026-02-23 18:30:38', 'percent': 90, 'total_rows': 0, 'verified': 99, 'unverified': 10, 'ok': 0, 'catch_all': 0, 'disposable': 0, 'invalid': 0, 'unknown': 0, 'reverify': 10, 'credit': 0, 'estimated_time_sec': 2640, 'error': ''}
in_progress
{'file_id': '30285869', 'file_name': '1994141', 'status': 'in_progress', 'unique_emails': 109, 'updated_at': '2026-02-23 18:32:08', 'createdate': '2026-02-23 18:30:38', 'percent': 92, 'total_rows': 0, 'verified': 101, 'unverified': 8, 'ok': 0, 'catch_all': 0, 'disposable': 0, 'invalid': 0, 'unknown': 0, 'reverify': 8, 'credit': 0, 'estimated_time_sec': 2580, 'error': ''}
in_progress
{'file_id': '30285869', 'file_name': '1994141', 'status': 'in_progress', 'unique_emails': 109, 'updated_at': '2026-02-23 18:33:03', 'createdate': '2026-02-23 18:30:38', 'percent': 98, 'total_rows': 0, 'verified': 107, 'unverified': 2, 'ok': 0, 'catch_all': 0, 'disposable': 0, 'invalid': 0, 'unknown': 0, 'reverify': 2, 'credit': 0, 'estimated_time_sec': 2520, 'error': ''}
in_progress
{'file_id': '30285869', 'file_name': '1994141', 'status': 'in_progress', 'unique_emails': 109, 'updated_at': '2026-02-23 18:34:08', 'createdate': '2026-02-23 18:30:38', 'percent': 98, 'total_rows': 0, 'verified': 107, 'unverified': 2, 'ok': 0, 'catch_all': 0, 'disposable': 0, 'invalid': 0, 'unknown': 0, 'reverify': 2, 'credit': 0, 'estimated_time_sec': 2460, 'error': ''}
in_progress
{'file_id': '30285869', 'file_name': '1994141', 'status': 'in_progress', 'unique_emails': 109, 'updated_at': '2026-02-23 18:35:33', 'createdate': '2026-02-23 18:30:38', 'percent': 98, 'total_rows': 0, 'verified': 107, 'unverified': 2, 'ok': 0, 'catch_all': 0, 'disposable': 0, 'invalid': 0, 'unknown': 0, 'reverify': 2, 'credit': 0, 'estimated_time_sec': 2400, 'error': ''}
in_progress
{'file_id': '30285869', 'file_name': '1994141', 'status': 'in_progress', 'unique_emails': 109, 'updated_at': '2026-02-23 18:36:03', 'createdate': '2026-02-23 18:30:38', 'percent': 99, 'total_rows': 0, 'verified': 108, 'unverified': 1, 'ok': 0, 'catch_all': 0, 'disposable': 0, 'invalid': 0, 'unknown': 0, 'reverify': 1, 'credit': 0, 'estimated_time_sec': 2340, 'error': ''}
in_progress
{'file_id': '30285869', 'file_name': '1994141', 'status': 'in_progress', 'unique_emails': 109, 'updated_at': '2026-02-23 18:37:03', 'createdate': '2026-02-23 18:30:38', 'percent': 99, 'total_rows': 0, 'verified': 108, 'unverified': 1, 'ok': 0, 'catch_all': 0, 'disposable': 0, 'invalid': 0, 'unknown': 0, 'reverify': 1, 'credit': 0, 'estimated_time_sec': 2280, 'error': ''}
in_progress
{'file_id': '30285869', 'file_name': '1994141', 'status': 'in_progress', 'unique_emails': 109, 'updated_at': '2026-02-23 18:38:08', 'createdate': '2026-02-23 18:30:38', 'percent': 99, 'total_rows': 0, 'verified': 108, 'unverified': 1, 'ok': 0, 'catch_all': 0, 'disposable': 0, 'invalid': 0, 'unknown': 0, 'reverify': 1, 'credit': 0, 'estimated_time_sec': 2220, 'error': ''}
in_progress
{'file_id': '30285869', 'file_name': '1994141', 'status': 'in_progress', 'unique_emails': 109, 'updated_at': '2026-02-23 18:39:08', 'createdate': '2026-02-23 18:30:38', 'percent': 99, 'total_rows': 0, 'verified': 108, 'unverified': 1, 'ok': 0, 'catch_all': 0, 'disposable': 0, 'invalid': 0, 'unknown': 0, 'reverify': 1, 'credit': 0, 'estimated_time_sec': 2160, 'error': ''}
in_progress
{'file_id': '30285869', 'file_name': '1994141', 'status': 'in_progress', 'unique_emails': 109, 'updated_at': '2026-02-23 18:40:08', 'createdate': '2026-02-23 18:30:38', 'percent': 99, 'total_rows': 0, 'verified': 108, 'unverified': 1, 'ok': 0, 'catch_all': 0, 'disposable': 0, 'invalid': 0, 'unknown': 0, 'reverify': 1, 'credit': 0, 'estimated_time_sec': 2100, 'error': ''}
in_progress
{'file_id': '30285869', 'file_name': '1994141', 'status': 'finished', 'unique_emails': 109, 'updated_at': '2026-02-23 18:40:43', 'createdate': '2026-02-23 18:30:38', 'percent': 100, 'total_rows': 0, 'verified': 109, 'unverified': 0, 'ok': 60, 'catch_all': 17, 'disposable': 0, 'invalid': 23, 'unknown': 9, 'reverify': 0, 'credit': 0, 'estimated_time_sec': 0, 'error': ''}
finished
updating validation status...  30285869
success!
update done
nothing to process
nothing to process
nothing to process
nothing to process
nothing to process
nothing to process
nothing to process
nothing to process
nothing to process
nothing to process
nothing to process
nothing to process
nothing to process
nothing to process
nothing to process
nothing to process
nothing to process
nothing to process
nothing to process
nothing to process
{'file_id': '30286012', 'file_name': '1994141', 'status': 'in_progress', 'unique_emails': 52, 'updated_at': '2026-02-23 19:02:07', 'createdate': '2026-02-23 19:01:17', 'percent': 34, 'total_rows': 0, 'verified': 18, 'unverified': 34, 'ok': 0, 'catch_all': 0, 'disposable': 0, 'invalid': 0, 'unknown': 0, 'reverify': 30, 'credit': 0, 'estimated_time_sec': 2640, 'error': ''}
in_progress
{'file_id': '30286012', 'file_name': '1994141', 'status': 'in_progress', 'unique_emails': 52, 'updated_at': '2026-02-23 19:03:02', 'createdate': '2026-02-23 19:01:17', 'percent': 42, 'total_rows': 0, 'verified': 22, 'unverified': 30, 'ok': 0, 'catch_all': 0, 'disposable': 0, 'invalid': 0, 'unknown': 0, 'reverify': 26, 'credit': 0, 'estimated_time_sec': 0, 'error': ''}
in_progress
{'file_id': '30286012', 'file_name': '1994141', 'status': 'in_progress', 'unique_emails': 52, 'updated_at': '2026-02-23 19:06:47', 'createdate': '2026-02-23 19:01:17', 'percent': 50, 'total_rows': 0, 'verified': 26, 'unverified': 26, 'ok': 0, 'catch_all': 0, 'disposable': 0, 'invalid': 0, 'unknown': 0, 'reverify': 26, 'credit': 0, 'estimated_time_sec': 0, 'error': ''}
in_progress
{'file_id': '30286012', 'file_name': '1994141', 'status': 'finished', 'unique_emails': 52, 'updated_at': '2026-02-23 19:06:52', 'createdate': '2026-02-23 19:01:17', 'percent': 100, 'total_rows': 0, 'verified': 52, 'unverified': 0, 'ok': 3, 'catch_all': 0, 'disposable': 0, 'invalid': 15, 'unknown': 34, 'reverify': 0, 'credit': 0, 'estimated_time_sec': 0, 'error': ''}
finished
updating validation status...  30286012
Error processing MillionVerifier job 30286012: database is locked
traceback:
Traceback (most recent call last):
  File "/Users/albertoruizcajiga/python/sis_international/million_verifier_worker.py", line 35, in download_and_process_all_available_lists_on_mv
    update_validation_status(validated_file_name)
  File "/Users/albertoruizcajiga/python/sis_international/modules/database/database.py", line 378, in update_validation_status
    conn.commit()
sqlite3.OperationalError: database is locked

During handling of the above exception, another exception occurred:

Traceback (most recent call last):
  File "/Users/albertoruizcajiga/python/sis_international/million_verifier_worker.py", line 48, in <module>
    download_and_process_all_available_lists_on_mv()
  File "/Users/albertoruizcajiga/python/sis_international/million_verifier_worker.py", line 43, in download_and_process_all_available_lists_on_mv
    traceback.print_exc()
    ^^^^^^^^^
NameError: name 'traceback' is not defined
{'file_id': '30286012', 'file_name': '1994141', 'status': 'finished', 'unique_emails': 52, 'updated_at': '2026-02-23 19:06:52', 'createdate': '2026-02-23 19:01:17', 'percent': 100, 'total_rows': 0, 'verified': 52, 'unverified': 0, 'ok': 3, 'catch_all': 0, 'disposable': 0, 'invalid': 15, 'unknown': 34, 'reverify': 0, 'credit': 0, 'estimated_time_sec': 0, 'error': ''}
finished
updating validation status...  30286012
success!
update done
nothing to process
nothing to process
nothing to process
nothing to process
nothing to process
nothing to process
{'file_id': '30286071', 'file_name': '1994141', 'status': 'in_progress', 'unique_emails': 7007, 'updated_at': '2026-02-23 19:14:05', 'createdate': '2026-02-23 19:13:09', 'percent': 19, 'total_rows': 0, 'verified': 1384, 'unverified': 5623, 'ok': 0, 'catch_all': 0, 'disposable': 0, 'invalid': 0, 'unknown': 0, 'reverify': 381, 'credit': 0, 'estimated_time_sec': 2640, 'error': ''}
in_progress
{'file_id': '30286071', 'file_name': '1994141', 'status': 'in_progress', 'unique_emails': 7007, 'updated_at': '2026-02-23 19:15:05', 'createdate': '2026-02-23 19:13:09', 'percent': 44, 'total_rows': 0, 'verified': 3093, 'unverified': 3914, 'ok': 0, 'catch_all': 0, 'disposable': 0, 'invalid': 0, 'unknown': 0, 'reverify': 633, 'credit': 0, 'estimated_time_sec': 2640, 'error': ''}
in_progress
{'file_id': '30286071', 'file_name': '1994141', 'status': 'in_progress', 'unique_emails': 7007, 'updated_at': '2026-02-23 19:16:30', 'createdate': '2026-02-23 19:13:09', 'percent': 80, 'total_rows': 0, 'verified': 5617, 'unverified': 1390, 'ok': 0, 'catch_all': 0, 'disposable': 0, 'invalid': 0, 'unknown': 0, 'reverify': 903, 'credit': 0, 'estimated_time_sec': 2640, 'error': ''}
in_progress
{'file_id': '30286071', 'file_name': '1994141', 'status': 'in_progress', 'unique_emails': 7007, 'updated_at': '2026-02-23 19:17:05', 'createdate': '2026-02-23 19:13:09', 'percent': 85, 'total_rows': 0, 'verified': 6020, 'unverified': 987, 'ok': 0, 'catch_all': 0, 'disposable': 0, 'invalid': 0, 'unknown': 0, 'reverify': 949, 'credit': 0, 'estimated_time_sec': 2640, 'error': ''}
in_progress
{'file_id': '30286071', 'file_name': '1994141', 'status': 'in_progress', 'unique_emails': 7007, 'updated_at': '2026-02-23 19:18:05', 'createdate': '2026-02-23 19:13:09', 'percent': 91, 'total_rows': 0, 'verified': 6409, 'unverified': 598, 'ok': 0, 'catch_all': 0, 'disposable': 0, 'invalid': 0, 'unknown': 0, 'reverify': 584, 'credit': 0, 'estimated_time_sec': 2580, 'error': ''}
in_progress
{'file_id': '30286071', 'file_name': '1994141', 'status': 'in_progress', 'unique_emails': 7007, 'updated_at': '2026-02-23 19:19:00', 'createdate': '2026-02-23 19:13:09', 'percent': 92, 'total_rows': 0, 'verified': 6487, 'unverified': 520, 'ok': 0, 'catch_all': 0, 'disposable': 0, 'invalid': 0, 'unknown': 0, 'reverify': 520, 'credit': 0, 'estimated_time_sec': 2520, 'error': ''}
in_progress
{'file_id': '30286071', 'file_name': '1994141', 'status': 'in_progress', 'unique_emails': 7007, 'updated_at': '2026-02-23 19:20:15', 'createdate': '2026-02-23 19:13:09', 'percent': 95, 'total_rows': 0, 'verified': 6695, 'unverified': 312, 'ok': 0, 'catch_all': 0, 'disposable': 0, 'invalid': 0, 'unknown': 0, 'reverify': 312, 'credit': 0, 'estimated_time_sec': 2460, 'error': ''}
in_progress
{'file_id': '30286071', 'file_name': '1994141', 'status': 'in_progress', 'unique_emails': 7007, 'updated_at': '2026-02-23 19:21:05', 'createdate': '2026-02-23 19:13:09', 'percent': 97, 'total_rows': 0, 'verified': 6857, 'unverified': 150, 'ok': 0, 'catch_all': 0, 'disposable': 0, 'invalid': 0, 'unknown': 0, 'reverify': 150, 'credit': 0, 'estimated_time_sec': 2400, 'error': ''}
in_progress
{'file_id': '30286071', 'file_name': '1994141', 'status': 'in_progress', 'unique_emails': 7007, 'updated_at': '2026-02-23 19:22:35', 'createdate': '2026-02-23 19:13:09', 'percent': 98, 'total_rows': 0, 'verified': 6867, 'unverified': 140, 'ok': 0, 'catch_all': 0, 'disposable': 0, 'invalid': 0, 'unknown': 0, 'reverify': 140, 'credit': 0, 'estimated_time_sec': 2340, 'error': ''}
in_progress
{'file_id': '30286071', 'file_name': '1994141', 'status': 'in_progress', 'unique_emails': 7007, 'updated_at': '2026-02-23 19:23:00', 'createdate': '2026-02-23 19:13:09', 'percent': 98, 'total_rows': 0, 'verified': 6867, 'unverified': 140, 'ok': 0, 'catch_all': 0, 'disposable': 0, 'invalid': 0, 'unknown': 0, 'reverify': 140, 'credit': 0, 'estimated_time_sec': 2280, 'error': ''}
in_progress
{'file_id': '30286071', 'file_name': '1994141', 'status': 'in_progress', 'unique_emails': 7007, 'updated_at': '2026-02-23 19:24:05', 'createdate': '2026-02-23 19:13:09', 'percent': 98, 'total_rows': 0, 'verified': 6869, 'unverified': 138, 'ok': 0, 'catch_all': 0, 'disposable': 0, 'invalid': 0, 'unknown': 0, 'reverify': 138, 'credit': 0, 'estimated_time_sec': 2220, 'error': ''}
in_progress
{'file_id': '30286071', 'file_name': '1994141', 'status': 'in_progress', 'unique_emails': 7007, 'updated_at': '2026-02-23 19:25:35', 'createdate': '2026-02-23 19:13:09', 'percent': 98, 'total_rows': 0, 'verified': 6870, 'unverified': 137, 'ok': 0, 'catch_all': 0, 'disposable': 0, 'invalid': 0, 'unknown': 0, 'reverify': 137, 'credit': 0, 'estimated_time_sec': 2160, 'error': ''}
in_progress
{'file_id': '30286071', 'file_name': '1994141', 'status': 'in_progress', 'unique_emails': 7007, 'updated_at': '2026-02-23 19:26:05', 'createdate': '2026-02-23 19:13:09', 'percent': 98, 'total_rows': 0, 'verified': 6871, 'unverified': 136, 'ok': 0, 'catch_all': 0, 'disposable': 0, 'invalid': 0, 'unknown': 0, 'reverify': 136, 'credit': 0, 'estimated_time_sec': 2100, 'error': ''}
in_progress
{'file_id': '30286071', 'file_name': '1994141', 'status': 'in_progress', 'unique_emails': 7007, 'updated_at': '2026-02-23 19:27:05', 'createdate': '2026-02-23 19:13:09', 'percent': 98, 'total_rows': 0, 'verified': 6871, 'unverified': 136, 'ok': 0, 'catch_all': 0, 'disposable': 0, 'invalid': 0, 'unknown': 0, 'reverify': 136, 'credit': 0, 'estimated_time_sec': 2040, 'error': ''}
in_progress
{'file_id': '30286071', 'file_name': '1994141', 'status': 'in_progress', 'unique_emails': 7007, 'updated_at': '2026-02-23 19:28:05', 'createdate': '2026-02-23 19:13:09', 'percent': 98, 'total_rows': 0, 'verified': 6871, 'unverified': 136, 'ok': 0, 'catch_all': 0, 'disposable': 0, 'invalid': 0, 'unknown': 0, 'reverify': 136, 'credit': 0, 'estimated_time_sec': 1980, 'error': ''}
in_progress
{'file_id': '30286071', 'file_name': '1994141', 'status': 'in_progress', 'unique_emails': 7007, 'updated_at': '2026-02-23 19:29:05', 'createdate': '2026-02-23 19:13:09', 'percent': 98, 'total_rows': 0, 'verified': 6874, 'unverified': 133, 'ok': 0, 'catch_all': 0, 'disposable': 0, 'invalid': 0, 'unknown': 0, 'reverify': 133, 'credit': 0, 'estimated_time_sec': 1920, 'error': ''}
in_progress
{'file_id': '30286071', 'file_name': '1994141', 'status': 'finished', 'unique_emails': 7007, 'updated_at': '2026-02-23 19:30:15', 'createdate': '2026-02-23 19:13:09', 'percent': 100, 'total_rows': 0, 'verified': 7007, 'unverified': 0, 'ok': 197, 'catch_all': 4706, 'disposable': 0, 'invalid': 1791, 'unknown': 313, 'reverify': 0, 'credit': 0, 'estimated_time_sec': 0, 'error': ''}
finished
updating validation status...  30286071
success!
update done
nothing to process
{'file_id': '30286160', 'file_name': '1994141', 'status': 'in_progress', 'unique_emails': 473, 'updated_at': '2026-02-23 19:32:04', 'createdate': '2026-02-23 19:31:09', 'percent': 46, 'total_rows': 0, 'verified': 222, 'unverified': 251, 'ok': 0, 'catch_all': 0, 'disposable': 0, 'invalid': 0, 'unknown': 0, 'reverify': 165, 'credit': 0, 'estimated_time_sec': 2640, 'error': ''}
in_progress
{'file_id': '30286160', 'file_name': '1994141', 'status': 'in_progress', 'unique_emails': 473, 'updated_at': '2026-02-23 19:33:09', 'createdate': '2026-02-23 19:31:09', 'percent': 82, 'total_rows': 0, 'verified': 391, 'unverified': 82, 'ok': 0, 'catch_all': 0, 'disposable': 0, 'invalid': 0, 'unknown': 0, 'reverify': 1, 'credit': 0, 'estimated_time_sec': 2580, 'error': ''}
in_progress
{'file_id': '30286160', 'file_name': '1994141', 'status': 'in_progress', 'unique_emails': 473, 'updated_at': '2026-02-23 19:34:29', 'createdate': '2026-02-23 19:31:09', 'percent': 99, 'total_rows': 0, 'verified': 472, 'unverified': 1, 'ok': 0, 'catch_all': 0, 'disposable': 0, 'invalid': 0, 'unknown': 0, 'reverify': 1, 'credit': 0, 'estimated_time_sec': 2460, 'error': ''}
in_progress
{'file_id': '30286160', 'file_name': '1994141', 'status': 'in_progress', 'unique_emails': 473, 'updated_at': '2026-02-23 19:35:04', 'createdate': '2026-02-23 19:31:09', 'percent': 99, 'total_rows': 0, 'verified': 472, 'unverified': 1, 'ok': 0, 'catch_all': 0, 'disposable': 0, 'invalid': 0, 'unknown': 0, 'reverify': 1, 'credit': 0, 'estimated_time_sec': 2460, 'error': ''}
in_progress
{'file_id': '30286160', 'file_name': '1994141', 'status': 'in_progress', 'unique_emails': 473, 'updated_at': '2026-02-23 19:36:04', 'createdate': '2026-02-23 19:31:09', 'percent': 99, 'total_rows': 0, 'verified': 472, 'unverified': 1, 'ok': 0, 'catch_all': 0, 'disposable': 0, 'invalid': 0, 'unknown': 0, 'reverify': 1, 'credit': 0, 'estimated_time_sec': 2400, 'error': ''}
in_progress
{'file_id': '30286160', 'file_name': '1994141', 'status': 'finished', 'unique_emails': 473, 'updated_at': '2026-02-23 19:36:15', 'createdate': '2026-02-23 19:31:09', 'percent': 100, 'total_rows': 0, 'verified': 473, 'unverified': 0, 'ok': 10, 'catch_all': 110, 'disposable': 0, 'invalid': 127, 'unknown': 226, 'reverify': 0, 'credit': 0, 'estimated_time_sec': 0, 'error': ''}
finished
updating validation status...  30286160
success!
update done
{'file_id': '30286187', 'file_name': '1994141', 'status': 'in_progress', 'unique_emails': 226, 'updated_at': '2026-02-23 19:40:07', 'createdate': '2026-02-23 19:40:06', 'percent': 0, 'total_rows': 0, 'verified': 0, 'unverified': 226, 'ok': 0, 'catch_all': 0, 'disposable': 0, 'invalid': 0, 'unknown': 0, 'reverify': 0, 'credit': 0, 'estimated_time_sec': 0, 'error': ''}
in_progress
{'file_id': '30286187', 'file_name': '1994141', 'status': 'in_progress', 'unique_emails': 226, 'updated_at': '2026-02-23 19:40:07', 'createdate': '2026-02-23 19:40:06', 'percent': 0, 'total_rows': 0, 'verified': 0, 'unverified': 226, 'ok': 0, 'catch_all': 0, 'disposable': 0, 'invalid': 0, 'unknown': 0, 'reverify': 0, 'credit': 0, 'estimated_time_sec': 0, 'error': ''}
in_progress
{'file_id': '30286187', 'file_name': '1994141', 'status': 'in_progress', 'unique_emails': 226, 'updated_at': '2026-02-23 19:41:02', 'createdate': '2026-02-23 19:40:06', 'percent': 38, 'total_rows': 0, 'verified': 87, 'unverified': 139, 'ok': 0, 'catch_all': 0, 'disposable': 0, 'invalid': 0, 'unknown': 0, 'reverify': 56, 'credit': 0, 'estimated_time_sec': 0, 'error': ''}
in_progress
{'file_id': '30286187', 'file_name': '1994141', 'status': 'finished', 'unique_emails': 226, 'updated_at': '2026-02-23 19:42:17', 'createdate': '2026-02-23 19:40:06', 'percent': 100, 'total_rows': 0, 'verified': 226, 'unverified': 0, 'ok': 0, 'catch_all': 0, 'disposable': 0, 'invalid': 18, 'unknown': 208, 'reverify': 0, 'credit': 0, 'estimated_time_sec': 0, 'error': ''}
finished
updating validation status...  30286187
success!
update done
nothing to process
{'file_id': '30286203', 'file_name': '1994141', 'status': 'in_progress', 'unique_emails': 208, 'updated_at': '2026-02-23 19:46:32', 'createdate': '2026-02-23 19:46:32', 'percent': 0, 'total_rows': 0, 'verified': 0, 'unverified': 208, 'ok': 0, 'catch_all': 0, 'disposable': 0, 'invalid': 0, 'unknown': 0, 'reverify': 0, 'credit': 0, 'estimated_time_sec': 0, 'error': ''}
in_progress
{'file_id': '30286203', 'file_name': '1994141', 'status': 'in_progress', 'unique_emails': 208, 'updated_at': '2026-02-23 19:46:32', 'createdate': '2026-02-23 19:46:32', 'percent': 0, 'total_rows': 0, 'verified': 0, 'unverified': 208, 'ok': 0, 'catch_all': 0, 'disposable': 0, 'invalid': 0, 'unknown': 0, 'reverify': 0, 'credit': 0, 'estimated_time_sec': 0, 'error': ''}
in_progress
{'file_id': '30286203', 'file_name': '1994141', 'status': 'in_progress', 'unique_emails': 208, 'updated_at': '2026-02-23 19:46:32', 'createdate': '2026-02-23 19:46:32', 'percent': 0, 'total_rows': 0, 'verified': 0, 'unverified': 208, 'ok': 0, 'catch_all': 0, 'disposable': 0, 'invalid': 0, 'unknown': 0, 'reverify': 0, 'credit': 0, 'estimated_time_sec': 0, 'error': ''}
in_progress
{'file_id': '30286203', 'file_name': '1994141', 'status': 'in_progress', 'unique_emails': 208, 'updated_at': '2026-02-23 19:47:02', 'createdate': '2026-02-23 19:46:32', 'percent': 35, 'total_rows': 0, 'verified': 74, 'unverified': 134, 'ok': 0, 'catch_all': 0, 'disposable': 0, 'invalid': 0, 'unknown': 0, 'reverify': 43, 'credit': 0, 'estimated_time_sec': 0, 'error': ''}
in_progress
{'file_id': '30286203', 'file_name': '1994141', 'status': 'in_progress', 'unique_emails': 208, 'updated_at': '2026-02-23 19:48:02', 'createdate': '2026-02-23 19:46:32', 'percent': 37, 'total_rows': 0, 'verified': 77, 'unverified': 131, 'ok': 0, 'catch_all': 0, 'disposable': 0, 'invalid': 0, 'unknown': 0, 'reverify': 43, 'credit': 0, 'estimated_time_sec': 0, 'error': ''}
in_progress
{'file_id': '30286203', 'file_name': '1994141', 'status': 'finished', 'unique_emails': 208, 'updated_at': '2026-02-23 19:52:12', 'createdate': '2026-02-23 19:46:32', 'percent': 100, 'total_rows': 0, 'verified': 208, 'unverified': 0, 'ok': 2, 'catch_all': 0, 'disposable': 0, 'invalid': 7, 'unknown': 199, 'reverify': 0, 'credit': 0, 'estimated_time_sec': 0, 'error': ''}
finished
updating validation status...  30286203
success!
update done
{'file_id': '30286218', 'file_name': '1994141', 'status': 'in_progress', 'unique_emails': 199, 'updated_at': '2026-02-23 19:53:13', 'createdate': '2026-02-23 19:53:13', 'percent': 0, 'total_rows': 0, 'verified': 0, 'unverified': 199, 'ok': 0, 'catch_all': 0, 'disposable': 0, 'invalid': 0, 'unknown': 0, 'reverify': 0, 'credit': 0, 'estimated_time_sec': 0, 'error': ''}
in_progress
{'file_id': '30286219', 'file_name': '1949181', 'status': 'in_progress', 'unique_emails': 9, 'updated_at': '2026-02-23 19:53:15', 'createdate': '2026-02-23 19:53:15', 'percent': 0, 'total_rows': 0, 'verified': 0, 'unverified': 9, 'ok': 0, 'catch_all': 0, 'disposable': 0, 'invalid': 0, 'unknown': 0, 'reverify': 0, 'credit': 0, 'estimated_time_sec': 0, 'error': ''}
in_progress
{'file_id': '30286218', 'file_name': '1994141', 'status': 'in_progress', 'unique_emails': 199, 'updated_at': '2026-02-23 19:53:18', 'createdate': '2026-02-23 19:53:13', 'percent': 26, 'total_rows': 0, 'verified': 52, 'unverified': 147, 'ok': 0, 'catch_all': 0, 'disposable': 0, 'invalid': 0, 'unknown': 0, 'reverify': 29, 'credit': 0, 'estimated_time_sec': 0, 'error': ''}
in_progress
{'file_id': '30286219', 'file_name': '1949181', 'status': 'in_progress', 'unique_emails': 9, 'updated_at': '2026-02-23 19:53:15', 'createdate': '2026-02-23 19:53:15', 'percent': 0, 'total_rows': 0, 'verified': 0, 'unverified': 9, 'ok': 0, 'catch_all': 0, 'disposable': 0, 'invalid': 0, 'unknown': 0, 'reverify': 0, 'credit': 0, 'estimated_time_sec': 0, 'error': ''}
in_progress
{'file_id': '30286218', 'file_name': '1994141', 'status': 'finished', 'unique_emails': 199, 'updated_at': '2026-02-23 19:55:23', 'createdate': '2026-02-23 19:53:13', 'percent': 100, 'total_rows': 0, 'verified': 199, 'unverified': 0, 'ok': 0, 'catch_all': 0, 'disposable': 0, 'invalid': 9, 'unknown': 190, 'reverify': 0, 'credit': 0, 'estimated_time_sec': 0, 'error': ''}
finished
updating validation status...  30286218
Error processing MillionVerifier job 30286218: database is locked
traceback:
Traceback (most recent call last):
  File "/Users/albertoruizcajiga/python/sis_international/million_verifier_worker.py", line 35, in download_and_process_all_available_lists_on_mv
    update_validation_status(validated_file_name)
  File "/Users/albertoruizcajiga/python/sis_international/modules/database/database.py", line 377, in update_validation_status
    cursor.executemany(query, to_db)
sqlite3.OperationalError: database is locked

During handling of the above exception, another exception occurred:

Traceback (most recent call last):
  File "/Users/albertoruizcajiga/python/sis_international/million_verifier_worker.py", line 48, in <module>
    download_and_process_all_available_lists_on_mv()
  File "/Users/albertoruizcajiga/python/sis_international/million_verifier_worker.py", line 43, in download_and_process_all_available_lists_on_mv
    traceback.print_exc()
    ^^^^^^^^^
NameError: name 'traceback' is not defined
{'file_id': '30286218', 'file_name': '1994141', 'status': 'finished', 'unique_emails': 199, 'updated_at': '2026-02-23 19:55:23', 'createdate': '2026-02-23 19:53:13', 'percent': 100, 'total_rows': 0, 'verified': 199, 'unverified': 0, 'ok': 0, 'catch_all': 0, 'disposable': 0, 'invalid': 9, 'unknown': 190, 'reverify': 0, 'credit': 0, 'estimated_time_sec': 0, 'error': ''}
finished
updating validation status...  30286218
Error processing MillionVerifier job 30286218: database is locked
traceback:
Traceback (most recent call last):
  File "/Users/albertoruizcajiga/python/sis_international/million_verifier_worker.py", line 35, in download_and_process_all_available_lists_on_mv
    update_validation_status(validated_file_name)
  File "/Users/albertoruizcajiga/python/sis_international/modules/database/database.py", line 378, in update_validation_status
    conn.commit()
sqlite3.OperationalError: database is locked

During handling of the above exception, another exception occurred:

Traceback (most recent call last):
  File "/Users/albertoruizcajiga/python/sis_international/million_verifier_worker.py", line 48, in <module>
    download_and_process_all_available_lists_on_mv()
  File "/Users/albertoruizcajiga/python/sis_international/million_verifier_worker.py", line 43, in download_and_process_all_available_lists_on_mv
    traceback.print_exc()
    ^^^^^^^^^
NameError: name 'traceback' is not defined
{'file_id': '30286218', 'file_name': '1994141', 'status': 'finished', 'unique_emails': 199, 'updated_at': '2026-02-23 19:55:23', 'createdate': '2026-02-23 19:53:13', 'percent': 100, 'total_rows': 0, 'verified': 199, 'unverified': 0, 'ok': 0, 'catch_all': 0, 'disposable': 0, 'invalid': 9, 'unknown': 190, 'reverify': 0, 'credit': 0, 'estimated_time_sec': 0, 'error': ''}
finished
updating validation status...  30286218
success!
update done
{'file_id': '30286219', 'file_name': '1949181', 'status': 'finished', 'unique_emails': 9, 'updated_at': '2026-02-23 19:55:20', 'createdate': '2026-02-23 19:53:15', 'percent': 100, 'total_rows': 0, 'verified': 9, 'unverified': 0, 'ok': 4, 'catch_all': 0, 'disposable': 0, 'invalid': 0, 'unknown': 5, 'reverify': 0, 'credit': 0, 'estimated_time_sec': 0, 'error': ''}
finished
updating validation status...  30286219
success!
update done
{'file_id': '30286240', 'file_name': '1994141', 'status': 'in_progress', 'unique_emails': 190, 'updated_at': '2026-02-23 20:00:04', 'createdate': '2026-02-23 19:59:34', 'percent': 35, 'total_rows': 0, 'verified': 67, 'unverified': 123, 'ok': 0, 'catch_all': 0, 'disposable': 0, 'invalid': 0, 'unknown': 0, 'reverify': 39, 'credit': 0, 'estimated_time_sec': 2640, 'error': ''}
in_progress
{'file_id': '30286240', 'file_name': '1994141', 'status': 'finished', 'unique_emails': 190, 'updated_at': '2026-02-23 20:01:44', 'createdate': '2026-02-23 19:59:34', 'percent': 100, 'total_rows': 0, 'verified': 190, 'unverified': 0, 'ok': 1, 'catch_all': 2, 'disposable': 0, 'invalid': 7, 'unknown': 179, 'reverify': 0, 'credit': 0, 'estimated_time_sec': 0, 'error': ''}
finished
updating validation status...  30286240
Error processing MillionVerifier job 30286240: database is locked
traceback:
Traceback (most recent call last):
  File "/Users/albertoruizcajiga/python/sis_international/million_verifier_worker.py", line 35, in download_and_process_all_available_lists_on_mv
    update_validation_status(validated_file_name)
  File "/Users/albertoruizcajiga/python/sis_international/modules/database/database.py", line 378, in update_validation_status
    conn.commit()
sqlite3.OperationalError: database is locked

During handling of the above exception, another exception occurred:

Traceback (most recent call last):
  File "/Users/albertoruizcajiga/python/sis_international/million_verifier_worker.py", line 48, in <module>
    download_and_process_all_available_lists_on_mv()
  File "/Users/albertoruizcajiga/python/sis_international/million_verifier_worker.py", line 43, in download_and_process_all_available_lists_on_mv
    traceback.print_exc()
    ^^^^^^^^^
NameError: name 'traceback' is not defined
{'file_id': '30286240', 'file_name': '1994141', 'status': 'finished', 'unique_emails': 190, 'updated_at': '2026-02-23 20:01:44', 'createdate': '2026-02-23 19:59:34', 'percent': 100, 'total_rows': 0, 'verified': 190, 'unverified': 0, 'ok': 1, 'catch_all': 2, 'disposable': 0, 'invalid': 7, 'unknown': 179, 'reverify': 0, 'credit': 0, 'estimated_time_sec': 0, 'error': ''}
finished
updating validation status...  30286240
success!
update done
{'file_id': '30286242', 'file_name': '1949181', 'status': 'finished', 'unique_emails': 5, 'updated_at': '2026-02-23 20:02:13', 'createdate': '2026-02-23 20:00:08', 'percent': 100, 'total_rows': 0, 'verified': 5, 'unverified': 0, 'ok': 0, 'catch_all': 0, 'disposable': 0, 'invalid': 0, 'unknown': 5, 'reverify': 0, 'credit': 0, 'estimated_time_sec': 0, 'error': ''}
finished
updating validation status...  30286242
success!
update done
nothing to process
nothing to process
{'file_id': '30286269', 'file_name': '1994141', 'status': 'in_progress', 'unique_emails': 180, 'updated_at': '2026-02-23 20:06:26', 'createdate': '2026-02-23 20:06:25', 'percent': 0, 'total_rows': 0, 'verified': 0, 'unverified': 180, 'ok': 0, 'catch_all': 0, 'disposable': 0, 'invalid': 0, 'unknown': 0, 'reverify': 0, 'credit': 0, 'estimated_time_sec': 0, 'error': ''}
in_progress
{'file_id': '30286269', 'file_name': '1994141', 'status': 'in_progress', 'unique_emails': 180, 'updated_at': '2026-02-23 20:07:01', 'createdate': '2026-02-23 20:06:25', 'percent': 38, 'total_rows': 0, 'verified': 69, 'unverified': 111, 'ok': 0, 'catch_all': 0, 'disposable': 0, 'invalid': 0, 'unknown': 0, 'reverify': 27, 'credit': 0, 'estimated_time_sec': 2640, 'error': ''}
in_progress
{'file_id': '30286270', 'file_name': '1949181', 'status': 'in_progress', 'unique_emails': 10, 'updated_at': '2026-02-23 20:07:01', 'createdate': '2026-02-23 20:06:26', 'percent': 60, 'total_rows': 0, 'verified': 6, 'unverified': 4, 'ok': 0, 'catch_all': 0, 'disposable': 0, 'invalid': 0, 'unknown': 0, 'reverify': 0, 'credit': 0, 'estimated_time_sec': 0, 'error': ''}
in_progress
{'file_id': '30286269', 'file_name': '1994141', 'status': 'in_progress', 'unique_emails': 180, 'updated_at': '2026-02-23 20:08:01', 'createdate': '2026-02-23 20:06:25', 'percent': 54, 'total_rows': 0, 'verified': 98, 'unverified': 82, 'ok': 0, 'catch_all': 0, 'disposable': 0, 'invalid': 0, 'unknown': 0, 'reverify': 0, 'credit': 0, 'estimated_time_sec': 0, 'error': ''}
in_progress
{'file_id': '30286270', 'file_name': '1949181', 'status': 'in_progress', 'unique_emails': 10, 'updated_at': '2026-02-23 20:08:01', 'createdate': '2026-02-23 20:06:26', 'percent': 60, 'total_rows': 0, 'verified': 6, 'unverified': 4, 'ok': 0, 'catch_all': 0, 'disposable': 0, 'invalid': 0, 'unknown': 0, 'reverify': 0, 'credit': 0, 'estimated_time_sec': 0, 'error': ''}
in_progress
{'file_id': '30286269', 'file_name': '1994141', 'status': 'finished', 'unique_emails': 180, 'updated_at': '2026-02-23 20:08:36', 'createdate': '2026-02-23 20:06:25', 'percent': 100, 'total_rows': 0, 'verified': 180, 'unverified': 0, 'ok': 0, 'catch_all': 0, 'disposable': 0, 'invalid': 2, 'unknown': 178, 'reverify': 0, 'credit': 0, 'estimated_time_sec': 0, 'error': ''}
finished
updating validation status...  30286269
success!
update done
{'file_id': '30286270', 'file_name': '1949181', 'status': 'finished', 'unique_emails': 10, 'updated_at': '2026-02-23 20:08:31', 'createdate': '2026-02-23 20:06:26', 'percent': 100, 'total_rows': 0, 'verified': 10, 'unverified': 0, 'ok': 2, 'catch_all': 1, 'disposable': 0, 'invalid': 0, 'unknown': 7, 'reverify': 0, 'credit': 0, 'estimated_time_sec': 0, 'error': ''}
finished
updating validation status...  30286270
success!
update done
{'file_id': '30286295', 'file_name': '1949181', 'status': 'in_progress', 'unique_emails': 15, 'updated_at': '2026-02-23 20:13:26', 'createdate': '2026-02-23 20:13:25', 'percent': 0, 'total_rows': 0, 'verified': 0, 'unverified': 15, 'ok': 0, 'catch_all': 0, 'disposable': 0, 'invalid': 0, 'unknown': 0, 'reverify': 0, 'credit': 0, 'estimated_time_sec': 0, 'error': ''}
in_progress
{'file_id': '30286295', 'file_name': '1949181', 'status': 'in_progress', 'unique_emails': 15, 'updated_at': '2026-02-23 20:13:26', 'createdate': '2026-02-23 20:13:25', 'percent': 0, 'total_rows': 0, 'verified': 0, 'unverified': 15, 'ok': 0, 'catch_all': 0, 'disposable': 0, 'invalid': 0, 'unknown': 0, 'reverify': 0, 'credit': 0, 'estimated_time_sec': 0, 'error': ''}
in_progress
{'file_id': '30286296', 'file_name': '1994141', 'status': 'in_progress', 'unique_emails': 178, 'updated_at': '2026-02-23 20:13:26', 'createdate': '2026-02-23 20:13:26', 'percent': 0, 'total_rows': 0, 'verified': 0, 'unverified': 178, 'ok': 0, 'catch_all': 0, 'disposable': 0, 'invalid': 0, 'unknown': 0, 'reverify': 0, 'credit': 0, 'estimated_time_sec': 0, 'error': ''}
in_progress
{'file_id': '30286295', 'file_name': '1949181', 'status': 'in_progress', 'unique_emails': 15, 'updated_at': '2026-02-23 20:13:26', 'createdate': '2026-02-23 20:13:25', 'percent': 0, 'total_rows': 0, 'verified': 0, 'unverified': 15, 'ok': 0, 'catch_all': 0, 'disposable': 0, 'invalid': 0, 'unknown': 0, 'reverify': 0, 'credit': 0, 'estimated_time_sec': 0, 'error': ''}
in_progress
{'file_id': '30286296', 'file_name': '1994141', 'status': 'in_progress', 'unique_emails': 178, 'updated_at': '2026-02-23 20:13:26', 'createdate': '2026-02-23 20:13:26', 'percent': 0, 'total_rows': 0, 'verified': 0, 'unverified': 178, 'ok': 0, 'catch_all': 0, 'disposable': 0, 'invalid': 0, 'unknown': 0, 'reverify': 0, 'credit': 0, 'estimated_time_sec': 0, 'error': ''}
in_progress
{'file_id': '30286295', 'file_name': '1949181', 'status': 'in_progress', 'unique_emails': 15, 'updated_at': '2026-02-23 20:14:06', 'createdate': '2026-02-23 20:13:25', 'percent': 20, 'total_rows': 0, 'verified': 3, 'unverified': 12, 'ok': 0, 'catch_all': 0, 'disposable': 0, 'invalid': 0, 'unknown': 0, 'reverify': 7, 'credit': 0, 'estimated_time_sec': 0, 'error': ''}
in_progress
{'file_id': '30286296', 'file_name': '1994141', 'status': 'in_progress', 'unique_emails': 178, 'updated_at': '2026-02-23 20:14:06', 'createdate': '2026-02-23 20:13:26', 'percent': 30, 'total_rows': 0, 'verified': 54, 'unverified': 124, 'ok': 0, 'catch_all': 0, 'disposable': 0, 'invalid': 0, 'unknown': 0, 'reverify': 35, 'credit': 0, 'estimated_time_sec': 2640, 'error': ''}
in_progress
{'file_id': '30286295', 'file_name': '1949181', 'status': 'in_progress', 'unique_emails': 15, 'updated_at': '2026-02-23 20:15:06', 'createdate': '2026-02-23 20:13:25', 'percent': 73, 'total_rows': 0, 'verified': 11, 'unverified': 4, 'ok': 0, 'catch_all': 0, 'disposable': 0, 'invalid': 0, 'unknown': 0, 'reverify': 0, 'credit': 0, 'estimated_time_sec': 0, 'error': ''}
in_progress
{'file_id': '30286296', 'file_name': '1994141', 'status': 'in_progress', 'unique_emails': 178, 'updated_at': '2026-02-23 20:15:06', 'createdate': '2026-02-23 20:13:26', 'percent': 51, 'total_rows': 0, 'verified': 91, 'unverified': 87, 'ok': 0, 'catch_all': 0, 'disposable': 0, 'invalid': 0, 'unknown': 0, 'reverify': 0, 'credit': 0, 'estimated_time_sec': 0, 'error': ''}
in_progress
{'file_id': '30286295', 'file_name': '1949181', 'status': 'finished', 'unique_emails': 15, 'updated_at': '2026-02-23 20:15:31', 'createdate': '2026-02-23 20:13:25', 'percent': 100, 'total_rows': 0, 'verified': 15, 'unverified': 0, 'ok': 1, 'catch_all': 0, 'disposable': 0, 'invalid': 2, 'unknown': 12, 'reverify': 0, 'credit': 0, 'estimated_time_sec': 0, 'error': ''}
finished
updating validation status...  30286295
success!
update done
{'file_id': '30286296', 'file_name': '1994141', 'status': 'finished', 'unique_emails': 178, 'updated_at': '2026-02-23 20:15:36', 'createdate': '2026-02-23 20:13:26', 'percent': 100, 'total_rows': 0, 'verified': 178, 'unverified': 0, 'ok': 0, 'catch_all': 0, 'disposable': 0, 'invalid': 2, 'unknown': 176, 'reverify': 0, 'credit': 0, 'estimated_time_sec': 0, 'error': ''}
finished
updating validation status...  30286296
success!
update done
{'file_id': '30286311', 'file_name': '1949181', 'status': 'in_progress', 'unique_emails': 12, 'updated_at': '2026-02-23 20:17:05', 'createdate': '2026-02-23 20:16:10', 'percent': 16, 'total_rows': 0, 'verified': 2, 'unverified': 10, 'ok': 0, 'catch_all': 0, 'disposable': 0, 'invalid': 0, 'unknown': 0, 'reverify': 5, 'credit': 0, 'estimated_time_sec': 0, 'error': ''}
in_progress
{'file_id': '30286311', 'file_name': '1949181', 'status': 'finished', 'unique_emails': 12, 'updated_at': '2026-02-23 20:21:45', 'createdate': '2026-02-23 20:16:10', 'percent': 100, 'total_rows': 0, 'verified': 12, 'unverified': 0, 'ok': 0, 'catch_all': 0, 'disposable': 0, 'invalid': 0, 'unknown': 12, 'reverify': 0, 'credit': 0, 'estimated_time_sec': 0, 'error': ''}
finished
updating validation status...  30286311
success!
update done
{'file_id': '30286315', 'file_name': '1994141', 'status': 'finished', 'unique_emails': 176, 'updated_at': '2026-02-23 20:19:18', 'createdate': '2026-02-23 20:17:08', 'percent': 100, 'total_rows': 0, 'verified': 176, 'unverified': 0, 'ok': 0, 'catch_all': 1, 'disposable': 0, 'invalid': 0, 'unknown': 175, 'reverify': 0, 'credit': 0, 'estimated_time_sec': 0, 'error': ''}
finished
updating validation status...  30286315
success!
update done
{'file_id': '30286345', 'file_name': '1949181', 'status': 'in_progress', 'unique_emails': 12, 'updated_at': '2026-02-23 20:23:09', 'createdate': '2026-02-23 20:23:08', 'percent': 0, 'total_rows': 0, 'verified': 0, 'unverified': 12, 'ok': 0, 'catch_all': 0, 'disposable': 0, 'invalid': 0, 'unknown': 0, 'reverify': 0, 'credit': 0, 'estimated_time_sec': 0, 'error': ''}
in_progress
{'file_id': '30286345', 'file_name': '1949181', 'status': 'in_progress', 'unique_emails': 12, 'updated_at': '2026-02-23 20:23:09', 'createdate': '2026-02-23 20:23:08', 'percent': 0, 'total_rows': 0, 'verified': 0, 'unverified': 12, 'ok': 0, 'catch_all': 0, 'disposable': 0, 'invalid': 0, 'unknown': 0, 'reverify': 0, 'credit': 0, 'estimated_time_sec': 0, 'error': ''}
in_progress
{'file_id': '30286345', 'file_name': '1949181', 'status': 'in_progress', 'unique_emails': 12, 'updated_at': '2026-02-23 20:23:14', 'createdate': '2026-02-23 20:23:08', 'percent': 16, 'total_rows': 0, 'verified': 2, 'unverified': 10, 'ok': 0, 'catch_all': 0, 'disposable': 0, 'invalid': 0, 'unknown': 0, 'reverify': 5, 'credit': 0, 'estimated_time_sec': 0, 'error': ''}
in_progress
{'file_id': '30286345', 'file_name': '1949181', 'status': 'in_progress', 'unique_emails': 12, 'updated_at': '2026-02-23 20:23:14', 'createdate': '2026-02-23 20:23:08', 'percent': 16, 'total_rows': 0, 'verified': 2, 'unverified': 10, 'ok': 0, 'catch_all': 0, 'disposable': 0, 'invalid': 0, 'unknown': 0, 'reverify': 5, 'credit': 0, 'estimated_time_sec': 0, 'error': ''}
in_progress
{'file_id': '30286346', 'file_name': '1994141', 'status': 'in_progress', 'unique_emails': 175, 'updated_at': '2026-02-23 20:23:15', 'createdate': '2026-02-23 20:23:15', 'percent': 0, 'total_rows': 0, 'verified': 0, 'unverified': 175, 'ok': 0, 'catch_all': 0, 'disposable': 0, 'invalid': 0, 'unknown': 0, 'reverify': 0, 'credit': 0, 'estimated_time_sec': 0, 'error': ''}
in_progress
{'file_id': '30286345', 'file_name': '1949181', 'status': 'in_progress', 'unique_emails': 12, 'updated_at': '2026-02-23 20:24:09', 'createdate': '2026-02-23 20:23:08', 'percent': 58, 'total_rows': 0, 'verified': 7, 'unverified': 5, 'ok': 0, 'catch_all': 0, 'disposable': 0, 'invalid': 0, 'unknown': 0, 'reverify': 0, 'credit': 0, 'estimated_time_sec': 0, 'error': ''}
in_progress
{'file_id': '30286346', 'file_name': '1994141', 'status': 'in_progress', 'unique_emails': 175, 'updated_at': '2026-02-23 20:24:05', 'createdate': '2026-02-23 20:23:15', 'percent': 32, 'total_rows': 0, 'verified': 57, 'unverified': 118, 'ok': 0, 'catch_all': 0, 'disposable': 0, 'invalid': 0, 'unknown': 0, 'reverify': 34, 'credit': 0, 'estimated_time_sec': 2640, 'error': ''}
in_progress
{'file_id': '30286345', 'file_name': '1949181', 'status': 'finished', 'unique_emails': 12, 'updated_at': '2026-02-23 20:25:14', 'createdate': '2026-02-23 20:23:08', 'percent': 100, 'total_rows': 0, 'verified': 12, 'unverified': 0, 'ok': 0, 'catch_all': 0, 'disposable': 0, 'invalid': 0, 'unknown': 12, 'reverify': 0, 'credit': 0, 'estimated_time_sec': 0, 'error': ''}
finished
updating validation status...  30286345
success!
update done
{'file_id': '30286346', 'file_name': '1994141', 'status': 'in_progress', 'unique_emails': 175, 'updated_at': '2026-02-23 20:25:20', 'createdate': '2026-02-23 20:23:15', 'percent': 85, 'total_rows': 0, 'verified': 150, 'unverified': 25, 'ok': 0, 'catch_all': 0, 'disposable': 0, 'invalid': 0, 'unknown': 0, 'reverify': 1, 'credit': 0, 'estimated_time_sec': 2580, 'error': ''}
in_progress
{'file_id': '30286346', 'file_name': '1994141', 'status': 'in_progress', 'unique_emails': 175, 'updated_at': '2026-02-23 20:26:15', 'createdate': '2026-02-23 20:23:15', 'percent': 99, 'total_rows': 0, 'verified': 174, 'unverified': 1, 'ok': 0, 'catch_all': 0, 'disposable': 0, 'invalid': 0, 'unknown': 0, 'reverify': 1, 'credit': 0, 'estimated_time_sec': 2520, 'error': ''}
in_progress
{'file_id': '30286358', 'file_name': '1949181', 'status': 'in_progress', 'unique_emails': 12, 'updated_at': '2026-02-23 20:26:15', 'createdate': '2026-02-23 20:25:20', 'percent': 58, 'total_rows': 0, 'verified': 7, 'unverified': 5, 'ok': 0, 'catch_all': 0, 'disposable': 0, 'invalid': 0, 'unknown': 0, 'reverify': 0, 'credit': 0, 'estimated_time_sec': 0, 'error': ''}
in_progress
{'file_id': '30286346', 'file_name': '1994141', 'status': 'in_progress', 'unique_emails': 175, 'updated_at': '2026-02-23 20:28:05', 'createdate': '2026-02-23 20:23:15', 'percent': 99, 'total_rows': 0, 'verified': 174, 'unverified': 1, 'ok': 0, 'catch_all': 0, 'disposable': 0, 'invalid': 0, 'unknown': 0, 'reverify': 1, 'credit': 0, 'estimated_time_sec': 2400, 'error': ''}
in_progress
{'file_id': '30286358', 'file_name': '1949181', 'status': 'finished', 'unique_emails': 12, 'updated_at': '2026-02-23 20:27:26', 'createdate': '2026-02-23 20:25:20', 'percent': 100, 'total_rows': 0, 'verified': 12, 'unverified': 0, 'ok': 0, 'catch_all': 0, 'disposable': 0, 'invalid': 0, 'unknown': 12, 'reverify': 0, 'credit': 0, 'estimated_time_sec': 0, 'error': ''}
finished
updating validation status...  30286358
success!
update done
{'file_id': '30286346', 'file_name': '1994141', 'status': 'in_progress', 'unique_emails': 175, 'updated_at': '2026-02-23 20:29:10', 'createdate': '2026-02-23 20:23:15', 'percent': 99, 'total_rows': 0, 'verified': 174, 'unverified': 1, 'ok': 0, 'catch_all': 0, 'disposable': 0, 'invalid': 0, 'unknown': 0, 'reverify': 1, 'credit': 0, 'estimated_time_sec': 2340, 'error': ''}
in_progress
{'file_id': '30286371', 'file_name': '1949181', 'status': 'in_progress', 'unique_emails': 12, 'updated_at': '2026-02-23 20:29:08', 'createdate': '2026-02-23 20:28:08', 'percent': 58, 'total_rows': 0, 'verified': 7, 'unverified': 5, 'ok': 0, 'catch_all': 0, 'disposable': 0, 'invalid': 0, 'unknown': 0, 'reverify': 0, 'credit': 0, 'estimated_time_sec': 0, 'error': ''}
in_progress
{'file_id': '30286346', 'file_name': '1994141', 'status': 'in_progress', 'unique_emails': 175, 'updated_at': '2026-02-23 20:30:10', 'createdate': '2026-02-23 20:23:15', 'percent': 99, 'total_rows': 0, 'verified': 174, 'unverified': 1, 'ok': 0, 'catch_all': 0, 'disposable': 0, 'invalid': 0, 'unknown': 0, 'reverify': 1, 'credit': 0, 'estimated_time_sec': 2280, 'error': ''}
in_progress
{'file_id': '30286371', 'file_name': '1949181', 'status': 'in_progress', 'unique_emails': 12, 'updated_at': '2026-02-23 20:30:08', 'createdate': '2026-02-23 20:28:08', 'percent': 66, 'total_rows': 0, 'verified': 8, 'unverified': 4, 'ok': 0, 'catch_all': 0, 'disposable': 0, 'invalid': 0, 'unknown': 0, 'reverify': 0, 'credit': 0, 'estimated_time_sec': 0, 'error': ''}
in_progress
{'file_id': '30286346', 'file_name': '1994141', 'status': 'finished', 'unique_emails': 175, 'updated_at': '2026-02-23 20:31:00', 'createdate': '2026-02-23 20:23:15', 'percent': 100, 'total_rows': 0, 'verified': 175, 'unverified': 0, 'ok': 0, 'catch_all': 0, 'disposable': 0, 'invalid': 0, 'unknown': 175, 'reverify': 0, 'credit': 0, 'estimated_time_sec': 0, 'error': ''}
finished
updating validation status...  30286346
success!
update done
{'file_id': '30286371', 'file_name': '1949181', 'status': 'finished', 'unique_emails': 12, 'updated_at': '2026-02-23 20:30:13', 'createdate': '2026-02-23 20:28:08', 'percent': 100, 'total_rows': 0, 'verified': 12, 'unverified': 0, 'ok': 0, 'catch_all': 0, 'disposable': 0, 'invalid': 0, 'unknown': 12, 'reverify': 0, 'credit': 0, 'estimated_time_sec': 0, 'error': ''}
finished
updating validation status...  30286371
success!
update done
{'file_id': '30286390', 'file_name': '1994141', 'status': 'in_progress', 'unique_emails': 175, 'updated_at': '2026-02-23 20:32:03', 'createdate': '2026-02-23 20:31:43', 'percent': 29, 'total_rows': 0, 'verified': 52, 'unverified': 123, 'ok': 0, 'catch_all': 0, 'disposable': 0, 'invalid': 0, 'unknown': 0, 'reverify': 32, 'credit': 0, 'estimated_time_sec': 0, 'error': ''}
in_progress
{'file_id': '30286390', 'file_name': '1994141', 'status': 'finished', 'unique_emails': 175, 'updated_at': '2026-02-23 20:33:53', 'createdate': '2026-02-23 20:31:43', 'percent': 100, 'total_rows': 0, 'verified': 175, 'unverified': 0, 'ok': 0, 'catch_all': 0, 'disposable': 0, 'invalid': 0, 'unknown': 175, 'reverify': 0, 'credit': 0, 'estimated_time_sec': 0, 'error': ''}
finished
updating validation status...  30286390
success!
update done
{'file_id': '30286393', 'file_name': '1949181', 'status': 'finished', 'unique_emails': 12, 'updated_at': '2026-02-23 20:34:12', 'createdate': '2026-02-23 20:32:07', 'percent': 100, 'total_rows': 0, 'verified': 12, 'unverified': 0, 'ok': 0, 'catch_all': 0, 'disposable': 0, 'invalid': 0, 'unknown': 12, 'reverify': 0, 'credit': 0, 'estimated_time_sec': 0, 'error': ''}
finished
updating validation status...  30286393
success!
update done
{'file_id': '30286432', 'file_name': '1994141', 'status': 'in_progress', 'unique_emails': 175, 'updated_at': '2026-02-23 20:38:52', 'createdate': '2026-02-23 20:38:51', 'percent': 0, 'total_rows': 0, 'verified': 0, 'unverified': 175, 'ok': 0, 'catch_all': 0, 'disposable': 0, 'invalid': 0, 'unknown': 0, 'reverify': 0, 'credit': 0, 'estimated_time_sec': 0, 'error': ''}
in_progress
{'file_id': '30286432', 'file_name': '1994141', 'status': 'in_progress', 'unique_emails': 175, 'updated_at': '2026-02-23 20:38:57', 'createdate': '2026-02-23 20:38:51', 'percent': 23, 'total_rows': 0, 'verified': 41, 'unverified': 134, 'ok': 0, 'catch_all': 0, 'disposable': 0, 'invalid': 0, 'unknown': 0, 'reverify': 26, 'credit': 0, 'estimated_time_sec': 0, 'error': ''}
in_progress
{'file_id': '30286433', 'file_name': '1949181', 'status': 'in_progress', 'unique_emails': 32, 'updated_at': '2026-02-23 20:38:59', 'createdate': '2026-02-23 20:38:53', 'percent': 12, 'total_rows': 0, 'verified': 4, 'unverified': 28, 'ok': 0, 'catch_all': 0, 'disposable': 0, 'invalid': 0, 'unknown': 0, 'reverify': 15, 'credit': 0, 'estimated_time_sec': 0, 'error': ''}
in_progress
{'file_id': '30286432', 'file_name': '1994141', 'status': 'in_progress', 'unique_emails': 175, 'updated_at': '2026-02-23 20:39:17', 'createdate': '2026-02-23 20:38:51', 'percent': 32, 'total_rows': 0, 'verified': 56, 'unverified': 119, 'ok': 0, 'catch_all': 0, 'disposable': 0, 'invalid': 0, 'unknown': 0, 'reverify': 33, 'credit': 0, 'estimated_time_sec': 0, 'error': ''}
in_progress
{'file_id': '30286433', 'file_name': '1949181', 'status': 'in_progress', 'unique_emails': 32, 'updated_at': '2026-02-23 20:39:19', 'createdate': '2026-02-23 20:38:53', 'percent': 12, 'total_rows': 0, 'verified': 4, 'unverified': 28, 'ok': 0, 'catch_all': 0, 'disposable': 0, 'invalid': 0, 'unknown': 0, 'reverify': 15, 'credit': 0, 'estimated_time_sec': 0, 'error': ''}
in_progress
{'file_id': '30286432', 'file_name': '1994141', 'status': 'in_progress', 'unique_emails': 175, 'updated_at': '2026-02-23 20:39:27', 'createdate': '2026-02-23 20:38:51', 'percent': 32, 'total_rows': 0, 'verified': 56, 'unverified': 119, 'ok': 0, 'catch_all': 0, 'disposable': 0, 'invalid': 0, 'unknown': 0, 'reverify': 33, 'credit': 0, 'estimated_time_sec': 0, 'error': ''}
in_progress
{'file_id': '30286433', 'file_name': '1949181', 'status': 'in_progress', 'unique_emails': 32, 'updated_at': '2026-02-23 20:39:24', 'createdate': '2026-02-23 20:38:53', 'percent': 12, 'total_rows': 0, 'verified': 4, 'unverified': 28, 'ok': 0, 'catch_all': 0, 'disposable': 0, 'invalid': 0, 'unknown': 0, 'reverify': 15, 'credit': 0, 'estimated_time_sec': 0, 'error': ''}
in_progress
{'file_id': '30286432', 'file_name': '1994141', 'status': 'finished', 'unique_emails': 175, 'updated_at': '2026-02-23 20:44:52', 'createdate': '2026-02-23 20:38:51', 'percent': 100, 'total_rows': 0, 'verified': 175, 'unverified': 0, 'ok': 0, 'catch_all': 0, 'disposable': 0, 'invalid': 1, 'unknown': 174, 'reverify': 0, 'credit': 0, 'estimated_time_sec': 0, 'error': ''}
finished
updating validation status...  30286432
success!
update done
{'file_id': '30286433', 'file_name': '1949181', 'status': 'finished', 'unique_emails': 32, 'updated_at': '2026-02-23 20:41:09', 'createdate': '2026-02-23 20:38:53', 'percent': 100, 'total_rows': 0, 'verified': 32, 'unverified': 0, 'ok': 1, 'catch_all': 0, 'disposable': 0, 'invalid': 1, 'unknown': 30, 'reverify': 0, 'credit': 0, 'estimated_time_sec': 0, 'error': ''}
finished
updating validation status...  30286433
success!
update done
nothing to process
{'file_id': '30286463', 'file_name': '1949181', 'status': 'in_progress', 'unique_emails': 37, 'updated_at': '2026-02-23 20:45:52', 'createdate': '2026-02-23 20:45:17', 'percent': 18, 'total_rows': 0, 'verified': 7, 'unverified': 30, 'ok': 0, 'catch_all': 0, 'disposable': 0, 'invalid': 0, 'unknown': 0, 'reverify': 17, 'credit': 0, 'estimated_time_sec': 0, 'error': ''}
in_progress
{'file_id': '30286464', 'file_name': '1994141', 'status': 'in_progress', 'unique_emails': 174, 'updated_at': '2026-02-23 20:45:49', 'createdate': '2026-02-23 20:45:19', 'percent': 29, 'total_rows': 0, 'verified': 51, 'unverified': 123, 'ok': 0, 'catch_all': 0, 'disposable': 0, 'invalid': 0, 'unknown': 0, 'reverify': 32, 'credit': 0, 'estimated_time_sec': 0, 'error': ''}
in_progress
{'file_id': '30286463', 'file_name': '1949181', 'status': 'finished', 'unique_emails': 37, 'updated_at': '2026-02-23 20:47:32', 'createdate': '2026-02-23 20:45:17', 'percent': 100, 'total_rows': 0, 'verified': 37, 'unverified': 0, 'ok': 2, 'catch_all': 0, 'disposable': 0, 'invalid': 3, 'unknown': 32, 'reverify': 0, 'credit': 0, 'estimated_time_sec': 0, 'error': ''}
finished
updating validation status...  30286463
Error processing MillionVerifier job 30286463: database is locked
traceback:
Traceback (most recent call last):
  File "/Users/albertoruizcajiga/python/sis_international/million_verifier_worker.py", line 35, in download_and_process_all_available_lists_on_mv
    update_validation_status(validated_file_name)
  File "/Users/albertoruizcajiga/python/sis_international/modules/database/database.py", line 377, in update_validation_status
    cursor.executemany(query, to_db)
sqlite3.OperationalError: database is locked

During handling of the above exception, another exception occurred:

Traceback (most recent call last):
  File "/Users/albertoruizcajiga/python/sis_international/million_verifier_worker.py", line 48, in <module>
    download_and_process_all_available_lists_on_mv()
  File "/Users/albertoruizcajiga/python/sis_international/million_verifier_worker.py", line 43, in download_and_process_all_available_lists_on_mv
    traceback.print_exc()
    ^^^^^^^^^
NameError: name 'traceback' is not defined
{'file_id': '30286463', 'file_name': '1949181', 'status': 'finished', 'unique_emails': 37, 'updated_at': '2026-02-23 20:47:32', 'createdate': '2026-02-23 20:45:17', 'percent': 100, 'total_rows': 0, 'verified': 37, 'unverified': 0, 'ok': 2, 'catch_all': 0, 'disposable': 0, 'invalid': 3, 'unknown': 32, 'reverify': 0, 'credit': 0, 'estimated_time_sec': 0, 'error': ''}
finished
updating validation status...  30286463
Error processing MillionVerifier job 30286463: database is locked
traceback:
Traceback (most recent call last):
  File "/Users/albertoruizcajiga/python/sis_international/million_verifier_worker.py", line 35, in download_and_process_all_available_lists_on_mv
    update_validation_status(validated_file_name)
  File "/Users/albertoruizcajiga/python/sis_international/modules/database/database.py", line 378, in update_validation_status
    conn.commit()
sqlite3.OperationalError: database is locked

During handling of the above exception, another exception occurred:

Traceback (most recent call last):
  File "/Users/albertoruizcajiga/python/sis_international/million_verifier_worker.py", line 48, in <module>
    download_and_process_all_available_lists_on_mv()
  File "/Users/albertoruizcajiga/python/sis_international/million_verifier_worker.py", line 43, in download_and_process_all_available_lists_on_mv
    traceback.print_exc()
    ^^^^^^^^^
NameError: name 'traceback' is not defined
{'file_id': '30286463', 'file_name': '1949181', 'status': 'finished', 'unique_emails': 37, 'updated_at': '2026-02-23 20:47:32', 'createdate': '2026-02-23 20:45:17', 'percent': 100, 'total_rows': 0, 'verified': 37, 'unverified': 0, 'ok': 2, 'catch_all': 0, 'disposable': 0, 'invalid': 3, 'unknown': 32, 'reverify': 0, 'credit': 0, 'estimated_time_sec': 0, 'error': ''}
finished
updating validation status...  30286463
Error processing MillionVerifier job 30286463: database is locked
traceback:
Traceback (most recent call last):
  File "/Users/albertoruizcajiga/python/sis_international/million_verifier_worker.py", line 35, in download_and_process_all_available_lists_on_mv
    update_validation_status(validated_file_name)
  File "/Users/albertoruizcajiga/python/sis_international/modules/database/database.py", line 378, in update_validation_status
    conn.commit()
sqlite3.OperationalError: database is locked

During handling of the above exception, another exception occurred:

Traceback (most recent call last):
  File "/Users/albertoruizcajiga/python/sis_international/million_verifier_worker.py", line 48, in <module>
    download_and_process_all_available_lists_on_mv()
  File "/Users/albertoruizcajiga/python/sis_international/million_verifier_worker.py", line 43, in download_and_process_all_available_lists_on_mv
    traceback.print_exc()
    ^^^^^^^^^
NameError: name 'traceback' is not defined
{'file_id': '30286463', 'file_name': '1949181', 'status': 'finished', 'unique_emails': 37, 'updated_at': '2026-02-23 20:47:32', 'createdate': '2026-02-23 20:45:17', 'percent': 100, 'total_rows': 0, 'verified': 37, 'unverified': 0, 'ok': 2, 'catch_all': 0, 'disposable': 0, 'invalid': 3, 'unknown': 32, 'reverify': 0, 'credit': 0, 'estimated_time_sec': 0, 'error': ''}
finished
updating validation status...  30286463
success!
update done
{'file_id': '30286464', 'file_name': '1994141', 'status': 'finished', 'unique_emails': 174, 'updated_at': '2026-02-23 20:47:29', 'createdate': '2026-02-23 20:45:19', 'percent': 100, 'total_rows': 0, 'verified': 174, 'unverified': 0, 'ok': 0, 'catch_all': 0, 'disposable': 0, 'invalid': 0, 'unknown': 174, 'reverify': 0, 'credit': 0, 'estimated_time_sec': 0, 'error': ''}
finished
updating validation status...  30286464
success!
update done
nothing to process
nothing to process
{'file_id': '30286516', 'file_name': '1994141', 'status': 'in_progress', 'unique_emails': 174, 'updated_at': '2026-02-23 20:57:03', 'createdate': '2026-02-23 20:56:52', 'percent': 26, 'total_rows': 0, 'verified': 46, 'unverified': 128, 'ok': 0, 'catch_all': 0, 'disposable': 0, 'invalid': 0, 'unknown': 0, 'reverify': 31, 'credit': 0, 'estimated_time_sec': 0, 'error': ''}
in_progress
{'file_id': '30286518', 'file_name': '1949181', 'status': 'in_progress', 'unique_emails': 48, 'updated_at': '2026-02-23 20:57:00', 'createdate': '2026-02-23 20:56:55', 'percent': 22, 'total_rows': 0, 'verified': 11, 'unverified': 37, 'ok': 0, 'catch_all': 0, 'disposable': 0, 'invalid': 0, 'unknown': 0, 'reverify': 18, 'credit': 0, 'estimated_time_sec': 0, 'error': ''}
in_progress
{'file_id': '30286516', 'file_name': '1994141', 'status': 'in_progress', 'unique_emails': 174, 'updated_at': '2026-02-23 20:57:28', 'createdate': '2026-02-23 20:56:52', 'percent': 44, 'total_rows': 0, 'verified': 77, 'unverified': 97, 'ok': 0, 'catch_all': 0, 'disposable': 0, 'invalid': 0, 'unknown': 0, 'reverify': 2, 'credit': 0, 'estimated_time_sec': 0, 'error': ''}
in_progress
{'file_id': '30286518', 'file_name': '1949181', 'status': 'in_progress', 'unique_emails': 48, 'updated_at': '2026-02-23 20:57:25', 'createdate': '2026-02-23 20:56:55', 'percent': 62, 'total_rows': 0, 'verified': 30, 'unverified': 18, 'ok': 0, 'catch_all': 0, 'disposable': 0, 'invalid': 0, 'unknown': 0, 'reverify': 0, 'credit': 0, 'estimated_time_sec': 0, 'error': ''}
in_progress
{'file_id': '30286516', 'file_name': '1994141', 'status': 'finished', 'unique_emails': 174, 'updated_at': '2026-02-23 20:59:03', 'createdate': '2026-02-23 20:56:52', 'percent': 100, 'total_rows': 0, 'verified': 174, 'unverified': 0, 'ok': 1, 'catch_all': 0, 'disposable': 0, 'invalid': 0, 'unknown': 173, 'reverify': 0, 'credit': 0, 'estimated_time_sec': 0, 'error': ''}
finished
updating validation status...  30286516
Error processing MillionVerifier job 30286516: database is locked
traceback:
Traceback (most recent call last):
  File "/Users/albertoruizcajiga/python/sis_international/million_verifier_worker.py", line 35, in download_and_process_all_available_lists_on_mv
    update_validation_status(validated_file_name)
  File "/Users/albertoruizcajiga/python/sis_international/modules/database/database.py", line 378, in update_validation_status
    conn.commit()
sqlite3.OperationalError: database is locked

During handling of the above exception, another exception occurred:

Traceback (most recent call last):
  File "/Users/albertoruizcajiga/python/sis_international/million_verifier_worker.py", line 48, in <module>
    download_and_process_all_available_lists_on_mv()
  File "/Users/albertoruizcajiga/python/sis_international/million_verifier_worker.py", line 43, in download_and_process_all_available_lists_on_mv
    traceback.print_exc()
    ^^^^^^^^^
NameError: name 'traceback' is not defined
{'file_id': '30286516', 'file_name': '1994141', 'status': 'finished', 'unique_emails': 174, 'updated_at': '2026-02-23 20:59:03', 'createdate': '2026-02-23 20:56:52', 'percent': 100, 'total_rows': 0, 'verified': 174, 'unverified': 0, 'ok': 1, 'catch_all': 0, 'disposable': 0, 'invalid': 0, 'unknown': 173, 'reverify': 0, 'credit': 0, 'estimated_time_sec': 0, 'error': ''}
finished
updating validation status...  30286516
success!
update done
{'file_id': '30286518', 'file_name': '1949181', 'status': 'finished', 'unique_emails': 48, 'updated_at': '2026-02-23 20:59:10', 'createdate': '2026-02-23 20:56:55', 'percent': 100, 'total_rows': 0, 'verified': 48, 'unverified': 0, 'ok': 5, 'catch_all': 1, 'disposable': 0, 'invalid': 0, 'unknown': 42, 'reverify': 0, 'credit': 0, 'estimated_time_sec': 0, 'error': ''}
finished
updating validation status...  30286518
success!
update done
{'file_id': '30286541', 'file_name': '1994141', 'status': 'in_progress', 'unique_emails': 173, 'updated_at': '2026-02-23 21:03:08', 'createdate': '2026-02-23 21:02:48', 'percent': 32, 'total_rows': 0, 'verified': 56, 'unverified': 117, 'ok': 0, 'catch_all': 0, 'disposable': 0, 'invalid': 0, 'unknown': 0, 'reverify': 31, 'credit': 0, 'estimated_time_sec': 0, 'error': ''}
in_progress
{'file_id': '30286542', 'file_name': '1949181', 'status': 'in_progress', 'unique_emails': 54, 'updated_at': '2026-02-23 21:03:10', 'createdate': '2026-02-23 21:02:49', 'percent': 22, 'total_rows': 0, 'verified': 12, 'unverified': 42, 'ok': 0, 'catch_all': 0, 'disposable': 0, 'invalid': 0, 'unknown': 0, 'reverify': 20, 'credit': 0, 'estimated_time_sec': 0, 'error': ''}
in_progress
{'file_id': '30286541', 'file_name': '1994141', 'status': 'in_progress', 'unique_emails': 173, 'updated_at': '2026-02-23 21:03:13', 'createdate': '2026-02-23 21:02:48', 'percent': 32, 'total_rows': 0, 'verified': 56, 'unverified': 117, 'ok': 0, 'catch_all': 0, 'disposable': 0, 'invalid': 0, 'unknown': 0, 'reverify': 31, 'credit': 0, 'estimated_time_sec': 0, 'error': ''}
in_progress
{'file_id': '30286542', 'file_name': '1949181', 'status': 'in_progress', 'unique_emails': 54, 'updated_at': '2026-02-23 21:03:10', 'createdate': '2026-02-23 21:02:49', 'percent': 22, 'total_rows': 0, 'verified': 12, 'unverified': 42, 'ok': 0, 'catch_all': 0, 'disposable': 0, 'invalid': 0, 'unknown': 0, 'reverify': 20, 'credit': 0, 'estimated_time_sec': 0, 'error': ''}
in_progress
{'file_id': '30286541', 'file_name': '1994141', 'status': 'in_progress', 'unique_emails': 173, 'updated_at': '2026-02-23 21:03:13', 'createdate': '2026-02-23 21:02:48', 'percent': 32, 'total_rows': 0, 'verified': 56, 'unverified': 117, 'ok': 0, 'catch_all': 0, 'disposable': 0, 'invalid': 0, 'unknown': 0, 'reverify': 31, 'credit': 0, 'estimated_time_sec': 0, 'error': ''}
in_progress
{'file_id': '30286542', 'file_name': '1949181', 'status': 'in_progress', 'unique_emails': 54, 'updated_at': '2026-02-23 21:03:15', 'createdate': '2026-02-23 21:02:49', 'percent': 22, 'total_rows': 0, 'verified': 12, 'unverified': 42, 'ok': 0, 'catch_all': 0, 'disposable': 0, 'invalid': 0, 'unknown': 0, 'reverify': 20, 'credit': 0, 'estimated_time_sec': 0, 'error': ''}
in_progress
{'file_id': '30286541', 'file_name': '1994141', 'status': 'in_progress', 'unique_emails': 173, 'updated_at': '2026-02-23 21:04:43', 'createdate': '2026-02-23 21:02:48', 'percent': 34, 'total_rows': 0, 'verified': 60, 'unverified': 113, 'ok': 0, 'catch_all': 0, 'disposable': 0, 'invalid': 0, 'unknown': 0, 'reverify': 31, 'credit': 0, 'estimated_time_sec': 0, 'error': ''}
in_progress
{'file_id': '30286542', 'file_name': '1949181', 'status': 'in_progress', 'unique_emails': 54, 'updated_at': '2026-02-23 21:04:40', 'createdate': '2026-02-23 21:02:49', 'percent': 25, 'total_rows': 0, 'verified': 14, 'unverified': 40, 'ok': 0, 'catch_all': 0, 'disposable': 0, 'invalid': 0, 'unknown': 0, 'reverify': 20, 'credit': 0, 'estimated_time_sec': 0, 'error': ''}
in_progress
{'file_id': '30286541', 'file_name': '1994141', 'status': 'in_progress', 'unique_emails': 173, 'updated_at': '2026-02-23 21:05:18', 'createdate': '2026-02-23 21:02:48', 'percent': 82, 'total_rows': 0, 'verified': 142, 'unverified': 31, 'ok': 0, 'catch_all': 0, 'disposable': 0, 'invalid': 0, 'unknown': 0, 'reverify': 31, 'credit': 0, 'estimated_time_sec': 0, 'error': ''}
in_progress
{'file_id': '30286542', 'file_name': '1949181', 'status': 'in_progress', 'unique_emails': 54, 'updated_at': '2026-02-23 21:05:15', 'createdate': '2026-02-23 21:02:49', 'percent': 62, 'total_rows': 0, 'verified': 34, 'unverified': 20, 'ok': 0, 'catch_all': 0, 'disposable': 0, 'invalid': 0, 'unknown': 0, 'reverify': 20, 'credit': 0, 'estimated_time_sec': 0, 'error': ''}
in_progress
{'file_id': '30286541', 'file_name': '1994141', 'status': 'in_progress', 'unique_emails': 173, 'updated_at': '2026-02-23 21:06:48', 'createdate': '2026-02-23 21:02:48', 'percent': 82, 'total_rows': 0, 'verified': 142, 'unverified': 31, 'ok': 0, 'catch_all': 0, 'disposable': 0, 'invalid': 0, 'unknown': 0, 'reverify': 31, 'credit': 0, 'estimated_time_sec': 0, 'error': ''}
in_progress
{'file_id': '30286542', 'file_name': '1949181', 'status': 'in_progress', 'unique_emails': 54, 'updated_at': '2026-02-23 21:06:45', 'createdate': '2026-02-23 21:02:49', 'percent': 62, 'total_rows': 0, 'verified': 34, 'unverified': 20, 'ok': 0, 'catch_all': 0, 'disposable': 0, 'invalid': 0, 'unknown': 0, 'reverify': 20, 'credit': 0, 'estimated_time_sec': 0, 'error': ''}
in_progress
{'file_id': '30286541', 'file_name': '1994141', 'status': 'in_progress', 'unique_emails': 173, 'updated_at': '2026-02-23 21:07:08', 'createdate': '2026-02-23 21:02:48', 'percent': 82, 'total_rows': 0, 'verified': 142, 'unverified': 31, 'ok': 0, 'catch_all': 0, 'disposable': 0, 'invalid': 0, 'unknown': 0, 'reverify': 31, 'credit': 0, 'estimated_time_sec': 0, 'error': ''}
in_progress
{'file_id': '30286542', 'file_name': '1949181', 'status': 'in_progress', 'unique_emails': 54, 'updated_at': '2026-02-23 21:07:10', 'createdate': '2026-02-23 21:02:49', 'percent': 62, 'total_rows': 0, 'verified': 34, 'unverified': 20, 'ok': 0, 'catch_all': 0, 'disposable': 0, 'invalid': 0, 'unknown': 0, 'reverify': 20, 'credit': 0, 'estimated_time_sec': 0, 'error': ''}
in_progress
{'file_id': '30286541', 'file_name': '1994141', 'status': 'finished', 'unique_emails': 173, 'updated_at': '2026-02-23 21:08:13', 'createdate': '2026-02-23 21:02:48', 'percent': 100, 'total_rows': 0, 'verified': 173, 'unverified': 0, 'ok': 0, 'catch_all': 0, 'disposable': 0, 'invalid': 0, 'unknown': 173, 'reverify': 0, 'credit': 0, 'estimated_time_sec': 0, 'error': ''}
finished
updating validation status...  30286541
success!
update done
{'file_id': '30286542', 'file_name': '1949181', 'status': 'finished', 'unique_emails': 54, 'updated_at': '2026-02-23 21:08:15', 'createdate': '2026-02-23 21:02:49', 'percent': 100, 'total_rows': 0, 'verified': 54, 'unverified': 0, 'ok': 4, 'catch_all': 1, 'disposable': 0, 'invalid': 4, 'unknown': 45, 'reverify': 0, 'credit': 0, 'estimated_time_sec': 0, 'error': ''}
finished
updating validation status...  30286542
success!
update done
{'file_id': '30286577', 'file_name': '1994141', 'status': 'in_progress', 'unique_emails': 173, 'updated_at': '2026-02-23 21:09:05', 'createdate': '2026-02-23 21:08:43', 'percent': 31, 'total_rows': 0, 'verified': 54, 'unverified': 119, 'ok': 0, 'catch_all': 0, 'disposable': 0, 'invalid': 0, 'unknown': 0, 'reverify': 31, 'credit': 0, 'estimated_time_sec': 0, 'error': ''}
in_progress
{'file_id': '30286577', 'file_name': '1994141', 'status': 'in_progress', 'unique_emails': 173, 'updated_at': '2026-02-23 21:10:05', 'createdate': '2026-02-23 21:08:43', 'percent': 34, 'total_rows': 0, 'verified': 60, 'unverified': 113, 'ok': 0, 'catch_all': 0, 'disposable': 0, 'invalid': 0, 'unknown': 0, 'reverify': 31, 'credit': 0, 'estimated_time_sec': 0, 'error': ''}
in_progress
{'file_id': '30286580', 'file_name': '1949181', 'status': 'in_progress', 'unique_emails': 45, 'updated_at': '2026-02-23 21:10:05', 'createdate': '2026-02-23 21:09:10', 'percent': 22, 'total_rows': 0, 'verified': 10, 'unverified': 35, 'ok': 0, 'catch_all': 0, 'disposable': 0, 'invalid': 0, 'unknown': 0, 'reverify': 14, 'credit': 0, 'estimated_time_sec': 0, 'error': ''}
in_progress
{'file_id': '30286577', 'file_name': '1994141', 'status': 'in_progress', 'unique_emails': 173, 'updated_at': '2026-02-23 21:11:05', 'createdate': '2026-02-23 21:08:43', 'percent': 82, 'total_rows': 0, 'verified': 142, 'unverified': 31, 'ok': 0, 'catch_all': 0, 'disposable': 0, 'invalid': 0, 'unknown': 0, 'reverify': 31, 'credit': 0, 'estimated_time_sec': 0, 'error': ''}
in_progress
{'file_id': '30286580', 'file_name': '1949181', 'status': 'in_progress', 'unique_emails': 45, 'updated_at': '2026-02-23 21:11:05', 'createdate': '2026-02-23 21:09:10', 'percent': 55, 'total_rows': 0, 'verified': 25, 'unverified': 20, 'ok': 0, 'catch_all': 0, 'disposable': 0, 'invalid': 0, 'unknown': 0, 'reverify': 0, 'credit': 0, 'estimated_time_sec': 0, 'error': ''}
in_progress
{'file_id': '30286577', 'file_name': '1994141', 'status': 'finished', 'unique_emails': 173, 'updated_at': '2026-02-23 21:11:10', 'createdate': '2026-02-23 21:08:43', 'percent': 100, 'total_rows': 0, 'verified': 173, 'unverified': 0, 'ok': 0, 'catch_all': 0, 'disposable': 0, 'invalid': 0, 'unknown': 173, 'reverify': 0, 'credit': 0, 'estimated_time_sec': 0, 'error': ''}
finished
updating validation status...  30286577
success!
update done
{'file_id': '30286580', 'file_name': '1949181', 'status': 'finished', 'unique_emails': 45, 'updated_at': '2026-02-23 21:11:15', 'createdate': '2026-02-23 21:09:10', 'percent': 100, 'total_rows': 0, 'verified': 45, 'unverified': 0, 'ok': 0, 'catch_all': 2, 'disposable': 0, 'invalid': 0, 'unknown': 43, 'reverify': 0, 'credit': 0, 'estimated_time_sec': 0, 'error': ''}
finished
updating validation status...  30286580
success!
update done
{'file_id': '30286590', 'file_name': '1994141', 'status': 'in_progress', 'unique_emails': 173, 'updated_at': '2026-02-23 21:13:06', 'createdate': '2026-02-23 21:12:11', 'percent': 49, 'total_rows': 0, 'verified': 86, 'unverified': 87, 'ok': 0, 'catch_all': 0, 'disposable': 0, 'invalid': 0, 'unknown': 0, 'reverify': 1, 'credit': 0, 'estimated_time_sec': 2640, 'error': ''}
in_progress
{'file_id': '30286590', 'file_name': '1994141', 'status': 'in_progress', 'unique_emails': 173, 'updated_at': '2026-02-23 21:14:06', 'createdate': '2026-02-23 21:12:11', 'percent': 51, 'total_rows': 0, 'verified': 89, 'unverified': 84, 'ok': 0, 'catch_all': 0, 'disposable': 0, 'invalid': 0, 'unknown': 0, 'reverify': 0, 'credit': 0, 'estimated_time_sec': 0, 'error': ''}
in_progress
{'file_id': '30286596', 'file_name': '1949181', 'status': 'in_progress', 'unique_emails': 43, 'updated_at': '2026-02-23 21:14:05', 'createdate': '2026-02-23 21:13:09', 'percent': 48, 'total_rows': 0, 'verified': 21, 'unverified': 22, 'ok': 0, 'catch_all': 0, 'disposable': 0, 'invalid': 0, 'unknown': 0, 'reverify': 0, 'credit': 0, 'estimated_time_sec': 0, 'error': ''}
in_progress
{'file_id': '30286590', 'file_name': '1994141', 'status': 'finished', 'unique_emails': 173, 'updated_at': '2026-02-23 21:14:22', 'createdate': '2026-02-23 21:12:11', 'percent': 100, 'total_rows': 0, 'verified': 173, 'unverified': 0, 'ok': 0, 'catch_all': 0, 'disposable': 0, 'invalid': 1, 'unknown': 172, 'reverify': 0, 'credit': 0, 'estimated_time_sec': 0, 'error': ''}
finished
updating validation status...  30286590
success!
update done
{'file_id': '30286596', 'file_name': '1949181', 'status': 'in_progress', 'unique_emails': 43, 'updated_at': '2026-02-23 21:15:05', 'createdate': '2026-02-23 21:13:09', 'percent': 51, 'total_rows': 0, 'verified': 22, 'unverified': 21, 'ok': 0, 'catch_all': 0, 'disposable': 0, 'invalid': 0, 'unknown': 0, 'reverify': 0, 'credit': 0, 'estimated_time_sec': 0, 'error': ''}
in_progress
{'file_id': '30286596', 'file_name': '1949181', 'status': 'finished', 'unique_emails': 43, 'updated_at': '2026-02-23 21:15:25', 'createdate': '2026-02-23 21:13:09', 'percent': 100, 'total_rows': 0, 'verified': 43, 'unverified': 0, 'ok': 0, 'catch_all': 0, 'disposable': 0, 'invalid': 1, 'unknown': 42, 'reverify': 0, 'credit': 0, 'estimated_time_sec': 0, 'error': ''}
finished
updating validation status...  30286596
success!
update done
{'file_id': '30286602', 'file_name': '1994141', 'status': 'in_progress', 'unique_emails': 172, 'updated_at': '2026-02-23 21:16:08', 'createdate': '2026-02-23 21:15:07', 'percent': 50, 'total_rows': 0, 'verified': 86, 'unverified': 86, 'ok': 0, 'catch_all': 0, 'disposable': 0, 'invalid': 0, 'unknown': 0, 'reverify': 0, 'credit': 0, 'estimated_time_sec': 0, 'error': ''}
in_progress
{'file_id': '30286602', 'file_name': '1994141', 'status': 'in_progress', 'unique_emails': 172, 'updated_at': '2026-02-23 21:17:08', 'createdate': '2026-02-23 21:15:07', 'percent': 52, 'total_rows': 0, 'verified': 90, 'unverified': 82, 'ok': 0, 'catch_all': 0, 'disposable': 0, 'invalid': 0, 'unknown': 0, 'reverify': 0, 'credit': 0, 'estimated_time_sec': 0, 'error': ''}
in_progress
{'file_id': '30286605', 'file_name': '1949181', 'status': 'in_progress', 'unique_emails': 42, 'updated_at': '2026-02-23 21:17:05', 'createdate': '2026-02-23 21:16:09', 'percent': 47, 'total_rows': 0, 'verified': 20, 'unverified': 22, 'ok': 0, 'catch_all': 0, 'disposable': 0, 'invalid': 0, 'unknown': 0, 'reverify': 0, 'credit': 0, 'estimated_time_sec': 0, 'error': ''}
in_progress
{'file_id': '30286602', 'file_name': '1994141', 'status': 'finished', 'unique_emails': 172, 'updated_at': '2026-02-23 21:17:18', 'createdate': '2026-02-23 21:15:07', 'percent': 100, 'total_rows': 0, 'verified': 172, 'unverified': 0, 'ok': 0, 'catch_all': 0, 'disposable': 0, 'invalid': 0, 'unknown': 172, 'reverify': 0, 'credit': 0, 'estimated_time_sec': 0, 'error': ''}
finished
updating validation status...  30286602
success!
update done
{'file_id': '30286605', 'file_name': '1949181', 'status': 'in_progress', 'unique_emails': 42, 'updated_at': '2026-02-23 21:18:10', 'createdate': '2026-02-23 21:16:09', 'percent': 50, 'total_rows': 0, 'verified': 21, 'unverified': 21, 'ok': 0, 'catch_all': 0, 'disposable': 0, 'invalid': 0, 'unknown': 0, 'reverify': 0, 'credit': 0, 'estimated_time_sec': 0, 'error': ''}
in_progress
{'file_id': '30286605', 'file_name': '1949181', 'status': 'finished', 'unique_emails': 42, 'updated_at': '2026-02-23 21:18:25', 'createdate': '2026-02-23 21:16:09', 'percent': 100, 'total_rows': 0, 'verified': 42, 'unverified': 0, 'ok': 0, 'catch_all': 0, 'disposable': 0, 'invalid': 1, 'unknown': 41, 'reverify': 0, 'credit': 0, 'estimated_time_sec': 0, 'error': ''}
finished
updating validation status...  30286605
success!
update done
{'file_id': '30286613', 'file_name': '1994141', 'status': 'in_progress', 'unique_emails': 172, 'updated_at': '2026-02-23 21:19:13', 'createdate': '2026-02-23 21:18:13', 'percent': 49, 'total_rows': 0, 'verified': 85, 'unverified': 87, 'ok': 0, 'catch_all': 0, 'disposable': 0, 'invalid': 0, 'unknown': 0, 'reverify': 1, 'credit': 0, 'estimated_time_sec': 0, 'error': ''}
in_progress
{'file_id': '30286613', 'file_name': '1994141', 'status': 'in_progress', 'unique_emails': 172, 'updated_at': '2026-02-23 21:20:13', 'createdate': '2026-02-23 21:18:13', 'percent': 51, 'total_rows': 0, 'verified': 88, 'unverified': 84, 'ok': 0, 'catch_all': 0, 'disposable': 0, 'invalid': 0, 'unknown': 0, 'reverify': 0, 'credit': 0, 'estimated_time_sec': 0, 'error': ''}
in_progress
{'file_id': '30286618', 'file_name': '1949181', 'status': 'in_progress', 'unique_emails': 41, 'updated_at': '2026-02-23 21:20:14', 'createdate': '2026-02-23 21:19:14', 'percent': 46, 'total_rows': 0, 'verified': 19, 'unverified': 22, 'ok': 0, 'catch_all': 0, 'disposable': 0, 'invalid': 0, 'unknown': 0, 'reverify': 0, 'credit': 0, 'estimated_time_sec': 0, 'error': ''}
in_progress
{'file_id': '30286613', 'file_name': '1994141', 'status': 'finished', 'unique_emails': 172, 'updated_at': '2026-02-23 21:20:23', 'createdate': '2026-02-23 21:18:13', 'percent': 100, 'total_rows': 0, 'verified': 172, 'unverified': 0, 'ok': 0, 'catch_all': 0, 'disposable': 0, 'invalid': 0, 'unknown': 172, 'reverify': 0, 'credit': 0, 'estimated_time_sec': 0, 'error': ''}
finished
updating validation status...  30286613
success!
update done
{'file_id': '30286618', 'file_name': '1949181', 'status': 'finished', 'unique_emails': 41, 'updated_at': '2026-02-23 21:21:24', 'createdate': '2026-02-23 21:19:14', 'percent': 100, 'total_rows': 0, 'verified': 41, 'unverified': 0, 'ok': 0, 'catch_all': 0, 'disposable': 0, 'invalid': 1, 'unknown': 40, 'reverify': 0, 'credit': 0, 'estimated_time_sec': 0, 'error': ''}
finished
updating validation status...  30286618
success!
update done
{'file_id': '30286627', 'file_name': '1994141', 'status': 'in_progress', 'unique_emails': 172, 'updated_at': '2026-02-23 21:22:12', 'createdate': '2026-02-23 21:21:27', 'percent': 30, 'total_rows': 0, 'verified': 53, 'unverified': 119, 'ok': 0, 'catch_all': 0, 'disposable': 0, 'invalid': 0, 'unknown': 0, 'reverify': 28, 'credit': 0, 'estimated_time_sec': 0, 'error': ''}
in_progress
{'file_id': '30286628', 'file_name': '1949181', 'status': 'in_progress', 'unique_emails': 40, 'updated_at': '2026-02-23 21:22:13', 'createdate': '2026-02-23 21:21:28', 'percent': 22, 'total_rows': 0, 'verified': 9, 'unverified': 31, 'ok': 0, 'catch_all': 0, 'disposable': 0, 'invalid': 0, 'unknown': 0, 'reverify': 9, 'credit': 0, 'estimated_time_sec': 0, 'error': ''}
in_progress
{'file_id': '30286627', 'file_name': '1994141', 'status': 'in_progress', 'unique_emails': 172, 'updated_at': '2026-02-23 21:23:07', 'createdate': '2026-02-23 21:21:27', 'percent': 47, 'total_rows': 0, 'verified': 82, 'unverified': 90, 'ok': 0, 'catch_all': 0, 'disposable': 0, 'invalid': 0, 'unknown': 0, 'reverify': 0, 'credit': 0, 'estimated_time_sec': 0, 'error': ''}
in_progress
{'file_id': '30286628', 'file_name': '1949181', 'status': 'in_progress', 'unique_emails': 40, 'updated_at': '2026-02-23 21:23:08', 'createdate': '2026-02-23 21:21:28', 'percent': 45, 'total_rows': 0, 'verified': 18, 'unverified': 22, 'ok': 0, 'catch_all': 0, 'disposable': 0, 'invalid': 0, 'unknown': 0, 'reverify': 0, 'credit': 0, 'estimated_time_sec': 0, 'error': ''}
in_progress
{'file_id': '30286627', 'file_name': '1994141', 'status': 'finished', 'unique_emails': 172, 'updated_at': '2026-02-23 21:23:38', 'createdate': '2026-02-23 21:21:27', 'percent': 100, 'total_rows': 0, 'verified': 172, 'unverified': 0, 'ok': 0, 'catch_all': 0, 'disposable': 0, 'invalid': 1, 'unknown': 171, 'reverify': 0, 'credit': 0, 'estimated_time_sec': 0, 'error': ''}
finished
updating validation status...  30286627
success!
update done
{'file_id': '30286628', 'file_name': '1949181', 'status': 'finished', 'unique_emails': 40, 'updated_at': '2026-02-23 21:23:43', 'createdate': '2026-02-23 21:21:28', 'percent': 100, 'total_rows': 0, 'verified': 40, 'unverified': 0, 'ok': 0, 'catch_all': 0, 'disposable': 0, 'invalid': 0, 'unknown': 40, 'reverify': 0, 'credit': 0, 'estimated_time_sec': 0, 'error': ''}
finished
updating validation status...  30286628
success!
update done
{'file_id': '30286632', 'file_name': '1994141', 'status': 'in_progress', 'unique_emails': 171, 'updated_at': '2026-02-23 21:25:15', 'createdate': '2026-02-23 21:24:14', 'percent': 49, 'total_rows': 0, 'verified': 84, 'unverified': 87, 'ok': 0, 'catch_all': 0, 'disposable': 0, 'invalid': 0, 'unknown': 0, 'reverify': 0, 'credit': 0, 'estimated_time_sec': 0, 'error': ''}
in_progress
{'file_id': '30286633', 'file_name': '1949181', 'status': 'in_progress', 'unique_emails': 40, 'updated_at': '2026-02-23 21:25:15', 'createdate': '2026-02-23 21:24:15', 'percent': 47, 'total_rows': 0, 'verified': 19, 'unverified': 21, 'ok': 0, 'catch_all': 0, 'disposable': 0, 'invalid': 0, 'unknown': 0, 'reverify': 0, 'credit': 0, 'estimated_time_sec': 0, 'error': ''}
in_progress
{'file_id': '30286632', 'file_name': '1994141', 'status': 'in_progress', 'unique_emails': 171, 'updated_at': '2026-02-23 21:26:15', 'createdate': '2026-02-23 21:24:14', 'percent': 50, 'total_rows': 0, 'verified': 86, 'unverified': 85, 'ok': 0, 'catch_all': 0, 'disposable': 0, 'invalid': 0, 'unknown': 0, 'reverify': 0, 'credit': 0, 'estimated_time_sec': 0, 'error': ''}
in_progress
{'file_id': '30286633', 'file_name': '1949181', 'status': 'in_progress', 'unique_emails': 40, 'updated_at': '2026-02-23 21:26:15', 'createdate': '2026-02-23 21:24:15', 'percent': 50, 'total_rows': 0, 'verified': 20, 'unverified': 20, 'ok': 0, 'catch_all': 0, 'disposable': 0, 'invalid': 0, 'unknown': 0, 'reverify': 0, 'credit': 0, 'estimated_time_sec': 0, 'error': ''}
in_progress
{'file_id': '30286632', 'file_name': '1994141', 'status': 'finished', 'unique_emails': 171, 'updated_at': '2026-02-23 21:26:25', 'createdate': '2026-02-23 21:24:14', 'percent': 100, 'total_rows': 0, 'verified': 171, 'unverified': 0, 'ok': 0, 'catch_all': 0, 'disposable': 0, 'invalid': 0, 'unknown': 171, 'reverify': 0, 'credit': 0, 'estimated_time_sec': 0, 'error': ''}
finished
updating validation status...  30286632
success!
update done
{'file_id': '30286633', 'file_name': '1949181', 'status': 'finished', 'unique_emails': 40, 'updated_at': '2026-02-23 21:26:40', 'createdate': '2026-02-23 21:24:15', 'percent': 100, 'total_rows': 0, 'verified': 40, 'unverified': 0, 'ok': 0, 'catch_all': 0, 'disposable': 0, 'invalid': 0, 'unknown': 40, 'reverify': 0, 'credit': 0, 'estimated_time_sec': 0, 'error': ''}
finished
updating validation status...  30286633
success!
update done
{'file_id': '30286649', 'file_name': '1949181', 'status': 'in_progress', 'unique_emails': 40, 'updated_at': '2026-02-23 21:29:13', 'createdate': '2026-02-23 21:27:33', 'percent': 45, 'total_rows': 0, 'verified': 18, 'unverified': 22, 'ok': 0, 'catch_all': 0, 'disposable': 0, 'invalid': 0, 'unknown': 0, 'reverify': 0, 'credit': 0, 'estimated_time_sec': 0, 'error': ''}
in_progress
{'file_id': '30286649', 'file_name': '1949181', 'status': 'in_progress', 'unique_emails': 40, 'updated_at': '2026-02-23 21:29:38', 'createdate': '2026-02-23 21:27:33', 'percent': 97, 'total_rows': 0, 'verified': 39, 'unverified': 1, 'ok': 0, 'catch_all': 0, 'disposable': 0, 'invalid': 0, 'unknown': 0, 'reverify': 0, 'credit': 0, 'estimated_time_sec': 0, 'error': ''}
in_progress
{'file_id': '30286653', 'file_name': '1994141', 'status': 'in_progress', 'unique_emails': 171, 'updated_at': '2026-02-23 21:29:39', 'createdate': '2026-02-23 21:29:34', 'percent': 25, 'total_rows': 0, 'verified': 43, 'unverified': 128, 'ok': 0, 'catch_all': 0, 'disposable': 0, 'invalid': 0, 'unknown': 0, 'reverify': 23, 'credit': 0, 'estimated_time_sec': 0, 'error': ''}
in_progress
{'file_id': '30286649', 'file_name': '1949181', 'status': 'finished', 'unique_emails': 40, 'updated_at': '2026-02-23 21:29:48', 'createdate': '2026-02-23 21:27:33', 'percent': 100, 'total_rows': 0, 'verified': 40, 'unverified': 0, 'ok': 0, 'catch_all': 0, 'disposable': 0, 'invalid': 0, 'unknown': 40, 'reverify': 0, 'credit': 0, 'estimated_time_sec': 0, 'error': ''}
finished
updating validation status...  30286649
success!
update done
{'file_id': '30286653', 'file_name': '1994141', 'status': 'in_progress', 'unique_emails': 171, 'updated_at': '2026-02-23 21:30:44', 'createdate': '2026-02-23 21:29:34', 'percent': 33, 'total_rows': 0, 'verified': 57, 'unverified': 114, 'ok': 0, 'catch_all': 0, 'disposable': 0, 'invalid': 0, 'unknown': 0, 'reverify': 29, 'credit': 0, 'estimated_time_sec': 0, 'error': ''}
in_progress
{'file_id': '30286653', 'file_name': '1994141', 'status': 'in_progress', 'unique_emails': 171, 'updated_at': '2026-02-23 21:31:24', 'createdate': '2026-02-23 21:29:34', 'percent': 51, 'total_rows': 0, 'verified': 88, 'unverified': 83, 'ok': 0, 'catch_all': 0, 'disposable': 0, 'invalid': 0, 'unknown': 0, 'reverify': 0, 'credit': 0, 'estimated_time_sec': 0, 'error': ''}
in_progress
{'file_id': '30286657', 'file_name': '1949181', 'status': 'in_progress', 'unique_emails': 40, 'updated_at': '2026-02-23 21:31:27', 'createdate': '2026-02-23 21:30:47', 'percent': 45, 'total_rows': 0, 'verified': 18, 'unverified': 22, 'ok': 0, 'catch_all': 0, 'disposable': 0, 'invalid': 0, 'unknown': 0, 'reverify': 0, 'credit': 0, 'estimated_time_sec': 0, 'error': ''}
in_progress
{'file_id': '30286653', 'file_name': '1994141', 'status': 'finished', 'unique_emails': 171, 'updated_at': '2026-02-23 21:31:44', 'createdate': '2026-02-23 21:29:34', 'percent': 100, 'total_rows': 0, 'verified': 171, 'unverified': 0, 'ok': 0, 'catch_all': 0, 'disposable': 0, 'invalid': 0, 'unknown': 171, 'reverify': 0, 'credit': 0, 'estimated_time_sec': 0, 'error': ''}
finished
updating validation status...  30286653
success!
update done
{'file_id': '30286657', 'file_name': '1949181', 'status': 'finished', 'unique_emails': 40, 'updated_at': '2026-02-23 21:32:57', 'createdate': '2026-02-23 21:30:47', 'percent': 100, 'total_rows': 0, 'verified': 40, 'unverified': 0, 'ok': 0, 'catch_all': 0, 'disposable': 0, 'invalid': 0, 'unknown': 40, 'reverify': 0, 'credit': 0, 'estimated_time_sec': 0, 'error': ''}
finished
updating validation status...  30286657
success!
update done
{'file_id': '30286670', 'file_name': '1994141', 'status': 'in_progress', 'unique_emails': 171, 'updated_at': '2026-02-23 21:33:51', 'createdate': '2026-02-23 21:33:35', 'percent': 29, 'total_rows': 0, 'verified': 50, 'unverified': 121, 'ok': 0, 'catch_all': 0, 'disposable': 0, 'invalid': 0, 'unknown': 0, 'reverify': 29, 'credit': 0, 'estimated_time_sec': 2640, 'error': ''}
in_progress
{'file_id': '30286671', 'file_name': '1949181', 'status': 'in_progress', 'unique_emails': 40, 'updated_at': '2026-02-23 21:33:53', 'createdate': '2026-02-23 21:33:38', 'percent': 22, 'total_rows': 0, 'verified': 9, 'unverified': 31, 'ok': 0, 'catch_all': 0, 'disposable': 0, 'invalid': 0, 'unknown': 0, 'reverify': 10, 'credit': 0, 'estimated_time_sec': 0, 'error': ''}
in_progress
{'file_id': '30286670', 'file_name': '1994141', 'status': 'in_progress', 'unique_emails': 171, 'updated_at': '2026-02-23 21:34:21', 'createdate': '2026-02-23 21:33:35', 'percent': 45, 'total_rows': 0, 'verified': 78, 'unverified': 93, 'ok': 0, 'catch_all': 0, 'disposable': 0, 'invalid': 0, 'unknown': 0, 'reverify': 1, 'credit': 0, 'estimated_time_sec': 2640, 'error': ''}
in_progress
{'file_id': '30286671', 'file_name': '1949181', 'status': 'in_progress', 'unique_emails': 40, 'updated_at': '2026-02-23 21:34:23', 'createdate': '2026-02-23 21:33:38', 'percent': 47, 'total_rows': 0, 'verified': 19, 'unverified': 21, 'ok': 0, 'catch_all': 0, 'disposable': 0, 'invalid': 0, 'unknown': 0, 'reverify': 0, 'credit': 0, 'estimated_time_sec': 0, 'error': ''}
in_progress
{'file_id': '30286670', 'file_name': '1994141', 'status': 'in_progress', 'unique_emails': 171, 'updated_at': '2026-02-23 21:35:11', 'createdate': '2026-02-23 21:33:35', 'percent': 49, 'total_rows': 0, 'verified': 85, 'unverified': 86, 'ok': 0, 'catch_all': 0, 'disposable': 0, 'invalid': 0, 'unknown': 0, 'reverify': 1, 'credit': 0, 'estimated_time_sec': 2580, 'error': ''}
in_progress
{'file_id': '30286671', 'file_name': '1949181', 'status': 'in_progress', 'unique_emails': 40, 'updated_at': '2026-02-23 21:35:13', 'createdate': '2026-02-23 21:33:38', 'percent': 50, 'total_rows': 0, 'verified': 20, 'unverified': 20, 'ok': 0, 'catch_all': 0, 'disposable': 0, 'invalid': 0, 'unknown': 0, 'reverify': 0, 'credit': 0, 'estimated_time_sec': 0, 'error': ''}
in_progress
{'file_id': '30286670', 'file_name': '1994141', 'status': 'in_progress', 'unique_emails': 171, 'updated_at': '2026-02-23 21:36:11', 'createdate': '2026-02-23 21:33:35', 'percent': 99, 'total_rows': 0, 'verified': 170, 'unverified': 1, 'ok': 0, 'catch_all': 0, 'disposable': 0, 'invalid': 0, 'unknown': 0, 'reverify': 1, 'credit': 0, 'estimated_time_sec': 2520, 'error': ''}
in_progress
{'file_id': '30286671', 'file_name': '1949181', 'status': 'finished', 'unique_emails': 40, 'updated_at': '2026-02-23 21:35:58', 'createdate': '2026-02-23 21:33:38', 'percent': 100, 'total_rows': 0, 'verified': 40, 'unverified': 0, 'ok': 0, 'catch_all': 0, 'disposable': 0, 'invalid': 0, 'unknown': 40, 'reverify': 0, 'credit': 0, 'estimated_time_sec': 0, 'error': ''}
finished
updating validation status...  30286671
success!
update done
{'file_id': '30286670', 'file_name': '1994141', 'status': 'in_progress', 'unique_emails': 171, 'updated_at': '2026-02-23 21:37:16', 'createdate': '2026-02-23 21:33:35', 'percent': 99, 'total_rows': 0, 'verified': 170, 'unverified': 1, 'ok': 0, 'catch_all': 0, 'disposable': 0, 'invalid': 0, 'unknown': 0, 'reverify': 1, 'credit': 0, 'estimated_time_sec': 2460, 'error': ''}
in_progress
{'file_id': '30286681', 'file_name': '1949181', 'status': 'in_progress', 'unique_emails': 40, 'updated_at': '2026-02-23 21:37:17', 'createdate': '2026-02-23 21:36:17', 'percent': 22, 'total_rows': 0, 'verified': 9, 'unverified': 31, 'ok': 0, 'catch_all': 0, 'disposable': 0, 'invalid': 0, 'unknown': 0, 'reverify': 10, 'credit': 0, 'estimated_time_sec': 0, 'error': ''}
in_progress
{'file_id': '30286670', 'file_name': '1994141', 'status': 'in_progress', 'unique_emails': 171, 'updated_at': '2026-02-23 21:38:16', 'createdate': '2026-02-23 21:33:35', 'percent': 99, 'total_rows': 0, 'verified': 170, 'unverified': 1, 'ok': 0, 'catch_all': 0, 'disposable': 0, 'invalid': 0, 'unknown': 0, 'reverify': 1, 'credit': 0, 'estimated_time_sec': 2400, 'error': ''}
in_progress
{'file_id': '30286681', 'file_name': '1949181', 'status': 'in_progress', 'unique_emails': 40, 'updated_at': '2026-02-23 21:38:17', 'createdate': '2026-02-23 21:36:17', 'percent': 25, 'total_rows': 0, 'verified': 10, 'unverified': 30, 'ok': 0, 'catch_all': 0, 'disposable': 0, 'invalid': 0, 'unknown': 0, 'reverify': 10, 'credit': 0, 'estimated_time_sec': 0, 'error': ''}
in_progress
{'file_id': '30286670', 'file_name': '1994141', 'status': 'in_progress', 'unique_emails': 171, 'updated_at': '2026-02-23 21:39:56', 'createdate': '2026-02-23 21:33:35', 'percent': 99, 'total_rows': 0, 'verified': 170, 'unverified': 1, 'ok': 0, 'catch_all': 0, 'disposable': 0, 'invalid': 0, 'unknown': 0, 'reverify': 1, 'credit': 0, 'estimated_time_sec': 2280, 'error': ''}
in_progress
{'file_id': '30286681', 'file_name': '1949181', 'status': 'in_progress', 'unique_emails': 40, 'updated_at': '2026-02-23 21:39:52', 'createdate': '2026-02-23 21:36:17', 'percent': 75, 'total_rows': 0, 'verified': 30, 'unverified': 10, 'ok': 0, 'catch_all': 0, 'disposable': 0, 'invalid': 0, 'unknown': 0, 'reverify': 10, 'credit': 0, 'estimated_time_sec': 0, 'error': ''}
in_progress
{'file_id': '30286670', 'file_name': '1994141', 'status': 'in_progress', 'unique_emails': 171, 'updated_at': '2026-02-23 21:40:16', 'createdate': '2026-02-23 21:33:35', 'percent': 99, 'total_rows': 0, 'verified': 170, 'unverified': 1, 'ok': 0, 'catch_all': 0, 'disposable': 0, 'invalid': 0, 'unknown': 0, 'reverify': 1, 'credit': 0, 'estimated_time_sec': 2280, 'error': ''}
in_progress
{'file_id': '30286681', 'file_name': '1949181', 'status': 'in_progress', 'unique_emails': 40, 'updated_at': '2026-02-23 21:40:17', 'createdate': '2026-02-23 21:36:17', 'percent': 75, 'total_rows': 0, 'verified': 30, 'unverified': 10, 'ok': 0, 'catch_all': 0, 'disposable': 0, 'invalid': 0, 'unknown': 0, 'reverify': 10, 'credit': 0, 'estimated_time_sec': 0, 'error': ''}
in_progress
{'file_id': '30286670', 'file_name': '1994141', 'status': 'finished', 'unique_emails': 171, 'updated_at': '2026-02-23 21:40:56', 'createdate': '2026-02-23 21:33:35', 'percent': 100, 'total_rows': 0, 'verified': 171, 'unverified': 0, 'ok': 0, 'catch_all': 0, 'disposable': 0, 'invalid': 0, 'unknown': 171, 'reverify': 0, 'credit': 0, 'estimated_time_sec': 0, 'error': ''}
finished
updating validation status...  30286670
success!
update done
{'file_id': '30286681', 'file_name': '1949181', 'status': 'in_progress', 'unique_emails': 40, 'updated_at': '2026-02-23 21:41:17', 'createdate': '2026-02-23 21:36:17', 'percent': 75, 'total_rows': 0, 'verified': 30, 'unverified': 10, 'ok': 0, 'catch_all': 0, 'disposable': 0, 'invalid': 0, 'unknown': 0, 'reverify': 10, 'credit': 0, 'estimated_time_sec': 0, 'error': ''}
in_progress
{'file_id': '30286681', 'file_name': '1949181', 'status': 'in_progress', 'unique_emails': 40, 'updated_at': '2026-02-23 21:42:37', 'createdate': '2026-02-23 21:36:17', 'percent': 75, 'total_rows': 0, 'verified': 30, 'unverified': 10, 'ok': 0, 'catch_all': 0, 'disposable': 0, 'invalid': 0, 'unknown': 0, 'reverify': 10, 'credit': 0, 'estimated_time_sec': 0, 'error': ''}
in_progress
{'file_id': '30286705', 'file_name': '1994141', 'status': 'in_progress', 'unique_emails': 171, 'updated_at': '2026-02-23 21:42:38', 'createdate': '2026-02-23 21:41:18', 'percent': 32, 'total_rows': 0, 'verified': 56, 'unverified': 115, 'ok': 0, 'catch_all': 0, 'disposable': 0, 'invalid': 0, 'unknown': 0, 'reverify': 29, 'credit': 0, 'estimated_time_sec': 0, 'error': ''}
in_progress
{'file_id': '30286681', 'file_name': '1949181', 'status': 'finished', 'unique_emails': 40, 'updated_at': '2026-02-23 21:42:42', 'createdate': '2026-02-23 21:36:17', 'percent': 100, 'total_rows': 0, 'verified': 40, 'unverified': 0, 'ok': 0, 'catch_all': 0, 'disposable': 0, 'invalid': 0, 'unknown': 40, 'reverify': 0, 'credit': 0, 'estimated_time_sec': 0, 'error': ''}
finished
updating validation status...  30286681
success!
update done
{'file_id': '30286705', 'file_name': '1994141', 'status': 'in_progress', 'unique_emails': 171, 'updated_at': '2026-02-23 21:43:13', 'createdate': '2026-02-23 21:41:18', 'percent': 32, 'total_rows': 0, 'verified': 56, 'unverified': 115, 'ok': 0, 'catch_all': 0, 'disposable': 0, 'invalid': 0, 'unknown': 0, 'reverify': 29, 'credit': 0, 'estimated_time_sec': 0, 'error': ''}
in_progress
{'file_id': '30286705', 'file_name': '1994141', 'status': 'finished', 'unique_emails': 171, 'updated_at': '2026-02-23 21:43:43', 'createdate': '2026-02-23 21:41:18', 'percent': 100, 'total_rows': 0, 'verified': 171, 'unverified': 0, 'ok': 0, 'catch_all': 1, 'disposable': 0, 'invalid': 0, 'unknown': 170, 'reverify': 0, 'credit': 0, 'estimated_time_sec': 0, 'error': ''}
finished
updating validation status...  30286705
success!
update done
{'file_id': '30286714', 'file_name': '1949181', 'status': 'in_progress', 'unique_emails': 40, 'updated_at': '2026-02-23 21:44:51', 'createdate': '2026-02-23 21:43:16', 'percent': 50, 'total_rows': 0, 'verified': 20, 'unverified': 20, 'ok': 0, 'catch_all': 0, 'disposable': 0, 'invalid': 0, 'unknown': 0, 'reverify': 0, 'credit': 0, 'estimated_time_sec': 0, 'error': ''}
in_progress
{'file_id': '30286714', 'file_name': '1949181', 'status': 'in_progress', 'unique_emails': 40, 'updated_at': '2026-02-23 21:45:41', 'createdate': '2026-02-23 21:43:16', 'percent': 97, 'total_rows': 0, 'verified': 39, 'unverified': 1, 'ok': 0, 'catch_all': 0, 'disposable': 0, 'invalid': 0, 'unknown': 0, 'reverify': 0, 'credit': 0, 'estimated_time_sec': 0, 'error': ''}
in_progress
{'file_id': '30286718', 'file_name': '1994141', 'status': 'in_progress', 'unique_emails': 170, 'updated_at': '2026-02-23 21:45:41', 'createdate': '2026-02-23 21:44:56', 'percent': 34, 'total_rows': 0, 'verified': 58, 'unverified': 112, 'ok': 0, 'catch_all': 0, 'disposable': 0, 'invalid': 0, 'unknown': 0, 'reverify': 25, 'credit': 0, 'estimated_time_sec': 2640, 'error': ''}
in_progress
{'file_id': '30286714', 'file_name': '1949181', 'status': 'finished', 'unique_emails': 40, 'updated_at': '2026-02-23 21:45:46', 'createdate': '2026-02-23 21:43:16', 'percent': 100, 'total_rows': 0, 'verified': 40, 'unverified': 0, 'ok': 0, 'catch_all': 0, 'disposable': 0, 'invalid': 0, 'unknown': 40, 'reverify': 0, 'credit': 0, 'estimated_time_sec': 0, 'error': ''}
finished
updating validation status...  30286714
success!
update done
{'file_id': '30286718', 'file_name': '1994141', 'status': 'in_progress', 'unique_emails': 170, 'updated_at': '2026-02-23 21:46:06', 'createdate': '2026-02-23 21:44:56', 'percent': 50, 'total_rows': 0, 'verified': 86, 'unverified': 84, 'ok': 0, 'catch_all': 0, 'disposable': 0, 'invalid': 0, 'unknown': 0, 'reverify': 1, 'credit': 0, 'estimated_time_sec': 2580, 'error': ''}
in_progress
{'file_id': '30286718', 'file_name': '1994141', 'status': 'in_progress', 'unique_emails': 170, 'updated_at': '2026-02-23 21:47:11', 'createdate': '2026-02-23 21:44:56', 'percent': 99, 'total_rows': 0, 'verified': 169, 'unverified': 1, 'ok': 0, 'catch_all': 0, 'disposable': 0, 'invalid': 0, 'unknown': 0, 'reverify': 1, 'credit': 0, 'estimated_time_sec': 2520, 'error': ''}
in_progress
{'file_id': '30286724', 'file_name': '1949181', 'status': 'in_progress', 'unique_emails': 40, 'updated_at': '2026-02-23 21:47:10', 'createdate': '2026-02-23 21:46:10', 'percent': 45, 'total_rows': 0, 'verified': 18, 'unverified': 22, 'ok': 0, 'catch_all': 0, 'disposable': 0, 'invalid': 0, 'unknown': 0, 'reverify': 0, 'credit': 0, 'estimated_time_sec': 0, 'error': ''}
in_progress
{'file_id': '30286718', 'file_name': '1994141', 'status': 'finished', 'unique_emails': 170, 'updated_at': '2026-02-23 21:48:01', 'createdate': '2026-02-23 21:44:56', 'percent': 100, 'total_rows': 0, 'verified': 170, 'unverified': 0, 'ok': 0, 'catch_all': 0, 'disposable': 0, 'invalid': 0, 'unknown': 170, 'reverify': 0, 'credit': 0, 'estimated_time_sec': 0, 'error': ''}
finished
updating validation status...  30286718
success!
update done
{'file_id': '30286724', 'file_name': '1949181', 'status': 'in_progress', 'unique_emails': 40, 'updated_at': '2026-02-23 21:48:10', 'createdate': '2026-02-23 21:46:10', 'percent': 47, 'total_rows': 0, 'verified': 19, 'unverified': 21, 'ok': 0, 'catch_all': 0, 'disposable': 0, 'invalid': 0, 'unknown': 0, 'reverify': 0, 'credit': 0, 'estimated_time_sec': 0, 'error': ''}
in_progress
{'file_id': '30286724', 'file_name': '1949181', 'status': 'finished', 'unique_emails': 40, 'updated_at': '2026-02-23 21:48:20', 'createdate': '2026-02-23 21:46:10', 'percent': 100, 'total_rows': 0, 'verified': 40, 'unverified': 0, 'ok': 0, 'catch_all': 0, 'disposable': 0, 'invalid': 0, 'unknown': 40, 'reverify': 0, 'credit': 0, 'estimated_time_sec': 0, 'error': ''}
finished
updating validation status...  30286724
success!
update done
{'file_id': '30286728', 'file_name': '1994141', 'status': 'in_progress', 'unique_emails': 170, 'updated_at': '2026-02-23 21:49:07', 'createdate': '2026-02-23 21:48:11', 'percent': 34, 'total_rows': 0, 'verified': 58, 'unverified': 112, 'ok': 0, 'catch_all': 0, 'disposable': 0, 'invalid': 0, 'unknown': 0, 'reverify': 28, 'credit': 0, 'estimated_time_sec': 0, 'error': ''}
in_progress
{'file_id': '30286728', 'file_name': '1994141', 'status': 'finished', 'unique_emails': 170, 'updated_at': '2026-02-23 21:50:22', 'createdate': '2026-02-23 21:48:11', 'percent': 100, 'total_rows': 0, 'verified': 170, 'unverified': 0, 'ok': 0, 'catch_all': 0, 'disposable': 0, 'invalid': 0, 'unknown': 170, 'reverify': 0, 'credit': 0, 'estimated_time_sec': 0, 'error': ''}
finished
updating validation status...  30286728
success!
update done
{'file_id': '30286733', 'file_name': '1949181', 'status': 'in_progress', 'unique_emails': 40, 'updated_at': '2026-02-23 21:50:44', 'createdate': '2026-02-23 21:49:08', 'percent': 47, 'total_rows': 0, 'verified': 19, 'unverified': 21, 'ok': 0, 'catch_all': 0, 'disposable': 0, 'invalid': 0, 'unknown': 0, 'reverify': 0, 'credit': 0, 'estimated_time_sec': 0, 'error': ''}
in_progress
{'file_id': '30286733', 'file_name': '1949181', 'status': 'finished', 'unique_emails': 40, 'updated_at': '2026-02-23 21:51:29', 'createdate': '2026-02-23 21:49:08', 'percent': 100, 'total_rows': 0, 'verified': 40, 'unverified': 0, 'ok': 0, 'catch_all': 0, 'disposable': 0, 'invalid': 0, 'unknown': 40, 'reverify': 0, 'credit': 0, 'estimated_time_sec': 0, 'error': ''}
finished
updating validation status...  30286733
success!
update done
{'file_id': '30286740', 'file_name': '1994141', 'status': 'in_progress', 'unique_emails': 170, 'updated_at': '2026-02-23 21:51:47', 'createdate': '2026-02-23 21:50:46', 'percent': 32, 'total_rows': 0, 'verified': 55, 'unverified': 115, 'ok': 0, 'catch_all': 0, 'disposable': 0, 'invalid': 0, 'unknown': 0, 'reverify': 28, 'credit': 0, 'estimated_time_sec': 0, 'error': ''}
in_progress
{'file_id': '30286740', 'file_name': '1994141', 'status': 'in_progress', 'unique_emails': 170, 'updated_at': '2026-02-23 21:52:07', 'createdate': '2026-02-23 21:50:46', 'percent': 32, 'total_rows': 0, 'verified': 55, 'unverified': 115, 'ok': 0, 'catch_all': 0, 'disposable': 0, 'invalid': 0, 'unknown': 0, 'reverify': 28, 'credit': 0, 'estimated_time_sec': 0, 'error': ''}
in_progress
{'file_id': '30286745', 'file_name': '1949181', 'status': 'in_progress', 'unique_emails': 40, 'updated_at': '2026-02-23 21:52:07', 'createdate': '2026-02-23 21:51:51', 'percent': 20, 'total_rows': 0, 'verified': 8, 'unverified': 32, 'ok': 0, 'catch_all': 0, 'disposable': 0, 'invalid': 0, 'unknown': 0, 'reverify': 10, 'credit': 0, 'estimated_time_sec': 0, 'error': ''}
in_progress
{'file_id': '30286740', 'file_name': '1994141', 'status': 'finished', 'unique_emails': 170, 'updated_at': '2026-02-23 21:52:57', 'createdate': '2026-02-23 21:50:46', 'percent': 100, 'total_rows': 0, 'verified': 170, 'unverified': 0, 'ok': 0, 'catch_all': 0, 'disposable': 0, 'invalid': 0, 'unknown': 170, 'reverify': 0, 'credit': 0, 'estimated_time_sec': 0, 'error': ''}
finished
updating validation status...  30286740
success!
update done
{'file_id': '30286745', 'file_name': '1949181', 'status': 'in_progress', 'unique_emails': 40, 'updated_at': '2026-02-23 21:53:07', 'createdate': '2026-02-23 21:51:51', 'percent': 45, 'total_rows': 0, 'verified': 18, 'unverified': 22, 'ok': 0, 'catch_all': 0, 'disposable': 0, 'invalid': 0, 'unknown': 0, 'reverify': 0, 'credit': 0, 'estimated_time_sec': 0, 'error': ''}
in_progress
{'file_id': '30286745', 'file_name': '1949181', 'status': 'in_progress', 'unique_emails': 40, 'updated_at': '2026-02-23 21:54:07', 'createdate': '2026-02-23 21:51:51', 'percent': 97, 'total_rows': 0, 'verified': 39, 'unverified': 1, 'ok': 0, 'catch_all': 0, 'disposable': 0, 'invalid': 0, 'unknown': 0, 'reverify': 0, 'credit': 0, 'estimated_time_sec': 0, 'error': ''}
in_progress
{'file_id': '30286747', 'file_name': '1994141', 'status': 'in_progress', 'unique_emails': 170, 'updated_at': '2026-02-23 21:54:11', 'createdate': '2026-02-23 21:53:10', 'percent': 35, 'total_rows': 0, 'verified': 61, 'unverified': 109, 'ok': 0, 'catch_all': 0, 'disposable': 0, 'invalid': 0, 'unknown': 0, 'reverify': 28, 'credit': 0, 'estimated_time_sec': 0, 'error': ''}
in_progress
{'file_id': '30286745', 'file_name': '1949181', 'status': 'finished', 'unique_emails': 40, 'updated_at': '2026-02-23 21:54:17', 'createdate': '2026-02-23 21:51:51', 'percent': 100, 'total_rows': 0, 'verified': 40, 'unverified': 0, 'ok': 0, 'catch_all': 0, 'disposable': 0, 'invalid': 0, 'unknown': 40, 'reverify': 0, 'credit': 0, 'estimated_time_sec': 0, 'error': ''}
finished
updating validation status...  30286745
success!
update done
{'file_id': '30286747', 'file_name': '1994141', 'status': 'in_progress', 'unique_emails': 170, 'updated_at': '2026-02-23 21:55:16', 'createdate': '2026-02-23 21:53:10', 'percent': 98, 'total_rows': 0, 'verified': 168, 'unverified': 2, 'ok': 0, 'catch_all': 0, 'disposable': 0, 'invalid': 0, 'unknown': 0, 'reverify': 0, 'credit': 0, 'estimated_time_sec': 0, 'error': ''}
in_progress
{'file_id': '30286747', 'file_name': '1994141', 'status': 'finished', 'unique_emails': 170, 'updated_at': '2026-02-23 21:55:21', 'createdate': '2026-02-23 21:53:10', 'percent': 100, 'total_rows': 0, 'verified': 170, 'unverified': 0, 'ok': 0, 'catch_all': 0, 'disposable': 0, 'invalid': 0, 'unknown': 170, 'reverify': 0, 'credit': 0, 'estimated_time_sec': 0, 'error': ''}
finished
updating validation status...  30286747
success!
update done
{'file_id': '30286756', 'file_name': '1949181', 'status': 'in_progress', 'unique_emails': 40, 'updated_at': '2026-02-23 21:56:10', 'createdate': '2026-02-23 21:55:20', 'percent': 20, 'total_rows': 0, 'verified': 8, 'unverified': 32, 'ok': 0, 'catch_all': 0, 'disposable': 0, 'invalid': 0, 'unknown': 0, 'reverify': 10, 'credit': 0, 'estimated_time_sec': 0, 'error': ''}
in_progress
{'file_id': '30286756', 'file_name': '1949181', 'status': 'finished', 'unique_emails': 40, 'updated_at': '2026-02-23 21:57:36', 'createdate': '2026-02-23 21:55:20', 'percent': 100, 'total_rows': 0, 'verified': 40, 'unverified': 0, 'ok': 0, 'catch_all': 0, 'disposable': 0, 'invalid': 0, 'unknown': 40, 'reverify': 0, 'credit': 0, 'estimated_time_sec': 0, 'error': ''}
finished
updating validation status...  30286756
success!
update done
{'file_id': '30286769', 'file_name': '1994141', 'status': 'in_progress', 'unique_emails': 170, 'updated_at': '2026-02-23 21:58:05', 'createdate': '2026-02-23 21:57:55', 'percent': 31, 'total_rows': 0, 'verified': 53, 'unverified': 117, 'ok': 0, 'catch_all': 0, 'disposable': 0, 'invalid': 0, 'unknown': 0, 'reverify': 28, 'credit': 0, 'estimated_time_sec': 0, 'error': ''}
in_progress
{'file_id': '30286770', 'file_name': '1949181', 'status': 'in_progress', 'unique_emails': 40, 'updated_at': '2026-02-23 21:58:05', 'createdate': '2026-02-23 21:57:55', 'percent': 22, 'total_rows': 0, 'verified': 9, 'unverified': 31, 'ok': 0, 'catch_all': 0, 'disposable': 0, 'invalid': 0, 'unknown': 0, 'reverify': 10, 'credit': 0, 'estimated_time_sec': 0, 'error': ''}
in_progress
{'file_id': '30286769', 'file_name': '1994141', 'status': 'in_progress', 'unique_emails': 170, 'updated_at': '2026-02-23 21:59:55', 'createdate': '2026-02-23 21:57:55', 'percent': 50, 'total_rows': 0, 'verified': 86, 'unverified': 84, 'ok': 0, 'catch_all': 0, 'disposable': 0, 'invalid': 0, 'unknown': 0, 'reverify': 0, 'credit': 0, 'estimated_time_sec': 0, 'error': ''}
in_progress
{'file_id': '30286770', 'file_name': '1949181', 'status': 'in_progress', 'unique_emails': 40, 'updated_at': '2026-02-23 21:59:55', 'createdate': '2026-02-23 21:57:55', 'percent': 47, 'total_rows': 0, 'verified': 19, 'unverified': 21, 'ok': 0, 'catch_all': 0, 'disposable': 0, 'invalid': 0, 'unknown': 0, 'reverify': 0, 'credit': 0, 'estimated_time_sec': 0, 'error': ''}
in_progress
{'file_id': '30286769', 'file_name': '1994141', 'status': 'finished', 'unique_emails': 170, 'updated_at': '2026-02-23 22:00:05', 'createdate': '2026-02-23 21:57:55', 'percent': 100, 'total_rows': 0, 'verified': 170, 'unverified': 0, 'ok': 0, 'catch_all': 0, 'disposable': 0, 'invalid': 0, 'unknown': 170, 'reverify': 0, 'credit': 0, 'estimated_time_sec': 0, 'error': ''}
finished
updating validation status...  30286769
Error processing MillionVerifier job 30286769: database is locked
traceback:
Traceback (most recent call last):
  File "/Users/albertoruizcajiga/python/sis_international/million_verifier_worker.py", line 35, in download_and_process_all_available_lists_on_mv
    update_validation_status(validated_file_name)
  File "/Users/albertoruizcajiga/python/sis_international/modules/database/database.py", line 378, in update_validation_status
    conn.commit()
sqlite3.OperationalError: database is locked

During handling of the above exception, another exception occurred:

Traceback (most recent call last):
  File "/Users/albertoruizcajiga/python/sis_international/million_verifier_worker.py", line 48, in <module>
    download_and_process_all_available_lists_on_mv()
  File "/Users/albertoruizcajiga/python/sis_international/million_verifier_worker.py", line 43, in download_and_process_all_available_lists_on_mv
    traceback.print_exc()
    ^^^^^^^^^
NameError: name 'traceback' is not defined
{'file_id': '30286769', 'file_name': '1994141', 'status': 'finished', 'unique_emails': 170, 'updated_at': '2026-02-23 22:00:05', 'createdate': '2026-02-23 21:57:55', 'percent': 100, 'total_rows': 0, 'verified': 170, 'unverified': 0, 'ok': 0, 'catch_all': 0, 'disposable': 0, 'invalid': 0, 'unknown': 170, 'reverify': 0, 'credit': 0, 'estimated_time_sec': 0, 'error': ''}
finished
updating validation status...  30286769
success!
update done
{'file_id': '30286770', 'file_name': '1949181', 'status': 'finished', 'unique_emails': 40, 'updated_at': '2026-02-23 22:00:01', 'createdate': '2026-02-23 21:57:55', 'percent': 100, 'total_rows': 0, 'verified': 40, 'unverified': 0, 'ok': 0, 'catch_all': 0, 'disposable': 0, 'invalid': 0, 'unknown': 40, 'reverify': 0, 'credit': 0, 'estimated_time_sec': 0, 'error': ''}
finished
updating validation status...  30286770
Error processing MillionVerifier job 30286770: database is locked
traceback:
Traceback (most recent call last):
  File "/Users/albertoruizcajiga/python/sis_international/million_verifier_worker.py", line 35, in download_and_process_all_available_lists_on_mv
    update_validation_status(validated_file_name)
  File "/Users/albertoruizcajiga/python/sis_international/modules/database/database.py", line 378, in update_validation_status
    conn.commit()
sqlite3.OperationalError: database is locked

During handling of the above exception, another exception occurred:

Traceback (most recent call last):
  File "/Users/albertoruizcajiga/python/sis_international/million_verifier_worker.py", line 48, in <module>
    download_and_process_all_available_lists_on_mv()
  File "/Users/albertoruizcajiga/python/sis_international/million_verifier_worker.py", line 43, in download_and_process_all_available_lists_on_mv
    traceback.print_exc()
    ^^^^^^^^^
NameError: name 'traceback' is not defined
{'file_id': '30286770', 'file_name': '1949181', 'status': 'finished', 'unique_emails': 40, 'updated_at': '2026-02-23 22:00:01', 'createdate': '2026-02-23 21:57:55', 'percent': 100, 'total_rows': 0, 'verified': 40, 'unverified': 0, 'ok': 0, 'catch_all': 0, 'disposable': 0, 'invalid': 0, 'unknown': 40, 'reverify': 0, 'credit': 0, 'estimated_time_sec': 0, 'error': ''}
finished
updating validation status...  30286770
Error processing MillionVerifier job 30286770: database is locked
traceback:
Traceback (most recent call last):
  File "/Users/albertoruizcajiga/python/sis_international/million_verifier_worker.py", line 35, in download_and_process_all_available_lists_on_mv
    update_validation_status(validated_file_name)
  File "/Users/albertoruizcajiga/python/sis_international/modules/database/database.py", line 378, in update_validation_status
    conn.commit()
sqlite3.OperationalError: database is locked

During handling of the above exception, another exception occurred:

Traceback (most recent call last):
  File "/Users/albertoruizcajiga/python/sis_international/million_verifier_worker.py", line 48, in <module>
    download_and_process_all_available_lists_on_mv()
  File "/Users/albertoruizcajiga/python/sis_international/million_verifier_worker.py", line 43, in download_and_process_all_available_lists_on_mv
    traceback.print_exc()
    ^^^^^^^^^
NameError: name 'traceback' is not defined
{'file_id': '30286770', 'file_name': '1949181', 'status': 'finished', 'unique_emails': 40, 'updated_at': '2026-02-23 22:00:01', 'createdate': '2026-02-23 21:57:55', 'percent': 100, 'total_rows': 0, 'verified': 40, 'unverified': 0, 'ok': 0, 'catch_all': 0, 'disposable': 0, 'invalid': 0, 'unknown': 40, 'reverify': 0, 'credit': 0, 'estimated_time_sec': 0, 'error': ''}
finished
updating validation status...  30286770
Error processing MillionVerifier job 30286770: database is locked
traceback:
Traceback (most recent call last):
  File "/Users/albertoruizcajiga/python/sis_international/million_verifier_worker.py", line 35, in download_and_process_all_available_lists_on_mv
    update_validation_status(validated_file_name)
  File "/Users/albertoruizcajiga/python/sis_international/modules/database/database.py", line 377, in update_validation_status
    cursor.executemany(query, to_db)
sqlite3.OperationalError: database is locked

During handling of the above exception, another exception occurred:

Traceback (most recent call last):
  File "/Users/albertoruizcajiga/python/sis_international/million_verifier_worker.py", line 48, in <module>
    download_and_process_all_available_lists_on_mv()
  File "/Users/albertoruizcajiga/python/sis_international/million_verifier_worker.py", line 43, in download_and_process_all_available_lists_on_mv
    traceback.print_exc()
    ^^^^^^^^^
NameError: name 'traceback' is not defined
{'file_id': '30286770', 'file_name': '1949181', 'status': 'finished', 'unique_emails': 40, 'updated_at': '2026-02-23 22:00:01', 'createdate': '2026-02-23 21:57:55', 'percent': 100, 'total_rows': 0, 'verified': 40, 'unverified': 0, 'ok': 0, 'catch_all': 0, 'disposable': 0, 'invalid': 0, 'unknown': 40, 'reverify': 0, 'credit': 0, 'estimated_time_sec': 0, 'error': ''}
finished
updating validation status...  30286770
Error processing MillionVerifier job 30286770: database is locked
traceback:
Traceback (most recent call last):
  File "/Users/albertoruizcajiga/python/sis_international/million_verifier_worker.py", line 35, in download_and_process_all_available_lists_on_mv
    update_validation_status(validated_file_name)
  File "/Users/albertoruizcajiga/python/sis_international/modules/database/database.py", line 378, in update_validation_status
    conn.commit()
sqlite3.OperationalError: database is locked

During handling of the above exception, another exception occurred:

Traceback (most recent call last):
  File "/Users/albertoruizcajiga/python/sis_international/million_verifier_worker.py", line 48, in <module>
    download_and_process_all_available_lists_on_mv()
  File "/Users/albertoruizcajiga/python/sis_international/million_verifier_worker.py", line 43, in download_and_process_all_available_lists_on_mv
    traceback.print_exc()
    ^^^^^^^^^
NameError: name 'traceback' is not defined
{'file_id': '30286770', 'file_name': '1949181', 'status': 'finished', 'unique_emails': 40, 'updated_at': '2026-02-23 22:00:01', 'createdate': '2026-02-23 21:57:55', 'percent': 100, 'total_rows': 0, 'verified': 40, 'unverified': 0, 'ok': 0, 'catch_all': 0, 'disposable': 0, 'invalid': 0, 'unknown': 40, 'reverify': 0, 'credit': 0, 'estimated_time_sec': 0, 'error': ''}
finished
updating validation status...  30286770
Error processing MillionVerifier job 30286770: database is locked
traceback:
Traceback (most recent call last):
  File "/Users/albertoruizcajiga/python/sis_international/million_verifier_worker.py", line 35, in download_and_process_all_available_lists_on_mv
    update_validation_status(validated_file_name)
  File "/Users/albertoruizcajiga/python/sis_international/modules/database/database.py", line 377, in update_validation_status
    cursor.executemany(query, to_db)
sqlite3.OperationalError: database is locked

During handling of the above exception, another exception occurred:

Traceback (most recent call last):
  File "/Users/albertoruizcajiga/python/sis_international/million_verifier_worker.py", line 48, in <module>
    download_and_process_all_available_lists_on_mv()
  File "/Users/albertoruizcajiga/python/sis_international/million_verifier_worker.py", line 43, in download_and_process_all_available_lists_on_mv
    traceback.print_exc()
    ^^^^^^^^^
NameError: name 'traceback' is not defined
{'file_id': '30286770', 'file_name': '1949181', 'status': 'finished', 'unique_emails': 40, 'updated_at': '2026-02-23 22:00:01', 'createdate': '2026-02-23 21:57:55', 'percent': 100, 'total_rows': 0, 'verified': 40, 'unverified': 0, 'ok': 0, 'catch_all': 0, 'disposable': 0, 'invalid': 0, 'unknown': 40, 'reverify': 0, 'credit': 0, 'estimated_time_sec': 0, 'error': ''}
finished
updating validation status...  30286770
Error processing MillionVerifier job 30286770: database is locked
traceback:
Traceback (most recent call last):
  File "/Users/albertoruizcajiga/python/sis_international/million_verifier_worker.py", line 35, in download_and_process_all_available_lists_on_mv
    update_validation_status(validated_file_name)
  File "/Users/albertoruizcajiga/python/sis_international/modules/database/database.py", line 378, in update_validation_status
    conn.commit()
sqlite3.OperationalError: database is locked

During handling of the above exception, another exception occurred:

Traceback (most recent call last):
  File "/Users/albertoruizcajiga/python/sis_international/million_verifier_worker.py", line 48, in <module>
    download_and_process_all_available_lists_on_mv()
  File "/Users/albertoruizcajiga/python/sis_international/million_verifier_worker.py", line 43, in download_and_process_all_available_lists_on_mv
    traceback.print_exc()
    ^^^^^^^^^
NameError: name 'traceback' is not defined
{'file_id': '30286770', 'file_name': '1949181', 'status': 'finished', 'unique_emails': 40, 'updated_at': '2026-02-23 22:00:01', 'createdate': '2026-02-23 21:57:55', 'percent': 100, 'total_rows': 0, 'verified': 40, 'unverified': 0, 'ok': 0, 'catch_all': 0, 'disposable': 0, 'invalid': 0, 'unknown': 40, 'reverify': 0, 'credit': 0, 'estimated_time_sec': 0, 'error': ''}
finished
updating validation status...  30286770
Error processing MillionVerifier job 30286770: database is locked
traceback:
Traceback (most recent call last):
  File "/Users/albertoruizcajiga/python/sis_international/million_verifier_worker.py", line 35, in download_and_process_all_available_lists_on_mv
    update_validation_status(validated_file_name)
  File "/Users/albertoruizcajiga/python/sis_international/modules/database/database.py", line 378, in update_validation_status
    conn.commit()
sqlite3.OperationalError: database is locked

During handling of the above exception, another exception occurred:

Traceback (most recent call last):
  File "/Users/albertoruizcajiga/python/sis_international/million_verifier_worker.py", line 48, in <module>
    download_and_process_all_available_lists_on_mv()
  File "/Users/albertoruizcajiga/python/sis_international/million_verifier_worker.py", line 43, in download_and_process_all_available_lists_on_mv
    traceback.print_exc()
    ^^^^^^^^^
NameError: name 'traceback' is not defined
{'file_id': '30286770', 'file_name': '1949181', 'status': 'finished', 'unique_emails': 40, 'updated_at': '2026-02-23 22:00:01', 'createdate': '2026-02-23 21:57:55', 'percent': 100, 'total_rows': 0, 'verified': 40, 'unverified': 0, 'ok': 0, 'catch_all': 0, 'disposable': 0, 'invalid': 0, 'unknown': 40, 'reverify': 0, 'credit': 0, 'estimated_time_sec': 0, 'error': ''}
finished
updating validation status...  30286770
success!
update done
nothing to process
nothing to process
nothing to process
nothing to process
nothing to process
nothing to process
nothing to process
nothing to process
nothing to process
nothing to process
nothing to process
nothing to process
nothing to process
nothing to process
nothing to process
nothing to process
nothing to process
nothing to process
nothing to process
nothing to process
nothing to process
nothing to process
nothing to process
nothing to process
nothing to process
nothing to process
nothing to process
nothing to process
nothing to process
nothing to process
nothing to process
nothing to process
nothing to process
nothing to process
nothing to process
nothing to process
nothing to process
nothing to process
nothing to process
nothing to process
nothing to process
nothing to process
nothing to process
nothing to process
nothing to process
nothing to process
nothing to process
nothing to process
nothing to process
nothing to process
nothing to process
nothing to process
nothing to process
nothing to process
nothing to process
nothing to process
nothing to process
nothing to process
nothing to process
nothing to process
nothing to process
nothing to process
nothing to process
nothing to process
nothing to process
nothing to process
nothing to process
nothing to process
nothing to process
nothing to process
nothing to process
nothing to process
nothing to process
nothing to process
nothing to process
nothing to process
nothing to process
nothing to process
nothing to process
nothing to process
nothing to process
nothing to process
nothing to process
nothing to process
nothing to process
nothing to process
nothing to process
nothing to process
nothing to process
nothing to process
nothing to process
nothing to process
nothing to process
nothing to process
nothing to process
nothing to process
nothing to process
nothing to process
nothing to process
nothing to process
nothing to process
nothing to process
nothing to process
nothing to process
nothing to process
nothing to process
nothing to process
nothing to process
nothing to process
{'file_id': '30291926', 'file_name': '1150717', 'status': 'finished', 'unique_emails': 420438, 'updated_at': '2026-02-24 17:46:02', 'createdate': '2026-02-24 17:41:11', 'percent': 100, 'total_rows': 0, 'verified': 6774, 'unverified': 413664, 'ok': 1272, 'catch_all': 2032, 'disposable': 0, 'invalid': 3304, 'unknown': 241, 'reverify': 62, 'credit': 0, 'estimated_time_sec': 0, 'error': ''}
finished
updating validation status...  30291926
success!
update done
nothing to process
nothing to process
nothing to process
nothing to process
nothing to process
nothing to process
nothing to process
{'file_id': '30292285', 'file_name': '1993741', 'status': 'finished', 'unique_emails': 436, 'updated_at': '2026-02-24 19:10:02', 'createdate': '2026-02-24 19:03:46', 'percent': 100, 'total_rows': 0, 'verified': 436, 'unverified': 0, 'ok': 314, 'catch_all': 65, 'disposable': 0, 'invalid': 52, 'unknown': 5, 'reverify': 0, 'credit': 0, 'estimated_time_sec': 0, 'error': ''}
finished
updating validation status...  30292285
success!
update done
{'file_id': '30292314', 'file_name': '1993741', 'status': 'finished', 'unique_emails': 122, 'updated_at': '2026-02-24 19:11:16', 'createdate': '2026-02-24 19:10:46', 'percent': 100, 'total_rows': 0, 'verified': 122, 'unverified': 0, 'ok': 105, 'catch_all': 13, 'disposable': 0, 'invalid': 4, 'unknown': 0, 'reverify': 0, 'credit': 0, 'estimated_time_sec': 0, 'error': ''}
finished
updating validation status...  30292314
success!
update done
{'file_id': '30292356', 'file_name': '1993741', 'status': 'finished', 'unique_emails': 17, 'updated_at': '2026-02-24 19:20:39', 'createdate': '2026-02-24 19:20:34', 'percent': 100, 'total_rows': 0, 'verified': 17, 'unverified': 0, 'ok': 17, 'catch_all': 0, 'disposable': 0, 'invalid': 0, 'unknown': 0, 'reverify': 0, 'credit': 0, 'estimated_time_sec': 0, 'error': ''}
finished
updating validation status...  30292356
success!
update done
nothing to process
nothing to process
nothing to process
nothing to process
nothing to process
nothing to process
nothing to process
{'file_id': '30292698', 'file_name': '1993741', 'status': 'in_progress', 'unique_emails': 3405, 'updated_at': '2026-02-24 20:50:06', 'createdate': '2026-02-24 20:40:46', 'percent': 99, 'total_rows': 0, 'verified': 3404, 'unverified': 1, 'ok': 0, 'catch_all': 0, 'disposable': 0, 'invalid': 0, 'unknown': 0, 'reverify': 1, 'credit': 0, 'estimated_time_sec': 2220, 'error': ''}
in_progress
{'file_id': '30292698', 'file_name': '1993741', 'status': 'finished', 'unique_emails': 3405, 'updated_at': '2026-02-24 20:56:51', 'createdate': '2026-02-24 20:40:46', 'percent': 100, 'total_rows': 0, 'verified': 3405, 'unverified': 0, 'ok': 1007, 'catch_all': 706, 'disposable': 0, 'invalid': 1604, 'unknown': 88, 'reverify': 0, 'credit': 0, 'estimated_time_sec': 0, 'error': ''}
finished
updating validation status...  30292698
success!
update done
{'file_id': '30292769', 'file_name': '1993741', 'status': 'in_progress', 'unique_emails': 2637, 'updated_at': '2026-02-24 21:10:03', 'createdate': '2026-02-24 21:00:48', 'percent': 99, 'total_rows': 0, 'verified': 2636, 'unverified': 1, 'ok': 0, 'catch_all': 0, 'disposable': 0, 'invalid': 0, 'unknown': 0, 'reverify': 1, 'credit': 0, 'estimated_time_sec': 2220, 'error': ''}
in_progress
{'file_id': '30292769', 'file_name': '1993741', 'status': 'in_progress', 'unique_emails': 2637, 'updated_at': '2026-02-24 21:23:48', 'createdate': '2026-02-24 21:00:48', 'percent': 99, 'total_rows': 0, 'verified': 2636, 'unverified': 1, 'ok': 0, 'catch_all': 0, 'disposable': 0, 'invalid': 0, 'unknown': 0, 'reverify': 1, 'credit': 0, 'estimated_time_sec': 1380, 'error': ''}
in_progress
{'file_id': '30292769', 'file_name': '1993741', 'status': 'finished', 'unique_emails': 2637, 'updated_at': '2026-02-24 21:23:58', 'createdate': '2026-02-24 21:00:48', 'percent': 100, 'total_rows': 0, 'verified': 2637, 'unverified': 0, 'ok': 306, 'catch_all': 1494, 'disposable': 0, 'invalid': 825, 'unknown': 12, 'reverify': 0, 'credit': 0, 'estimated_time_sec': 0, 'error': ''}
finished
updating validation status...  30292769
success!
update done
{'file_id': '30292870', 'file_name': '1993742', 'status': 'finished', 'unique_emails': 2, 'updated_at': '2026-02-24 21:24:27', 'createdate': '2026-02-24 21:24:22', 'percent': 100, 'total_rows': 0, 'verified': 2, 'unverified': 0, 'ok': 1, 'catch_all': 0, 'disposable': 0, 'invalid': 1, 'unknown': 0, 'reverify': 0, 'credit': 0, 'estimated_time_sec': 0, 'error': ''}
finished
updating validation status...  30292870
success!
update done
{'file_id': '30292915', 'file_name': '1993741', 'status': 'in_progress', 'unique_emails': 2301, 'updated_at': '2026-02-24 21:40:06', 'createdate': '2026-02-24 21:32:00', 'percent': 99, 'total_rows': 0, 'verified': 2295, 'unverified': 6, 'ok': 0, 'catch_all': 0, 'disposable': 0, 'invalid': 0, 'unknown': 0, 'reverify': 6, 'credit': 0, 'estimated_time_sec': 2280, 'error': ''}
in_progress
{'file_id': '30292915', 'file_name': '1993741', 'status': 'finished', 'unique_emails': 2301, 'updated_at': '2026-02-24 21:48:26', 'createdate': '2026-02-24 21:32:00', 'percent': 100, 'total_rows': 0, 'verified': 2301, 'unverified': 0, 'ok': 310, 'catch_all': 1213, 'disposable': 0, 'invalid': 763, 'unknown': 15, 'reverify': 0, 'credit': 0, 'estimated_time_sec': 0, 'error': ''}
finished
updating validation status...  30292915
success!
update done
{'file_id': '30292989', 'file_name': '1993741', 'status': 'in_progress', 'unique_emails': 1960, 'updated_at': '2026-02-24 22:00:05', 'createdate': '2026-02-24 21:53:14', 'percent': 99, 'total_rows': 0, 'verified': 1956, 'unverified': 4, 'ok': 0, 'catch_all': 0, 'disposable': 0, 'invalid': 0, 'unknown': 0, 'reverify': 4, 'credit': 0, 'estimated_time_sec': 2340, 'error': ''}
in_progress
{'file_id': '30292989', 'file_name': '1993741', 'status': 'finished', 'unique_emails': 1960, 'updated_at': '2026-02-24 22:03:50', 'createdate': '2026-02-24 21:53:14', 'percent': 100, 'total_rows': 0, 'verified': 1960, 'unverified': 0, 'ok': 252, 'catch_all': 1109, 'disposable': 0, 'invalid': 588, 'unknown': 11, 'reverify': 0, 'credit': 0, 'estimated_time_sec': 0, 'error': ''}
finished
updating validation status...  30292989
success!
update done
{'file_id': '30293035', 'file_name': '1993741', 'status': 'in_progress', 'unique_emails': 1683, 'updated_at': '2026-02-24 22:20:08', 'createdate': '2026-02-24 22:10:52', 'percent': 99, 'total_rows': 0, 'verified': 1675, 'unverified': 8, 'ok': 0, 'catch_all': 0, 'disposable': 0, 'invalid': 0, 'unknown': 0, 'reverify': 8, 'credit': 0, 'estimated_time_sec': 2160, 'error': ''}
in_progress
{'file_id': '30293035', 'file_name': '1993741', 'status': 'finished', 'unique_emails': 1683, 'updated_at': '2026-02-24 22:22:08', 'createdate': '2026-02-24 22:10:52', 'percent': 100, 'total_rows': 0, 'verified': 1683, 'unverified': 0, 'ok': 209, 'catch_all': 926, 'disposable': 0, 'invalid': 538, 'unknown': 10, 'reverify': 0, 'credit': 0, 'estimated_time_sec': 0, 'error': ''}
finished
updating validation status...  30293035
success!
update done
{'file_id': '30293103', 'file_name': '1993741', 'status': 'in_progress', 'unique_emails': 1453, 'updated_at': '2026-02-24 22:40:50', 'createdate': '2026-02-24 22:30:44', 'percent': 99, 'total_rows': 0, 'verified': 1452, 'unverified': 1, 'ok': 0, 'catch_all': 0, 'disposable': 0, 'invalid': 0, 'unknown': 0, 'reverify': 1, 'credit': 0, 'estimated_time_sec': 2100, 'error': ''}
in_progress
{'file_id': '30293103', 'file_name': '1993741', 'status': 'finished', 'unique_emails': 1453, 'updated_at': '2026-02-24 22:46:25', 'createdate': '2026-02-24 22:30:44', 'percent': 100, 'total_rows': 0, 'verified': 1453, 'unverified': 0, 'ok': 191, 'catch_all': 786, 'disposable': 0, 'invalid': 464, 'unknown': 12, 'reverify': 0, 'credit': 0, 'estimated_time_sec': 0, 'error': ''}
finished
updating validation status...  30293103
success!
update done
{'file_id': '30293164', 'file_name': '1993741', 'status': 'in_progress', 'unique_emails': 1243, 'updated_at': '2026-02-24 23:00:07', 'createdate': '2026-02-24 22:53:41', 'percent': 99, 'total_rows': 0, 'verified': 1242, 'unverified': 1, 'ok': 0, 'catch_all': 0, 'disposable': 0, 'invalid': 0, 'unknown': 0, 'reverify': 1, 'credit': 0, 'estimated_time_sec': 2340, 'error': ''}
in_progress
{'file_id': '30293164', 'file_name': '1993741', 'status': 'finished', 'unique_emails': 1243, 'updated_at': '2026-02-24 23:04:12', 'createdate': '2026-02-24 22:53:41', 'percent': 100, 'total_rows': 0, 'verified': 1243, 'unverified': 0, 'ok': 168, 'catch_all': 699, 'disposable': 0, 'invalid': 369, 'unknown': 7, 'reverify': 0, 'credit': 0, 'estimated_time_sec': 0, 'error': ''}
finished
updating validation status...  30293164
success!
update done
{'file_id': '30293233', 'file_name': '1993741', 'status': 'finished', 'unique_emails': 1058, 'updated_at': '2026-02-24 23:19:49', 'createdate': '2026-02-24 23:13:29', 'percent': 100, 'total_rows': 0, 'verified': 1058, 'unverified': 0, 'ok': 134, 'catch_all': 578, 'disposable': 0, 'invalid': 343, 'unknown': 3, 'reverify': 0, 'credit': 0, 'estimated_time_sec': 0, 'error': ''}
finished
updating validation status...  30293233
success!
update done
{'file_id': '30293255', 'file_name': '1993741', 'status': 'finished', 'unique_emails': 910, 'updated_at': '2026-02-24 23:27:08', 'createdate': '2026-02-24 23:21:12', 'percent': 100, 'total_rows': 0, 'verified': 910, 'unverified': 0, 'ok': 121, 'catch_all': 501, 'disposable': 0, 'invalid': 287, 'unknown': 1, 'reverify': 0, 'credit': 0, 'estimated_time_sec': 0, 'error': ''}
finished
updating validation status...  30293255
success!
update done
{'file_id': '30293257', 'file_name': '1993742', 'status': 'finished', 'unique_emails': 124, 'updated_at': '2026-02-24 23:21:40', 'createdate': '2026-02-24 23:21:14', 'percent': 100, 'total_rows': 0, 'verified': 124, 'unverified': 0, 'ok': 92, 'catch_all': 1, 'disposable': 0, 'invalid': 0, 'unknown': 31, 'reverify': 0, 'credit': 0, 'estimated_time_sec': 0, 'error': ''}
finished
updating validation status...  30293257
success!
update done
{'file_id': '30293285', 'file_name': '1993741', 'status': 'in_progress', 'unique_emails': 777, 'updated_at': '2026-02-24 23:40:04', 'createdate': '2026-02-24 23:30:39', 'percent': 99, 'total_rows': 0, 'verified': 776, 'unverified': 1, 'ok': 0, 'catch_all': 0, 'disposable': 0, 'invalid': 0, 'unknown': 0, 'reverify': 1, 'credit': 0, 'estimated_time_sec': 2100, 'error': ''}
in_progress
{'file_id': '30293286', 'file_name': '1993742', 'status': 'finished', 'unique_emails': 495, 'updated_at': '2026-02-24 23:31:36', 'createdate': '2026-02-24 23:30:41', 'percent': 100, 'total_rows': 0, 'verified': 495, 'unverified': 0, 'ok': 228, 'catch_all': 5, 'disposable': 0, 'invalid': 14, 'unknown': 248, 'reverify': 0, 'credit': 0, 'estimated_time_sec': 0, 'error': ''}
finished
updating validation status...  30293286
success!
update done
{'file_id': '30293285', 'file_name': '1993741', 'status': 'finished', 'unique_emails': 777, 'updated_at': '2026-02-24 23:44:04', 'createdate': '2026-02-24 23:30:39', 'percent': 100, 'total_rows': 0, 'verified': 777, 'unverified': 0, 'ok': 102, 'catch_all': 416, 'disposable': 0, 'invalid': 253, 'unknown': 6, 'reverify': 0, 'credit': 0, 'estimated_time_sec': 0, 'error': ''}
finished
updating validation status...  30293285
success!
update done
{'file_id': '30293310', 'file_name': '1993742', 'status': 'finished', 'unique_emails': 1362, 'updated_at': '2026-02-24 23:42:15', 'createdate': '2026-02-24 23:40:35', 'percent': 100, 'total_rows': 0, 'verified': 1362, 'unverified': 0, 'ok': 880, 'catch_all': 23, 'disposable': 0, 'invalid': 284, 'unknown': 175, 'reverify': 0, 'credit': 0, 'estimated_time_sec': 0, 'error': ''}
finished
updating validation status...  30293310
success!
update done
{'file_id': '30293334', 'file_name': '1993741', 'status': 'finished', 'unique_emails': 665, 'updated_at': '2026-02-24 23:58:44', 'createdate': '2026-02-24 23:51:23', 'percent': 100, 'total_rows': 0, 'verified': 665, 'unverified': 0, 'ok': 90, 'catch_all': 358, 'disposable': 0, 'invalid': 214, 'unknown': 3, 'reverify': 0, 'credit': 0, 'estimated_time_sec': 0, 'error': ''}
finished
updating validation status...  30293334
success!
update done
{'file_id': '30293335', 'file_name': '1993742', 'status': 'finished', 'unique_emails': 2160, 'updated_at': '2026-02-24 23:58:31', 'createdate': '2026-02-24 23:51:25', 'percent': 100, 'total_rows': 0, 'verified': 2160, 'unverified': 0, 'ok': 1187, 'catch_all': 52, 'disposable': 0, 'invalid': 118, 'unknown': 803, 'reverify': 0, 'credit': 0, 'estimated_time_sec': 0, 'error': ''}
finished
updating validation status...  30293335
success!
update done
nothing to process
nothing to process
nothing to process
nothing to process
nothing to process
nothing to process
nothing to process
nothing to process
nothing to process
nothing to process
nothing to process
nothing to process
nothing to process
nothing to process
nothing to process
nothing to process
nothing to process
nothing to process
nothing to process
nothing to process
nothing to process
{'file_id': '30293754', 'file_name': '1993742', 'status': 'finished', 'unique_emails': 2434, 'updated_at': '2026-02-25 03:37:20', 'createdate': '2026-02-25 03:30:09', 'percent': 100, 'total_rows': 0, 'verified': 2434, 'unverified': 0, 'ok': 1444, 'catch_all': 88, 'disposable': 0, 'invalid': 214, 'unknown': 688, 'reverify': 0, 'credit': 0, 'estimated_time_sec': 0, 'error': ''}
finished
updating validation status...  30293754
success!
update done
nothing to process
nothing to process
nothing to process
nothing to process
nothing to process
nothing to process
nothing to process
nothing to process
nothing to process
nothing to process
nothing to process
nothing to process
nothing to process
nothing to process
nothing to process
nothing to process
nothing to process
nothing to process
nothing to process
nothing to process
nothing to process
nothing to process
nothing to process
nothing to process
nothing to process
nothing to process
nothing to process
nothing to process
nothing to process
nothing to process
nothing to process
nothing to process
nothing to process
{'file_id': '30297330', 'file_name': '1993742', 'status': 'finished', 'unique_emails': 233, 'updated_at': '2026-02-25 16:50:54', 'createdate': '2026-02-25 16:50:09', 'percent': 100, 'total_rows': 0, 'verified': 233, 'unverified': 0, 'ok': 185, 'catch_all': 3, 'disposable': 0, 'invalid': 9, 'unknown': 36, 'reverify': 0, 'credit': 0, 'estimated_time_sec': 0, 'error': ''}
finished
updating validation status...  30297330
success!
update done
nothing to process
nothing to process
nothing to process
nothing to process
nothing to process
nothing to process
nothing to process
nothing to process
{'file_id': '30297935', 'file_name': '1993973', 'status': 'in_progress', 'unique_emails': 3682, 'updated_at': '2026-02-25 18:30:07', 'createdate': '2026-02-25 18:23:57', 'percent': 93, 'total_rows': 0, 'verified': 3433, 'unverified': 249, 'ok': 0, 'catch_all': 0, 'disposable': 0, 'invalid': 0, 'unknown': 0, 'reverify': 249, 'credit': 0, 'estimated_time_sec': 2400, 'error': ''}
in_progress
{'file_id': '30297935', 'file_name': '1993973', 'status': 'in_progress', 'unique_emails': 3682, 'updated_at': '2026-02-25 18:40:37', 'createdate': '2026-02-25 18:23:57', 'percent': 97, 'total_rows': 0, 'verified': 3579, 'unverified': 103, 'ok': 0, 'catch_all': 0, 'disposable': 0, 'invalid': 0, 'unknown': 0, 'reverify': 103, 'credit': 0, 'estimated_time_sec': 1800, 'error': ''}
in_progress
{'file_id': '30297935', 'file_name': '1993973', 'status': 'in_progress', 'unique_emails': 3682, 'updated_at': '2026-02-25 18:50:12', 'createdate': '2026-02-25 18:23:57', 'percent': 99, 'total_rows': 0, 'verified': 3680, 'unverified': 2, 'ok': 0, 'catch_all': 0, 'disposable': 0, 'invalid': 0, 'unknown': 0, 'reverify': 2, 'credit': 0, 'estimated_time_sec': 1200, 'error': ''}
in_progress
{'file_id': '30297935', 'file_name': '1993973', 'status': 'finished', 'unique_emails': 3682, 'updated_at': '2026-02-25 18:55:43', 'createdate': '2026-02-25 18:23:57', 'percent': 100, 'total_rows': 0, 'verified': 3682, 'unverified': 0, 'ok': 206, 'catch_all': 2171, 'disposable': 0, 'invalid': 1077, 'unknown': 228, 'reverify': 0, 'credit': 0, 'estimated_time_sec': 0, 'error': ''}
finished
updating validation status...  30297935
success!
update done
nothing to process
{'file_id': '30298194', 'file_name': '1993973', 'status': 'in_progress', 'unique_emails': 5721, 'updated_at': '2026-02-25 19:20:07', 'createdate': '2026-02-25 19:11:47', 'percent': 92, 'total_rows': 0, 'verified': 5292, 'unverified': 429, 'ok': 0, 'catch_all': 0, 'disposable': 0, 'invalid': 0, 'unknown': 0, 'reverify': 429, 'credit': 0, 'estimated_time_sec': 2340, 'error': ''}
in_progress
{'file_id': '30298194', 'file_name': '1993973', 'status': 'in_progress', 'unique_emails': 5721, 'updated_at': '2026-02-25 19:30:07', 'createdate': '2026-02-25 19:11:47', 'percent': 98, 'total_rows': 0, 'verified': 5620, 'unverified': 101, 'ok': 0, 'catch_all': 0, 'disposable': 0, 'invalid': 0, 'unknown': 0, 'reverify': 101, 'credit': 0, 'estimated_time_sec': 1740, 'error': ''}
in_progress
{'file_id': '30298194', 'file_name': '1993973', 'status': 'finished', 'unique_emails': 5721, 'updated_at': '2026-02-25 19:31:48', 'createdate': '2026-02-25 19:11:47', 'percent': 100, 'total_rows': 0, 'verified': 5721, 'unverified': 0, 'ok': 1787, 'catch_all': 1641, 'disposable': 0, 'invalid': 2057, 'unknown': 236, 'reverify': 0, 'credit': 0, 'estimated_time_sec': 0, 'error': ''}
finished
updating validation status...  30298194
success!
update done
{'file_id': '30298291', 'file_name': '1993973', 'status': 'in_progress', 'unique_emails': 5721, 'updated_at': '2026-02-25 19:50:09', 'createdate': '2026-02-25 19:40:29', 'percent': 99, 'total_rows': 0, 'verified': 5720, 'unverified': 1, 'ok': 0, 'catch_all': 0, 'disposable': 0, 'invalid': 0, 'unknown': 0, 'reverify': 1, 'credit': 0, 'estimated_time_sec': 2280, 'error': ''}
in_progress
{'file_id': '30298295', 'file_name': '1993974', 'status': 'in_progress', 'unique_emails': 10852, 'updated_at': '2026-02-25 19:50:09', 'createdate': '2026-02-25 19:40:49', 'percent': 99, 'total_rows': 0, 'verified': 10790, 'unverified': 62, 'ok': 0, 'catch_all': 0, 'disposable': 0, 'invalid': 0, 'unknown': 0, 'reverify': 62, 'credit': 0, 'estimated_time_sec': 2460, 'error': ''}
in_progress
{'file_id': '30298291', 'file_name': '1993973', 'status': 'finished', 'unique_emails': 5721, 'updated_at': '2026-02-25 19:50:30', 'createdate': '2026-02-25 19:40:29', 'percent': 100, 'total_rows': 0, 'verified': 5721, 'unverified': 0, 'ok': 2096, 'catch_all': 886, 'disposable': 0, 'invalid': 2634, 'unknown': 105, 'reverify': 0, 'credit': 0, 'estimated_time_sec': 0, 'error': ''}
finished
updating validation status...  30298291
success!
update done
{'file_id': '30298295', 'file_name': '1993974', 'status': 'finished', 'unique_emails': 10852, 'updated_at': '2026-02-25 20:00:15', 'createdate': '2026-02-25 19:40:49', 'percent': 100, 'total_rows': 0, 'verified': 10852, 'unverified': 0, 'ok': 3871, 'catch_all': 2203, 'disposable': 0, 'invalid': 4546, 'unknown': 232, 'reverify': 0, 'credit': 0, 'estimated_time_sec': 0, 'error': ''}
finished
updating validation status...  30298295
success!
update done
nothing to process
{'file_id': '30298466', 'file_name': '1993973', 'status': 'in_progress', 'unique_emails': 1239, 'updated_at': '2026-02-25 20:30:05', 'createdate': '2026-02-25 20:20:30', 'percent': 99, 'total_rows': 0, 'verified': 1238, 'unverified': 1, 'ok': 0, 'catch_all': 0, 'disposable': 0, 'invalid': 0, 'unknown': 0, 'reverify': 1, 'credit': 0, 'estimated_time_sec': 2160, 'error': ''}
in_progress
{'file_id': '30298467', 'file_name': '1993974', 'status': 'in_progress', 'unique_emails': 2604, 'updated_at': '2026-02-25 20:30:08', 'createdate': '2026-02-25 20:20:48', 'percent': 99, 'total_rows': 0, 'verified': 2600, 'unverified': 4, 'ok': 0, 'catch_all': 0, 'disposable': 0, 'invalid': 0, 'unknown': 0, 'reverify': 4, 'credit': 0, 'estimated_time_sec': 2160, 'error': ''}
in_progress
{'file_id': '30298466', 'file_name': '1993973', 'status': 'finished', 'unique_emails': 1239, 'updated_at': '2026-02-25 20:30:56', 'createdate': '2026-02-25 20:20:30', 'percent': 100, 'total_rows': 0, 'verified': 1239, 'unverified': 0, 'ok': 448, 'catch_all': 219, 'disposable': 0, 'invalid': 535, 'unknown': 37, 'reverify': 0, 'credit': 0, 'estimated_time_sec': 0, 'error': ''}
finished
updating validation status...  30298466
success!
update done
{'file_id': '30298467', 'file_name': '1993974', 'status': 'finished', 'unique_emails': 2604, 'updated_at': '2026-02-25 20:37:03', 'createdate': '2026-02-25 20:20:48', 'percent': 100, 'total_rows': 0, 'verified': 2604, 'unverified': 0, 'ok': 1000, 'catch_all': 458, 'disposable': 0, 'invalid': 1090, 'unknown': 56, 'reverify': 0, 'credit': 0, 'estimated_time_sec': 0, 'error': ''}
finished
updating validation status...  30298467
success!
update done
{'file_id': '30298532', 'file_name': '1993973', 'status': 'finished', 'unique_emails': 1, 'updated_at': '2026-02-25 20:40:25', 'createdate': '2026-02-25 20:40:20', 'percent': 100, 'total_rows': 0, 'verified': 1, 'unverified': 0, 'ok': 0, 'catch_all': 0, 'disposable': 0, 'invalid': 1, 'unknown': 0, 'reverify': 0, 'credit': 0, 'estimated_time_sec': 0, 'error': ''}
finished
updating validation status...  30298532
success!
update done
{'file_id': '30298533', 'file_name': '1993974', 'status': 'finished', 'unique_emails': 1461, 'updated_at': '2026-02-25 20:48:07', 'createdate': '2026-02-25 20:40:37', 'percent': 100, 'total_rows': 0, 'verified': 1461, 'unverified': 0, 'ok': 607, 'catch_all': 292, 'disposable': 0, 'invalid': 547, 'unknown': 15, 'reverify': 0, 'credit': 0, 'estimated_time_sec': 0, 'error': ''}
finished
updating validation status...  30298533
success!
update done
{'file_id': '30298554', 'file_name': '1993973', 'status': 'finished', 'unique_emails': 1, 'updated_at': '2026-02-25 20:50:42', 'createdate': '2026-02-25 20:50:36', 'percent': 100, 'total_rows': 0, 'verified': 1, 'unverified': 0, 'ok': 0, 'catch_all': 0, 'disposable': 0, 'invalid': 1, 'unknown': 0, 'reverify': 0, 'credit': 0, 'estimated_time_sec': 0, 'error': ''}
finished
updating validation status...  30298554
success!
update done
{'file_id': '30298556', 'file_name': '1993974', 'status': 'in_progress', 'unique_emails': 794, 'updated_at': '2026-02-25 21:00:08', 'createdate': '2026-02-25 20:50:53', 'percent': 99, 'total_rows': 0, 'verified': 792, 'unverified': 2, 'ok': 0, 'catch_all': 0, 'disposable': 0, 'invalid': 0, 'unknown': 0, 'reverify': 2, 'credit': 0, 'estimated_time_sec': 2160, 'error': ''}
in_progress
{'file_id': '30298556', 'file_name': '1993974', 'status': 'in_progress', 'unique_emails': 794, 'updated_at': '2026-02-25 21:10:03', 'createdate': '2026-02-25 20:50:53', 'percent': 99, 'total_rows': 0, 'verified': 793, 'unverified': 1, 'ok': 0, 'catch_all': 0, 'disposable': 0, 'invalid': 0, 'unknown': 0, 'reverify': 1, 'credit': 0, 'estimated_time_sec': 1560, 'error': ''}
in_progress
{'file_id': '30298585', 'file_name': '1993973', 'status': 'finished', 'unique_emails': 1, 'updated_at': '2026-02-25 21:00:22', 'createdate': '2026-02-25 21:00:17', 'percent': 100, 'total_rows': 0, 'verified': 1, 'unverified': 0, 'ok': 0, 'catch_all': 0, 'disposable': 0, 'invalid': 1, 'unknown': 0, 'reverify': 0, 'credit': 0, 'estimated_time_sec': 0, 'error': ''}
finished
updating validation status...  30298585
success!
update done
{'file_id': '30298556', 'file_name': '1993974', 'status': 'in_progress', 'unique_emails': 794, 'updated_at': '2026-02-25 21:20:03', 'createdate': '2026-02-25 20:50:53', 'percent': 99, 'total_rows': 0, 'verified': 793, 'unverified': 1, 'ok': 0, 'catch_all': 0, 'disposable': 0, 'invalid': 0, 'unknown': 0, 'reverify': 1, 'credit': 0, 'estimated_time_sec': 960, 'error': ''}
in_progress
{'file_id': '30298623', 'file_name': '1993973', 'status': 'finished', 'unique_emails': 1, 'updated_at': '2026-02-25 21:10:21', 'createdate': '2026-02-25 21:10:16', 'percent': 100, 'total_rows': 0, 'verified': 1, 'unverified': 0, 'ok': 0, 'catch_all': 0, 'disposable': 0, 'invalid': 1, 'unknown': 0, 'reverify': 0, 'credit': 0, 'estimated_time_sec': 0, 'error': ''}
finished
updating validation status...  30298623
success!
update done
{'file_id': '30298556', 'file_name': '1993974', 'status': 'finished', 'unique_emails': 794, 'updated_at': '2026-02-25 21:21:03', 'createdate': '2026-02-25 20:50:53', 'percent': 100, 'total_rows': 0, 'verified': 794, 'unverified': 0, 'ok': 453, 'catch_all': 245, 'disposable': 0, 'invalid': 87, 'unknown': 9, 'reverify': 0, 'credit': 0, 'estimated_time_sec': 0, 'error': ''}
finished
updating validation status...  30298556
success!
update done
{'file_id': '30298654', 'file_name': '1993973', 'status': 'finished', 'unique_emails': 1, 'updated_at': '2026-02-25 21:20:21', 'createdate': '2026-02-25 21:20:16', 'percent': 100, 'total_rows': 0, 'verified': 1, 'unverified': 0, 'ok': 0, 'catch_all': 0, 'disposable': 0, 'invalid': 1, 'unknown': 0, 'reverify': 0, 'credit': 0, 'estimated_time_sec': 0, 'error': ''}
finished
updating validation status...  30298654
success!
update done
{'file_id': '30298686', 'file_name': '1993974', 'status': 'finished', 'unique_emails': 295, 'updated_at': '2026-02-25 21:35:43', 'createdate': '2026-02-25 21:30:27', 'percent': 100, 'total_rows': 0, 'verified': 295, 'unverified': 0, 'ok': 216, 'catch_all': 57, 'disposable': 0, 'invalid': 21, 'unknown': 1, 'reverify': 0, 'credit': 0, 'estimated_time_sec': 0, 'error': ''}
finished
updating validation status...  30298686
success!
update done
{'file_id': '30298715', 'file_name': '1993973', 'status': 'finished', 'unique_emails': 1, 'updated_at': '2026-02-25 21:40:19', 'createdate': '2026-02-25 21:40:13', 'percent': 100, 'total_rows': 0, 'verified': 1, 'unverified': 0, 'ok': 0, 'catch_all': 0, 'disposable': 0, 'invalid': 1, 'unknown': 0, 'reverify': 0, 'credit': 0, 'estimated_time_sec': 0, 'error': ''}
finished
updating validation status...  30298715
success!
update done
{'file_id': '30298717', 'file_name': '1993974', 'status': 'finished', 'unique_emails': 58, 'updated_at': '2026-02-25 21:45:37', 'createdate': '2026-02-25 21:40:27', 'percent': 100, 'total_rows': 0, 'verified': 58, 'unverified': 0, 'ok': 39, 'catch_all': 14, 'disposable': 0, 'invalid': 5, 'unknown': 0, 'reverify': 0, 'credit': 0, 'estimated_time_sec': 0, 'error': ''}
finished
updating validation status...  30298717
success!
update done
{'file_id': '30298748', 'file_name': '1993973', 'status': 'finished', 'unique_emails': 1, 'updated_at': '2026-02-25 21:50:27', 'createdate': '2026-02-25 21:50:21', 'percent': 100, 'total_rows': 0, 'verified': 1, 'unverified': 0, 'ok': 0, 'catch_all': 0, 'disposable': 0, 'invalid': 1, 'unknown': 0, 'reverify': 0, 'credit': 0, 'estimated_time_sec': 0, 'error': ''}
finished
updating validation status...  30298748
success!
update done
{'file_id': '30298751', 'file_name': '1993974', 'status': 'finished', 'unique_emails': 15, 'updated_at': '2026-02-25 21:51:13', 'createdate': '2026-02-25 21:50:38', 'percent': 100, 'total_rows': 0, 'verified': 15, 'unverified': 0, 'ok': 9, 'catch_all': 1, 'disposable': 0, 'invalid': 3, 'unknown': 2, 'reverify': 0, 'credit': 0, 'estimated_time_sec': 0, 'error': ''}
finished
updating validation status...  30298751
success!
update done
{'file_id': '30298840', 'file_name': '1993973', 'status': 'finished', 'unique_emails': 1, 'updated_at': '2026-02-25 22:10:41', 'createdate': '2026-02-25 22:10:36', 'percent': 100, 'total_rows': 0, 'verified': 1, 'unverified': 0, 'ok': 0, 'catch_all': 0, 'disposable': 0, 'invalid': 1, 'unknown': 0, 'reverify': 0, 'credit': 0, 'estimated_time_sec': 0, 'error': ''}
finished
updating validation status...  30298840
success!
update done
{'file_id': '30298876', 'file_name': '1993973', 'status': 'finished', 'unique_emails': 1, 'updated_at': '2026-02-25 22:21:18', 'createdate': '2026-02-25 22:21:13', 'percent': 100, 'total_rows': 0, 'verified': 1, 'unverified': 0, 'ok': 0, 'catch_all': 0, 'disposable': 0, 'invalid': 1, 'unknown': 0, 'reverify': 0, 'credit': 0, 'estimated_time_sec': 0, 'error': ''}
finished
updating validation status...  30298876
success!
update done
{'file_id': '30298877', 'file_name': '1993974', 'status': 'finished', 'unique_emails': 5, 'updated_at': '2026-02-25 22:21:46', 'createdate': '2026-02-25 22:21:26', 'percent': 100, 'total_rows': 0, 'verified': 5, 'unverified': 0, 'ok': 4, 'catch_all': 1, 'disposable': 0, 'invalid': 0, 'unknown': 0, 'reverify': 0, 'credit': 0, 'estimated_time_sec': 0, 'error': ''}
finished
updating validation status...  30298877
success!
update done
{'file_id': '30298894', 'file_name': '1993973', 'status': 'finished', 'unique_emails': 1, 'updated_at': '2026-02-25 22:30:20', 'createdate': '2026-02-25 22:30:14', 'percent': 100, 'total_rows': 0, 'verified': 1, 'unverified': 0, 'ok': 0, 'catch_all': 0, 'disposable': 0, 'invalid': 1, 'unknown': 0, 'reverify': 0, 'credit': 0, 'estimated_time_sec': 0, 'error': ''}
finished
updating validation status...  30298894
success!
update done
{'file_id': '30298896', 'file_name': '1993974', 'status': 'finished', 'unique_emails': 1, 'updated_at': '2026-02-25 22:30:39', 'createdate': '2026-02-25 22:30:28', 'percent': 100, 'total_rows': 0, 'verified': 1, 'unverified': 0, 'ok': 1, 'catch_all': 0, 'disposable': 0, 'invalid': 0, 'unknown': 0, 'reverify': 0, 'credit': 0, 'estimated_time_sec': 0, 'error': ''}
finished
updating validation status...  30298896
success!
update done
{'file_id': '30298923', 'file_name': '1993973', 'status': 'finished', 'unique_emails': 1, 'updated_at': '2026-02-25 22:40:21', 'createdate': '2026-02-25 22:40:15', 'percent': 100, 'total_rows': 0, 'verified': 1, 'unverified': 0, 'ok': 0, 'catch_all': 0, 'disposable': 0, 'invalid': 1, 'unknown': 0, 'reverify': 0, 'credit': 0, 'estimated_time_sec': 0, 'error': ''}
finished
updating validation status...  30298923
success!
update done
{'file_id': '30298942', 'file_name': '1993973', 'status': 'finished', 'unique_emails': 1, 'updated_at': '2026-02-25 22:50:18', 'createdate': '2026-02-25 22:50:13', 'percent': 100, 'total_rows': 0, 'verified': 1, 'unverified': 0, 'ok': 0, 'catch_all': 0, 'disposable': 0, 'invalid': 1, 'unknown': 0, 'reverify': 0, 'credit': 0, 'estimated_time_sec': 0, 'error': ''}
finished
updating validation status...  30298942
success!
update done
{'file_id': '30298962', 'file_name': '1993973', 'status': 'finished', 'unique_emails': 1, 'updated_at': '2026-02-25 23:00:18', 'createdate': '2026-02-25 23:00:13', 'percent': 100, 'total_rows': 0, 'verified': 1, 'unverified': 0, 'ok': 0, 'catch_all': 0, 'disposable': 0, 'invalid': 1, 'unknown': 0, 'reverify': 0, 'credit': 0, 'estimated_time_sec': 0, 'error': ''}
finished
updating validation status...  30298962
success!
update done
{'file_id': '30298995', 'file_name': '1993973', 'status': 'finished', 'unique_emails': 1, 'updated_at': '2026-02-25 23:11:28', 'createdate': '2026-02-25 23:10:18', 'percent': 100, 'total_rows': 0, 'verified': 1, 'unverified': 0, 'ok': 0, 'catch_all': 0, 'disposable': 0, 'invalid': 1, 'unknown': 0, 'reverify': 0, 'credit': 0, 'estimated_time_sec': 0, 'error': ''}
finished
updating validation status...  30298995
success!
update done
{'file_id': '30299023', 'file_name': '1993973', 'status': 'finished', 'unique_emails': 1, 'updated_at': '2026-02-25 23:21:19', 'createdate': '2026-02-25 23:21:13', 'percent': 100, 'total_rows': 0, 'verified': 1, 'unverified': 0, 'ok': 0, 'catch_all': 0, 'disposable': 0, 'invalid': 1, 'unknown': 0, 'reverify': 0, 'credit': 0, 'estimated_time_sec': 0, 'error': ''}
finished
updating validation status...  30299023
success!
update done
nothing to process
nothing to process
{'file_id': '30299111', 'file_name': '1993973', 'status': 'finished', 'unique_emails': 1, 'updated_at': '2026-02-25 23:50:28', 'createdate': '2026-02-25 23:50:18', 'percent': 100, 'total_rows': 0, 'verified': 1, 'unverified': 0, 'ok': 0, 'catch_all': 0, 'disposable': 0, 'invalid': 1, 'unknown': 0, 'reverify': 0, 'credit': 0, 'estimated_time_sec': 0, 'error': ''}
finished
updating validation status...  30299111
success!
update done
nothing to process
nothing to process
INFO: 2026-02-25 18:30:40,853 - STARTING LOOP
INFO: 2026-02-25 18:30:40,856 - Nothing to download from MillionVerifier!
INFO: 2026-02-25 18:30:40,856 - FINISHED LOOP

INFO: 2026-02-25 18:30:46,900 - STARTING LOOP
INFO: 2026-02-25 18:30:46,902 - Nothing to download from MillionVerifier!
INFO: 2026-02-25 18:30:46,902 - FINISHED LOOP

INFO: 2026-02-25 18:40:00,198 - STARTING LOOP
INFO: 2026-02-25 18:40:00,201 - Nothing to download from MillionVerifier!
INFO: 2026-02-25 18:40:00,201 - FINISHED LOOP

INFO: 2026-02-25 18:40:09,316 - STARTING LOOP
INFO: 2026-02-25 18:40:09,317 - Nothing to download from MillionVerifier!
INFO: 2026-02-25 18:40:09,317 - FINISHED LOOP

wtf
INFO: 2026-02-25 18:50:07,418 - STARTING LOOP
INFO: 2026-02-25 18:50:07,427 - Nothing to download from MillionVerifier!
INFO: 2026-02-25 18:50:07,427 - FINISHED LOOP

wtf
INFO: 2026-02-25 19:00:07,948 - STARTING LOOP
INFO: 2026-02-25 19:00:07,957 - Nothing to download from MillionVerifier!
INFO: 2026-02-25 19:00:07,957 - FINISHED LOOP

wtf
INFO: 2026-02-25 19:10:08,458 - STARTING LOOP
INFO: 2026-02-25 19:10:08,466 - Nothing to download from MillionVerifier!
INFO: 2026-02-25 19:10:08,466 - FINISHED LOOP

wtf
INFO: 2026-02-25 19:20:08,206 - STARTING LOOP
INFO: 2026-02-25 19:20:08,215 - Nothing to download from MillionVerifier!
INFO: 2026-02-25 19:20:08,215 - FINISHED LOOP

wtf
INFO: 2026-02-25 19:30:05,697 - STARTING LOOP
INFO: 2026-02-25 19:30:05,705 - Nothing to download from MillionVerifier!
INFO: 2026-02-25 19:30:05,705 - FINISHED LOOP

wtf
INFO: 2026-02-25 21:00:08,293 - STARTING LOOP
INFO: 2026-02-25 21:00:08,299 - Nothing to download from MillionVerifier!
INFO: 2026-02-25 21:00:08,299 - FINISHED LOOP

INFO: 2026-02-25 21:10:07,567 - STARTING LOOP
INFO: 2026-02-25 21:10:07,576 - Nothing to download from MillionVerifier!
INFO: 2026-02-25 21:10:07,576 - FINISHED LOOP

INFO: 2026-02-25 21:20:06,752 - STARTING LOOP
INFO: 2026-02-25 21:20:06,761 - Nothing to download from MillionVerifier!
INFO: 2026-02-25 21:20:06,761 - FINISHED LOOP

INFO: 2026-02-25 21:30:07,758 - STARTING LOOP
INFO: 2026-02-25 21:30:07,765 - Nothing to download from MillionVerifier!
INFO: 2026-02-25 21:30:07,765 - FINISHED LOOP

INFO: 2026-02-25 22:02:07,346 - STARTING LOOP
INFO: 2026-02-25 22:02:07,354 - Nothing to download from MillionVerifier!
INFO: 2026-02-25 22:02:07,354 - FINISHED LOOP

INFO: 2026-02-25 23:30:07,971 - STARTING LOOP
INFO: 2026-02-25 23:30:07,978 - Nothing to download from MillionVerifier!
INFO: 2026-02-25 23:30:07,978 - FINISHED LOOP

INFO: 2026-02-25 23:40:06,762 - STARTING LOOP
INFO: 2026-02-25 23:40:06,769 - Nothing to download from MillionVerifier!
INFO: 2026-02-25 23:40:06,769 - FINISHED LOOP

INFO: 2026-02-25 23:50:07,619 - STARTING LOOP
INFO: 2026-02-25 23:50:07,630 - Nothing to download from MillionVerifier!
INFO: 2026-02-25 23:50:07,630 - FINISHED LOOP

INFO: 2026-02-26 00:00:09,381 - STARTING LOOP
INFO: 2026-02-26 00:00:09,389 - Nothing to download from MillionVerifier!
INFO: 2026-02-26 00:00:09,390 - FINISHED LOOP

INFO: 2026-02-26 00:10:07,246 - STARTING LOOP
INFO: 2026-02-26 00:10:07,253 - Nothing to download from MillionVerifier!
INFO: 2026-02-26 00:10:07,253 - FINISHED LOOP

INFO: 2026-02-26 00:20:08,221 - STARTING LOOP
INFO: 2026-02-26 00:20:08,229 - Nothing to download from MillionVerifier!
INFO: 2026-02-26 00:20:08,229 - FINISHED LOOP

INFO: 2026-02-26 00:30:09,607 - STARTING LOOP
INFO: 2026-02-26 00:30:09,624 - Nothing to download from MillionVerifier!
INFO: 2026-02-26 00:30:09,624 - FINISHED LOOP

INFO: 2026-02-26 06:10:08,047 - STARTING LOOP
INFO: 2026-02-26 06:10:08,055 - Nothing to download from MillionVerifier!
INFO: 2026-02-26 06:10:08,055 - FINISHED LOOP

INFO: 2026-02-26 06:21:29,441 - STARTING LOOP
INFO: 2026-02-26 06:21:29,446 - Nothing to download from MillionVerifier!
INFO: 2026-02-26 06:21:29,446 - FINISHED LOOP

INFO: 2026-02-26 06:37:51,744 - STARTING LOOP
INFO: 2026-02-26 06:37:51,749 - Nothing to download from MillionVerifier!
INFO: 2026-02-26 06:37:51,749 - FINISHED LOOP

INFO: 2026-02-26 06:41:12,695 - STARTING LOOP
INFO: 2026-02-26 06:41:12,702 - Nothing to download from MillionVerifier!
INFO: 2026-02-26 06:41:12,702 - FINISHED LOOP

INFO: 2026-02-26 06:55:54,693 - STARTING LOOP
INFO: 2026-02-26 06:55:54,701 - Nothing to download from MillionVerifier!
INFO: 2026-02-26 06:55:54,701 - FINISHED LOOP

INFO: 2026-02-26 07:05:24,755 - STARTING LOOP
INFO: 2026-02-26 07:05:24,760 - Nothing to download from MillionVerifier!
INFO: 2026-02-26 07:05:24,760 - FINISHED LOOP

INFO: 2026-02-26 07:14:15,868 - STARTING LOOP
INFO: 2026-02-26 07:14:15,873 - Nothing to download from MillionVerifier!
INFO: 2026-02-26 07:14:15,873 - FINISHED LOOP

INFO: 2026-02-26 07:20:07,935 - STARTING LOOP
INFO: 2026-02-26 07:20:07,960 - Nothing to download from MillionVerifier!
INFO: 2026-02-26 07:20:07,961 - FINISHED LOOP

INFO: 2026-02-26 07:32:26,068 - STARTING LOOP
INFO: 2026-02-26 07:32:26,077 - Nothing to download from MillionVerifier!
INFO: 2026-02-26 07:32:26,077 - FINISHED LOOP

INFO: 2026-02-26 07:40:06,275 - STARTING LOOP
INFO: 2026-02-26 07:40:06,284 - Nothing to download from MillionVerifier!
INFO: 2026-02-26 07:40:06,284 - FINISHED LOOP

INFO: 2026-02-26 07:50:25,105 - STARTING LOOP
INFO: 2026-02-26 07:50:25,111 - Nothing to download from MillionVerifier!
INFO: 2026-02-26 07:50:25,111 - FINISHED LOOP

INFO: 2026-02-26 08:02:36,896 - STARTING LOOP
INFO: 2026-02-26 08:02:36,901 - Nothing to download from MillionVerifier!
INFO: 2026-02-26 08:02:36,901 - FINISHED LOOP

INFO: 2026-02-26 08:30:08,099 - STARTING LOOP
INFO: 2026-02-26 08:30:08,108 - Nothing to download from MillionVerifier!
INFO: 2026-02-26 08:30:08,108 - FINISHED LOOP

INFO: 2026-02-26 09:10:07,238 - STARTING LOOP
INFO: 2026-02-26 09:10:07,245 - Nothing to download from MillionVerifier!
INFO: 2026-02-26 09:10:07,245 - FINISHED LOOP

INFO: 2026-02-26 09:20:07,294 - STARTING LOOP
INFO: 2026-02-26 09:20:07,301 - Nothing to download from MillionVerifier!
INFO: 2026-02-26 09:20:07,302 - FINISHED LOOP

INFO: 2026-02-26 09:30:08,294 - STARTING LOOP
INFO: 2026-02-26 09:30:08,303 - Nothing to download from MillionVerifier!
INFO: 2026-02-26 09:30:08,303 - FINISHED LOOP

INFO: 2026-02-26 09:40:07,502 - STARTING LOOP
INFO: 2026-02-26 09:40:07,516 - Nothing to download from MillionVerifier!
INFO: 2026-02-26 09:40:07,517 - FINISHED LOOP

INFO: 2026-02-26 09:50:07,705 - STARTING LOOP
INFO: 2026-02-26 09:50:07,712 - Nothing to download from MillionVerifier!
INFO: 2026-02-26 09:50:07,712 - FINISHED LOOP

INFO: 2026-02-26 10:00:07,914 - STARTING LOOP
INFO: 2026-02-26 10:00:07,921 - Nothing to download from MillionVerifier!
INFO: 2026-02-26 10:00:07,921 - FINISHED LOOP

INFO: 2026-02-26 10:10:08,760 - STARTING LOOP
INFO: 2026-02-26 10:10:08,767 - Nothing to download from MillionVerifier!
INFO: 2026-02-26 10:10:08,767 - FINISHED LOOP

INFO: 2026-02-26 10:20:11,148 - STARTING LOOP
INFO: 2026-02-26 10:20:11,156 - Nothing to download from MillionVerifier!
INFO: 2026-02-26 10:20:11,156 - FINISHED LOOP

INFO: 2026-02-26 10:30:09,158 - STARTING LOOP
INFO: 2026-02-26 10:30:09,166 - Nothing to download from MillionVerifier!
INFO: 2026-02-26 10:30:09,166 - FINISHED LOOP

INFO: 2026-02-26 10:40:09,922 - STARTING LOOP
INFO: 2026-02-26 10:40:09,930 - Nothing to download from MillionVerifier!
INFO: 2026-02-26 10:40:09,930 - FINISHED LOOP

INFO: 2026-02-26 10:50:12,193 - STARTING LOOP
INFO: 2026-02-26 10:50:12,202 - Nothing to download from MillionVerifier!
INFO: 2026-02-26 10:50:12,202 - FINISHED LOOP

INFO: 2026-02-26 11:00:19,717 - STARTING LOOP
INFO: 2026-02-26 11:00:19,729 - Nothing to download from MillionVerifier!
INFO: 2026-02-26 11:00:19,729 - FINISHED LOOP

INFO: 2026-02-26 11:10:09,890 - STARTING LOOP
INFO: 2026-02-26 11:10:09,897 - Nothing to download from MillionVerifier!
INFO: 2026-02-26 11:10:09,898 - FINISHED LOOP

INFO: 2026-02-26 11:20:09,145 - STARTING LOOP
INFO: 2026-02-26 11:20:09,153 - Nothing to download from MillionVerifier!
INFO: 2026-02-26 11:20:09,154 - FINISHED LOOP

INFO: 2026-02-26 11:30:09,834 - STARTING LOOP
INFO: 2026-02-26 11:30:09,840 - Nothing to download from MillionVerifier!
INFO: 2026-02-26 11:30:09,840 - FINISHED LOOP

INFO: 2026-02-26 11:40:13,030 - STARTING LOOP
INFO: 2026-02-26 11:40:13,036 - Nothing to download from MillionVerifier!
INFO: 2026-02-26 11:40:13,036 - FINISHED LOOP

INFO: 2026-02-26 11:50:08,650 - STARTING LOOP
INFO: 2026-02-26 11:50:08,657 - Nothing to download from MillionVerifier!
INFO: 2026-02-26 11:50:08,658 - FINISHED LOOP

INFO: 2026-02-26 12:00:08,897 - STARTING LOOP
INFO: 2026-02-26 12:00:08,933 - Nothing to download from MillionVerifier!
INFO: 2026-02-26 12:00:08,933 - FINISHED LOOP

INFO: 2026-02-26 12:10:07,381 - STARTING LOOP
INFO: 2026-02-26 12:10:07,391 - Nothing to download from MillionVerifier!
INFO: 2026-02-26 12:10:07,391 - FINISHED LOOP

INFO: 2026-02-26 12:20:08,395 - STARTING LOOP
INFO: 2026-02-26 12:20:08,403 - Nothing to download from MillionVerifier!
INFO: 2026-02-26 12:20:08,403 - FINISHED LOOP

INFO: 2026-02-26 12:30:08,238 - STARTING LOOP
DEBUG: 2026-02-26 12:30:08,304 - Starting new HTTPS connection (1): bulkapi.millionverifier.com:443
DEBUG: 2026-02-26 12:30:08,845 - https://bulkapi.millionverifier.com:443 "GET /bulkapi/v2/fileinfo?key=***REMOVED***&file_id=30304210 HTTP/1.1" 200 None
INFO: 2026-02-26 12:30:08,848 - Downloading 1993973 - intralink_realtors_florida_melissa...
DEBUG: 2026-02-26 12:30:08,852 - Starting new HTTPS connection (1): bulkapi.millionverifier.com:443
DEBUG: 2026-02-26 12:30:09,268 - https://bulkapi.millionverifier.com:443 "GET /bulkapi/v2/download?key=***REMOVED***&file_id=30304210&filter=all HTTP/1.1" 200 723
DEBUG: 2026-02-26 12:30:09,282 - Encoding detection: utf_8 is most likely the one.
INFO: 2026-02-26 12:30:09,285 - Updating validation status... 
INFO: 2026-02-26 12:30:09,406 - DONE!
DEBUG: 2026-02-26 12:30:09,410 - Starting new HTTPS connection (1): bulkapi.millionverifier.com:443
DEBUG: 2026-02-26 12:30:09,689 - https://bulkapi.millionverifier.com:443 "GET /bulkapi/v2/fileinfo?key=***REMOVED***&file_id=30304211 HTTP/1.1" 200 None
INFO: 2026-02-26 12:30:09,690 - FINISHED LOOP

success!
INFO: 2026-02-26 12:40:10,372 - STARTING LOOP
DEBUG: 2026-02-26 12:40:10,438 - Starting new HTTPS connection (1): bulkapi.millionverifier.com:443
DEBUG: 2026-02-26 12:40:10,869 - https://bulkapi.millionverifier.com:443 "GET /bulkapi/v2/fileinfo?key=***REMOVED***&file_id=30304211 HTTP/1.1" 200 None
INFO: 2026-02-26 12:40:10,875 - Downloading 1993974 - intralink_realtors_california...
DEBUG: 2026-02-26 12:40:10,877 - Starting new HTTPS connection (1): bulkapi.millionverifier.com:443
DEBUG: 2026-02-26 12:40:11,302 - https://bulkapi.millionverifier.com:443 "GET /bulkapi/v2/download?key=***REMOVED***&file_id=30304211&filter=all HTTP/1.1" 200 151910
DEBUG: 2026-02-26 12:40:11,721 - Encoding detection: utf_8 is most likely the one.
INFO: 2026-02-26 12:40:11,736 - Updating validation status... 
INFO: 2026-02-26 12:40:23,016 - DONE!
INFO: 2026-02-26 12:40:23,017 - FINISHED LOOP

success!
INFO: 2026-02-26 12:50:09,528 - STARTING LOOP
INFO: 2026-02-26 12:50:09,543 - Nothing to download from MillionVerifier!
INFO: 2026-02-26 12:50:09,544 - FINISHED LOOP

INFO: 2026-02-26 13:00:09,078 - STARTING LOOP
INFO: 2026-02-26 13:00:09,088 - Nothing to download from MillionVerifier!
INFO: 2026-02-26 13:00:09,088 - FINISHED LOOP

INFO: 2026-02-26 13:10:09,136 - STARTING LOOP
INFO: 2026-02-26 13:10:09,149 - Nothing to download from MillionVerifier!
INFO: 2026-02-26 13:10:09,149 - FINISHED LOOP

INFO: 2026-02-26 13:20:08,884 - STARTING LOOP
INFO: 2026-02-26 13:20:08,893 - Nothing to download from MillionVerifier!
INFO: 2026-02-26 13:20:08,893 - FINISHED LOOP

INFO: 2026-02-26 13:30:18,804 - STARTING LOOP
INFO: 2026-02-26 13:30:18,814 - Nothing to download from MillionVerifier!
INFO: 2026-02-26 13:30:18,814 - FINISHED LOOP

INFO: 2026-02-26 13:50:08,452 - STARTING LOOP
INFO: 2026-02-26 13:50:08,457 - Nothing to download from MillionVerifier!
INFO: 2026-02-26 13:50:08,457 - FINISHED LOOP

INFO: 2026-02-26 14:02:29,576 - STARTING LOOP
INFO: 2026-02-26 14:02:29,582 - Nothing to download from MillionVerifier!
INFO: 2026-02-26 14:02:29,582 - FINISHED LOOP

INFO: 2026-02-26 14:10:45,772 - STARTING LOOP
INFO: 2026-02-26 14:10:45,778 - Nothing to download from MillionVerifier!
INFO: 2026-02-26 14:10:45,778 - FINISHED LOOP

INFO: 2026-02-26 14:20:53,512 - STARTING LOOP
INFO: 2026-02-26 14:20:53,516 - Nothing to download from MillionVerifier!
INFO: 2026-02-26 14:20:53,516 - FINISHED LOOP

INFO: 2026-02-26 14:30:07,254 - STARTING LOOP
DEBUG: 2026-02-26 14:30:07,312 - Starting new HTTPS connection (1): bulkapi.millionverifier.com:443
DEBUG: 2026-02-26 14:30:07,725 - https://bulkapi.millionverifier.com:443 "GET /bulkapi/v2/fileinfo?key=***REMOVED***&file_id=30304701 HTTP/1.1" 200 None
INFO: 2026-02-26 14:30:07,729 - Downloading 1432181 - reputation_leaders_csuite...
DEBUG: 2026-02-26 14:30:07,733 - Starting new HTTPS connection (1): bulkapi.millionverifier.com:443
DEBUG: 2026-02-26 14:30:08,259 - https://bulkapi.millionverifier.com:443 "GET /bulkapi/v2/download?key=***REMOVED***&file_id=30304701&filter=all HTTP/1.1" 200 48669
DEBUG: 2026-02-26 14:30:08,505 - Encoding detection: ascii is most likely the one.
INFO: 2026-02-26 14:30:08,511 - Updating validation status... 
INFO: 2026-02-26 14:30:14,122 - DONE!
INFO: 2026-02-26 14:30:14,123 - FINISHED LOOP

success!
INFO: 2026-02-26 14:40:09,507 - STARTING LOOP
DEBUG: 2026-02-26 14:40:09,577 - Starting new HTTPS connection (1): bulkapi.millionverifier.com:443
DEBUG: 2026-02-26 14:40:09,997 - https://bulkapi.millionverifier.com:443 "GET /bulkapi/v2/fileinfo?key=***REMOVED***&file_id=30304734 HTTP/1.1" 200 None
INFO: 2026-02-26 14:40:10,002 - Downloading 1432181 - reputation_leaders_csuite...
DEBUG: 2026-02-26 14:40:10,006 - Starting new HTTPS connection (1): bulkapi.millionverifier.com:443
DEBUG: 2026-02-26 14:40:10,430 - https://bulkapi.millionverifier.com:443 "GET /bulkapi/v2/download?key=***REMOVED***&file_id=30304734&filter=all HTTP/1.1" 200 6707
DEBUG: 2026-02-26 14:40:10,441 - Encoding detection: ascii is most likely the one.
INFO: 2026-02-26 14:40:10,445 - Updating validation status... 
INFO: 2026-02-26 14:40:15,995 - DONE!
INFO: 2026-02-26 14:40:15,996 - FINISHED LOOP

success!
INFO: 2026-02-26 14:50:07,660 - STARTING LOOP
DEBUG: 2026-02-26 14:50:07,728 - Starting new HTTPS connection (1): bulkapi.millionverifier.com:443
DEBUG: 2026-02-26 14:50:08,151 - https://bulkapi.millionverifier.com:443 "GET /bulkapi/v2/fileinfo?key=***REMOVED***&file_id=30304778 HTTP/1.1" 200 None
INFO: 2026-02-26 14:50:08,156 - Downloading 1432181 - reputation_leaders_csuite...
DEBUG: 2026-02-26 14:50:08,163 - Starting new HTTPS connection (1): bulkapi.millionverifier.com:443
DEBUG: 2026-02-26 14:50:08,691 - https://bulkapi.millionverifier.com:443 "GET /bulkapi/v2/download?key=***REMOVED***&file_id=30304778&filter=all HTTP/1.1" 200 314
DEBUG: 2026-02-26 14:50:08,705 - Encoding detection: ascii is most likely the one.
INFO: 2026-02-26 14:50:08,710 - Updating validation status... 
INFO: 2026-02-26 14:50:08,953 - DONE!
INFO: 2026-02-26 14:50:08,953 - FINISHED LOOP

success!
INFO: 2026-02-26 15:00:07,189 - STARTING LOOP
DEBUG: 2026-02-26 15:00:07,257 - Starting new HTTPS connection (1): bulkapi.millionverifier.com:443
DEBUG: 2026-02-26 15:00:07,678 - https://bulkapi.millionverifier.com:443 "GET /bulkapi/v2/fileinfo?key=***REMOVED***&file_id=30304829 HTTP/1.1" 200 None
INFO: 2026-02-26 15:00:07,681 - Downloading 1467231 - hsj_medical_sis_lists...
DEBUG: 2026-02-26 15:00:07,684 - Starting new HTTPS connection (1): bulkapi.millionverifier.com:443
DEBUG: 2026-02-26 15:00:07,957 - https://bulkapi.millionverifier.com:443 "GET /bulkapi/v2/download?key=***REMOVED***&file_id=30304829&filter=all HTTP/1.1" 200 24429
DEBUG: 2026-02-26 15:00:08,084 - Encoding detection: ascii is most likely the one.
INFO: 2026-02-26 15:00:08,089 - Updating validation status... 
INFO: 2026-02-26 15:00:13,787 - DONE!
DEBUG: 2026-02-26 15:00:13,794 - Starting new HTTPS connection (1): bulkapi.millionverifier.com:443
DEBUG: 2026-02-26 15:00:14,169 - https://bulkapi.millionverifier.com:443 "GET /bulkapi/v2/fileinfo?key=***REMOVED***&file_id=30304834 HTTP/1.1" 200 None
INFO: 2026-02-26 15:00:14,174 - Downloading 1993973 - intralink_realtors_florida_melissa...
DEBUG: 2026-02-26 15:00:14,178 - Starting new HTTPS connection (1): bulkapi.millionverifier.com:443
DEBUG: 2026-02-26 15:00:14,580 - https://bulkapi.millionverifier.com:443 "GET /bulkapi/v2/download?key=***REMOVED***&file_id=30304834&filter=all HTTP/1.1" 200 189
DEBUG: 2026-02-26 15:00:14,592 - Encoding detection: utf_8 is most likely the one.
INFO: 2026-02-26 15:00:14,596 - Updating validation status... 
INFO: 2026-02-26 15:00:21,365 - DONE!
INFO: 2026-02-26 15:00:21,365 - FINISHED LOOP

success!
success!
INFO: 2026-02-26 15:10:07,389 - STARTING LOOP
INFO: 2026-02-26 15:10:07,397 - Nothing to download from MillionVerifier!
INFO: 2026-02-26 15:10:07,397 - FINISHED LOOP

INFO: 2026-02-26 15:20:07,675 - STARTING LOOP
INFO: 2026-02-26 15:20:07,683 - Nothing to download from MillionVerifier!
INFO: 2026-02-26 15:20:07,684 - FINISHED LOOP

INFO: 2026-02-26 15:30:10,613 - STARTING LOOP
INFO: 2026-02-26 15:30:10,622 - Nothing to download from MillionVerifier!
INFO: 2026-02-26 15:30:10,622 - FINISHED LOOP

INFO: 2026-02-26 15:40:08,271 - STARTING LOOP
INFO: 2026-02-26 15:40:08,280 - Nothing to download from MillionVerifier!
INFO: 2026-02-26 15:40:08,280 - FINISHED LOOP

INFO: 2026-02-26 15:50:07,149 - STARTING LOOP
INFO: 2026-02-26 15:50:07,156 - Nothing to download from MillionVerifier!
INFO: 2026-02-26 15:50:07,157 - FINISHED LOOP

INFO: 2026-02-26 16:00:16,451 - STARTING LOOP
INFO: 2026-02-26 16:00:16,459 - Nothing to download from MillionVerifier!
INFO: 2026-02-26 16:00:16,459 - FINISHED LOOP

INFO: 2026-02-26 16:10:08,105 - STARTING LOOP
INFO: 2026-02-26 16:10:08,115 - Nothing to download from MillionVerifier!
INFO: 2026-02-26 16:10:08,115 - FINISHED LOOP

INFO: 2026-02-26 16:20:09,808 - STARTING LOOP
INFO: 2026-02-26 16:20:09,818 - Nothing to download from MillionVerifier!
INFO: 2026-02-26 16:20:09,818 - FINISHED LOOP

INFO: 2026-02-26 16:30:11,771 - STARTING LOOP
INFO: 2026-02-26 16:30:11,780 - Nothing to download from MillionVerifier!
INFO: 2026-02-26 16:30:11,780 - FINISHED LOOP

INFO: 2026-02-26 16:40:08,872 - STARTING LOOP
INFO: 2026-02-26 16:40:08,879 - Nothing to download from MillionVerifier!
INFO: 2026-02-26 16:40:08,879 - FINISHED LOOP

INFO: 2026-02-26 16:50:07,321 - STARTING LOOP
INFO: 2026-02-26 16:50:07,332 - Nothing to download from MillionVerifier!
INFO: 2026-02-26 16:50:07,333 - FINISHED LOOP

error: Workspace member `/Users/albertoruizcajiga/python/sis_international/modules/smtp_bot` is missing a `pyproject.toml` (matches: `modules/*`)
error: Two workspace members are both named `million-verifier-api`: `/Users/albertoruizcajiga/python/sis_international/modules/million_verifier_api` and `/Users/albertoruizcajiga/python/sis_international/modules/smtp_bot`
error: Two workspace members are both named `million-verifier-api`: `/Users/albertoruizcajiga/python/sis_international/modules/million_verifier_api` and `/Users/albertoruizcajiga/python/sis_international/modules/smtp_bot`
error: Two workspace members are both named `million-verifier-api`: `/Users/albertoruizcajiga/python/sis_international/modules/million_verifier_api` and `/Users/albertoruizcajiga/python/sis_international/modules/smtp_bot`
error: Two workspace members are both named `million-verifier-api`: `/Users/albertoruizcajiga/python/sis_international/modules/million_verifier_api` and `/Users/albertoruizcajiga/python/sis_international/modules/smtp_bot`
error: Two workspace members are both named `million-verifier-api`: `/Users/albertoruizcajiga/python/sis_international/modules/million_verifier_api` and `/Users/albertoruizcajiga/python/sis_international/modules/smtp_bot`
error: Two workspace members are both named `million-verifier-api`: `/Users/albertoruizcajiga/python/sis_international/modules/million_verifier_api` and `/Users/albertoruizcajiga/python/sis_international/modules/smtp_bot`
INFO: 2026-02-26 18:10:10,894 - STARTING LOOP
INFO: 2026-02-26 18:10:10,919 - Nothing to download from MillionVerifier!
INFO: 2026-02-26 18:10:10,919 - FINISHED LOOP

INFO: 2026-02-26 18:20:10,135 - STARTING LOOP
INFO: 2026-02-26 18:20:10,143 - Nothing to download from MillionVerifier!
INFO: 2026-02-26 18:20:10,143 - FINISHED LOOP

INFO: 2026-02-26 18:30:09,389 - STARTING LOOP
INFO: 2026-02-26 18:30:09,401 - Nothing to download from MillionVerifier!
INFO: 2026-02-26 18:30:09,401 - FINISHED LOOP

INFO: 2026-02-26 18:40:10,337 - STARTING LOOP
INFO: 2026-02-26 18:40:10,350 - Nothing to download from MillionVerifier!
INFO: 2026-02-26 18:40:10,350 - FINISHED LOOP

INFO: 2026-02-26 18:50:09,915 - STARTING LOOP
INFO: 2026-02-26 18:50:09,928 - Nothing to download from MillionVerifier!
INFO: 2026-02-26 18:50:09,928 - FINISHED LOOP

INFO: 2026-02-26 19:00:09,330 - STARTING LOOP
INFO: 2026-02-26 19:00:09,340 - Nothing to download from MillionVerifier!
INFO: 2026-02-26 19:00:09,340 - FINISHED LOOP

INFO: 2026-02-26 19:10:07,524 - STARTING LOOP
INFO: 2026-02-26 19:10:07,544 - Nothing to download from MillionVerifier!
INFO: 2026-02-26 19:10:07,545 - FINISHED LOOP

INFO: 2026-02-26 19:20:07,856 - STARTING LOOP
INFO: 2026-02-26 19:20:07,864 - Nothing to download from MillionVerifier!
INFO: 2026-02-26 19:20:07,864 - FINISHED LOOP

INFO: 2026-02-26 19:30:07,329 - STARTING LOOP
INFO: 2026-02-26 19:30:07,342 - Nothing to download from MillionVerifier!
INFO: 2026-02-26 19:30:07,342 - FINISHED LOOP

INFO: 2026-02-26 19:40:07,724 - STARTING LOOP
INFO: 2026-02-26 19:40:07,731 - Nothing to download from MillionVerifier!
INFO: 2026-02-26 19:40:07,732 - FINISHED LOOP

INFO: 2026-02-26 19:50:07,662 - STARTING LOOP
INFO: 2026-02-26 19:50:07,669 - Nothing to download from MillionVerifier!
INFO: 2026-02-26 19:50:07,669 - FINISHED LOOP

INFO: 2026-02-26 20:00:07,394 - STARTING LOOP
INFO: 2026-02-26 20:00:07,402 - Nothing to download from MillionVerifier!
INFO: 2026-02-26 20:00:07,402 - FINISHED LOOP

INFO: 2026-02-26 20:10:09,336 - STARTING LOOP
INFO: 2026-02-26 20:10:09,343 - Nothing to download from MillionVerifier!
INFO: 2026-02-26 20:10:09,343 - FINISHED LOOP

INFO: 2026-02-26 20:20:07,168 - STARTING LOOP
INFO: 2026-02-26 20:20:07,179 - Nothing to download from MillionVerifier!
INFO: 2026-02-26 20:20:07,179 - FINISHED LOOP

INFO: 2026-02-26 20:30:07,354 - STARTING LOOP
INFO: 2026-02-26 20:30:07,366 - Nothing to download from MillionVerifier!
INFO: 2026-02-26 20:30:07,366 - FINISHED LOOP

INFO: 2026-02-26 20:40:08,198 - STARTING LOOP
INFO: 2026-02-26 20:40:08,206 - Nothing to download from MillionVerifier!
INFO: 2026-02-26 20:40:08,206 - FINISHED LOOP

INFO: 2026-02-26 20:50:06,495 - STARTING LOOP
INFO: 2026-02-26 20:50:06,502 - Nothing to download from MillionVerifier!
INFO: 2026-02-26 20:50:06,502 - FINISHED LOOP

INFO: 2026-02-26 21:00:08,259 - STARTING LOOP
INFO: 2026-02-26 21:00:08,268 - Nothing to download from MillionVerifier!
INFO: 2026-02-26 21:00:08,268 - FINISHED LOOP

INFO: 2026-02-26 21:10:08,031 - STARTING LOOP
INFO: 2026-02-26 21:10:08,041 - Nothing to download from MillionVerifier!
INFO: 2026-02-26 21:10:08,041 - FINISHED LOOP

INFO: 2026-02-26 21:20:11,473 - STARTING LOOP
INFO: 2026-02-26 21:20:11,485 - Nothing to download from MillionVerifier!
INFO: 2026-02-26 21:20:11,485 - FINISHED LOOP

INFO: 2026-02-26 22:20:07,548 - STARTING LOOP
INFO: 2026-02-26 22:20:07,558 - Nothing to download from MillionVerifier!
INFO: 2026-02-26 22:20:07,558 - FINISHED LOOP

INFO: 2026-02-26 22:30:07,120 - STARTING LOOP
INFO: 2026-02-26 22:30:07,128 - Nothing to download from MillionVerifier!
INFO: 2026-02-26 22:30:07,128 - FINISHED LOOP

INFO: 2026-02-26 22:41:01,097 - STARTING LOOP
INFO: 2026-02-26 22:41:01,105 - Nothing to download from MillionVerifier!
INFO: 2026-02-26 22:41:01,106 - FINISHED LOOP

INFO: 2026-02-26 23:40:08,012 - STARTING LOOP
INFO: 2026-02-26 23:40:08,019 - Nothing to download from MillionVerifier!
INFO: 2026-02-26 23:40:08,019 - FINISHED LOOP

INFO: 2026-02-26 23:50:08,514 - STARTING LOOP
INFO: 2026-02-26 23:50:08,520 - Nothing to download from MillionVerifier!
INFO: 2026-02-26 23:50:08,521 - FINISHED LOOP

INFO: 2026-02-27 00:00:09,704 - STARTING LOOP
INFO: 2026-02-27 00:00:09,718 - Nothing to download from MillionVerifier!
INFO: 2026-02-27 00:00:09,718 - FINISHED LOOP

INFO: 2026-02-27 02:30:07,787 - STARTING LOOP
INFO: 2026-02-27 02:30:07,794 - Nothing to download from MillionVerifier!
INFO: 2026-02-27 02:30:07,794 - FINISHED LOOP

INFO: 2026-02-27 05:40:08,435 - STARTING LOOP
INFO: 2026-02-27 05:40:08,467 - Nothing to download from MillionVerifier!
INFO: 2026-02-27 05:40:08,467 - FINISHED LOOP

INFO: 2026-02-27 06:11:47,422 - STARTING LOOP
INFO: 2026-02-27 06:11:47,432 - Nothing to download from MillionVerifier!
INFO: 2026-02-27 06:11:47,432 - FINISHED LOOP

INFO: 2026-02-27 06:22:49,331 - STARTING LOOP
INFO: 2026-02-27 06:22:49,338 - Nothing to download from MillionVerifier!
INFO: 2026-02-27 06:22:49,338 - FINISHED LOOP

INFO: 2026-02-27 06:37:42,678 - STARTING LOOP
INFO: 2026-02-27 06:37:42,686 - Nothing to download from MillionVerifier!
INFO: 2026-02-27 06:37:42,686 - FINISHED LOOP

INFO: 2026-02-27 06:46:25,051 - STARTING LOOP
INFO: 2026-02-27 06:46:25,060 - Nothing to download from MillionVerifier!
INFO: 2026-02-27 06:46:25,060 - FINISHED LOOP

INFO: 2026-02-27 06:56:43,007 - STARTING LOOP
INFO: 2026-02-27 06:56:43,018 - Nothing to download from MillionVerifier!
INFO: 2026-02-27 06:56:43,019 - FINISHED LOOP

INFO: 2026-02-27 07:14:04,512 - STARTING LOOP
INFO: 2026-02-27 07:14:04,520 - Nothing to download from MillionVerifier!
INFO: 2026-02-27 07:14:04,521 - FINISHED LOOP

INFO: 2026-02-27 07:27:56,647 - STARTING LOOP
INFO: 2026-02-27 07:27:56,654 - Nothing to download from MillionVerifier!
INFO: 2026-02-27 07:27:56,654 - FINISHED LOOP

INFO: 2026-02-27 07:33:15,742 - STARTING LOOP
INFO: 2026-02-27 07:33:15,758 - Nothing to download from MillionVerifier!
INFO: 2026-02-27 07:33:15,758 - FINISHED LOOP

INFO: 2026-02-27 08:15:09,646 - STARTING LOOP
INFO: 2026-02-27 08:15:09,667 - Nothing to download from MillionVerifier!
INFO: 2026-02-27 08:15:09,667 - FINISHED LOOP

INFO: 2026-02-27 08:46:45,826 - STARTING LOOP
INFO: 2026-02-27 08:46:45,838 - Nothing to download from MillionVerifier!
INFO: 2026-02-27 08:46:45,838 - FINISHED LOOP

INFO: 2026-02-27 08:52:37,634 - STARTING LOOP
INFO: 2026-02-27 08:52:37,642 - Nothing to download from MillionVerifier!
INFO: 2026-02-27 08:52:37,642 - FINISHED LOOP

INFO: 2026-02-27 09:04:26,701 - STARTING LOOP
INFO: 2026-02-27 09:04:27,147 - Nothing to download from MillionVerifier!
INFO: 2026-02-27 09:04:27,147 - FINISHED LOOP

INFO: 2026-02-27 09:10:08,432 - STARTING LOOP
INFO: 2026-02-27 09:10:08,441 - Nothing to download from MillionVerifier!
INFO: 2026-02-27 09:10:08,441 - FINISHED LOOP

INFO: 2026-02-27 09:20:08,127 - STARTING LOOP
INFO: 2026-02-27 09:20:08,140 - Nothing to download from MillionVerifier!
INFO: 2026-02-27 09:20:08,140 - FINISHED LOOP

INFO: 2026-02-27 09:30:08,794 - STARTING LOOP
INFO: 2026-02-27 09:30:08,802 - Nothing to download from MillionVerifier!
INFO: 2026-02-27 09:30:08,802 - FINISHED LOOP

INFO: 2026-02-27 09:40:09,487 - STARTING LOOP
INFO: 2026-02-27 09:40:09,496 - Nothing to download from MillionVerifier!
INFO: 2026-02-27 09:40:09,496 - FINISHED LOOP

INFO: 2026-02-27 09:50:08,193 - STARTING LOOP
INFO: 2026-02-27 09:50:08,202 - Nothing to download from MillionVerifier!
INFO: 2026-02-27 09:50:08,202 - FINISHED LOOP

INFO: 2026-02-27 10:00:14,780 - STARTING LOOP
INFO: 2026-02-27 10:00:14,791 - Nothing to download from MillionVerifier!
INFO: 2026-02-27 10:00:14,791 - FINISHED LOOP

INFO: 2026-02-27 10:10:09,320 - STARTING LOOP
INFO: 2026-02-27 10:10:09,330 - Nothing to download from MillionVerifier!
INFO: 2026-02-27 10:10:09,330 - FINISHED LOOP

INFO: 2026-02-27 10:20:07,833 - STARTING LOOP
INFO: 2026-02-27 10:20:07,861 - Nothing to download from MillionVerifier!
INFO: 2026-02-27 10:20:07,861 - FINISHED LOOP

INFO: 2026-02-27 10:30:07,828 - STARTING LOOP
INFO: 2026-02-27 10:30:07,836 - Nothing to download from MillionVerifier!
INFO: 2026-02-27 10:30:07,837 - FINISHED LOOP

INFO: 2026-02-27 10:40:07,617 - STARTING LOOP
INFO: 2026-02-27 10:40:07,633 - Nothing to download from MillionVerifier!
INFO: 2026-02-27 10:40:07,634 - FINISHED LOOP

INFO: 2026-02-27 10:54:40,698 - STARTING LOOP
INFO: 2026-02-27 10:54:40,709 - Nothing to download from MillionVerifier!
INFO: 2026-02-27 10:54:40,709 - FINISHED LOOP

INFO: 2026-02-27 11:00:21,030 - STARTING LOOP
INFO: 2026-02-27 11:00:21,042 - Nothing to download from MillionVerifier!
INFO: 2026-02-27 11:00:21,042 - FINISHED LOOP

INFO: 2026-02-27 11:10:07,858 - STARTING LOOP
INFO: 2026-02-27 11:10:07,866 - Nothing to download from MillionVerifier!
INFO: 2026-02-27 11:10:07,866 - FINISHED LOOP

INFO: 2026-02-27 11:20:07,201 - STARTING LOOP
INFO: 2026-02-27 11:20:07,209 - Nothing to download from MillionVerifier!
INFO: 2026-02-27 11:20:07,209 - FINISHED LOOP

INFO: 2026-02-27 11:30:07,793 - STARTING LOOP
INFO: 2026-02-27 11:30:07,806 - Nothing to download from MillionVerifier!
INFO: 2026-02-27 11:30:07,806 - FINISHED LOOP

INFO: 2026-02-27 11:40:09,162 - STARTING LOOP
INFO: 2026-02-27 11:40:09,174 - Nothing to download from MillionVerifier!
INFO: 2026-02-27 11:40:09,175 - FINISHED LOOP

INFO: 2026-02-27 11:50:07,664 - STARTING LOOP
INFO: 2026-02-27 11:50:07,680 - Nothing to download from MillionVerifier!
INFO: 2026-02-27 11:50:07,680 - FINISHED LOOP

INFO: 2026-02-27 12:00:10,879 - STARTING LOOP
INFO: 2026-02-27 12:00:10,885 - Nothing to download from MillionVerifier!
INFO: 2026-02-27 12:00:10,885 - FINISHED LOOP

INFO: 2026-02-27 12:10:07,794 - STARTING LOOP
INFO: 2026-02-27 12:10:07,804 - Nothing to download from MillionVerifier!
INFO: 2026-02-27 12:10:07,804 - FINISHED LOOP

INFO: 2026-02-27 12:20:07,703 - STARTING LOOP
INFO: 2026-02-27 12:20:07,716 - Nothing to download from MillionVerifier!
INFO: 2026-02-27 12:20:07,716 - FINISHED LOOP

INFO: 2026-02-27 12:30:07,124 - STARTING LOOP
INFO: 2026-02-27 12:30:07,136 - Nothing to download from MillionVerifier!
INFO: 2026-02-27 12:30:07,136 - FINISHED LOOP

INFO: 2026-02-27 12:40:08,856 - STARTING LOOP
INFO: 2026-02-27 12:40:08,869 - Nothing to download from MillionVerifier!
INFO: 2026-02-27 12:40:08,870 - FINISHED LOOP

INFO: 2026-02-27 12:50:09,845 - STARTING LOOP
INFO: 2026-02-27 12:50:09,856 - Nothing to download from MillionVerifier!
INFO: 2026-02-27 12:50:09,858 - FINISHED LOOP

INFO: 2026-02-27 13:00:08,852 - STARTING LOOP
INFO: 2026-02-27 13:00:08,861 - Nothing to download from MillionVerifier!
INFO: 2026-02-27 13:00:08,862 - FINISHED LOOP

INFO: 2026-02-27 13:10:08,301 - STARTING LOOP
INFO: 2026-02-27 13:10:08,310 - Nothing to download from MillionVerifier!
INFO: 2026-02-27 13:10:08,310 - FINISHED LOOP

INFO: 2026-02-27 13:20:08,470 - STARTING LOOP
INFO: 2026-02-27 13:20:08,488 - Nothing to download from MillionVerifier!
INFO: 2026-02-27 13:20:08,489 - FINISHED LOOP

INFO: 2026-02-27 13:30:08,411 - STARTING LOOP
INFO: 2026-02-27 13:30:08,420 - Nothing to download from MillionVerifier!
INFO: 2026-02-27 13:30:08,420 - FINISHED LOOP

INFO: 2026-02-27 13:40:14,641 - STARTING LOOP
INFO: 2026-02-27 13:40:14,658 - Nothing to download from MillionVerifier!
INFO: 2026-02-27 13:40:14,658 - FINISHED LOOP

INFO: 2026-02-27 13:50:10,215 - STARTING LOOP
INFO: 2026-02-27 13:50:10,227 - Nothing to download from MillionVerifier!
INFO: 2026-02-27 13:50:10,227 - FINISHED LOOP

INFO: 2026-02-27 14:00:08,695 - STARTING LOOP
INFO: 2026-02-27 14:00:08,731 - Nothing to download from MillionVerifier!
INFO: 2026-02-27 14:00:08,731 - FINISHED LOOP

INFO: 2026-02-27 14:10:07,351 - STARTING LOOP
INFO: 2026-02-27 14:10:07,360 - Nothing to download from MillionVerifier!
INFO: 2026-02-27 14:10:07,360 - FINISHED LOOP

INFO: 2026-02-27 14:20:07,381 - STARTING LOOP
INFO: 2026-02-27 14:20:07,392 - Nothing to download from MillionVerifier!
INFO: 2026-02-27 14:20:07,392 - FINISHED LOOP

INFO: 2026-02-27 14:30:09,361 - STARTING LOOP
INFO: 2026-02-27 14:30:09,370 - Nothing to download from MillionVerifier!
INFO: 2026-02-27 14:30:09,370 - FINISHED LOOP

INFO: 2026-02-27 14:40:10,073 - STARTING LOOP
INFO: 2026-02-27 14:40:10,082 - Nothing to download from MillionVerifier!
INFO: 2026-02-27 14:40:10,082 - FINISHED LOOP

INFO: 2026-02-27 15:00:05,704 - STARTING LOOP
INFO: 2026-02-27 15:00:05,712 - Nothing to download from MillionVerifier!
INFO: 2026-02-27 15:00:05,712 - FINISHED LOOP

INFO: 2026-02-27 15:10:10,451 - STARTING LOOP
INFO: 2026-02-27 15:10:10,462 - Nothing to download from MillionVerifier!
INFO: 2026-02-27 15:10:10,462 - FINISHED LOOP

INFO: 2026-02-27 15:20:08,281 - STARTING LOOP
INFO: 2026-02-27 15:20:08,297 - Nothing to download from MillionVerifier!
INFO: 2026-02-27 15:20:08,297 - FINISHED LOOP

INFO: 2026-02-27 15:30:10,718 - STARTING LOOP
INFO: 2026-02-27 15:30:10,727 - Nothing to download from MillionVerifier!
INFO: 2026-02-27 15:30:10,727 - FINISHED LOOP

INFO: 2026-02-27 15:40:10,078 - STARTING LOOP
INFO: 2026-02-27 15:40:10,089 - Nothing to download from MillionVerifier!
INFO: 2026-02-27 15:40:10,089 - FINISHED LOOP

INFO: 2026-02-27 15:50:08,793 - STARTING LOOP
INFO: 2026-02-27 15:50:08,803 - Nothing to download from MillionVerifier!
INFO: 2026-02-27 15:50:08,803 - FINISHED LOOP

INFO: 2026-02-27 16:00:10,520 - STARTING LOOP
INFO: 2026-02-27 16:00:10,534 - Nothing to download from MillionVerifier!
INFO: 2026-02-27 16:00:10,535 - FINISHED LOOP

INFO: 2026-02-27 16:10:11,264 - STARTING LOOP
INFO: 2026-02-27 16:10:11,283 - Nothing to download from MillionVerifier!
INFO: 2026-02-27 16:10:11,283 - FINISHED LOOP

INFO: 2026-02-27 16:20:10,263 - STARTING LOOP
INFO: 2026-02-27 16:20:10,295 - Nothing to download from MillionVerifier!
INFO: 2026-02-27 16:20:10,295 - FINISHED LOOP

INFO: 2026-02-27 16:30:07,861 - STARTING LOOP
INFO: 2026-02-27 16:30:07,869 - Nothing to download from MillionVerifier!
INFO: 2026-02-27 16:30:07,869 - FINISHED LOOP

INFO: 2026-02-27 16:40:08,960 - STARTING LOOP
INFO: 2026-02-27 16:40:08,971 - Nothing to download from MillionVerifier!
INFO: 2026-02-27 16:40:08,971 - FINISHED LOOP

INFO: 2026-02-27 16:50:09,574 - STARTING LOOP
INFO: 2026-02-27 16:50:09,585 - Nothing to download from MillionVerifier!
INFO: 2026-02-27 16:50:09,586 - FINISHED LOOP

INFO: 2026-02-27 17:00:39,064 - STARTING LOOP
INFO: 2026-02-27 17:00:39,080 - Nothing to download from MillionVerifier!
INFO: 2026-02-27 17:00:39,080 - FINISHED LOOP

INFO: 2026-02-27 17:17:31,992 - STARTING LOOP
INFO: 2026-02-27 17:17:31,999 - Nothing to download from MillionVerifier!
INFO: 2026-02-27 17:17:32,000 - FINISHED LOOP

INFO: 2026-02-27 17:20:08,359 - STARTING LOOP
INFO: 2026-02-27 17:20:08,376 - Nothing to download from MillionVerifier!
INFO: 2026-02-27 17:20:08,377 - FINISHED LOOP

INFO: 2026-02-27 17:30:18,603 - STARTING LOOP
INFO: 2026-02-27 17:30:18,611 - Nothing to download from MillionVerifier!
INFO: 2026-02-27 17:30:18,611 - FINISHED LOOP

INFO: 2026-02-27 17:40:07,706 - STARTING LOOP
INFO: 2026-02-27 17:40:07,720 - Nothing to download from MillionVerifier!
INFO: 2026-02-27 17:40:07,720 - FINISHED LOOP

INFO: 2026-02-27 17:50:08,745 - STARTING LOOP
INFO: 2026-02-27 17:50:08,756 - Nothing to download from MillionVerifier!
INFO: 2026-02-27 17:50:08,756 - FINISHED LOOP

INFO: 2026-02-27 18:00:08,625 - STARTING LOOP
INFO: 2026-02-27 18:00:08,644 - Nothing to download from MillionVerifier!
INFO: 2026-02-27 18:00:08,644 - FINISHED LOOP

INFO: 2026-02-27 18:10:07,491 - STARTING LOOP
INFO: 2026-02-27 18:10:07,502 - Nothing to download from MillionVerifier!
INFO: 2026-02-27 18:10:07,503 - FINISHED LOOP

INFO: 2026-02-27 18:20:09,346 - STARTING LOOP
INFO: 2026-02-27 18:20:09,355 - Nothing to download from MillionVerifier!
INFO: 2026-02-27 18:20:09,355 - FINISHED LOOP

INFO: 2026-02-27 18:30:10,416 - STARTING LOOP
INFO: 2026-02-27 18:30:10,425 - Nothing to download from MillionVerifier!
INFO: 2026-02-27 18:30:10,425 - FINISHED LOOP

INFO: 2026-02-27 19:00:09,450 - STARTING LOOP
INFO: 2026-02-27 19:00:09,461 - Nothing to download from MillionVerifier!
INFO: 2026-02-27 19:00:09,461 - FINISHED LOOP

INFO: 2026-02-27 19:10:07,271 - STARTING LOOP
INFO: 2026-02-27 19:10:07,281 - Nothing to download from MillionVerifier!
INFO: 2026-02-27 19:10:07,281 - FINISHED LOOP

INFO: 2026-02-27 19:20:06,445 - STARTING LOOP
INFO: 2026-02-27 19:20:06,453 - Nothing to download from MillionVerifier!
INFO: 2026-02-27 19:20:06,453 - FINISHED LOOP

INFO: 2026-02-27 19:30:06,170 - STARTING LOOP
INFO: 2026-02-27 19:30:06,179 - Nothing to download from MillionVerifier!
INFO: 2026-02-27 19:30:06,179 - FINISHED LOOP

INFO: 2026-02-27 19:40:08,274 - STARTING LOOP
INFO: 2026-02-27 19:40:08,285 - Nothing to download from MillionVerifier!
INFO: 2026-02-27 19:40:08,285 - FINISHED LOOP

INFO: 2026-02-27 20:22:52,397 - STARTING LOOP
INFO: 2026-02-27 20:22:52,406 - Nothing to download from MillionVerifier!
INFO: 2026-02-27 20:22:52,406 - FINISHED LOOP

INFO: 2026-02-27 20:35:06,081 - STARTING LOOP
INFO: 2026-02-27 20:35:06,088 - Nothing to download from MillionVerifier!
INFO: 2026-02-27 20:35:06,088 - FINISHED LOOP

INFO: 2026-02-27 20:41:17,328 - STARTING LOOP
INFO: 2026-02-27 20:41:17,342 - Nothing to download from MillionVerifier!
INFO: 2026-02-27 20:41:17,342 - FINISHED LOOP

INFO: 2026-02-27 20:50:05,952 - STARTING LOOP
INFO: 2026-02-27 20:50:05,960 - Nothing to download from MillionVerifier!
INFO: 2026-02-27 20:50:05,961 - FINISHED LOOP

INFO: 2026-02-27 21:08:58,588 - STARTING LOOP
INFO: 2026-02-27 21:08:58,606 - Nothing to download from MillionVerifier!
INFO: 2026-02-27 21:08:58,606 - FINISHED LOOP

INFO: 2026-02-27 21:11:05,129 - STARTING LOOP
INFO: 2026-02-27 21:11:05,139 - Nothing to download from MillionVerifier!
INFO: 2026-02-27 21:11:05,140 - FINISHED LOOP

INFO: 2026-02-27 22:00:43,624 - STARTING LOOP
INFO: 2026-02-27 22:00:43,634 - Nothing to download from MillionVerifier!
INFO: 2026-02-27 22:00:43,634 - FINISHED LOOP

INFO: 2026-02-28 01:06:05,063 - STARTING LOOP
INFO: 2026-02-28 01:06:05,074 - Nothing to download from MillionVerifier!
INFO: 2026-02-28 01:06:05,074 - FINISHED LOOP

INFO: 2026-02-28 02:52:00,873 - STARTING LOOP
INFO: 2026-02-28 02:52:00,883 - Nothing to download from MillionVerifier!
INFO: 2026-02-28 02:52:00,883 - FINISHED LOOP

INFO: 2026-02-28 06:00:34,382 - STARTING LOOP
INFO: 2026-02-28 06:00:34,393 - Nothing to download from MillionVerifier!
INFO: 2026-02-28 06:00:34,393 - FINISHED LOOP

INFO: 2026-02-28 06:10:48,296 - STARTING LOOP
INFO: 2026-02-28 06:10:48,301 - Nothing to download from MillionVerifier!
INFO: 2026-02-28 06:10:48,301 - FINISHED LOOP

INFO: 2026-02-28 06:20:52,034 - STARTING LOOP
INFO: 2026-02-28 06:20:52,050 - Nothing to download from MillionVerifier!
INFO: 2026-02-28 06:20:52,050 - FINISHED LOOP

INFO: 2026-02-28 06:30:13,629 - STARTING LOOP
INFO: 2026-02-28 06:30:13,637 - Nothing to download from MillionVerifier!
INFO: 2026-02-28 06:30:13,637 - FINISHED LOOP

INFO: 2026-02-28 06:41:23,478 - STARTING LOOP
INFO: 2026-02-28 06:41:23,485 - Nothing to download from MillionVerifier!
INFO: 2026-02-28 06:41:23,485 - FINISHED LOOP

INFO: 2026-02-28 06:50:05,269 - STARTING LOOP
INFO: 2026-02-28 06:50:05,277 - Nothing to download from MillionVerifier!
INFO: 2026-02-28 06:50:05,278 - FINISHED LOOP

INFO: 2026-02-28 07:00:47,183 - STARTING LOOP
INFO: 2026-02-28 07:00:47,192 - Nothing to download from MillionVerifier!
INFO: 2026-02-28 07:00:47,192 - FINISHED LOOP

INFO: 2026-02-28 07:15:15,172 - STARTING LOOP
INFO: 2026-02-28 07:15:15,182 - Nothing to download from MillionVerifier!
INFO: 2026-02-28 07:15:15,182 - FINISHED LOOP

INFO: 2026-02-28 09:08:24,049 - STARTING LOOP
INFO: 2026-02-28 09:08:24,059 - Nothing to download from MillionVerifier!
INFO: 2026-02-28 09:08:24,059 - FINISHED LOOP

INFO: 2026-02-28 09:10:13,451 - STARTING LOOP
INFO: 2026-02-28 09:10:13,455 - Nothing to download from MillionVerifier!
INFO: 2026-02-28 09:10:13,455 - FINISHED LOOP

INFO: 2026-02-28 09:21:24,577 - STARTING LOOP
INFO: 2026-02-28 09:21:24,590 - Nothing to download from MillionVerifier!
INFO: 2026-02-28 09:21:24,590 - FINISHED LOOP

INFO: 2026-02-28 09:32:03,014 - STARTING LOOP
INFO: 2026-02-28 09:32:03,034 - Nothing to download from MillionVerifier!
INFO: 2026-02-28 09:32:03,034 - FINISHED LOOP

INFO: 2026-02-28 09:40:45,435 - STARTING LOOP
INFO: 2026-02-28 09:40:45,446 - Nothing to download from MillionVerifier!
INFO: 2026-02-28 09:40:45,446 - FINISHED LOOP

INFO: 2026-02-28 10:05:30,800 - STARTING LOOP
INFO: 2026-02-28 10:05:30,808 - Nothing to download from MillionVerifier!
INFO: 2026-02-28 10:05:30,808 - FINISHED LOOP

INFO: 2026-02-28 10:10:07,677 - STARTING LOOP
INFO: 2026-02-28 10:10:07,686 - Nothing to download from MillionVerifier!
INFO: 2026-02-28 10:10:07,686 - FINISHED LOOP

INFO: 2026-02-28 10:20:08,395 - STARTING LOOP
INFO: 2026-02-28 10:20:08,410 - Nothing to download from MillionVerifier!
INFO: 2026-02-28 10:20:08,410 - FINISHED LOOP

INFO: 2026-02-28 10:30:07,846 - STARTING LOOP
INFO: 2026-02-28 10:30:07,858 - Nothing to download from MillionVerifier!
INFO: 2026-02-28 10:30:07,858 - FINISHED LOOP

INFO: 2026-02-28 10:51:48,080 - STARTING LOOP
INFO: 2026-02-28 10:51:48,089 - Nothing to download from MillionVerifier!
INFO: 2026-02-28 10:51:48,089 - FINISHED LOOP

INFO: 2026-02-28 11:17:17,477 - STARTING LOOP
INFO: 2026-02-28 11:17:17,488 - Nothing to download from MillionVerifier!
INFO: 2026-02-28 11:17:17,489 - FINISHED LOOP

INFO: 2026-02-28 11:20:14,948 - STARTING LOOP
INFO: 2026-02-28 11:20:14,961 - Nothing to download from MillionVerifier!
INFO: 2026-02-28 11:20:14,961 - FINISHED LOOP

INFO: 2026-02-28 11:31:58,116 - STARTING LOOP
INFO: 2026-02-28 11:31:58,130 - Nothing to download from MillionVerifier!
INFO: 2026-02-28 11:31:58,130 - FINISHED LOOP

INFO: 2026-02-28 11:40:13,127 - STARTING LOOP
INFO: 2026-02-28 11:40:13,141 - Nothing to download from MillionVerifier!
INFO: 2026-02-28 11:40:13,141 - FINISHED LOOP

INFO: 2026-02-28 11:50:11,710 - STARTING LOOP
INFO: 2026-02-28 11:50:11,716 - Nothing to download from MillionVerifier!
INFO: 2026-02-28 11:50:11,716 - FINISHED LOOP

INFO: 2026-02-28 12:00:20,922 - STARTING LOOP
INFO: 2026-02-28 12:00:20,930 - Nothing to download from MillionVerifier!
INFO: 2026-02-28 12:00:20,931 - FINISHED LOOP

INFO: 2026-02-28 12:30:10,340 - STARTING LOOP
INFO: 2026-02-28 12:30:10,348 - Nothing to download from MillionVerifier!
INFO: 2026-02-28 12:30:10,348 - FINISHED LOOP

INFO: 2026-02-28 12:40:09,068 - STARTING LOOP
INFO: 2026-02-28 12:40:09,080 - Nothing to download from MillionVerifier!
INFO: 2026-02-28 12:40:09,080 - FINISHED LOOP

INFO: 2026-02-28 12:50:08,834 - STARTING LOOP
INFO: 2026-02-28 12:50:08,844 - Nothing to download from MillionVerifier!
INFO: 2026-02-28 12:50:08,845 - FINISHED LOOP

INFO: 2026-02-28 13:00:08,472 - STARTING LOOP
INFO: 2026-02-28 13:00:08,479 - Nothing to download from MillionVerifier!
INFO: 2026-02-28 13:00:08,479 - FINISHED LOOP

INFO: 2026-02-28 13:12:35,486 - STARTING LOOP
INFO: 2026-02-28 13:12:35,506 - Nothing to download from MillionVerifier!
INFO: 2026-02-28 13:12:35,506 - FINISHED LOOP

INFO: 2026-02-28 15:30:07,589 - STARTING LOOP
INFO: 2026-02-28 15:30:07,597 - Nothing to download from MillionVerifier!
INFO: 2026-02-28 15:30:07,598 - FINISHED LOOP

INFO: 2026-02-28 15:40:07,727 - STARTING LOOP
INFO: 2026-02-28 15:40:07,735 - Nothing to download from MillionVerifier!
INFO: 2026-02-28 15:40:07,735 - FINISHED LOOP

INFO: 2026-02-28 15:50:06,716 - STARTING LOOP
INFO: 2026-02-28 15:50:06,725 - Nothing to download from MillionVerifier!
INFO: 2026-02-28 15:50:06,725 - FINISHED LOOP

INFO: 2026-02-28 16:00:07,318 - STARTING LOOP
INFO: 2026-02-28 16:00:07,325 - Nothing to download from MillionVerifier!
INFO: 2026-02-28 16:00:07,326 - FINISHED LOOP

INFO: 2026-02-28 16:10:07,737 - STARTING LOOP
INFO: 2026-02-28 16:10:07,741 - Nothing to download from MillionVerifier!
INFO: 2026-02-28 16:10:07,741 - FINISHED LOOP

INFO: 2026-02-28 16:41:33,102 - STARTING LOOP
INFO: 2026-02-28 16:41:33,116 - Nothing to download from MillionVerifier!
INFO: 2026-02-28 16:41:33,117 - FINISHED LOOP

INFO: 2026-02-28 16:50:05,257 - STARTING LOOP
INFO: 2026-02-28 16:50:05,267 - Nothing to download from MillionVerifier!
INFO: 2026-02-28 16:50:05,267 - FINISHED LOOP

INFO: 2026-02-28 17:00:07,400 - STARTING LOOP
INFO: 2026-02-28 17:00:07,404 - Nothing to download from MillionVerifier!
INFO: 2026-02-28 17:00:07,404 - FINISHED LOOP

INFO: 2026-02-28 17:13:08,362 - STARTING LOOP
INFO: 2026-02-28 17:13:08,372 - Nothing to download from MillionVerifier!
INFO: 2026-02-28 17:13:08,372 - FINISHED LOOP

INFO: 2026-02-28 17:20:05,786 - STARTING LOOP
INFO: 2026-02-28 17:20:05,794 - Nothing to download from MillionVerifier!
INFO: 2026-02-28 17:20:05,795 - FINISHED LOOP

INFO: 2026-02-28 17:30:04,807 - STARTING LOOP
INFO: 2026-02-28 17:30:04,813 - Nothing to download from MillionVerifier!
INFO: 2026-02-28 17:30:04,813 - FINISHED LOOP

INFO: 2026-02-28 17:40:40,250 - STARTING LOOP
INFO: 2026-02-28 17:40:40,265 - Nothing to download from MillionVerifier!
INFO: 2026-02-28 17:40:40,265 - FINISHED LOOP

INFO: 2026-02-28 17:50:05,716 - STARTING LOOP
INFO: 2026-02-28 17:50:05,725 - Nothing to download from MillionVerifier!
INFO: 2026-02-28 17:50:05,725 - FINISHED LOOP

INFO: 2026-02-28 18:00:50,757 - STARTING LOOP
INFO: 2026-02-28 18:00:50,772 - Nothing to download from MillionVerifier!
INFO: 2026-02-28 18:00:50,772 - FINISHED LOOP

INFO: 2026-02-28 18:55:06,187 - STARTING LOOP
INFO: 2026-02-28 18:55:06,196 - Nothing to download from MillionVerifier!
INFO: 2026-02-28 18:55:06,196 - FINISHED LOOP

INFO: 2026-02-28 19:04:37,189 - STARTING LOOP
INFO: 2026-02-28 19:04:37,195 - Nothing to download from MillionVerifier!
INFO: 2026-02-28 19:04:37,195 - FINISHED LOOP

INFO: 2026-02-28 21:05:18,022 - STARTING LOOP
INFO: 2026-02-28 21:05:18,034 - Nothing to download from MillionVerifier!
INFO: 2026-02-28 21:05:18,034 - FINISHED LOOP

INFO: 2026-02-28 21:05:19,875 - STARTING LOOP
INFO: 2026-02-28 21:05:19,877 - Nothing to download from MillionVerifier!
INFO: 2026-02-28 21:05:19,877 - FINISHED LOOP

INFO: 2026-02-28 21:45:21,876 - STARTING LOOP
INFO: 2026-02-28 21:45:21,894 - Nothing to download from MillionVerifier!
INFO: 2026-02-28 21:45:21,895 - FINISHED LOOP

INFO: 2026-02-28 21:51:01,624 - STARTING LOOP
INFO: 2026-02-28 21:51:01,631 - Nothing to download from MillionVerifier!
INFO: 2026-02-28 21:51:01,631 - FINISHED LOOP

INFO: 2026-02-28 22:00:07,502 - STARTING LOOP
INFO: 2026-02-28 22:00:07,506 - Nothing to download from MillionVerifier!
INFO: 2026-02-28 22:00:07,506 - FINISHED LOOP

INFO: 2026-02-28 22:10:07,252 - STARTING LOOP
INFO: 2026-02-28 22:10:07,261 - Nothing to download from MillionVerifier!
INFO: 2026-02-28 22:10:07,261 - FINISHED LOOP

INFO: 2026-02-28 22:20:06,097 - STARTING LOOP
INFO: 2026-02-28 22:20:06,106 - Nothing to download from MillionVerifier!
INFO: 2026-02-28 22:20:06,106 - FINISHED LOOP

INFO: 2026-02-28 22:30:07,553 - STARTING LOOP
INFO: 2026-02-28 22:30:07,562 - Nothing to download from MillionVerifier!
INFO: 2026-02-28 22:30:07,562 - FINISHED LOOP

INFO: 2026-02-28 22:40:07,360 - STARTING LOOP
INFO: 2026-02-28 22:40:07,369 - Nothing to download from MillionVerifier!
INFO: 2026-02-28 22:40:07,369 - FINISHED LOOP

INFO: 2026-02-28 22:50:07,294 - STARTING LOOP
INFO: 2026-02-28 22:50:07,303 - Nothing to download from MillionVerifier!
INFO: 2026-02-28 22:50:07,303 - FINISHED LOOP

INFO: 2026-02-28 23:00:07,382 - STARTING LOOP
INFO: 2026-02-28 23:00:07,389 - Nothing to download from MillionVerifier!
INFO: 2026-02-28 23:00:07,389 - FINISHED LOOP

INFO: 2026-02-28 23:10:08,085 - STARTING LOOP
INFO: 2026-02-28 23:10:08,093 - Nothing to download from MillionVerifier!
INFO: 2026-02-28 23:10:08,093 - FINISHED LOOP

INFO: 2026-02-28 23:20:09,717 - STARTING LOOP
INFO: 2026-02-28 23:20:09,727 - Nothing to download from MillionVerifier!
INFO: 2026-02-28 23:20:09,727 - FINISHED LOOP

INFO: 2026-02-28 23:30:07,866 - STARTING LOOP
INFO: 2026-02-28 23:30:07,873 - Nothing to download from MillionVerifier!
INFO: 2026-02-28 23:30:07,873 - FINISHED LOOP

INFO: 2026-02-28 23:40:08,090 - STARTING LOOP
INFO: 2026-02-28 23:40:08,095 - Nothing to download from MillionVerifier!
INFO: 2026-02-28 23:40:08,095 - FINISHED LOOP

INFO: 2026-02-28 23:50:14,345 - STARTING LOOP
INFO: 2026-02-28 23:50:14,349 - Nothing to download from MillionVerifier!
INFO: 2026-02-28 23:50:14,349 - FINISHED LOOP

INFO: 2026-03-01 00:00:09,665 - STARTING LOOP
INFO: 2026-03-01 00:00:09,672 - Nothing to download from MillionVerifier!
INFO: 2026-03-01 00:00:09,672 - FINISHED LOOP

INFO: 2026-03-01 00:10:10,734 - STARTING LOOP
INFO: 2026-03-01 00:10:10,743 - Nothing to download from MillionVerifier!
INFO: 2026-03-01 00:10:10,744 - FINISHED LOOP

INFO: 2026-03-01 00:20:09,366 - STARTING LOOP
INFO: 2026-03-01 00:20:09,376 - Nothing to download from MillionVerifier!
INFO: 2026-03-01 00:20:09,376 - FINISHED LOOP

INFO: 2026-03-01 00:30:09,039 - STARTING LOOP
INFO: 2026-03-01 00:30:09,044 - Nothing to download from MillionVerifier!
INFO: 2026-03-01 00:30:09,044 - FINISHED LOOP

INFO: 2026-03-01 00:40:08,706 - STARTING LOOP
INFO: 2026-03-01 00:40:08,718 - Nothing to download from MillionVerifier!
INFO: 2026-03-01 00:40:08,718 - FINISHED LOOP

INFO: 2026-03-01 00:50:08,055 - STARTING LOOP
INFO: 2026-03-01 00:50:08,066 - Nothing to download from MillionVerifier!
INFO: 2026-03-01 00:50:08,066 - FINISHED LOOP

INFO: 2026-03-01 01:00:08,864 - STARTING LOOP
INFO: 2026-03-01 01:00:08,867 - Nothing to download from MillionVerifier!
INFO: 2026-03-01 01:00:08,867 - FINISHED LOOP

INFO: 2026-03-01 06:16:49,693 - STARTING LOOP
INFO: 2026-03-01 06:16:49,707 - Nothing to download from MillionVerifier!
INFO: 2026-03-01 06:16:49,708 - FINISHED LOOP

INFO: 2026-03-01 06:41:51,017 - STARTING LOOP
INFO: 2026-03-01 06:41:51,023 - Nothing to download from MillionVerifier!
INFO: 2026-03-01 06:41:51,023 - FINISHED LOOP

INFO: 2026-03-01 07:07:13,287 - STARTING LOOP
INFO: 2026-03-01 07:07:13,291 - Nothing to download from MillionVerifier!
INFO: 2026-03-01 07:07:13,291 - FINISHED LOOP

INFO: 2026-03-01 08:03:19,105 - STARTING LOOP
INFO: 2026-03-01 08:03:19,109 - Nothing to download from MillionVerifier!
INFO: 2026-03-01 08:03:19,109 - FINISHED LOOP

INFO: 2026-03-01 08:51:00,010 - STARTING LOOP
INFO: 2026-03-01 08:51:00,025 - Nothing to download from MillionVerifier!
INFO: 2026-03-01 08:51:00,026 - FINISHED LOOP

INFO: 2026-03-01 09:20:06,737 - STARTING LOOP
INFO: 2026-03-01 09:20:06,745 - Nothing to download from MillionVerifier!
INFO: 2026-03-01 09:20:06,745 - FINISHED LOOP

INFO: 2026-03-01 09:46:04,029 - STARTING LOOP
INFO: 2026-03-01 09:46:04,038 - Nothing to download from MillionVerifier!
INFO: 2026-03-01 09:46:04,038 - FINISHED LOOP

INFO: 2026-03-01 10:36:33,148 - STARTING LOOP
INFO: 2026-03-01 10:36:33,153 - Nothing to download from MillionVerifier!
INFO: 2026-03-01 10:36:33,153 - FINISHED LOOP

INFO: 2026-03-01 12:20:17,278 - STARTING LOOP
INFO: 2026-03-01 12:20:17,288 - Nothing to download from MillionVerifier!
INFO: 2026-03-01 12:20:17,288 - FINISHED LOOP

INFO: 2026-03-01 12:43:36,066 - STARTING LOOP
INFO: 2026-03-01 12:43:36,075 - Nothing to download from MillionVerifier!
INFO: 2026-03-01 12:43:36,075 - FINISHED LOOP

INFO: 2026-03-01 12:54:52,464 - STARTING LOOP
INFO: 2026-03-01 12:54:52,475 - Nothing to download from MillionVerifier!
INFO: 2026-03-01 12:54:52,475 - FINISHED LOOP

INFO: 2026-03-01 13:10:07,677 - STARTING LOOP
INFO: 2026-03-01 13:10:07,687 - Nothing to download from MillionVerifier!
INFO: 2026-03-01 13:10:07,687 - FINISHED LOOP

INFO: 2026-03-01 13:58:40,382 - STARTING LOOP
INFO: 2026-03-01 13:58:40,396 - Nothing to download from MillionVerifier!
INFO: 2026-03-01 13:58:40,396 - FINISHED LOOP

INFO: 2026-03-01 14:50:07,783 - STARTING LOOP
INFO: 2026-03-01 14:50:07,801 - Nothing to download from MillionVerifier!
INFO: 2026-03-01 14:50:07,801 - FINISHED LOOP

INFO: 2026-03-01 15:00:14,382 - STARTING LOOP
INFO: 2026-03-01 15:00:14,387 - Nothing to download from MillionVerifier!
INFO: 2026-03-01 15:00:14,387 - FINISHED LOOP

INFO: 2026-03-01 16:52:14,623 - STARTING LOOP
INFO: 2026-03-01 16:52:14,634 - Nothing to download from MillionVerifier!
INFO: 2026-03-01 16:52:14,634 - FINISHED LOOP

INFO: 2026-03-01 17:00:05,256 - STARTING LOOP
INFO: 2026-03-01 17:00:05,259 - Nothing to download from MillionVerifier!
INFO: 2026-03-01 17:00:05,259 - FINISHED LOOP

INFO: 2026-03-01 17:22:05,307 - STARTING LOOP
INFO: 2026-03-01 17:22:05,313 - Nothing to download from MillionVerifier!
INFO: 2026-03-01 17:22:05,313 - FINISHED LOOP

INFO: 2026-03-01 18:30:05,527 - STARTING LOOP
INFO: 2026-03-01 18:30:05,533 - Nothing to download from MillionVerifier!
INFO: 2026-03-01 18:30:05,533 - FINISHED LOOP

INFO: 2026-03-01 19:29:53,945 - STARTING LOOP
INFO: 2026-03-01 19:29:53,954 - Nothing to download from MillionVerifier!
INFO: 2026-03-01 19:29:53,954 - FINISHED LOOP

INFO: 2026-03-01 19:34:10,645 - STARTING LOOP
INFO: 2026-03-01 19:34:10,650 - Nothing to download from MillionVerifier!
INFO: 2026-03-01 19:34:10,650 - FINISHED LOOP

INFO: 2026-03-01 19:42:01,455 - STARTING LOOP
INFO: 2026-03-01 19:42:01,502 - Nothing to download from MillionVerifier!
INFO: 2026-03-01 19:42:01,503 - FINISHED LOOP

INFO: 2026-03-01 22:20:07,725 - STARTING LOOP
INFO: 2026-03-01 22:20:07,742 - Nothing to download from MillionVerifier!
INFO: 2026-03-01 22:20:07,742 - FINISHED LOOP

INFO: 2026-03-02 00:24:45,141 - STARTING LOOP
INFO: 2026-03-02 00:24:45,147 - Nothing to download from MillionVerifier!
INFO: 2026-03-02 00:24:45,148 - FINISHED LOOP

INFO: 2026-03-02 06:10:20,777 - STARTING LOOP
INFO: 2026-03-02 06:10:20,785 - Nothing to download from MillionVerifier!
INFO: 2026-03-02 06:10:20,785 - FINISHED LOOP

INFO: 2026-03-02 06:28:33,214 - STARTING LOOP
INFO: 2026-03-02 06:28:33,222 - Nothing to download from MillionVerifier!
INFO: 2026-03-02 06:28:33,222 - FINISHED LOOP

INFO: 2026-03-02 06:38:42,243 - STARTING LOOP
INFO: 2026-03-02 06:38:42,248 - Nothing to download from MillionVerifier!
INFO: 2026-03-02 06:38:42,248 - FINISHED LOOP

INFO: 2026-03-02 06:40:05,752 - STARTING LOOP
INFO: 2026-03-02 06:40:05,760 - Nothing to download from MillionVerifier!
INFO: 2026-03-02 06:40:05,760 - FINISHED LOOP

INFO: 2026-03-02 06:56:41,613 - STARTING LOOP
INFO: 2026-03-02 06:56:41,619 - Nothing to download from MillionVerifier!
INFO: 2026-03-02 06:56:41,619 - FINISHED LOOP

INFO: 2026-03-02 07:05:31,607 - STARTING LOOP
INFO: 2026-03-02 07:05:31,613 - Nothing to download from MillionVerifier!
INFO: 2026-03-02 07:05:31,613 - FINISHED LOOP

INFO: 2026-03-02 07:10:10,930 - STARTING LOOP
INFO: 2026-03-02 07:10:10,938 - Nothing to download from MillionVerifier!
INFO: 2026-03-02 07:10:10,938 - FINISHED LOOP

INFO: 2026-03-02 07:20:35,158 - STARTING LOOP
INFO: 2026-03-02 07:20:35,164 - Nothing to download from MillionVerifier!
INFO: 2026-03-02 07:20:35,164 - FINISHED LOOP

INFO: 2026-03-02 07:35:58,590 - STARTING LOOP
INFO: 2026-03-02 07:35:58,599 - Nothing to download from MillionVerifier!
INFO: 2026-03-02 07:35:58,599 - FINISHED LOOP

INFO: 2026-03-02 07:42:14,219 - STARTING LOOP
INFO: 2026-03-02 07:42:14,240 - Nothing to download from MillionVerifier!
INFO: 2026-03-02 07:42:14,240 - FINISHED LOOP

INFO: 2026-03-02 08:10:09,140 - STARTING LOOP
INFO: 2026-03-02 08:10:09,149 - Nothing to download from MillionVerifier!
INFO: 2026-03-02 08:10:09,149 - FINISHED LOOP

INFO: 2026-03-02 08:21:39,105 - STARTING LOOP
INFO: 2026-03-02 08:21:39,112 - Nothing to download from MillionVerifier!
INFO: 2026-03-02 08:21:39,113 - FINISHED LOOP

INFO: 2026-03-02 09:22:33,824 - STARTING LOOP
INFO: 2026-03-02 09:22:33,830 - Nothing to download from MillionVerifier!
INFO: 2026-03-02 09:22:33,830 - FINISHED LOOP

INFO: 2026-03-02 09:34:29,660 - STARTING LOOP
INFO: 2026-03-02 09:34:29,664 - Nothing to download from MillionVerifier!
INFO: 2026-03-02 09:34:29,664 - FINISHED LOOP

INFO: 2026-03-02 09:42:03,724 - STARTING LOOP
INFO: 2026-03-02 09:42:03,739 - Nothing to download from MillionVerifier!
INFO: 2026-03-02 09:42:03,739 - FINISHED LOOP

INFO: 2026-03-02 09:50:13,290 - STARTING LOOP
INFO: 2026-03-02 09:50:13,304 - Nothing to download from MillionVerifier!
INFO: 2026-03-02 09:50:13,304 - FINISHED LOOP

INFO: 2026-03-02 10:00:12,128 - STARTING LOOP
INFO: 2026-03-02 10:00:12,175 - Nothing to download from MillionVerifier!
INFO: 2026-03-02 10:00:12,175 - FINISHED LOOP

INFO: 2026-03-02 10:10:08,134 - STARTING LOOP
INFO: 2026-03-02 10:10:08,148 - Nothing to download from MillionVerifier!
INFO: 2026-03-02 10:10:08,148 - FINISHED LOOP

INFO: 2026-03-02 10:20:08,991 - STARTING LOOP
INFO: 2026-03-02 10:20:08,999 - Nothing to download from MillionVerifier!
INFO: 2026-03-02 10:20:08,999 - FINISHED LOOP

INFO: 2026-03-02 10:30:10,482 - STARTING LOOP
INFO: 2026-03-02 10:30:10,489 - Nothing to download from MillionVerifier!
INFO: 2026-03-02 10:30:10,489 - FINISHED LOOP

INFO: 2026-03-02 10:40:09,447 - STARTING LOOP
INFO: 2026-03-02 10:40:09,519 - Nothing to download from MillionVerifier!
INFO: 2026-03-02 10:40:09,519 - FINISHED LOOP

INFO: 2026-03-02 10:50:08,789 - STARTING LOOP
INFO: 2026-03-02 10:50:08,798 - Nothing to download from MillionVerifier!
INFO: 2026-03-02 10:50:08,799 - FINISHED LOOP

INFO: 2026-03-02 11:00:08,828 - STARTING LOOP
INFO: 2026-03-02 11:00:08,833 - Nothing to download from MillionVerifier!
INFO: 2026-03-02 11:00:08,833 - FINISHED LOOP

INFO: 2026-03-02 11:10:13,247 - STARTING LOOP
INFO: 2026-03-02 11:10:13,251 - Nothing to download from MillionVerifier!
INFO: 2026-03-02 11:10:13,251 - FINISHED LOOP

INFO: 2026-03-02 11:20:09,448 - STARTING LOOP
DEBUG: 2026-03-02 11:20:09,509 - Starting new HTTPS connection (1): bulkapi.millionverifier.com:443
DEBUG: 2026-03-02 11:20:09,898 - https://bulkapi.millionverifier.com:443 "GET /bulkapi/v2/fileinfo?key=***REMOVED***&file_id=30319482 HTTP/1.1" 200 None
INFO: 2026-03-02 11:20:09,900 - FINISHED LOOP

INFO: 2026-03-02 11:30:41,103 - STARTING LOOP
DEBUG: 2026-03-02 11:30:42,195 - Starting new HTTPS connection (1): bulkapi.millionverifier.com:443
DEBUG: 2026-03-02 11:30:43,701 - https://bulkapi.millionverifier.com:443 "GET /bulkapi/v2/fileinfo?key=***REMOVED***&file_id=30319482 HTTP/1.1" 200 None
INFO: 2026-03-02 11:30:43,706 - FINISHED LOOP

INFO: 2026-03-02 11:40:13,646 - STARTING LOOP
DEBUG: 2026-03-02 11:40:13,703 - Starting new HTTPS connection (1): bulkapi.millionverifier.com:443
DEBUG: 2026-03-02 11:40:14,094 - https://bulkapi.millionverifier.com:443 "GET /bulkapi/v2/fileinfo?key=***REMOVED***&file_id=30319482 HTTP/1.1" 200 None
DEBUG: 2026-03-02 11:40:14,100 - Starting new HTTPS connection (1): bulkapi.millionverifier.com:443
DEBUG: 2026-03-02 11:40:14,489 - https://bulkapi.millionverifier.com:443 "GET /bulkapi/v2/fileinfo?key=***REMOVED***&file_id=30319568 HTTP/1.1" 200 None
INFO: 2026-03-02 11:40:14,493 - FINISHED LOOP

INFO: 2026-03-02 11:50:12,376 - STARTING LOOP
DEBUG: 2026-03-02 11:50:12,455 - Starting new HTTPS connection (1): bulkapi.millionverifier.com:443
DEBUG: 2026-03-02 11:50:13,227 - https://bulkapi.millionverifier.com:443 "GET /bulkapi/v2/fileinfo?key=***REMOVED***&file_id=30319482 HTTP/1.1" 200 None
INFO: 2026-03-02 11:50:13,233 - Downloading 1993742 - hcr_usa_parents...
DEBUG: 2026-03-02 11:50:13,239 - Starting new HTTPS connection (1): bulkapi.millionverifier.com:443
DEBUG: 2026-03-02 11:50:13,665 - https://bulkapi.millionverifier.com:443 "GET /bulkapi/v2/download?key=***REMOVED***&file_id=30319482&filter=all HTTP/1.1" 200 0
INFO: 2026-03-02 11:50:13,668 - Updating validation status... 
WARNING: 2026-03-02 11:50:13,668 - Error processing MillionVerifier job 30319482: 
traceback:
Traceback (most recent call last):
  File "/Users/albertoruizcajiga/python/sis_international/million_verifier_worker.py", line 42, in download_and_process_all_available_lists_on_mv
    update_validation_status(validated_file_name)
  File "/Users/albertoruizcajiga/python/sis_international/modules/database/database.py", line 388, in update_validation_status
    headers = next(reader)
              ^^^^^^^^^^^^
StopIteration

During handling of the above exception, another exception occurred:

Traceback (most recent call last):
  File "/Users/albertoruizcajiga/python/sis_international/million_verifier_worker.py", line 57, in <module>
    download_and_process_all_available_lists_on_mv()
  File "/Users/albertoruizcajiga/python/sis_international/million_verifier_worker.py", line 50, in download_and_process_all_available_lists_on_mv
    traceback.print_exc() 
    ^^^^^^^^^
NameError: name 'traceback' is not defined
INFO: 2026-03-02 12:00:07,757 - STARTING LOOP
DEBUG: 2026-03-02 12:00:07,819 - Starting new HTTPS connection (1): bulkapi.millionverifier.com:443
DEBUG: 2026-03-02 12:00:08,251 - https://bulkapi.millionverifier.com:443 "GET /bulkapi/v2/fileinfo?key=***REMOVED***&file_id=30319482 HTTP/1.1" 200 None
INFO: 2026-03-02 12:00:08,255 - Downloading 1993742 - hcr_usa_parents...
DEBUG: 2026-03-02 12:00:08,259 - Starting new HTTPS connection (1): bulkapi.millionverifier.com:443
DEBUG: 2026-03-02 12:00:08,674 - https://bulkapi.millionverifier.com:443 "GET /bulkapi/v2/download?key=***REMOVED***&file_id=30319482&filter=all HTTP/1.1" 200 0
INFO: 2026-03-02 12:00:08,679 - Updating validation status... 
WARNING: 2026-03-02 12:00:08,680 - Error processing MillionVerifier job 30319482: 
traceback:
Traceback (most recent call last):
  File "/Users/albertoruizcajiga/python/sis_international/million_verifier_worker.py", line 42, in download_and_process_all_available_lists_on_mv
    update_validation_status(validated_file_name)
  File "/Users/albertoruizcajiga/python/sis_international/modules/database/database.py", line 388, in update_validation_status
    headers = next(reader)
              ^^^^^^^^^^^^
StopIteration

During handling of the above exception, another exception occurred:

Traceback (most recent call last):
  File "/Users/albertoruizcajiga/python/sis_international/million_verifier_worker.py", line 57, in <module>
    download_and_process_all_available_lists_on_mv()
  File "/Users/albertoruizcajiga/python/sis_international/million_verifier_worker.py", line 50, in download_and_process_all_available_lists_on_mv
    traceback.print_exc() 
    ^^^^^^^^^
NameError: name 'traceback' is not defined
INFO: 2026-03-02 12:10:16,031 - STARTING LOOP
INFO: 2026-03-02 12:10:16,062 - Nothing to download from MillionVerifier!
INFO: 2026-03-02 12:10:16,062 - FINISHED LOOP

INFO: 2026-03-02 12:20:13,246 - STARTING LOOP
DEBUG: 2026-03-02 12:20:13,362 - Starting new HTTPS connection (1): bulkapi.millionverifier.com:443
DEBUG: 2026-03-02 12:20:13,775 - https://bulkapi.millionverifier.com:443 "GET /bulkapi/v2/fileinfo?key=***REMOVED***&file_id=30319749 HTTP/1.1" 200 None
INFO: 2026-03-02 12:20:13,777 - FINISHED LOOP

INFO: 2026-03-02 12:30:11,210 - STARTING LOOP
DEBUG: 2026-03-02 12:30:11,281 - Starting new HTTPS connection (1): bulkapi.millionverifier.com:443
DEBUG: 2026-03-02 12:30:11,710 - https://bulkapi.millionverifier.com:443 "GET /bulkapi/v2/fileinfo?key=***REMOVED***&file_id=30319749 HTTP/1.1" 200 None
INFO: 2026-03-02 12:30:11,714 - FINISHED LOOP

INFO: 2026-03-02 12:40:15,734 - STARTING LOOP
DEBUG: 2026-03-02 12:40:15,870 - Starting new HTTPS connection (1): bulkapi.millionverifier.com:443
DEBUG: 2026-03-02 12:40:16,274 - https://bulkapi.millionverifier.com:443 "GET /bulkapi/v2/fileinfo?key=***REMOVED***&file_id=30319749 HTTP/1.1" 200 None
INFO: 2026-03-02 12:40:16,277 - FINISHED LOOP

INFO: 2026-03-02 12:50:08,314 - STARTING LOOP
DEBUG: 2026-03-02 12:50:08,369 - Starting new HTTPS connection (1): bulkapi.millionverifier.com:443
DEBUG: 2026-03-02 12:50:08,796 - https://bulkapi.millionverifier.com:443 "GET /bulkapi/v2/fileinfo?key=***REMOVED***&file_id=30319749 HTTP/1.1" 200 None
DEBUG: 2026-03-02 12:50:08,804 - Starting new HTTPS connection (1): bulkapi.millionverifier.com:443
DEBUG: 2026-03-02 12:50:09,169 - https://bulkapi.millionverifier.com:443 "GET /bulkapi/v2/fileinfo?key=***REMOVED***&file_id=30319875 HTTP/1.1" 200 None
INFO: 2026-03-02 12:50:09,172 - FINISHED LOOP

INFO: 2026-03-02 12:58:28,378 - STARTING LOOP
DEBUG: 2026-03-02 12:58:28,420 - Starting new HTTPS connection (1): bulkapi.millionverifier.com:443
DEBUG: 2026-03-02 12:58:28,886 - https://bulkapi.millionverifier.com:443 "GET /bulkapi/v2/fileinfo?key=***REMOVED***&file_id=30319749 HTTP/1.1" 200 None
INFO: 2026-03-02 12:58:28,889 - Downloading 123456 - sales...
DEBUG: 2026-03-02 12:58:28,891 - Starting new HTTPS connection (1): bulkapi.millionverifier.com:443
DEBUG: 2026-03-02 12:58:29,293 - https://bulkapi.millionverifier.com:443 "GET /bulkapi/v2/download?key=***REMOVED***&file_id=30319749&filter=all HTTP/1.1" 200 1739720
DEBUG: 2026-03-02 12:58:30,055 - Encoding detection: ascii is most likely the one.
INFO: 2026-03-02 12:58:30,118 - Updating validation status... 
INFO: 2026-03-02 12:58:47,798 - DONE!
DEBUG: 2026-03-02 12:58:47,810 - Starting new HTTPS connection (1): bulkapi.millionverifier.com:443
DEBUG: 2026-03-02 12:58:48,049 - https://bulkapi.millionverifier.com:443 "GET /bulkapi/v2/fileinfo?key=***REMOVED***&file_id=30319875 HTTP/1.1" 200 None
INFO: 2026-03-02 12:58:48,052 - FINISHED LOOP

INFO: 2026-03-02 13:00:11,833 - STARTING LOOP
DEBUG: 2026-03-02 13:00:11,891 - Starting new HTTPS connection (1): bulkapi.millionverifier.com:443
DEBUG: 2026-03-02 13:00:12,314 - https://bulkapi.millionverifier.com:443 "GET /bulkapi/v2/fileinfo?key=***REMOVED***&file_id=30319875 HTTP/1.1" 200 None
INFO: 2026-03-02 13:00:12,318 - FINISHED LOOP

INFO: 2026-03-02 13:07:14,579 - STARTING LOOP
DEBUG: 2026-03-02 13:07:14,598 - Starting new HTTPS connection (1): bulkapi.millionverifier.com:443
DEBUG: 2026-03-02 13:07:15,003 - https://bulkapi.millionverifier.com:443 "GET /bulkapi/v2/fileinfo?key=***REMOVED***&file_id=30319875 HTTP/1.1" 200 None
INFO: 2026-03-02 13:07:15,006 - Downloading 1993742 - hcr_usa_parents...
DEBUG: 2026-03-02 13:07:15,009 - Starting new HTTPS connection (1): bulkapi.millionverifier.com:443
DEBUG: 2026-03-02 13:07:15,427 - https://bulkapi.millionverifier.com:443 "GET /bulkapi/v2/download?key=***REMOVED***&file_id=30319875&filter=all HTTP/1.1" 200 220465
DEBUG: 2026-03-02 13:07:15,940 - Encoding detection: ascii is most likely the one.
INFO: 2026-03-02 13:07:15,953 - Updating validation status... 
INFO: 2026-03-02 13:07:19,171 - DONE!
DEBUG: 2026-03-02 13:07:19,173 - Starting new HTTPS connection (1): bulkapi.millionverifier.com:443
DEBUG: 2026-03-02 13:07:19,577 - https://bulkapi.millionverifier.com:443 "GET /bulkapi/v2/fileinfo?key=***REMOVED***&file_id=30319970 HTTP/1.1" 200 None
INFO: 2026-03-02 13:07:19,582 - FINISHED LOOP

INFO: 2026-03-02 13:10:08,896 - STARTING LOOP
DEBUG: 2026-03-02 13:10:08,926 - Starting new HTTPS connection (1): bulkapi.millionverifier.com:443
DEBUG: 2026-03-02 13:10:09,353 - https://bulkapi.millionverifier.com:443 "GET /bulkapi/v2/fileinfo?key=***REMOVED***&file_id=30319970 HTTP/1.1" 200 None
INFO: 2026-03-02 13:10:09,356 - FINISHED LOOP

INFO: 2026-03-02 13:20:15,556 - STARTING LOOP
DEBUG: 2026-03-02 13:20:15,721 - Starting new HTTPS connection (1): bulkapi.millionverifier.com:443
DEBUG: 2026-03-02 13:20:16,248 - https://bulkapi.millionverifier.com:443 "GET /bulkapi/v2/fileinfo?key=***REMOVED***&file_id=30319970 HTTP/1.1" 200 None
DEBUG: 2026-03-02 13:20:16,270 - Starting new HTTPS connection (1): bulkapi.millionverifier.com:443
DEBUG: 2026-03-02 13:20:16,683 - https://bulkapi.millionverifier.com:443 "GET /bulkapi/v2/fileinfo?key=***REMOVED***&file_id=30320025 HTTP/1.1" 200 None
INFO: 2026-03-02 13:20:16,686 - FINISHED LOOP

INFO: 2026-03-02 15:04:51,269 - STARTING LOOP
DEBUG: 2026-03-02 15:04:51,571 - Starting new HTTPS connection (1): bulkapi.millionverifier.com:443
DEBUG: 2026-03-02 15:04:51,992 - https://bulkapi.millionverifier.com:443 "GET /bulkapi/v2/fileinfo?key=***REMOVED***&file_id=30319970 HTTP/1.1" 200 None
INFO: 2026-03-02 15:04:51,999 - Downloading 123456 - sales...
DEBUG: 2026-03-02 15:04:52,002 - Starting new HTTPS connection (1): bulkapi.millionverifier.com:443
DEBUG: 2026-03-02 15:04:52,418 - https://bulkapi.millionverifier.com:443 "GET /bulkapi/v2/download?key=***REMOVED***&file_id=30319970&filter=all HTTP/1.1" 200 854877
DEBUG: 2026-03-02 15:04:53,045 - Encoding detection: ascii is most likely the one.
INFO: 2026-03-02 15:04:53,092 - Updating validation status... 
INFO: 2026-03-02 15:05:59,087 - STARTING LOOP
DEBUG: 2026-03-02 15:05:59,099 - Starting new HTTPS connection (1): bulkapi.millionverifier.com:443
DEBUG: 2026-03-02 15:05:59,503 - https://bulkapi.millionverifier.com:443 "GET /bulkapi/v2/fileinfo?key=***REMOVED***&file_id=30319970 HTTP/1.1" 200 None
INFO: 2026-03-02 15:05:59,512 - Downloading 123456 - sales...
DEBUG: 2026-03-02 15:05:59,517 - Starting new HTTPS connection (1): bulkapi.millionverifier.com:443
DEBUG: 2026-03-02 15:05:59,988 - https://bulkapi.millionverifier.com:443 "GET /bulkapi/v2/download?key=***REMOVED***&file_id=30319970&filter=all HTTP/1.1" 200 854877
DEBUG: 2026-03-02 15:06:00,531 - Encoding detection: ascii is most likely the one.
INFO: 2026-03-02 15:06:00,577 - Updating validation status... 

INFO: 2026-03-02 16:15:50,682 - Lock!
INFO: 2026-03-02 16:16:15,286 - STARTING LOOP
DEBUG: 2026-03-02 16:16:15,461 - Starting new HTTPS connection (1): bulkapi.millionverifier.com:443
DEBUG: 2026-03-02 16:16:15,925 - https://bulkapi.millionverifier.com:443 "GET /bulkapi/v2/fileinfo?key=***REMOVED***&file_id=30319970 HTTP/1.1" 200 None
INFO: 2026-03-02 16:16:15,928 - Downloading 123456 - sales...
DEBUG: 2026-03-02 16:16:15,930 - Starting new HTTPS connection (1): bulkapi.millionverifier.com:443
DEBUG: 2026-03-02 16:16:16,439 - https://bulkapi.millionverifier.com:443 "GET /bulkapi/v2/download?key=***REMOVED***&file_id=30319970&filter=all HTTP/1.1" 200 854877
DEBUG: 2026-03-02 16:16:16,966 - Encoding detection: ascii is most likely the one.
INFO: 2026-03-02 16:16:17,012 - Updating validation status... 
INFO: 2026-03-02 16:16:25,132 - DONE!
DEBUG: 2026-03-02 16:16:25,135 - Starting new HTTPS connection (1): bulkapi.millionverifier.com:443
DEBUG: 2026-03-02 16:16:25,519 - https://bulkapi.millionverifier.com:443 "GET /bulkapi/v2/fileinfo?key=***REMOVED***&file_id=30320025 HTTP/1.1" 200 None
INFO: 2026-03-02 16:16:25,523 - Downloading 1993742 - hcr_usa_parents...
DEBUG: 2026-03-02 16:16:25,526 - Starting new HTTPS connection (1): bulkapi.millionverifier.com:443
DEBUG: 2026-03-02 16:16:25,964 - https://bulkapi.millionverifier.com:443 "GET /bulkapi/v2/download?key=***REMOVED***&file_id=30320025&filter=all HTTP/1.1" 200 41451
DEBUG: 2026-03-02 16:16:26,056 - Encoding detection: ascii is most likely the one.
INFO: 2026-03-02 16:16:26,064 - Updating validation status... 
INFO: 2026-03-02 16:16:26,508 - DONE!
DEBUG: 2026-03-02 16:16:26,510 - Starting new HTTPS connection (1): bulkapi.millionverifier.com:443
DEBUG: 2026-03-02 16:16:26,778 - https://bulkapi.millionverifier.com:443 "GET /bulkapi/v2/fileinfo?key=***REMOVED***&file_id=30320048 HTTP/1.1" 200 None
INFO: 2026-03-02 16:16:26,784 - Downloading 1993973 - intralink_realtors_florida_melissa...
DEBUG: 2026-03-02 16:16:26,789 - Starting new HTTPS connection (1): bulkapi.millionverifier.com:443
DEBUG: 2026-03-02 16:16:27,079 - https://bulkapi.millionverifier.com:443 "GET /bulkapi/v2/download?key=***REMOVED***&file_id=30320048&filter=all HTTP/1.1" 200 123
DEBUG: 2026-03-02 16:16:27,087 - Encoding detection: utf_8 is most likely the one.
INFO: 2026-03-02 16:16:27,091 - Updating validation status... 
INFO: 2026-03-02 16:16:27,093 - DONE!
INFO: 2026-03-02 16:16:27,093 - FINISHED LOOP

INFO: 2026-03-02 16:29:22,459 - STARTING LOOP
DEBUG: 2026-03-02 16:29:22,470 - Starting new HTTPS connection (1): bulkapi.millionverifier.com:443
DEBUG: 2026-03-02 16:29:22,853 - https://bulkapi.millionverifier.com:443 "GET /bulkapi/v2/fileinfo?key=***REMOVED***&file_id=30320913 HTTP/1.1" 200 None
INFO: 2026-03-02 16:29:22,857 - Downloading 1993742 - hcr_usa_parents...
DEBUG: 2026-03-02 16:29:22,860 - Starting new HTTPS connection (1): bulkapi.millionverifier.com:443
DEBUG: 2026-03-02 16:29:23,289 - https://bulkapi.millionverifier.com:443 "GET /bulkapi/v2/download?key=***REMOVED***&file_id=30320913&filter=all HTTP/1.1" 200 2815
DEBUG: 2026-03-02 16:29:23,298 - Encoding detection: ascii is most likely the one.
INFO: 2026-03-02 16:29:23,300 - Updating validation status... 
INFO: 2026-03-02 16:29:23,373 - DONE!
DEBUG: 2026-03-02 16:29:23,376 - Starting new HTTPS connection (1): bulkapi.millionverifier.com:443
DEBUG: 2026-03-02 16:29:23,790 - https://bulkapi.millionverifier.com:443 "GET /bulkapi/v2/fileinfo?key=***REMOVED***&file_id=30320919 HTTP/1.1" 200 None
INFO: 2026-03-02 16:29:23,796 - Downloading 1993973 - intralink_realtors_florida_melissa...
DEBUG: 2026-03-02 16:29:23,799 - Starting new HTTPS connection (1): bulkapi.millionverifier.com:443
DEBUG: 2026-03-02 16:29:24,084 - https://bulkapi.millionverifier.com:443 "GET /bulkapi/v2/download?key=***REMOVED***&file_id=30320919&filter=all HTTP/1.1" 200 123
DEBUG: 2026-03-02 16:29:24,093 - Encoding detection: utf_8 is most likely the one.
INFO: 2026-03-02 16:29:24,095 - Updating validation status... 
INFO: 2026-03-02 16:29:24,098 - DONE!
DEBUG: 2026-03-02 16:29:24,101 - Starting new HTTPS connection (1): bulkapi.millionverifier.com:443
DEBUG: 2026-03-02 16:29:24,388 - https://bulkapi.millionverifier.com:443 "GET /bulkapi/v2/fileinfo?key=***REMOVED***&file_id=30320967 HTTP/1.1" 200 None
DEBUG: 2026-03-02 16:29:24,399 - Starting new HTTPS connection (1): bulkapi.millionverifier.com:443
DEBUG: 2026-03-02 16:29:24,917 - https://bulkapi.millionverifier.com:443 "GET /bulkapi/v2/fileinfo?key=***REMOVED***&file_id=30320977 HTTP/1.1" 200 None
INFO: 2026-03-02 16:29:24,922 - FINISHED LOOP

INFO: 2026-03-02 16:29:46,619 - STARTING LOOP
DEBUG: 2026-03-02 16:29:46,626 - Starting new HTTPS connection (1): bulkapi.millionverifier.com:443
DEBUG: 2026-03-02 16:29:46,902 - https://bulkapi.millionverifier.com:443 "GET /bulkapi/v2/fileinfo?key=***REMOVED***&file_id=30320967 HTTP/1.1" 200 None
DEBUG: 2026-03-02 16:29:46,912 - Starting new HTTPS connection (1): bulkapi.millionverifier.com:443
DEBUG: 2026-03-02 16:29:47,341 - https://bulkapi.millionverifier.com:443 "GET /bulkapi/v2/fileinfo?key=***REMOVED***&file_id=30320977 HTTP/1.1" 200 None
INFO: 2026-03-02 16:29:47,342 - FINISHED LOOP

INFO: 2026-03-02 17:20:08,730 - STARTING LOOP
DEBUG: 2026-03-02 17:20:08,796 - Starting new HTTPS connection (1): bulkapi.millionverifier.com:443
DEBUG: 2026-03-02 17:20:09,264 - https://bulkapi.millionverifier.com:443 "GET /bulkapi/v2/fileinfo?key=***REMOVED***&file_id=30320967 HTTP/1.1" 200 None
INFO: 2026-03-02 17:20:09,270 - Downloading 123456 - sales...
DEBUG: 2026-03-02 17:20:09,273 - Starting new HTTPS connection (1): bulkapi.millionverifier.com:443
DEBUG: 2026-03-02 17:20:09,696 - https://bulkapi.millionverifier.com:443 "GET /bulkapi/v2/download?key=***REMOVED***&file_id=30320967&filter=all HTTP/1.1" 200 1622126
DEBUG: 2026-03-02 17:20:10,494 - Encoding detection: ascii is most likely the one.
INFO: 2026-03-02 17:20:10,623 - Updating validation status... 
INFO: 2026-03-02 17:20:43,941 - DONE!
DEBUG: 2026-03-02 17:20:43,953 - Starting new HTTPS connection (1): bulkapi.millionverifier.com:443
DEBUG: 2026-03-02 17:20:44,360 - https://bulkapi.millionverifier.com:443 "GET /bulkapi/v2/fileinfo?key=***REMOVED***&file_id=30320977 HTTP/1.1" 200 None
INFO: 2026-03-02 17:20:44,369 - Downloading 2001211 - gallup_korea_la...
DEBUG: 2026-03-02 17:20:44,374 - Starting new HTTPS connection (1): bulkapi.millionverifier.com:443
DEBUG: 2026-03-02 17:20:44,786 - https://bulkapi.millionverifier.com:443 "GET /bulkapi/v2/download?key=***REMOVED***&file_id=30320977&filter=all HTTP/1.1" 200 276977
DEBUG: 2026-03-02 17:20:45,309 - Encoding detection: utf_8 is most likely the one.
INFO: 2026-03-02 17:20:45,335 - Updating validation status... 
INFO: 2026-03-02 17:20:54,819 - DONE!
DEBUG: 2026-03-02 17:20:54,826 - Starting new HTTPS connection (1): bulkapi.millionverifier.com:443
DEBUG: 2026-03-02 17:20:55,345 - https://bulkapi.millionverifier.com:443 "GET /bulkapi/v2/fileinfo?key=***REMOVED***&file_id=30321020 HTTP/1.1" 200 None
INFO: 2026-03-02 17:20:55,358 - Downloading 1993973 - intralink_realtors_florida_melissa...
DEBUG: 2026-03-02 17:20:55,365 - Starting new HTTPS connection (1): bulkapi.millionverifier.com:443
DEBUG: 2026-03-02 17:20:55,678 - https://bulkapi.millionverifier.com:443 "GET /bulkapi/v2/download?key=***REMOVED***&file_id=30321020&filter=all HTTP/1.1" 200 123
DEBUG: 2026-03-02 17:20:55,686 - Encoding detection: utf_8 is most likely the one.
INFO: 2026-03-02 17:20:55,690 - Updating validation status... 
INFO: 2026-03-02 17:20:55,697 - DONE!
INFO: 2026-03-02 17:20:55,697 - FINISHED LOOP

success!
success!
success!
INFO: 2026-03-02 17:35:19,091 - STARTING LOOP
DEBUG: 2026-03-02 17:35:19,996 - Starting new HTTPS connection (1): bulkapi.millionverifier.com:443
DEBUG: 2026-03-02 17:35:21,956 - https://bulkapi.millionverifier.com:443 "GET /bulkapi/v2/fileinfo?key=***REMOVED***&file_id=30321216 HTTP/1.1" 200 None
DEBUG: 2026-03-02 17:35:21,969 - Starting new HTTPS connection (1): bulkapi.millionverifier.com:443
DEBUG: 2026-03-02 17:35:22,371 - https://bulkapi.millionverifier.com:443 "GET /bulkapi/v2/fileinfo?key=***REMOVED***&file_id=30321219 HTTP/1.1" 200 None
INFO: 2026-03-02 17:35:22,375 - FINISHED LOOP

INFO: 2026-03-02 17:40:06,411 - STARTING LOOP
DEBUG: 2026-03-02 17:40:06,438 - Starting new HTTPS connection (1): bulkapi.millionverifier.com:443
DEBUG: 2026-03-02 17:40:06,829 - https://bulkapi.millionverifier.com:443 "GET /bulkapi/v2/fileinfo?key=***REMOVED***&file_id=30321216 HTTP/1.1" 200 None
DEBUG: 2026-03-02 17:40:06,835 - Starting new HTTPS connection (1): bulkapi.millionverifier.com:443
DEBUG: 2026-03-02 17:40:07,219 - https://bulkapi.millionverifier.com:443 "GET /bulkapi/v2/fileinfo?key=***REMOVED***&file_id=30321219 HTTP/1.1" 200 None
INFO: 2026-03-02 17:40:07,224 - Downloading 2001211 - gallup_korea_la...
DEBUG: 2026-03-02 17:40:07,230 - Starting new HTTPS connection (1): bulkapi.millionverifier.com:443
DEBUG: 2026-03-02 17:40:07,753 - https://bulkapi.millionverifier.com:443 "GET /bulkapi/v2/download?key=***REMOVED***&file_id=30321219&filter=all HTTP/1.1" 200 208976
DEBUG: 2026-03-02 17:40:08,066 - Encoding detection: utf_8 is most likely the one.
INFO: 2026-03-02 17:40:08,086 - Updating validation status... 
INFO: 2026-03-02 17:40:12,947 - DONE!
INFO: 2026-03-02 17:40:12,947 - FINISHED LOOP

success!
INFO: 2026-03-02 17:50:05,417 - STARTING LOOP
DEBUG: 2026-03-02 17:50:05,469 - Starting new HTTPS connection (1): bulkapi.millionverifier.com:443
DEBUG: 2026-03-02 17:50:05,972 - https://bulkapi.millionverifier.com:443 "GET /bulkapi/v2/fileinfo?key=***REMOVED***&file_id=30321216 HTTP/1.1" 200 None
DEBUG: 2026-03-02 17:50:05,981 - Starting new HTTPS connection (1): bulkapi.millionverifier.com:443
DEBUG: 2026-03-02 17:50:06,484 - https://bulkapi.millionverifier.com:443 "GET /bulkapi/v2/fileinfo?key=***REMOVED***&file_id=30321260 HTTP/1.1" 200 None
INFO: 2026-03-02 17:50:06,489 - FINISHED LOOP

INFO: 2026-03-02 18:00:04,988 - STARTING LOOP
DEBUG: 2026-03-02 18:00:05,048 - Starting new HTTPS connection (1): bulkapi.millionverifier.com:443
DEBUG: 2026-03-02 18:00:05,521 - https://bulkapi.millionverifier.com:443 "GET /bulkapi/v2/fileinfo?key=***REMOVED***&file_id=30321216 HTTP/1.1" 200 None
DEBUG: 2026-03-02 18:00:05,528 - Starting new HTTPS connection (1): bulkapi.millionverifier.com:443
DEBUG: 2026-03-02 18:00:05,839 - https://bulkapi.millionverifier.com:443 "GET /bulkapi/v2/fileinfo?key=***REMOVED***&file_id=30321260 HTTP/1.1" 200 None
INFO: 2026-03-02 18:00:05,846 - Downloading 2001211 - gallup_korea_la...
DEBUG: 2026-03-02 18:00:05,850 - Starting new HTTPS connection (1): bulkapi.millionverifier.com:443
DEBUG: 2026-03-02 18:00:06,342 - https://bulkapi.millionverifier.com:443 "GET /bulkapi/v2/download?key=***REMOVED***&file_id=30321260&filter=all HTTP/1.1" 200 158575
DEBUG: 2026-03-02 18:00:06,721 - Encoding detection: utf_8 is most likely the one.
INFO: 2026-03-02 18:00:06,737 - Updating validation status... 
INFO: 2026-03-02 18:00:10,000 - DONE!
INFO: 2026-03-02 18:00:10,001 - FINISHED LOOP

success!
INFO: 2026-03-02 18:07:35,629 - STARTING LOOP
DEBUG: 2026-03-02 18:07:35,674 - Starting new HTTPS connection (1): bulkapi.millionverifier.com:443
DEBUG: 2026-03-02 18:07:36,082 - https://bulkapi.millionverifier.com:443 "GET /bulkapi/v2/fileinfo?key=***REMOVED***&file_id=30321216 HTTP/1.1" 200 None
INFO: 2026-03-02 18:07:36,088 - Downloading 123456 - sales...
DEBUG: 2026-03-02 18:07:36,092 - Starting new HTTPS connection (1): bulkapi.millionverifier.com:443
DEBUG: 2026-03-02 18:07:36,373 - https://bulkapi.millionverifier.com:443 "GET /bulkapi/v2/download?key=***REMOVED***&file_id=30321216&filter=all HTTP/1.1" 200 1591721
DEBUG: 2026-03-02 18:07:37,112 - Encoding detection: ascii is most likely the one.
INFO: 2026-03-02 18:07:37,179 - Updating validation status... 
INFO: 2026-03-02 18:08:29,225 - DONE!
INFO: 2026-03-02 18:08:29,225 - FINISHED LOOP

INFO: 2026-03-02 18:10:07,577 - STARTING LOOP
INFO: 2026-03-02 18:10:07,580 - Nothing to download from MillionVerifier!
INFO: 2026-03-02 18:10:07,580 - FINISHED LOOP

INFO: 2026-03-02 18:20:06,198 - STARTING LOOP
DEBUG: 2026-03-02 18:20:06,261 - Starting new HTTPS connection (1): bulkapi.millionverifier.com:443
DEBUG: 2026-03-02 18:20:06,672 - https://bulkapi.millionverifier.com:443 "GET /bulkapi/v2/fileinfo?key=***REMOVED***&file_id=30321323 HTTP/1.1" 200 None
INFO: 2026-03-02 18:20:06,675 - FINISHED LOOP

INFO: 2026-03-02 18:30:08,652 - STARTING LOOP
DEBUG: 2026-03-02 18:30:08,708 - Starting new HTTPS connection (1): bulkapi.millionverifier.com:443
DEBUG: 2026-03-02 18:30:09,102 - https://bulkapi.millionverifier.com:443 "GET /bulkapi/v2/fileinfo?key=***REMOVED***&file_id=30321323 HTTP/1.1" 200 None
INFO: 2026-03-02 18:30:09,104 - FINISHED LOOP

INFO: 2026-03-02 18:40:07,694 - STARTING LOOP
DEBUG: 2026-03-02 18:40:07,756 - Starting new HTTPS connection (1): bulkapi.millionverifier.com:443
DEBUG: 2026-03-02 18:40:08,160 - https://bulkapi.millionverifier.com:443 "GET /bulkapi/v2/fileinfo?key=***REMOVED***&file_id=30321323 HTTP/1.1" 200 None
INFO: 2026-03-02 18:40:08,163 - FINISHED LOOP

INFO: 2026-03-02 18:50:07,362 - STARTING LOOP
DEBUG: 2026-03-02 18:50:07,422 - Starting new HTTPS connection (1): bulkapi.millionverifier.com:443
DEBUG: 2026-03-02 18:50:07,735 - https://bulkapi.millionverifier.com:443 "GET /bulkapi/v2/fileinfo?key=***REMOVED***&file_id=30321323 HTTP/1.1" 200 None
INFO: 2026-03-02 18:50:07,738 - FINISHED LOOP

INFO: 2026-03-02 19:00:06,632 - STARTING LOOP
DEBUG: 2026-03-02 19:00:06,676 - Starting new HTTPS connection (1): bulkapi.millionverifier.com:443
DEBUG: 2026-03-02 19:00:07,126 - https://bulkapi.millionverifier.com:443 "GET /bulkapi/v2/fileinfo?key=***REMOVED***&file_id=30321323 HTTP/1.1" 200 None
INFO: 2026-03-02 19:00:07,128 - FINISHED LOOP

INFO: 2026-03-02 19:10:05,913 - STARTING LOOP
DEBUG: 2026-03-02 19:10:05,965 - Starting new HTTPS connection (1): bulkapi.millionverifier.com:443
DEBUG: 2026-03-02 19:10:06,387 - https://bulkapi.millionverifier.com:443 "GET /bulkapi/v2/fileinfo?key=***REMOVED***&file_id=30321323 HTTP/1.1" 200 None
INFO: 2026-03-02 19:10:06,392 - Downloading 123456 - sales...
DEBUG: 2026-03-02 19:10:06,396 - Starting new HTTPS connection (1): bulkapi.millionverifier.com:443
DEBUG: 2026-03-02 19:10:06,679 - https://bulkapi.millionverifier.com:443 "GET /bulkapi/v2/download?key=***REMOVED***&file_id=30321323&filter=all HTTP/1.1" 200 2029007
DEBUG: 2026-03-02 19:10:07,557 - Encoding detection: ascii is most likely the one.
INFO: 2026-03-02 19:10:07,728 - Updating validation status... 
INFO: 2026-03-02 19:11:20,390 - DONE!
INFO: 2026-03-02 19:11:20,394 - FINISHED LOOP

success!
INFO: 2026-03-02 19:20:07,083 - STARTING LOOP
INFO: 2026-03-02 19:20:07,093 - Nothing to download from MillionVerifier!
INFO: 2026-03-02 19:20:07,094 - FINISHED LOOP

INFO: 2026-03-02 19:30:05,332 - STARTING LOOP
DEBUG: 2026-03-02 19:30:05,385 - Starting new HTTPS connection (1): bulkapi.millionverifier.com:443
DEBUG: 2026-03-02 19:30:05,787 - https://bulkapi.millionverifier.com:443 "GET /bulkapi/v2/fileinfo?key=***REMOVED***&file_id=30321475 HTTP/1.1" 200 None
INFO: 2026-03-02 19:30:05,790 - FINISHED LOOP

INFO: 2026-03-02 19:40:07,761 - STARTING LOOP
DEBUG: 2026-03-02 19:40:07,808 - Starting new HTTPS connection (1): bulkapi.millionverifier.com:443
DEBUG: 2026-03-02 19:40:08,297 - https://bulkapi.millionverifier.com:443 "GET /bulkapi/v2/fileinfo?key=***REMOVED***&file_id=30321475 HTTP/1.1" 200 None
INFO: 2026-03-02 19:40:08,300 - FINISHED LOOP

INFO: 2026-03-02 19:50:08,094 - STARTING LOOP
DEBUG: 2026-03-02 19:50:08,160 - Starting new HTTPS connection (1): bulkapi.millionverifier.com:443
DEBUG: 2026-03-02 19:50:08,549 - https://bulkapi.millionverifier.com:443 "GET /bulkapi/v2/fileinfo?key=***REMOVED***&file_id=30321475 HTTP/1.1" 200 None
INFO: 2026-03-02 19:50:08,552 - FINISHED LOOP

INFO: 2026-03-02 20:00:08,531 - STARTING LOOP
DEBUG: 2026-03-02 20:00:08,577 - Starting new HTTPS connection (1): bulkapi.millionverifier.com:443
DEBUG: 2026-03-02 20:00:09,036 - https://bulkapi.millionverifier.com:443 "GET /bulkapi/v2/fileinfo?key=***REMOVED***&file_id=30321475 HTTP/1.1" 200 None
INFO: 2026-03-02 20:00:09,039 - Downloading 123456 - sales...
DEBUG: 2026-03-02 20:00:09,042 - Starting new HTTPS connection (1): bulkapi.millionverifier.com:443
DEBUG: 2026-03-02 20:00:09,486 - https://bulkapi.millionverifier.com:443 "GET /bulkapi/v2/download?key=***REMOVED***&file_id=30321475&filter=all HTTP/1.1" 200 495373
DEBUG: 2026-03-02 20:00:10,150 - Encoding detection: ascii is most likely the one.
INFO: 2026-03-02 20:00:10,195 - Updating validation status... 
INFO: 2026-03-02 20:00:22,033 - DONE!
INFO: 2026-03-02 20:00:22,035 - FINISHED LOOP

success!
INFO: 2026-03-02 20:10:08,992 - STARTING LOOP
DEBUG: 2026-03-02 20:10:09,042 - Starting new HTTPS connection (1): bulkapi.millionverifier.com:443
DEBUG: 2026-03-02 20:10:09,463 - https://bulkapi.millionverifier.com:443 "GET /bulkapi/v2/fileinfo?key=***REMOVED***&file_id=30321612 HTTP/1.1" 200 None
INFO: 2026-03-02 20:10:09,466 - FINISHED LOOP

INFO: 2026-03-02 20:20:08,135 - STARTING LOOP
DEBUG: 2026-03-02 20:20:08,194 - Starting new HTTPS connection (1): bulkapi.millionverifier.com:443
DEBUG: 2026-03-02 20:20:08,604 - https://bulkapi.millionverifier.com:443 "GET /bulkapi/v2/fileinfo?key=***REMOVED***&file_id=30321612 HTTP/1.1" 200 None
INFO: 2026-03-02 20:20:08,606 - FINISHED LOOP

INFO: 2026-03-02 20:30:08,610 - STARTING LOOP
DEBUG: 2026-03-02 20:30:08,665 - Starting new HTTPS connection (1): bulkapi.millionverifier.com:443
DEBUG: 2026-03-02 20:30:09,055 - https://bulkapi.millionverifier.com:443 "GET /bulkapi/v2/fileinfo?key=***REMOVED***&file_id=30321612 HTTP/1.1" 200 None
INFO: 2026-03-02 20:30:09,067 - FINISHED LOOP

INFO: 2026-03-02 20:40:09,876 - STARTING LOOP
DEBUG: 2026-03-02 20:40:09,937 - Starting new HTTPS connection (1): bulkapi.millionverifier.com:443
DEBUG: 2026-03-02 20:40:10,354 - https://bulkapi.millionverifier.com:443 "GET /bulkapi/v2/fileinfo?key=***REMOVED***&file_id=30321612 HTTP/1.1" 200 None
INFO: 2026-03-02 20:40:10,358 - Downloading 123456 - sales...
DEBUG: 2026-03-02 20:40:10,363 - Starting new HTTPS connection (1): bulkapi.millionverifier.com:443
DEBUG: 2026-03-02 20:40:10,756 - https://bulkapi.millionverifier.com:443 "GET /bulkapi/v2/download?key=***REMOVED***&file_id=30321612&filter=all HTTP/1.1" 200 500868
DEBUG: 2026-03-02 20:40:11,358 - Encoding detection: ascii is most likely the one.
INFO: 2026-03-02 20:40:11,403 - Updating validation status... 
INFO: 2026-03-02 20:40:24,942 - DONE!
INFO: 2026-03-02 20:40:24,943 - FINISHED LOOP

success!
INFO: 2026-03-02 20:50:06,912 - STARTING LOOP
DEBUG: 2026-03-02 20:50:07,073 - Starting new HTTPS connection (1): bulkapi.millionverifier.com:443
DEBUG: 2026-03-02 20:50:07,378 - https://bulkapi.millionverifier.com:443 "GET /bulkapi/v2/fileinfo?key=***REMOVED***&file_id=30321711 HTTP/1.1" 200 None
INFO: 2026-03-02 20:50:07,382 - Downloading 123456 - sales...
DEBUG: 2026-03-02 20:50:07,386 - Starting new HTTPS connection (1): bulkapi.millionverifier.com:443
DEBUG: 2026-03-02 20:50:07,696 - https://bulkapi.millionverifier.com:443 "GET /bulkapi/v2/download?key=***REMOVED***&file_id=30321711&filter=all HTTP/1.1" 200 190252
DEBUG: 2026-03-02 20:50:08,103 - Encoding detection: ascii is most likely the one.
INFO: 2026-03-02 20:50:08,122 - Updating validation status... 
INFO: 2026-03-02 20:50:13,835 - DONE!
INFO: 2026-03-02 20:50:13,835 - FINISHED LOOP

success!
INFO: 2026-03-02 21:00:08,766 - STARTING LOOP
INFO: 2026-03-02 21:00:08,776 - Nothing to download from MillionVerifier!
INFO: 2026-03-02 21:00:08,776 - FINISHED LOOP

INFO: 2026-03-02 21:10:09,764 - STARTING LOOP
INFO: 2026-03-02 21:10:09,781 - Nothing to download from MillionVerifier!
INFO: 2026-03-02 21:10:09,781 - FINISHED LOOP

INFO: 2026-03-02 21:20:10,971 - STARTING LOOP
INFO: 2026-03-02 21:20:10,984 - Nothing to download from MillionVerifier!
INFO: 2026-03-02 21:20:10,984 - FINISHED LOOP

INFO: 2026-03-02 21:50:10,788 - STARTING LOOP
INFO: 2026-03-02 21:50:10,799 - Nothing to download from MillionVerifier!
INFO: 2026-03-02 21:50:10,800 - FINISHED LOOP

INFO: 2026-03-02 22:40:07,887 - STARTING LOOP
INFO: 2026-03-02 22:40:07,896 - Nothing to download from MillionVerifier!
INFO: 2026-03-02 22:40:07,896 - FINISHED LOOP

INFO: 2026-03-02 22:51:59,414 - STARTING LOOP
INFO: 2026-03-02 22:51:59,426 - Nothing to download from MillionVerifier!
INFO: 2026-03-02 22:51:59,426 - FINISHED LOOP

INFO: 2026-03-03 00:10:07,969 - STARTING LOOP
INFO: 2026-03-03 00:10:07,980 - Nothing to download from MillionVerifier!
INFO: 2026-03-03 00:10:07,980 - FINISHED LOOP

INFO: 2026-03-03 01:50:07,168 - STARTING LOOP
INFO: 2026-03-03 01:50:07,181 - Nothing to download from MillionVerifier!
INFO: 2026-03-03 01:50:07,181 - FINISHED LOOP

INFO: 2026-03-03 04:52:44,104 - STARTING LOOP
INFO: 2026-03-03 04:52:44,112 - Nothing to download from MillionVerifier!
INFO: 2026-03-03 04:52:44,112 - FINISHED LOOP

INFO: 2026-03-03 05:30:05,563 - STARTING LOOP
INFO: 2026-03-03 05:30:05,572 - Nothing to download from MillionVerifier!
INFO: 2026-03-03 05:30:05,572 - FINISHED LOOP

INFO: 2026-03-03 05:48:21,512 - STARTING LOOP
INFO: 2026-03-03 05:48:21,522 - Nothing to download from MillionVerifier!
INFO: 2026-03-03 05:48:21,523 - FINISHED LOOP

INFO: 2026-03-03 05:54:04,843 - STARTING LOOP
INFO: 2026-03-03 05:54:04,845 - Nothing to download from MillionVerifier!
INFO: 2026-03-03 05:54:04,845 - FINISHED LOOP

INFO: 2026-03-03 06:00:05,342 - STARTING LOOP
INFO: 2026-03-03 06:00:05,345 - Nothing to download from MillionVerifier!
INFO: 2026-03-03 06:00:05,345 - FINISHED LOOP

INFO: 2026-03-03 06:15:27,282 - STARTING LOOP
INFO: 2026-03-03 06:15:27,290 - Nothing to download from MillionVerifier!
INFO: 2026-03-03 06:15:27,290 - FINISHED LOOP

INFO: 2026-03-03 06:50:34,084 - STARTING LOOP
INFO: 2026-03-03 06:50:34,095 - Nothing to download from MillionVerifier!
INFO: 2026-03-03 06:50:34,095 - FINISHED LOOP

INFO: 2026-03-03 07:00:12,404 - STARTING LOOP
INFO: 2026-03-03 07:00:12,413 - Nothing to download from MillionVerifier!
INFO: 2026-03-03 07:00:12,413 - FINISHED LOOP

INFO: 2026-03-03 07:49:26,177 - STARTING LOOP
INFO: 2026-03-03 07:49:26,186 - Nothing to download from MillionVerifier!
INFO: 2026-03-03 07:49:26,186 - FINISHED LOOP

INFO: 2026-03-03 07:50:05,660 - STARTING LOOP
INFO: 2026-03-03 07:50:05,662 - Nothing to download from MillionVerifier!
INFO: 2026-03-03 07:50:05,662 - FINISHED LOOP

INFO: 2026-03-03 08:00:05,462 - STARTING LOOP
INFO: 2026-03-03 08:00:05,465 - Nothing to download from MillionVerifier!
INFO: 2026-03-03 08:00:05,465 - FINISHED LOOP

INFO: 2026-03-03 08:10:05,799 - STARTING LOOP
INFO: 2026-03-03 08:10:05,806 - Nothing to download from MillionVerifier!
INFO: 2026-03-03 08:10:05,806 - FINISHED LOOP

INFO: 2026-03-03 08:26:14,048 - STARTING LOOP
INFO: 2026-03-03 08:26:14,052 - Nothing to download from MillionVerifier!
INFO: 2026-03-03 08:26:14,052 - FINISHED LOOP

INFO: 2026-03-03 08:33:52,891 - STARTING LOOP
INFO: 2026-03-03 08:33:52,898 - Nothing to download from MillionVerifier!
INFO: 2026-03-03 08:33:52,898 - FINISHED LOOP

INFO: 2026-03-03 08:40:06,343 - STARTING LOOP
INFO: 2026-03-03 08:40:06,352 - Nothing to download from MillionVerifier!
INFO: 2026-03-03 08:40:06,352 - FINISHED LOOP

INFO: 2026-03-03 09:36:32,381 - STARTING LOOP
INFO: 2026-03-03 09:36:32,455 - Nothing to download from MillionVerifier!
INFO: 2026-03-03 09:36:32,456 - FINISHED LOOP

INFO: 2026-03-03 09:52:57,996 - STARTING LOOP
INFO: 2026-03-03 09:52:58,006 - Nothing to download from MillionVerifier!
INFO: 2026-03-03 09:52:58,006 - FINISHED LOOP

INFO: 2026-03-03 10:10:58,064 - STARTING LOOP
INFO: 2026-03-03 10:10:58,079 - Nothing to download from MillionVerifier!
INFO: 2026-03-03 10:10:58,079 - FINISHED LOOP

INFO: 2026-03-03 10:11:02,350 - STARTING LOOP
INFO: 2026-03-03 10:11:02,352 - Nothing to download from MillionVerifier!
INFO: 2026-03-03 10:11:02,352 - FINISHED LOOP

INFO: 2026-03-03 10:30:07,588 - STARTING LOOP
INFO: 2026-03-03 10:30:07,598 - Nothing to download from MillionVerifier!
INFO: 2026-03-03 10:30:07,598 - FINISHED LOOP

INFO: 2026-03-03 10:41:48,301 - STARTING LOOP
INFO: 2026-03-03 10:41:48,311 - Nothing to download from MillionVerifier!
INFO: 2026-03-03 10:41:48,311 - FINISHED LOOP

INFO: 2026-03-03 10:50:11,543 - STARTING LOOP
INFO: 2026-03-03 10:50:11,562 - Nothing to download from MillionVerifier!
INFO: 2026-03-03 10:50:11,562 - FINISHED LOOP

INFO: 2026-03-03 11:00:08,501 - STARTING LOOP
INFO: 2026-03-03 11:00:08,512 - Nothing to download from MillionVerifier!
INFO: 2026-03-03 11:00:08,513 - FINISHED LOOP

INFO: 2026-03-03 11:10:07,715 - STARTING LOOP
DEBUG: 2026-03-03 11:10:07,758 - Starting new HTTPS connection (1): bulkapi.millionverifier.com:443
DEBUG: 2026-03-03 11:10:08,170 - https://bulkapi.millionverifier.com:443 "GET /bulkapi/v2/fileinfo?key=***REMOVED***&file_id=30325698 HTTP/1.1" 200 None
DEBUG: 2026-03-03 11:10:08,178 - Starting new HTTPS connection (1): bulkapi.millionverifier.com:443
DEBUG: 2026-03-03 11:10:09,614 - https://bulkapi.millionverifier.com:443 "GET /bulkapi/v2/fileinfo?key=***REMOVED***&file_id=30325700 HTTP/1.1" 200 None
INFO: 2026-03-03 11:10:09,616 - FINISHED LOOP

INFO: 2026-03-03 11:20:10,205 - STARTING LOOP
DEBUG: 2026-03-03 11:20:10,354 - Starting new HTTPS connection (1): bulkapi.millionverifier.com:443
DEBUG: 2026-03-03 11:20:10,721 - https://bulkapi.millionverifier.com:443 "GET /bulkapi/v2/fileinfo?key=***REMOVED***&file_id=30325698 HTTP/1.1" 200 None
INFO: 2026-03-03 11:20:10,725 - Downloading 1993742 - hcr_usa_parents...
DEBUG: 2026-03-03 11:20:10,729 - Starting new HTTPS connection (1): bulkapi.millionverifier.com:443
DEBUG: 2026-03-03 11:20:11,147 - https://bulkapi.millionverifier.com:443 "GET /bulkapi/v2/download?key=***REMOVED***&file_id=30325698&filter=all HTTP/1.1" 200 130204
DEBUG: 2026-03-03 11:20:11,514 - Encoding detection: ascii is most likely the one.
INFO: 2026-03-03 11:20:11,529 - Updating validation status... 
INFO: 2026-03-03 11:20:15,569 - DONE!
DEBUG: 2026-03-03 11:20:15,606 - Starting new HTTPS connection (1): bulkapi.millionverifier.com:443
DEBUG: 2026-03-03 11:20:16,018 - https://bulkapi.millionverifier.com:443 "GET /bulkapi/v2/fileinfo?key=***REMOVED***&file_id=30325700 HTTP/1.1" 200 None
INFO: 2026-03-03 11:20:16,047 - Downloading 2001211 - gallup_korea_la...
DEBUG: 2026-03-03 11:20:16,053 - Starting new HTTPS connection (1): bulkapi.millionverifier.com:443
DEBUG: 2026-03-03 11:20:16,468 - https://bulkapi.millionverifier.com:443 "GET /bulkapi/v2/download?key=***REMOVED***&file_id=30325700&filter=all HTTP/1.1" 200 77964
DEBUG: 2026-03-03 11:20:16,755 - Encoding detection: utf_8 is most likely the one.
INFO: 2026-03-03 11:20:16,766 - Updating validation status... 
INFO: 2026-03-03 11:20:18,903 - DONE!
INFO: 2026-03-03 11:20:18,908 - FINISHED LOOP

success!
success!
INFO: 2026-03-03 11:30:11,185 - STARTING LOOP
INFO: 2026-03-03 11:30:11,191 - Nothing to download from MillionVerifier!
INFO: 2026-03-03 11:30:11,191 - FINISHED LOOP

INFO: 2026-03-03 11:40:06,391 - STARTING LOOP
INFO: 2026-03-03 11:40:06,395 - Nothing to download from MillionVerifier!
INFO: 2026-03-03 11:40:06,395 - FINISHED LOOP

INFO: 2026-03-03 11:50:09,201 - STARTING LOOP
INFO: 2026-03-03 11:50:09,213 - Nothing to download from MillionVerifier!
INFO: 2026-03-03 11:50:09,213 - FINISHED LOOP

INFO: 2026-03-03 12:00:08,555 - STARTING LOOP
INFO: 2026-03-03 12:00:08,560 - Nothing to download from MillionVerifier!
INFO: 2026-03-03 12:00:08,561 - FINISHED LOOP

INFO: 2026-03-03 12:10:10,876 - STARTING LOOP
INFO: 2026-03-03 12:10:10,888 - Nothing to download from MillionVerifier!
INFO: 2026-03-03 12:10:10,888 - FINISHED LOOP

INFO: 2026-03-03 12:20:08,354 - STARTING LOOP
INFO: 2026-03-03 12:20:08,368 - Nothing to download from MillionVerifier!
INFO: 2026-03-03 12:20:08,368 - FINISHED LOOP

INFO: 2026-03-03 12:30:07,965 - STARTING LOOP
INFO: 2026-03-03 12:30:07,970 - Nothing to download from MillionVerifier!
INFO: 2026-03-03 12:30:07,970 - FINISHED LOOP

INFO: 2026-03-03 12:40:07,355 - STARTING LOOP
INFO: 2026-03-03 12:40:07,366 - Nothing to download from MillionVerifier!
INFO: 2026-03-03 12:40:07,366 - FINISHED LOOP

INFO: 2026-03-03 12:50:08,064 - STARTING LOOP
INFO: 2026-03-03 12:50:08,071 - Nothing to download from MillionVerifier!
INFO: 2026-03-03 12:50:08,071 - FINISHED LOOP

INFO: 2026-03-03 13:03:51,020 - STARTING LOOP
INFO: 2026-03-03 13:03:51,024 - Nothing to download from MillionVerifier!
INFO: 2026-03-03 13:03:51,024 - FINISHED LOOP

INFO: 2026-03-03 13:10:07,673 - STARTING LOOP
INFO: 2026-03-03 13:10:07,684 - Nothing to download from MillionVerifier!
INFO: 2026-03-03 13:10:07,685 - FINISHED LOOP

INFO: 2026-03-03 13:20:07,303 - STARTING LOOP
INFO: 2026-03-03 13:20:07,311 - Nothing to download from MillionVerifier!
INFO: 2026-03-03 13:20:07,311 - FINISHED LOOP

INFO: 2026-03-03 13:30:08,573 - STARTING LOOP
DEBUG: 2026-03-03 13:30:08,607 - Starting new HTTPS connection (1): bulkapi.millionverifier.com:443
DEBUG: 2026-03-03 13:30:09,225 - https://bulkapi.millionverifier.com:443 "GET /bulkapi/v2/fileinfo?key=***REMOVED***&file_id=30326506 HTTP/1.1" 200 None
INFO: 2026-03-03 13:30:09,228 - FINISHED LOOP

INFO: 2026-03-03 13:40:26,301 - STARTING LOOP
DEBUG: 2026-03-03 13:40:26,531 - Starting new HTTPS connection (1): bulkapi.millionverifier.com:443
DEBUG: 2026-03-03 13:40:27,355 - https://bulkapi.millionverifier.com:443 "GET /bulkapi/v2/fileinfo?key=***REMOVED***&file_id=30326506 HTTP/1.1" 200 None
INFO: 2026-03-03 13:40:27,429 - Downloading 2001211 - gallup_korea_la...
DEBUG: 2026-03-03 13:40:27,432 - Starting new HTTPS connection (1): bulkapi.millionverifier.com:443
DEBUG: 2026-03-03 13:40:27,956 - https://bulkapi.millionverifier.com:443 "GET /bulkapi/v2/download?key=***REMOVED***&file_id=30326506&filter=all HTTP/1.1" 200 58248
DEBUG: 2026-03-03 13:40:28,250 - Encoding detection: utf_8 is most likely the one.
INFO: 2026-03-03 13:40:28,259 - Updating validation status... 
INFO: 2026-03-03 13:40:29,733 - DONE!
DEBUG: 2026-03-03 13:40:29,739 - Starting new HTTPS connection (1): bulkapi.millionverifier.com:443
DEBUG: 2026-03-03 13:40:30,018 - https://bulkapi.millionverifier.com:443 "GET /bulkapi/v2/fileinfo?key=***REMOVED***&file_id=30326548 HTTP/1.1" 200 None
INFO: 2026-03-03 13:40:30,021 - FINISHED LOOP

success!
INFO: 2026-03-03 13:50:06,914 - STARTING LOOP
DEBUG: 2026-03-03 13:50:06,976 - Starting new HTTPS connection (1): bulkapi.millionverifier.com:443
DEBUG: 2026-03-03 13:50:07,436 - https://bulkapi.millionverifier.com:443 "GET /bulkapi/v2/fileinfo?key=***REMOVED***&file_id=30326548 HTTP/1.1" 200 None
DEBUG: 2026-03-03 13:50:07,442 - Starting new HTTPS connection (1): bulkapi.millionverifier.com:443
DEBUG: 2026-03-03 13:50:07,845 - https://bulkapi.millionverifier.com:443 "GET /bulkapi/v2/fileinfo?key=***REMOVED***&file_id=30326625 HTTP/1.1" 200 None
INFO: 2026-03-03 13:50:07,848 - FINISHED LOOP

INFO: 2026-03-03 14:00:08,211 - STARTING LOOP
DEBUG: 2026-03-03 14:00:08,280 - Starting new HTTPS connection (1): bulkapi.millionverifier.com:443
DEBUG: 2026-03-03 14:00:08,719 - https://bulkapi.millionverifier.com:443 "GET /bulkapi/v2/fileinfo?key=***REMOVED***&file_id=30326548 HTTP/1.1" 200 None
DEBUG: 2026-03-03 14:00:08,728 - Starting new HTTPS connection (1): bulkapi.millionverifier.com:443
DEBUG: 2026-03-03 14:00:08,989 - https://bulkapi.millionverifier.com:443 "GET /bulkapi/v2/fileinfo?key=***REMOVED***&file_id=30326625 HTTP/1.1" 200 None
INFO: 2026-03-03 14:00:08,993 - Downloading 2001211 - gallup_korea_la...
DEBUG: 2026-03-03 14:00:08,997 - Starting new HTTPS connection (1): bulkapi.millionverifier.com:443
DEBUG: 2026-03-03 14:00:09,382 - https://bulkapi.millionverifier.com:443 "GET /bulkapi/v2/download?key=***REMOVED***&file_id=30326625&filter=all HTTP/1.1" 200 38107
DEBUG: 2026-03-03 14:00:09,523 - Encoding detection: utf_8 is most likely the one.
INFO: 2026-03-03 14:00:09,532 - Updating validation status... 
INFO: 2026-03-03 14:00:10,700 - DONE!
INFO: 2026-03-03 14:00:10,700 - FINISHED LOOP

success!
INFO: 2026-03-03 14:10:09,799 - STARTING LOOP
DEBUG: 2026-03-03 14:10:09,872 - Starting new HTTPS connection (1): bulkapi.millionverifier.com:443
DEBUG: 2026-03-03 14:10:10,322 - https://bulkapi.millionverifier.com:443 "GET /bulkapi/v2/fileinfo?key=***REMOVED***&file_id=30326548 HTTP/1.1" 200 None
INFO: 2026-03-03 14:10:10,325 - Downloading 1993742 - hcr_usa_parents...
DEBUG: 2026-03-03 14:10:10,330 - Starting new HTTPS connection (1): bulkapi.millionverifier.com:443
DEBUG: 2026-03-03 14:10:10,830 - https://bulkapi.millionverifier.com:443 "GET /bulkapi/v2/download?key=***REMOVED***&file_id=30326548&filter=all HTTP/1.1" 200 1177456
DEBUG: 2026-03-03 14:10:11,490 - Encoding detection: ascii is most likely the one.
INFO: 2026-03-03 14:10:11,600 - Updating validation status... 
INFO: 2026-03-03 14:10:32,546 - DONE!
DEBUG: 2026-03-03 14:10:32,554 - Starting new HTTPS connection (1): bulkapi.millionverifier.com:443
DEBUG: 2026-03-03 14:10:32,965 - https://bulkapi.millionverifier.com:443 "GET /bulkapi/v2/fileinfo?key=***REMOVED***&file_id=30326758 HTTP/1.1" 200 None
INFO: 2026-03-03 14:10:32,970 - Downloading 2001211 - gallup_korea_la...
DEBUG: 2026-03-03 14:10:32,975 - Starting new HTTPS connection (1): bulkapi.millionverifier.com:443
DEBUG: 2026-03-03 14:10:33,470 - https://bulkapi.millionverifier.com:443 "GET /bulkapi/v2/download?key=***REMOVED***&file_id=30326758&filter=all HTTP/1.1" 200 25620
DEBUG: 2026-03-03 14:10:33,529 - Encoding detection: utf_8 is most likely the one.
INFO: 2026-03-03 14:10:33,537 - Updating validation status... 
INFO: 2026-03-03 14:10:34,140 - DONE!
INFO: 2026-03-03 14:10:34,140 - FINISHED LOOP

success!
success!
INFO: 2026-03-03 14:20:16,369 - STARTING LOOP
DEBUG: 2026-03-03 14:20:16,424 - Starting new HTTPS connection (1): bulkapi.millionverifier.com:443
DEBUG: 2026-03-03 14:20:16,836 - https://bulkapi.millionverifier.com:443 "GET /bulkapi/v2/fileinfo?key=***REMOVED***&file_id=30326820 HTTP/1.1" 200 None
DEBUG: 2026-03-03 14:20:16,841 - Starting new HTTPS connection (1): bulkapi.millionverifier.com:443
DEBUG: 2026-03-03 14:20:17,232 - https://bulkapi.millionverifier.com:443 "GET /bulkapi/v2/fileinfo?key=***REMOVED***&file_id=30326825 HTTP/1.1" 200 None
INFO: 2026-03-03 14:20:17,236 - Downloading 2001211 - gallup_korea_la...
DEBUG: 2026-03-03 14:20:17,240 - Starting new HTTPS connection (1): bulkapi.millionverifier.com:443
DEBUG: 2026-03-03 14:20:17,661 - https://bulkapi.millionverifier.com:443 "GET /bulkapi/v2/download?key=***REMOVED***&file_id=30326825&filter=all HTTP/1.1" 200 20285
DEBUG: 2026-03-03 14:20:17,761 - Encoding detection: ascii is most likely the one.
INFO: 2026-03-03 14:20:17,766 - Updating validation status... 
INFO: 2026-03-03 14:20:18,398 - DONE!
INFO: 2026-03-03 14:20:18,398 - FINISHED LOOP

success!
INFO: 2026-03-03 14:30:08,095 - STARTING LOOP
DEBUG: 2026-03-03 14:30:08,157 - Starting new HTTPS connection (1): bulkapi.millionverifier.com:443
DEBUG: 2026-03-03 14:30:08,567 - https://bulkapi.millionverifier.com:443 "GET /bulkapi/v2/fileinfo?key=***REMOVED***&file_id=30326820 HTTP/1.1" 200 None
DEBUG: 2026-03-03 14:30:08,575 - Starting new HTTPS connection (1): bulkapi.millionverifier.com:443
DEBUG: 2026-03-03 14:30:08,984 - https://bulkapi.millionverifier.com:443 "GET /bulkapi/v2/fileinfo?key=***REMOVED***&file_id=30326959 HTTP/1.1" 200 None
INFO: 2026-03-03 14:30:08,988 - Downloading 2001211 - gallup_korea_la...
DEBUG: 2026-03-03 14:30:08,992 - Starting new HTTPS connection (1): bulkapi.millionverifier.com:443
DEBUG: 2026-03-03 14:30:09,273 - https://bulkapi.millionverifier.com:443 "GET /bulkapi/v2/download?key=***REMOVED***&file_id=30326959&filter=all HTTP/1.1" 200 16495
DEBUG: 2026-03-03 14:30:09,404 - Encoding detection: ascii is most likely the one.
INFO: 2026-03-03 14:30:09,409 - Updating validation status... 
INFO: 2026-03-03 14:30:10,042 - DONE!
INFO: 2026-03-03 14:30:10,042 - FINISHED LOOP

success!
INFO: 2026-03-03 14:40:07,541 - STARTING LOOP
DEBUG: 2026-03-03 14:40:07,602 - Starting new HTTPS connection (1): bulkapi.millionverifier.com:443
DEBUG: 2026-03-03 14:40:08,002 - https://bulkapi.millionverifier.com:443 "GET /bulkapi/v2/fileinfo?key=***REMOVED***&file_id=30326820 HTTP/1.1" 200 None
DEBUG: 2026-03-03 14:40:08,009 - Starting new HTTPS connection (1): bulkapi.millionverifier.com:443
DEBUG: 2026-03-03 14:40:08,426 - https://bulkapi.millionverifier.com:443 "GET /bulkapi/v2/fileinfo?key=***REMOVED***&file_id=30327109 HTTP/1.1" 200 None
INFO: 2026-03-03 14:40:08,429 - FINISHED LOOP

INFO: 2026-03-03 14:50:08,478 - STARTING LOOP
DEBUG: 2026-03-03 14:50:08,548 - Starting new HTTPS connection (1): bulkapi.millionverifier.com:443
DEBUG: 2026-03-03 14:50:08,958 - https://bulkapi.millionverifier.com:443 "GET /bulkapi/v2/fileinfo?key=***REMOVED***&file_id=30326820 HTTP/1.1" 200 None
DEBUG: 2026-03-03 14:50:08,967 - Starting new HTTPS connection (1): bulkapi.millionverifier.com:443
DEBUG: 2026-03-03 14:50:09,350 - https://bulkapi.millionverifier.com:443 "GET /bulkapi/v2/fileinfo?key=***REMOVED***&file_id=30327109 HTTP/1.1" 200 None
INFO: 2026-03-03 14:50:09,354 - Downloading 2001211 - gallup_korea_la...
DEBUG: 2026-03-03 14:50:09,358 - Starting new HTTPS connection (1): bulkapi.millionverifier.com:443
DEBUG: 2026-03-03 14:50:09,814 - https://bulkapi.millionverifier.com:443 "GET /bulkapi/v2/download?key=***REMOVED***&file_id=30327109&filter=all HTTP/1.1" 200 16382
DEBUG: 2026-03-03 14:50:09,944 - Encoding detection: ascii is most likely the one.
INFO: 2026-03-03 14:50:09,949 - Updating validation status... 
INFO: 2026-03-03 14:50:10,644 - DONE!
INFO: 2026-03-03 14:50:10,644 - FINISHED LOOP

success!
INFO: 2026-03-03 15:00:08,939 - STARTING LOOP
DEBUG: 2026-03-03 15:00:09,024 - Starting new HTTPS connection (1): bulkapi.millionverifier.com:443
DEBUG: 2026-03-03 15:00:09,444 - https://bulkapi.millionverifier.com:443 "GET /bulkapi/v2/fileinfo?key=***REMOVED***&file_id=30326820 HTTP/1.1" 200 None
INFO: 2026-03-03 15:00:09,448 - Downloading 1993742 - hcr_usa_parents...
DEBUG: 2026-03-03 15:00:09,453 - Starting new HTTPS connection (1): bulkapi.millionverifier.com:443
DEBUG: 2026-03-03 15:00:09,876 - https://bulkapi.millionverifier.com:443 "GET /bulkapi/v2/download?key=***REMOVED***&file_id=30326820&filter=all HTTP/1.1" 200 1192710
DEBUG: 2026-03-03 15:00:10,982 - Encoding detection: utf_8 is most likely the one.
INFO: 2026-03-03 15:00:11,131 - Updating validation status... 
INFO: 2026-03-03 15:00:44,126 - DONE!
DEBUG: 2026-03-03 15:00:44,147 - Starting new HTTPS connection (1): bulkapi.millionverifier.com:443
DEBUG: 2026-03-03 15:00:44,571 - https://bulkapi.millionverifier.com:443 "GET /bulkapi/v2/fileinfo?key=***REMOVED***&file_id=30327234 HTTP/1.1" 200 None
INFO: 2026-03-03 15:00:44,575 - FINISHED LOOP

success!
INFO: 2026-03-03 15:10:07,333 - STARTING LOOP
DEBUG: 2026-03-03 15:10:07,396 - Starting new HTTPS connection (1): bulkapi.millionverifier.com:443
DEBUG: 2026-03-03 15:10:07,838 - https://bulkapi.millionverifier.com:443 "GET /bulkapi/v2/fileinfo?key=***REMOVED***&file_id=30327234 HTTP/1.1" 200 None
INFO: 2026-03-03 15:10:07,840 - Downloading 2001211 - gallup_korea_la...
DEBUG: 2026-03-03 15:10:07,843 - Starting new HTTPS connection (1): bulkapi.millionverifier.com:443
DEBUG: 2026-03-03 15:10:08,281 - https://bulkapi.millionverifier.com:443 "GET /bulkapi/v2/download?key=***REMOVED***&file_id=30327234&filter=all HTTP/1.1" 200 14377
DEBUG: 2026-03-03 15:10:08,418 - Encoding detection: ascii is most likely the one.
INFO: 2026-03-03 15:10:08,422 - Updating validation status... 
INFO: 2026-03-03 15:10:08,896 - DONE!
INFO: 2026-03-03 15:10:08,896 - FINISHED LOOP

success!
INFO: 2026-03-03 15:20:08,158 - STARTING LOOP
DEBUG: 2026-03-03 15:20:08,218 - Starting new HTTPS connection (1): bulkapi.millionverifier.com:443
DEBUG: 2026-03-03 15:20:08,616 - https://bulkapi.millionverifier.com:443 "GET /bulkapi/v2/fileinfo?key=***REMOVED***&file_id=30327330 HTTP/1.1" 200 None
INFO: 2026-03-03 15:20:08,619 - Downloading 2001211 - gallup_korea_la...
DEBUG: 2026-03-03 15:20:08,621 - Starting new HTTPS connection (1): bulkapi.millionverifier.com:443
DEBUG: 2026-03-03 15:20:09,068 - https://bulkapi.millionverifier.com:443 "GET /bulkapi/v2/download?key=***REMOVED***&file_id=30327330&filter=all HTTP/1.1" 200 8529
DEBUG: 2026-03-03 15:20:09,083 - Encoding detection: ascii is most likely the one.
INFO: 2026-03-03 15:20:09,086 - Updating validation status... 
INFO: 2026-03-03 15:20:09,610 - DONE!
INFO: 2026-03-03 15:20:09,610 - FINISHED LOOP

success!
INFO: 2026-03-03 15:30:09,802 - STARTING LOOP
DEBUG: 2026-03-03 15:30:09,866 - Starting new HTTPS connection (1): bulkapi.millionverifier.com:443
DEBUG: 2026-03-03 15:30:10,563 - https://bulkapi.millionverifier.com:443 "GET /bulkapi/v2/fileinfo?key=***REMOVED***&file_id=30327369 HTTP/1.1" 200 None
INFO: 2026-03-03 15:30:10,570 - Downloading 2001211 - gallup_korea_la...
DEBUG: 2026-03-03 15:30:10,574 - Starting new HTTPS connection (1): bulkapi.millionverifier.com:443
DEBUG: 2026-03-03 15:30:10,983 - https://bulkapi.millionverifier.com:443 "GET /bulkapi/v2/download?key=***REMOVED***&file_id=30327369&filter=all HTTP/1.1" 200 6905
DEBUG: 2026-03-03 15:30:11,008 - Encoding detection: ascii is most likely the one.
INFO: 2026-03-03 15:30:11,013 - Updating validation status... 
INFO: 2026-03-03 15:30:11,544 - DONE!
INFO: 2026-03-03 15:30:11,544 - FINISHED LOOP

success!
INFO: 2026-03-03 15:42:13,862 - STARTING LOOP
DEBUG: 2026-03-03 15:42:13,936 - Starting new HTTPS connection (1): bulkapi.millionverifier.com:443
DEBUG: 2026-03-03 15:42:14,382 - https://bulkapi.millionverifier.com:443 "GET /bulkapi/v2/fileinfo?key=***REMOVED***&file_id=30327397 HTTP/1.1" 200 None
INFO: 2026-03-03 15:42:14,395 - Downloading 2001211 - gallup_korea_la...
DEBUG: 2026-03-03 15:42:14,398 - Starting new HTTPS connection (1): bulkapi.millionverifier.com:443
DEBUG: 2026-03-03 15:42:14,812 - https://bulkapi.millionverifier.com:443 "GET /bulkapi/v2/download?key=***REMOVED***&file_id=30327397&filter=all HTTP/1.1" 200 5629
DEBUG: 2026-03-03 15:42:14,825 - Encoding detection: ascii is most likely the one.
INFO: 2026-03-03 15:42:14,829 - Updating validation status... 
INFO: 2026-03-03 15:42:15,085 - DONE!
INFO: 2026-03-03 15:42:15,085 - FINISHED LOOP

success!
INFO: 2026-03-03 15:50:07,352 - STARTING LOOP
DEBUG: 2026-03-03 15:50:07,399 - Starting new HTTPS connection (1): bulkapi.millionverifier.com:443
DEBUG: 2026-03-03 15:50:07,797 - https://bulkapi.millionverifier.com:443 "GET /bulkapi/v2/fileinfo?key=***REMOVED***&file_id=30327462 HTTP/1.1" 200 None
INFO: 2026-03-03 15:50:07,800 - Downloading 2001211 - gallup_korea_la...
DEBUG: 2026-03-03 15:50:07,802 - Starting new HTTPS connection (1): bulkapi.millionverifier.com:443
DEBUG: 2026-03-03 15:50:08,290 - https://bulkapi.millionverifier.com:443 "GET /bulkapi/v2/download?key=***REMOVED***&file_id=30327462&filter=all HTTP/1.1" 200 4714
DEBUG: 2026-03-03 15:50:08,301 - Encoding detection: ascii is most likely the one.
INFO: 2026-03-03 15:50:08,305 - Updating validation status... 
INFO: 2026-03-03 15:50:08,507 - DONE!
INFO: 2026-03-03 15:50:08,507 - FINISHED LOOP

success!
INFO: 2026-03-03 16:00:08,657 - STARTING LOOP
DEBUG: 2026-03-03 16:00:08,712 - Starting new HTTPS connection (1): bulkapi.millionverifier.com:443
DEBUG: 2026-03-03 16:00:09,135 - https://bulkapi.millionverifier.com:443 "GET /bulkapi/v2/fileinfo?key=***REMOVED***&file_id=30327474 HTTP/1.1" 200 None
INFO: 2026-03-03 16:00:09,139 - Downloading 2001211 - gallup_korea_la...
DEBUG: 2026-03-03 16:00:09,144 - Starting new HTTPS connection (1): bulkapi.millionverifier.com:443
DEBUG: 2026-03-03 16:00:09,684 - https://bulkapi.millionverifier.com:443 "GET /bulkapi/v2/download?key=***REMOVED***&file_id=30327474&filter=all HTTP/1.1" 200 3535
DEBUG: 2026-03-03 16:00:09,696 - Encoding detection: ascii is most likely the one.
INFO: 2026-03-03 16:00:09,700 - Updating validation status... 
INFO: 2026-03-03 16:00:09,876 - DONE!
INFO: 2026-03-03 16:00:09,876 - FINISHED LOOP

success!
INFO: 2026-03-03 16:10:08,209 - STARTING LOOP
DEBUG: 2026-03-03 16:10:08,304 - Starting new HTTPS connection (1): bulkapi.millionverifier.com:443
DEBUG: 2026-03-03 16:10:08,891 - https://bulkapi.millionverifier.com:443 "GET /bulkapi/v2/fileinfo?key=***REMOVED***&file_id=30327504 HTTP/1.1" 200 None
INFO: 2026-03-03 16:10:08,895 - Downloading 2001211 - gallup_korea_la...
DEBUG: 2026-03-03 16:10:08,899 - Starting new HTTPS connection (1): bulkapi.millionverifier.com:443
DEBUG: 2026-03-03 16:10:09,336 - https://bulkapi.millionverifier.com:443 "GET /bulkapi/v2/download?key=***REMOVED***&file_id=30327504&filter=all HTTP/1.1" 200 2892
DEBUG: 2026-03-03 16:10:09,703 - Encoding detection: ascii is most likely the one.
INFO: 2026-03-03 16:10:09,731 - Updating validation status... 
INFO: 2026-03-03 16:10:12,490 - DONE!
INFO: 2026-03-03 16:10:12,513 - FINISHED LOOP

success!
INFO: 2026-03-03 16:20:07,798 - STARTING LOOP
DEBUG: 2026-03-03 16:20:07,862 - Starting new HTTPS connection (1): bulkapi.millionverifier.com:443
DEBUG: 2026-03-03 16:20:08,278 - https://bulkapi.millionverifier.com:443 "GET /bulkapi/v2/fileinfo?key=***REMOVED***&file_id=30327548 HTTP/1.1" 200 None
INFO: 2026-03-03 16:20:08,280 - FINISHED LOOP

INFO: 2026-03-03 16:30:09,694 - STARTING LOOP
DEBUG: 2026-03-03 16:30:09,743 - Starting new HTTPS connection (1): bulkapi.millionverifier.com:443
DEBUG: 2026-03-03 16:30:10,059 - https://bulkapi.millionverifier.com:443 "GET /bulkapi/v2/fileinfo?key=***REMOVED***&file_id=30327548 HTTP/1.1" 200 None
INFO: 2026-03-03 16:30:10,061 - FINISHED LOOP

INFO: 2026-03-03 16:40:08,429 - STARTING LOOP
DEBUG: 2026-03-03 16:40:08,590 - Starting new HTTPS connection (1): bulkapi.millionverifier.com:443
DEBUG: 2026-03-03 16:40:09,028 - https://bulkapi.millionverifier.com:443 "GET /bulkapi/v2/fileinfo?key=***REMOVED***&file_id=30327548 HTTP/1.1" 200 None
INFO: 2026-03-03 16:40:09,030 - FINISHED LOOP

INFO: 2026-03-03 16:50:08,019 - STARTING LOOP
DEBUG: 2026-03-03 16:50:08,071 - Starting new HTTPS connection (1): bulkapi.millionverifier.com:443
DEBUG: 2026-03-03 16:50:08,464 - https://bulkapi.millionverifier.com:443 "GET /bulkapi/v2/fileinfo?key=***REMOVED***&file_id=30327548 HTTP/1.1" 200 None
INFO: 2026-03-03 16:50:08,466 - FINISHED LOOP

INFO: 2026-03-03 17:00:11,333 - STARTING LOOP
DEBUG: 2026-03-03 17:00:11,414 - Starting new HTTPS connection (1): bulkapi.millionverifier.com:443
DEBUG: 2026-03-03 17:00:11,904 - https://bulkapi.millionverifier.com:443 "GET /bulkapi/v2/fileinfo?key=***REMOVED***&file_id=30327548 HTTP/1.1" 200 None
INFO: 2026-03-03 17:00:11,908 - Downloading 2001211 - gallup_korea_la...
DEBUG: 2026-03-03 17:00:11,912 - Starting new HTTPS connection (1): bulkapi.millionverifier.com:443
DEBUG: 2026-03-03 17:00:12,316 - https://bulkapi.millionverifier.com:443 "GET /bulkapi/v2/download?key=***REMOVED***&file_id=30327548&filter=all HTTP/1.1" 200 2301
DEBUG: 2026-03-03 17:00:12,326 - Encoding detection: ascii is most likely the one.
INFO: 2026-03-03 17:00:12,329 - Updating validation status... 
INFO: 2026-03-03 17:00:12,417 - DONE!
INFO: 2026-03-03 17:00:12,417 - FINISHED LOOP

success!
INFO: 2026-03-03 17:10:08,098 - STARTING LOOP
DEBUG: 2026-03-03 17:10:08,171 - Starting new HTTPS connection (1): bulkapi.millionverifier.com:443
DEBUG: 2026-03-03 17:10:08,585 - https://bulkapi.millionverifier.com:443 "GET /bulkapi/v2/fileinfo?key=***REMOVED***&file_id=30328127 HTTP/1.1" 200 None
INFO: 2026-03-03 17:10:08,590 - Downloading 2001211 - gallup_korea_la...
DEBUG: 2026-03-03 17:10:08,594 - Starting new HTTPS connection (1): bulkapi.millionverifier.com:443
DEBUG: 2026-03-03 17:10:08,996 - https://bulkapi.millionverifier.com:443 "GET /bulkapi/v2/download?key=***REMOVED***&file_id=30328127&filter=all HTTP/1.1" 200 1659
DEBUG: 2026-03-03 17:10:09,006 - Encoding detection: ascii is most likely the one.
INFO: 2026-03-03 17:10:09,008 - Updating validation status... 
INFO: 2026-03-03 17:10:09,074 - DONE!
INFO: 2026-03-03 17:10:09,074 - FINISHED LOOP

success!
INFO: 2026-03-03 17:20:23,350 - STARTING LOOP
DEBUG: 2026-03-03 17:20:23,414 - Starting new HTTPS connection (1): bulkapi.millionverifier.com:443
DEBUG: 2026-03-03 17:20:23,906 - https://bulkapi.millionverifier.com:443 "GET /bulkapi/v2/fileinfo?key=***REMOVED***&file_id=30328189 HTTP/1.1" 200 None
INFO: 2026-03-03 17:20:23,909 - Downloading 2001211 - gallup_korea_la...
DEBUG: 2026-03-03 17:20:23,913 - Starting new HTTPS connection (1): bulkapi.millionverifier.com:443
DEBUG: 2026-03-03 17:20:24,316 - https://bulkapi.millionverifier.com:443 "GET /bulkapi/v2/download?key=***REMOVED***&file_id=30328189&filter=all HTTP/1.1" 200 1432
DEBUG: 2026-03-03 17:20:24,324 - Encoding detection: ascii is most likely the one.
INFO: 2026-03-03 17:20:24,326 - Updating validation status... 
INFO: 2026-03-03 17:20:24,397 - DONE!
INFO: 2026-03-03 17:20:24,397 - FINISHED LOOP

success!
INFO: 2026-03-03 17:30:23,400 - STARTING LOOP
DEBUG: 2026-03-03 17:30:23,461 - Starting new HTTPS connection (1): bulkapi.millionverifier.com:443
DEBUG: 2026-03-03 17:30:23,970 - https://bulkapi.millionverifier.com:443 "GET /bulkapi/v2/fileinfo?key=***REMOVED***&file_id=30328216 HTTP/1.1" 200 None
INFO: 2026-03-03 17:30:23,974 - Downloading 2001211 - gallup_korea_la...
DEBUG: 2026-03-03 17:30:23,978 - Starting new HTTPS connection (1): bulkapi.millionverifier.com:443
DEBUG: 2026-03-03 17:30:24,274 - https://bulkapi.millionverifier.com:443 "GET /bulkapi/v2/download?key=***REMOVED***&file_id=30328216&filter=all HTTP/1.1" 200 1009
DEBUG: 2026-03-03 17:30:24,282 - Encoding detection: ascii is most likely the one.
INFO: 2026-03-03 17:30:24,286 - Updating validation status... 
INFO: 2026-03-03 17:30:24,341 - DONE!
INFO: 2026-03-03 17:30:24,342 - FINISHED LOOP

success!
INFO: 2026-03-03 17:40:12,122 - STARTING LOOP
DEBUG: 2026-03-03 17:40:12,262 - Starting new HTTPS connection (1): bulkapi.millionverifier.com:443
DEBUG: 2026-03-03 17:40:12,708 - https://bulkapi.millionverifier.com:443 "GET /bulkapi/v2/fileinfo?key=***REMOVED***&file_id=30328240 HTTP/1.1" 200 None
INFO: 2026-03-03 17:40:12,712 - Downloading 2001211 - gallup_korea_la...
DEBUG: 2026-03-03 17:40:12,716 - Starting new HTTPS connection (1): bulkapi.millionverifier.com:443
DEBUG: 2026-03-03 17:40:13,126 - https://bulkapi.millionverifier.com:443 "GET /bulkapi/v2/download?key=***REMOVED***&file_id=30328240&filter=all HTTP/1.1" 200 735
DEBUG: 2026-03-03 17:40:13,139 - Encoding detection: ascii is most likely the one.
INFO: 2026-03-03 17:40:13,142 - Updating validation status... 
INFO: 2026-03-03 17:40:13,194 - DONE!
INFO: 2026-03-03 17:40:13,194 - FINISHED LOOP

success!
INFO: 2026-03-03 17:50:11,137 - STARTING LOOP
DEBUG: 2026-03-03 17:50:11,261 - Starting new HTTPS connection (1): bulkapi.millionverifier.com:443
DEBUG: 2026-03-03 17:50:11,704 - https://bulkapi.millionverifier.com:443 "GET /bulkapi/v2/fileinfo?key=***REMOVED***&file_id=30328270 HTTP/1.1" 200 None
INFO: 2026-03-03 17:50:11,707 - Downloading 2001211 - gallup_korea_la...
DEBUG: 2026-03-03 17:50:11,710 - Starting new HTTPS connection (1): bulkapi.millionverifier.com:443
DEBUG: 2026-03-03 17:50:12,135 - https://bulkapi.millionverifier.com:443 "GET /bulkapi/v2/download?key=***REMOVED***&file_id=30328270&filter=all HTTP/1.1" 200 487
DEBUG: 2026-03-03 17:50:12,143 - Encoding detection: ascii is most likely the one.
INFO: 2026-03-03 17:50:12,147 - Updating validation status... 
INFO: 2026-03-03 17:50:12,194 - DONE!
INFO: 2026-03-03 17:50:12,194 - FINISHED LOOP

success!
INFO: 2026-03-03 18:00:07,956 - STARTING LOOP
DEBUG: 2026-03-03 18:00:08,030 - Starting new HTTPS connection (1): bulkapi.millionverifier.com:443
DEBUG: 2026-03-03 18:00:08,537 - https://bulkapi.millionverifier.com:443 "GET /bulkapi/v2/fileinfo?key=***REMOVED***&file_id=30328285 HTTP/1.1" 200 None
INFO: 2026-03-03 18:00:08,540 - Downloading 2001211 - gallup_korea_la...
DEBUG: 2026-03-03 18:00:08,545 - Starting new HTTPS connection (1): bulkapi.millionverifier.com:443
DEBUG: 2026-03-03 18:00:08,841 - https://bulkapi.millionverifier.com:443 "GET /bulkapi/v2/download?key=***REMOVED***&file_id=30328285&filter=all HTTP/1.1" 200 323
DEBUG: 2026-03-03 18:00:08,849 - Encoding detection: ascii is most likely the one.
INFO: 2026-03-03 18:00:08,854 - Updating validation status... 
INFO: 2026-03-03 18:00:08,894 - DONE!
INFO: 2026-03-03 18:00:08,894 - FINISHED LOOP

success!
INFO: 2026-03-03 18:10:08,279 - STARTING LOOP
INFO: 2026-03-03 18:10:08,290 - Nothing to download from MillionVerifier!
INFO: 2026-03-03 18:10:08,290 - FINISHED LOOP

INFO: 2026-03-03 18:20:09,794 - STARTING LOOP
INFO: 2026-03-03 18:20:09,819 - Nothing to download from MillionVerifier!
INFO: 2026-03-03 18:20:09,819 - FINISHED LOOP

INFO: 2026-03-03 18:30:10,432 - STARTING LOOP
INFO: 2026-03-03 18:30:10,437 - Nothing to download from MillionVerifier!
INFO: 2026-03-03 18:30:10,437 - FINISHED LOOP

INFO: 2026-03-03 18:40:08,650 - STARTING LOOP
INFO: 2026-03-03 18:40:08,662 - Nothing to download from MillionVerifier!
INFO: 2026-03-03 18:40:08,662 - FINISHED LOOP

INFO: 2026-03-03 18:50:08,216 - STARTING LOOP
INFO: 2026-03-03 18:50:08,227 - Nothing to download from MillionVerifier!
INFO: 2026-03-03 18:50:08,227 - FINISHED LOOP

INFO: 2026-03-03 19:00:09,465 - STARTING LOOP
INFO: 2026-03-03 19:00:09,472 - Nothing to download from MillionVerifier!
INFO: 2026-03-03 19:00:09,472 - FINISHED LOOP

INFO: 2026-03-03 19:10:07,545 - STARTING LOOP
INFO: 2026-03-03 19:10:07,557 - Nothing to download from MillionVerifier!
INFO: 2026-03-03 19:10:07,557 - FINISHED LOOP

INFO: 2026-03-03 19:20:08,387 - STARTING LOOP
INFO: 2026-03-03 19:20:08,398 - Nothing to download from MillionVerifier!
INFO: 2026-03-03 19:20:08,399 - FINISHED LOOP

INFO: 2026-03-03 19:30:08,279 - STARTING LOOP
INFO: 2026-03-03 19:30:08,285 - Nothing to download from MillionVerifier!
INFO: 2026-03-03 19:30:08,285 - FINISHED LOOP

INFO: 2026-03-03 19:40:07,577 - STARTING LOOP
INFO: 2026-03-03 19:40:07,588 - Nothing to download from MillionVerifier!
INFO: 2026-03-03 19:40:07,588 - FINISHED LOOP

INFO: 2026-03-03 19:50:05,997 - STARTING LOOP
INFO: 2026-03-03 19:50:06,005 - Nothing to download from MillionVerifier!
INFO: 2026-03-03 19:50:06,005 - FINISHED LOOP

INFO: 2026-03-03 20:00:07,322 - STARTING LOOP
INFO: 2026-03-03 20:00:07,325 - Nothing to download from MillionVerifier!
INFO: 2026-03-03 20:00:07,325 - FINISHED LOOP

INFO: 2026-03-03 20:14:13,029 - STARTING LOOP
INFO: 2026-03-03 20:14:13,038 - Nothing to download from MillionVerifier!
INFO: 2026-03-03 20:14:13,039 - FINISHED LOOP

INFO: 2026-03-03 20:41:46,523 - STARTING LOOP
INFO: 2026-03-03 20:41:46,533 - Nothing to download from MillionVerifier!
INFO: 2026-03-03 20:41:46,533 - FINISHED LOOP

INFO: 2026-03-03 21:00:12,508 - STARTING LOOP
INFO: 2026-03-03 21:00:12,512 - Nothing to download from MillionVerifier!
INFO: 2026-03-03 21:00:12,512 - FINISHED LOOP

INFO: 2026-03-03 21:15:25,816 - STARTING LOOP
INFO: 2026-03-03 21:15:25,830 - Nothing to download from MillionVerifier!
INFO: 2026-03-03 21:15:25,830 - FINISHED LOOP

INFO: 2026-03-03 21:20:09,805 - STARTING LOOP
INFO: 2026-03-03 21:20:09,815 - Nothing to download from MillionVerifier!
INFO: 2026-03-03 21:20:09,815 - FINISHED LOOP

INFO: 2026-03-04 00:35:32,856 - STARTING LOOP
INFO: 2026-03-04 00:35:32,868 - Nothing to download from MillionVerifier!
INFO: 2026-03-04 00:35:32,868 - FINISHED LOOP

INFO: 2026-03-04 03:50:07,480 - STARTING LOOP
INFO: 2026-03-04 03:50:07,489 - Nothing to download from MillionVerifier!
INFO: 2026-03-04 03:50:07,490 - FINISHED LOOP

INFO: 2026-03-04 04:40:08,084 - STARTING LOOP
INFO: 2026-03-04 04:40:08,094 - Nothing to download from MillionVerifier!
INFO: 2026-03-04 04:40:08,095 - FINISHED LOOP

INFO: 2026-03-04 05:30:07,112 - STARTING LOOP
INFO: 2026-03-04 05:30:07,118 - Nothing to download from MillionVerifier!
INFO: 2026-03-04 05:30:07,118 - FINISHED LOOP

INFO: 2026-03-04 06:10:16,212 - STARTING LOOP
INFO: 2026-03-04 06:10:16,221 - Nothing to download from MillionVerifier!
INFO: 2026-03-04 06:10:16,221 - FINISHED LOOP

INFO: 2026-03-04 06:20:54,799 - STARTING LOOP
INFO: 2026-03-04 06:20:54,806 - Nothing to download from MillionVerifier!
INFO: 2026-03-04 06:20:54,806 - FINISHED LOOP

INFO: 2026-03-04 06:37:12,794 - STARTING LOOP
INFO: 2026-03-04 06:37:12,800 - Nothing to download from MillionVerifier!
INFO: 2026-03-04 06:37:12,800 - FINISHED LOOP

INFO: 2026-03-04 06:41:57,632 - STARTING LOOP
INFO: 2026-03-04 06:41:57,638 - Nothing to download from MillionVerifier!
INFO: 2026-03-04 06:41:57,639 - FINISHED LOOP

INFO: 2026-03-04 06:55:53,683 - STARTING LOOP
INFO: 2026-03-04 06:55:53,692 - Nothing to download from MillionVerifier!
INFO: 2026-03-04 06:55:53,693 - FINISHED LOOP

INFO: 2026-03-04 07:05:57,879 - STARTING LOOP
INFO: 2026-03-04 07:05:57,887 - Nothing to download from MillionVerifier!
INFO: 2026-03-04 07:05:57,887 - FINISHED LOOP

INFO: 2026-03-04 07:14:09,882 - STARTING LOOP
INFO: 2026-03-04 07:14:09,892 - Nothing to download from MillionVerifier!
INFO: 2026-03-04 07:14:09,892 - FINISHED LOOP

INFO: 2026-03-04 07:25:05,673 - STARTING LOOP
INFO: 2026-03-04 07:25:05,680 - Nothing to download from MillionVerifier!
INFO: 2026-03-04 07:25:05,680 - FINISHED LOOP

INFO: 2026-03-04 07:31:32,534 - STARTING LOOP
INFO: 2026-03-04 07:31:32,539 - Nothing to download from MillionVerifier!
INFO: 2026-03-04 07:31:32,539 - FINISHED LOOP

INFO: 2026-03-04 07:40:42,335 - STARTING LOOP
INFO: 2026-03-04 07:40:42,343 - Nothing to download from MillionVerifier!
INFO: 2026-03-04 07:40:42,343 - FINISHED LOOP

INFO: 2026-03-04 08:04:21,718 - STARTING LOOP
INFO: 2026-03-04 08:04:21,726 - Nothing to download from MillionVerifier!
INFO: 2026-03-04 08:04:21,727 - FINISHED LOOP

INFO: 2026-03-04 08:24:13,257 - STARTING LOOP
INFO: 2026-03-04 08:24:13,266 - Nothing to download from MillionVerifier!
INFO: 2026-03-04 08:24:13,266 - FINISHED LOOP

INFO: 2026-03-04 08:52:25,338 - STARTING LOOP
INFO: 2026-03-04 08:52:25,349 - Nothing to download from MillionVerifier!
INFO: 2026-03-04 08:52:25,349 - FINISHED LOOP

INFO: 2026-03-04 09:00:06,680 - STARTING LOOP
INFO: 2026-03-04 09:00:06,685 - Nothing to download from MillionVerifier!
INFO: 2026-03-04 09:00:06,686 - FINISHED LOOP

INFO: 2026-03-04 09:10:07,468 - STARTING LOOP
INFO: 2026-03-04 09:10:07,479 - Nothing to download from MillionVerifier!
INFO: 2026-03-04 09:10:07,479 - FINISHED LOOP

INFO: 2026-03-04 09:20:09,873 - STARTING LOOP
INFO: 2026-03-04 09:20:09,887 - Nothing to download from MillionVerifier!
INFO: 2026-03-04 09:20:09,887 - FINISHED LOOP

INFO: 2026-03-04 09:30:07,106 - STARTING LOOP
INFO: 2026-03-04 09:30:07,111 - Nothing to download from MillionVerifier!
INFO: 2026-03-04 09:30:07,111 - FINISHED LOOP

INFO: 2026-03-04 09:40:08,876 - STARTING LOOP
INFO: 2026-03-04 09:40:08,974 - Nothing to download from MillionVerifier!
INFO: 2026-03-04 09:40:08,974 - FINISHED LOOP

INFO: 2026-03-04 09:50:09,704 - STARTING LOOP
INFO: 2026-03-04 09:50:09,721 - Nothing to download from MillionVerifier!
INFO: 2026-03-04 09:50:09,722 - FINISHED LOOP

INFO: 2026-03-04 10:00:09,254 - STARTING LOOP
INFO: 2026-03-04 10:00:09,259 - Nothing to download from MillionVerifier!
INFO: 2026-03-04 10:00:09,259 - FINISHED LOOP

INFO: 2026-03-04 10:11:23,303 - STARTING LOOP
INFO: 2026-03-04 10:11:23,308 - Nothing to download from MillionVerifier!
INFO: 2026-03-04 10:11:23,308 - FINISHED LOOP

INFO: 2026-03-04 10:20:09,238 - STARTING LOOP
INFO: 2026-03-04 10:20:09,251 - Nothing to download from MillionVerifier!
INFO: 2026-03-04 10:20:09,251 - FINISHED LOOP

INFO: 2026-03-04 10:30:42,337 - STARTING LOOP
DEBUG: 2026-03-04 10:30:42,379 - Starting new HTTPS connection (1): bulkapi.millionverifier.com:443
DEBUG: 2026-03-04 10:30:42,667 - https://bulkapi.millionverifier.com:443 "GET /bulkapi/v2/fileinfo?key=***REMOVED***&file_id=30334142 HTTP/1.1" 200 None
DEBUG: 2026-03-04 10:30:42,679 - Starting new HTTPS connection (1): bulkapi.millionverifier.com:443
DEBUG: 2026-03-04 10:30:42,976 - https://bulkapi.millionverifier.com:443 "GET /bulkapi/v2/fileinfo?key=***REMOVED***&file_id=30334144 HTTP/1.1" 200 None
INFO: 2026-03-04 10:30:42,979 - FINISHED LOOP

INFO: 2026-03-04 10:40:10,011 - STARTING LOOP
DEBUG: 2026-03-04 10:40:10,069 - Starting new HTTPS connection (1): bulkapi.millionverifier.com:443
DEBUG: 2026-03-04 10:40:10,456 - https://bulkapi.millionverifier.com:443 "GET /bulkapi/v2/fileinfo?key=***REMOVED***&file_id=30334142 HTTP/1.1" 200 None
DEBUG: 2026-03-04 10:40:10,464 - Starting new HTTPS connection (1): bulkapi.millionverifier.com:443
DEBUG: 2026-03-04 10:40:10,864 - https://bulkapi.millionverifier.com:443 "GET /bulkapi/v2/fileinfo?key=***REMOVED***&file_id=30334144 HTTP/1.1" 200 None
INFO: 2026-03-04 10:40:10,867 - FINISHED LOOP

INFO: 2026-03-04 10:50:10,873 - STARTING LOOP
DEBUG: 2026-03-04 10:50:10,953 - Starting new HTTPS connection (1): bulkapi.millionverifier.com:443
DEBUG: 2026-03-04 10:50:11,412 - https://bulkapi.millionverifier.com:443 "GET /bulkapi/v2/fileinfo?key=***REMOVED***&file_id=30334142 HTTP/1.1" 200 None
DEBUG: 2026-03-04 10:50:11,419 - Starting new HTTPS connection (1): bulkapi.millionverifier.com:443
DEBUG: 2026-03-04 10:50:11,849 - https://bulkapi.millionverifier.com:443 "GET /bulkapi/v2/fileinfo?key=***REMOVED***&file_id=30334144 HTTP/1.1" 200 None
INFO: 2026-03-04 10:50:11,852 - FINISHED LOOP

INFO: 2026-03-04 11:00:08,135 - STARTING LOOP
DEBUG: 2026-03-04 11:00:08,195 - Starting new HTTPS connection (1): bulkapi.millionverifier.com:443
DEBUG: 2026-03-04 11:00:08,635 - https://bulkapi.millionverifier.com:443 "GET /bulkapi/v2/fileinfo?key=***REMOVED***&file_id=30334142 HTTP/1.1" 200 None
INFO: 2026-03-04 11:00:08,638 - Downloading 1993743 - hcr_gallup_la...
DEBUG: 2026-03-04 11:00:08,640 - Starting new HTTPS connection (1): bulkapi.millionverifier.com:443
DEBUG: 2026-03-04 11:00:09,060 - https://bulkapi.millionverifier.com:443 "GET /bulkapi/v2/download?key=***REMOVED***&file_id=30334142&filter=all HTTP/1.1" 200 1045858
DEBUG: 2026-03-04 11:00:09,779 - Encoding detection: utf_8 is most likely the one.
INFO: 2026-03-04 11:00:09,871 - Updating validation status... 
INFO: 2026-03-04 11:00:37,514 - DONE!
DEBUG: 2026-03-04 11:00:37,522 - Starting new HTTPS connection (1): bulkapi.millionverifier.com:443
DEBUG: 2026-03-04 11:00:38,025 - https://bulkapi.millionverifier.com:443 "GET /bulkapi/v2/fileinfo?key=***REMOVED***&file_id=30334144 HTTP/1.1" 200 None
INFO: 2026-03-04 11:00:38,029 - FINISHED LOOP

success!
INFO: 2026-03-04 11:10:08,583 - STARTING LOOP
DEBUG: 2026-03-04 11:10:08,657 - Starting new HTTPS connection (1): bulkapi.millionverifier.com:443
DEBUG: 2026-03-04 11:10:09,087 - https://bulkapi.millionverifier.com:443 "GET /bulkapi/v2/fileinfo?key=***REMOVED***&file_id=30334144 HTTP/1.1" 200 None
DEBUG: 2026-03-04 11:10:09,095 - Starting new HTTPS connection (1): bulkapi.millionverifier.com:443
DEBUG: 2026-03-04 11:10:09,518 - https://bulkapi.millionverifier.com:443 "GET /bulkapi/v2/fileinfo?key=***REMOVED***&file_id=30334329 HTTP/1.1" 200 None
INFO: 2026-03-04 11:10:09,522 - FINISHED LOOP

INFO: 2026-03-04 11:20:09,795 - STARTING LOOP
DEBUG: 2026-03-04 11:20:09,841 - Starting new HTTPS connection (1): bulkapi.millionverifier.com:443
DEBUG: 2026-03-04 11:20:10,400 - https://bulkapi.millionverifier.com:443 "GET /bulkapi/v2/fileinfo?key=***REMOVED***&file_id=30334144 HTTP/1.1" 200 None
INFO: 2026-03-04 11:20:10,403 - Downloading 123456 - sales...
DEBUG: 2026-03-04 11:20:10,408 - Starting new HTTPS connection (1): bulkapi.millionverifier.com:443
DEBUG: 2026-03-04 11:20:10,707 - https://bulkapi.millionverifier.com:443 "GET /bulkapi/v2/download?key=***REMOVED***&file_id=30334144&filter=all HTTP/1.1" 200 1133294
DEBUG: 2026-03-04 11:20:11,456 - Encoding detection: ascii is most likely the one.
INFO: 2026-03-04 11:20:11,567 - Updating validation status... 
INFO: 2026-03-04 11:20:40,440 - DONE!
DEBUG: 2026-03-04 11:20:40,456 - Starting new HTTPS connection (1): bulkapi.millionverifier.com:443
DEBUG: 2026-03-04 11:20:40,915 - https://bulkapi.millionverifier.com:443 "GET /bulkapi/v2/fileinfo?key=***REMOVED***&file_id=30334329 HTTP/1.1" 200 None
INFO: 2026-03-04 11:20:40,921 - FINISHED LOOP

success!
INFO: 2026-03-04 11:30:10,949 - STARTING LOOP
DEBUG: 2026-03-04 11:30:11,110 - Starting new HTTPS connection (1): bulkapi.millionverifier.com:443
DEBUG: 2026-03-04 11:30:11,411 - https://bulkapi.millionverifier.com:443 "GET /bulkapi/v2/fileinfo?key=***REMOVED***&file_id=30334329 HTTP/1.1" 200 None
DEBUG: 2026-03-04 11:30:11,418 - Starting new HTTPS connection (1): bulkapi.millionverifier.com:443
DEBUG: 2026-03-04 11:30:11,700 - https://bulkapi.millionverifier.com:443 "GET /bulkapi/v2/fileinfo?key=***REMOVED***&file_id=30334443 HTTP/1.1" 200 None
INFO: 2026-03-04 11:30:11,704 - FINISHED LOOP

INFO: 2026-03-04 11:40:08,673 - STARTING LOOP
DEBUG: 2026-03-04 11:40:08,745 - Starting new HTTPS connection (1): bulkapi.millionverifier.com:443
DEBUG: 2026-03-04 11:40:09,036 - https://bulkapi.millionverifier.com:443 "GET /bulkapi/v2/fileinfo?key=***REMOVED***&file_id=30334329 HTTP/1.1" 200 None
DEBUG: 2026-03-04 11:40:09,042 - Starting new HTTPS connection (1): bulkapi.millionverifier.com:443
DEBUG: 2026-03-04 11:40:09,322 - https://bulkapi.millionverifier.com:443 "GET /bulkapi/v2/fileinfo?key=***REMOVED***&file_id=30334443 HTTP/1.1" 200 None
INFO: 2026-03-04 11:40:09,326 - Downloading 123456 - sales...
DEBUG: 2026-03-04 11:40:09,330 - Starting new HTTPS connection (1): bulkapi.millionverifier.com:443
DEBUG: 2026-03-04 11:40:09,632 - https://bulkapi.millionverifier.com:443 "GET /bulkapi/v2/download?key=***REMOVED***&file_id=30334443&filter=all HTTP/1.1" 200 388900
DEBUG: 2026-03-04 11:40:10,184 - Encoding detection: ascii is most likely the one.
INFO: 2026-03-04 11:40:10,237 - Updating validation status... 
INFO: 2026-03-04 11:40:22,496 - DONE!
INFO: 2026-03-04 11:40:22,498 - FINISHED LOOP

success!
INFO: 2026-03-04 11:50:08,078 - STARTING LOOP
DEBUG: 2026-03-04 11:50:08,147 - Starting new HTTPS connection (1): bulkapi.millionverifier.com:443
DEBUG: 2026-03-04 11:50:08,645 - https://bulkapi.millionverifier.com:443 "GET /bulkapi/v2/fileinfo?key=***REMOVED***&file_id=30334329 HTTP/1.1" 200 None
INFO: 2026-03-04 11:50:08,649 - Downloading 1993743 - hcr_gallup_la...
DEBUG: 2026-03-04 11:50:08,653 - Starting new HTTPS connection (1): bulkapi.millionverifier.com:443
DEBUG: 2026-03-04 11:50:09,056 - https://bulkapi.millionverifier.com:443 "GET /bulkapi/v2/download?key=***REMOVED***&file_id=30334329&filter=all HTTP/1.1" 200 1048263
DEBUG: 2026-03-04 11:50:09,780 - Encoding detection: utf_8 is most likely the one.
INFO: 2026-03-04 11:50:09,874 - Updating validation status... 
INFO: 2026-03-04 11:50:54,880 - DONE!
DEBUG: 2026-03-04 11:50:54,972 - Starting new HTTPS connection (1): bulkapi.millionverifier.com:443
DEBUG: 2026-03-04 11:50:55,318 - https://bulkapi.millionverifier.com:443 "GET /bulkapi/v2/fileinfo?key=***REMOVED***&file_id=30334580 HTTP/1.1" 200 None
INFO: 2026-03-04 11:50:55,325 - FINISHED LOOP

success!
INFO: 2026-03-04 12:10:39,906 - STARTING LOOP
DEBUG: 2026-03-04 12:10:40,215 - Starting new HTTPS connection (1): bulkapi.millionverifier.com:443
DEBUG: 2026-03-04 12:10:40,627 - https://bulkapi.millionverifier.com:443 "GET /bulkapi/v2/fileinfo?key=***REMOVED***&file_id=30334580 HTTP/1.1" 200 None
INFO: 2026-03-04 12:10:40,633 - Downloading 123456 - sales...
DEBUG: 2026-03-04 12:10:40,637 - Starting new HTTPS connection (1): bulkapi.millionverifier.com:443
DEBUG: 2026-03-04 12:10:40,928 - https://bulkapi.millionverifier.com:443 "GET /bulkapi/v2/download?key=***REMOVED***&file_id=30334580&filter=all HTTP/1.1" 200 146473
DEBUG: 2026-03-04 12:10:41,309 - Encoding detection: ascii is most likely the one.
INFO: 2026-03-04 12:10:41,325 - Updating validation status... 
INFO: 2026-03-04 12:11:16,910 - DONE!
INFO: 2026-03-04 12:11:16,918 - FINISHED LOOP

success!
INFO: 2026-03-04 12:22:28,699 - STARTING LOOP
DEBUG: 2026-03-04 12:22:28,724 - Starting new HTTPS connection (1): bulkapi.millionverifier.com:443
ERROR: 2026-03-04 12:22:28,743 - Request error occurred: HTTPSConnectionPool(host='bulkapi.millionverifier.com', port=443): Max retries exceeded with url: /bulkapi/v2/fileinfo?key=***REMOVED***&file_id=30334777 (Caused by NameResolutionError("<urllib3.connection.HTTPSConnection object at 0x10919e750>: Failed to resolve 'bulkapi.millionverifier.com' ([Errno 8] nodename nor servname provided, or not known)"))
WARNING: 2026-03-04 12:22:28,744 - Error processing MillionVerifier job 30334777: 'NoneType' object is not subscriptable
Traceback (most recent call last):
  File "/Users/albertoruizcajiga/python/sis_international/million_verifier_worker.py", line 34, in download_and_process_all_available_lists_on_mv
    status = file_info_dict['status']
             ~~~~~~~~~~~~~~^^^^^^^^^^
TypeError: 'NoneType' object is not subscriptable
DEBUG: 2026-03-04 12:22:28,749 - Starting new HTTPS connection (1): bulkapi.millionverifier.com:443
ERROR: 2026-03-04 12:22:28,751 - Request error occurred: HTTPSConnectionPool(host='bulkapi.millionverifier.com', port=443): Max retries exceeded with url: /bulkapi/v2/fileinfo?key=***REMOVED***&file_id=30334781 (Caused by NameResolutionError("<urllib3.connection.HTTPSConnection object at 0x1091ac950>: Failed to resolve 'bulkapi.millionverifier.com' ([Errno 8] nodename nor servname provided, or not known)"))
WARNING: 2026-03-04 12:22:28,751 - Error processing MillionVerifier job 30334781: 'NoneType' object is not subscriptable
Traceback (most recent call last):
  File "/Users/albertoruizcajiga/python/sis_international/million_verifier_worker.py", line 34, in download_and_process_all_available_lists_on_mv
    status = file_info_dict['status']
             ~~~~~~~~~~~~~~^^^^^^^^^^
TypeError: 'NoneType' object is not subscriptable
INFO: 2026-03-04 12:22:28,751 - FINISHED LOOP

API error: Request error occurred: HTTPSConnectionPool(host='bulkapi.millionverifier.com', port=443): Max retries exceeded with url: /bulkapi/v2/fileinfo?key=***REMOVED***&file_id=30334777 (Caused by NameResolutionError("<urllib3.connection.HTTPSConnection object at 0x10919e750>: Failed to resolve 'bulkapi.millionverifier.com' ([Errno 8] nodename nor servname provided, or not known)"))
traceback:
API error: Request error occurred: HTTPSConnectionPool(host='bulkapi.millionverifier.com', port=443): Max retries exceeded with url: /bulkapi/v2/fileinfo?key=***REMOVED***&file_id=30334781 (Caused by NameResolutionError("<urllib3.connection.HTTPSConnection object at 0x1091ac950>: Failed to resolve 'bulkapi.millionverifier.com' ([Errno 8] nodename nor servname provided, or not known)"))
traceback:
INFO: 2026-03-04 12:30:08,903 - STARTING LOOP
DEBUG: 2026-03-04 12:30:08,970 - Starting new HTTPS connection (1): bulkapi.millionverifier.com:443
DEBUG: 2026-03-04 12:30:09,403 - https://bulkapi.millionverifier.com:443 "GET /bulkapi/v2/fileinfo?key=***REMOVED***&file_id=30334777 HTTP/1.1" 200 None
DEBUG: 2026-03-04 12:30:09,407 - Starting new HTTPS connection (1): bulkapi.millionverifier.com:443
DEBUG: 2026-03-04 12:30:09,765 - https://bulkapi.millionverifier.com:443 "GET /bulkapi/v2/fileinfo?key=***REMOVED***&file_id=30334781 HTTP/1.1" 200 None
INFO: 2026-03-04 12:30:09,769 - FINISHED LOOP

INFO: 2026-03-04 12:40:07,846 - STARTING LOOP
DEBUG: 2026-03-04 12:40:07,918 - Starting new HTTPS connection (1): bulkapi.millionverifier.com:443
DEBUG: 2026-03-04 12:40:08,387 - https://bulkapi.millionverifier.com:443 "GET /bulkapi/v2/fileinfo?key=***REMOVED***&file_id=30334777 HTTP/1.1" 200 None
INFO: 2026-03-04 12:40:08,392 - Downloading 1993743 - hcr_gallup_la...
DEBUG: 2026-03-04 12:40:08,396 - Starting new HTTPS connection (1): bulkapi.millionverifier.com:443
DEBUG: 2026-03-04 12:40:08,799 - https://bulkapi.millionverifier.com:443 "GET /bulkapi/v2/download?key=***REMOVED***&file_id=30334777&filter=all HTTP/1.1" 200 338200
DEBUG: 2026-03-04 12:40:09,327 - Encoding detection: utf_8 is most likely the one.
INFO: 2026-03-04 12:40:09,357 - Updating validation status... 
INFO: 2026-03-04 12:40:24,907 - DONE!
DEBUG: 2026-03-04 12:40:24,913 - Starting new HTTPS connection (1): bulkapi.millionverifier.com:443
DEBUG: 2026-03-04 12:40:25,296 - https://bulkapi.millionverifier.com:443 "GET /bulkapi/v2/fileinfo?key=***REMOVED***&file_id=30334781 HTTP/1.1" 200 None
INFO: 2026-03-04 12:40:25,301 - Downloading 123456 - sales...
DEBUG: 2026-03-04 12:40:25,305 - Starting new HTTPS connection (1): bulkapi.millionverifier.com:443
DEBUG: 2026-03-04 12:40:25,736 - https://bulkapi.millionverifier.com:443 "GET /bulkapi/v2/download?key=***REMOVED***&file_id=30334781&filter=all HTTP/1.1" 200 55798
DEBUG: 2026-03-04 12:40:26,009 - Encoding detection: ascii is most likely the one.
INFO: 2026-03-04 12:40:26,018 - Updating validation status... 
INFO: 2026-03-04 12:40:27,660 - DONE!
INFO: 2026-03-04 12:40:27,661 - FINISHED LOOP

success!
success!
INFO: 2026-03-04 12:50:11,382 - STARTING LOOP
DEBUG: 2026-03-04 12:50:11,472 - Starting new HTTPS connection (1): bulkapi.millionverifier.com:443
DEBUG: 2026-03-04 12:50:11,860 - https://bulkapi.millionverifier.com:443 "GET /bulkapi/v2/fileinfo?key=***REMOVED***&file_id=30334908 HTTP/1.1" 200 None
DEBUG: 2026-03-04 12:50:11,866 - Starting new HTTPS connection (1): bulkapi.millionverifier.com:443
DEBUG: 2026-03-04 12:50:12,491 - https://bulkapi.millionverifier.com:443 "GET /bulkapi/v2/fileinfo?key=***REMOVED***&file_id=30334910 HTTP/1.1" 200 None
INFO: 2026-03-04 12:50:12,494 - Downloading 123456 - sales...
DEBUG: 2026-03-04 12:50:12,497 - Starting new HTTPS connection (1): bulkapi.millionverifier.com:443
DEBUG: 2026-03-04 12:50:12,933 - https://bulkapi.millionverifier.com:443 "GET /bulkapi/v2/download?key=***REMOVED***&file_id=30334910&filter=all HTTP/1.1" 200 22381
DEBUG: 2026-03-04 12:50:13,047 - Encoding detection: ascii is most likely the one.
INFO: 2026-03-04 12:50:13,051 - Updating validation status... 
INFO: 2026-03-04 12:50:13,798 - DONE!
INFO: 2026-03-04 12:50:13,798 - FINISHED LOOP

success!
INFO: 2026-03-04 13:00:10,269 - STARTING LOOP
DEBUG: 2026-03-04 13:00:10,347 - Starting new HTTPS connection (1): bulkapi.millionverifier.com:443
DEBUG: 2026-03-04 13:00:10,918 - https://bulkapi.millionverifier.com:443 "GET /bulkapi/v2/fileinfo?key=***REMOVED***&file_id=30334908 HTTP/1.1" 200 None
DEBUG: 2026-03-04 13:00:10,924 - Starting new HTTPS connection (1): bulkapi.millionverifier.com:443
DEBUG: 2026-03-04 13:00:11,283 - https://bulkapi.millionverifier.com:443 "GET /bulkapi/v2/fileinfo?key=***REMOVED***&file_id=30334956 HTTP/1.1" 200 None
INFO: 2026-03-04 13:00:11,294 - Downloading 123456 - sales...
DEBUG: 2026-03-04 13:00:11,298 - Starting new HTTPS connection (1): bulkapi.millionverifier.com:443
DEBUG: 2026-03-04 13:00:11,674 - https://bulkapi.millionverifier.com:443 "GET /bulkapi/v2/download?key=***REMOVED***&file_id=30334956&filter=all HTTP/1.1" 200 9225
DEBUG: 2026-03-04 13:00:11,710 - Encoding detection: ascii is most likely the one.
INFO: 2026-03-04 13:00:11,715 - Updating validation status... 
INFO: 2026-03-04 13:00:12,011 - DONE!
INFO: 2026-03-04 13:00:12,012 - FINISHED LOOP

success!
INFO: 2026-03-04 13:10:13,965 - STARTING LOOP
DEBUG: 2026-03-04 13:10:14,093 - Starting new HTTPS connection (1): bulkapi.millionverifier.com:443
DEBUG: 2026-03-04 13:10:14,531 - https://bulkapi.millionverifier.com:443 "GET /bulkapi/v2/fileinfo?key=***REMOVED***&file_id=30334908 HTTP/1.1" 200 None
DEBUG: 2026-03-04 13:10:14,537 - Starting new HTTPS connection (1): bulkapi.millionverifier.com:443
DEBUG: 2026-03-04 13:10:15,045 - https://bulkapi.millionverifier.com:443 "GET /bulkapi/v2/fileinfo?key=***REMOVED***&file_id=30335012 HTTP/1.1" 200 None
INFO: 2026-03-04 13:10:15,052 - Downloading 123456 - sales...
DEBUG: 2026-03-04 13:10:15,056 - Starting new HTTPS connection (1): bulkapi.millionverifier.com:443
DEBUG: 2026-03-04 13:10:15,557 - https://bulkapi.millionverifier.com:443 "GET /bulkapi/v2/download?key=***REMOVED***&file_id=30335012&filter=all HTTP/1.1" 200 3863
DEBUG: 2026-03-04 13:10:15,578 - Encoding detection: ascii is most likely the one.
INFO: 2026-03-04 13:10:15,582 - Updating validation status... 
INFO: 2026-03-04 13:10:15,707 - DONE!
INFO: 2026-03-04 13:10:15,707 - FINISHED LOOP

success!
INFO: 2026-03-04 13:20:07,800 - STARTING LOOP
DEBUG: 2026-03-04 13:20:07,857 - Starting new HTTPS connection (1): bulkapi.millionverifier.com:443
DEBUG: 2026-03-04 13:20:08,235 - https://bulkapi.millionverifier.com:443 "GET /bulkapi/v2/fileinfo?key=***REMOVED***&file_id=30334908 HTTP/1.1" 200 None
INFO: 2026-03-04 13:20:08,239 - Downloading 1993743 - hcr_gallup_la...
DEBUG: 2026-03-04 13:20:08,242 - Starting new HTTPS connection (1): bulkapi.millionverifier.com:443
DEBUG: 2026-03-04 13:20:08,626 - https://bulkapi.millionverifier.com:443 "GET /bulkapi/v2/download?key=***REMOVED***&file_id=30334908&filter=all HTTP/1.1" 200 334475
DEBUG: 2026-03-04 13:20:09,151 - Encoding detection: utf_8 is most likely the one.
INFO: 2026-03-04 13:20:09,179 - Updating validation status... 
INFO: 2026-03-04 13:20:21,901 - DONE!
DEBUG: 2026-03-04 13:20:21,907 - Starting new HTTPS connection (1): bulkapi.millionverifier.com:443
DEBUG: 2026-03-04 13:20:22,384 - https://bulkapi.millionverifier.com:443 "GET /bulkapi/v2/fileinfo?key=***REMOVED***&file_id=30335085 HTTP/1.1" 200 None
INFO: 2026-03-04 13:20:22,391 - Downloading 123456 - sales...
DEBUG: 2026-03-04 13:20:22,398 - Starting new HTTPS connection (1): bulkapi.millionverifier.com:443
DEBUG: 2026-03-04 13:20:22,896 - https://bulkapi.millionverifier.com:443 "GET /bulkapi/v2/download?key=***REMOVED***&file_id=30335085&filter=all HTTP/1.1" 200 1973
DEBUG: 2026-03-04 13:20:22,905 - Encoding detection: ascii is most likely the one.
INFO: 2026-03-04 13:20:22,910 - Updating validation status... 
INFO: 2026-03-04 13:20:22,996 - DONE!
INFO: 2026-03-04 13:20:22,996 - FINISHED LOOP

success!
success!
INFO: 2026-03-04 13:30:17,240 - STARTING LOOP
DEBUG: 2026-03-04 13:30:17,293 - Starting new HTTPS connection (1): bulkapi.millionverifier.com:443
DEBUG: 2026-03-04 13:30:17,671 - https://bulkapi.millionverifier.com:443 "GET /bulkapi/v2/fileinfo?key=***REMOVED***&file_id=30335132 HTTP/1.1" 200 None
DEBUG: 2026-03-04 13:30:17,679 - Starting new HTTPS connection (1): bulkapi.millionverifier.com:443
DEBUG: 2026-03-04 13:30:18,047 - https://bulkapi.millionverifier.com:443 "GET /bulkapi/v2/fileinfo?key=***REMOVED***&file_id=30335134 HTTP/1.1" 200 None
INFO: 2026-03-04 13:30:18,053 - Downloading 123456 - sales...
DEBUG: 2026-03-04 13:30:18,055 - Starting new HTTPS connection (1): bulkapi.millionverifier.com:443
DEBUG: 2026-03-04 13:30:18,452 - https://bulkapi.millionverifier.com:443 "GET /bulkapi/v2/download?key=***REMOVED***&file_id=30335134&filter=all HTTP/1.1" 200 976
DEBUG: 2026-03-04 13:30:18,464 - Encoding detection: ascii is most likely the one.
INFO: 2026-03-04 13:30:18,468 - Updating validation status... 
INFO: 2026-03-04 13:30:18,510 - DONE!
INFO: 2026-03-04 13:30:18,511 - FINISHED LOOP

success!
INFO: 2026-03-04 13:40:07,933 - STARTING LOOP
DEBUG: 2026-03-04 13:40:07,990 - Starting new HTTPS connection (1): bulkapi.millionverifier.com:443
DEBUG: 2026-03-04 13:40:08,349 - https://bulkapi.millionverifier.com:443 "GET /bulkapi/v2/fileinfo?key=***REMOVED***&file_id=30335132 HTTP/1.1" 200 None
INFO: 2026-03-04 13:40:08,354 - Downloading 1993743 - hcr_gallup_la...
DEBUG: 2026-03-04 13:40:08,358 - Starting new HTTPS connection (1): bulkapi.millionverifier.com:443
DEBUG: 2026-03-04 13:40:08,748 - https://bulkapi.millionverifier.com:443 "GET /bulkapi/v2/download?key=***REMOVED***&file_id=30335132&filter=all HTTP/1.1" 200 276528
DEBUG: 2026-03-04 13:40:09,280 - Encoding detection: utf_8 is most likely the one.
INFO: 2026-03-04 13:40:09,307 - Updating validation status... 
INFO: 2026-03-04 13:40:18,005 - DONE!
DEBUG: 2026-03-04 13:40:18,013 - Starting new HTTPS connection (1): bulkapi.millionverifier.com:443
DEBUG: 2026-03-04 13:40:18,252 - https://bulkapi.millionverifier.com:443 "GET /bulkapi/v2/fileinfo?key=***REMOVED***&file_id=30335174 HTTP/1.1" 200 None
INFO: 2026-03-04 13:40:18,261 - Downloading 123456 - sales...
DEBUG: 2026-03-04 13:40:18,268 - Starting new HTTPS connection (1): bulkapi.millionverifier.com:443
DEBUG: 2026-03-04 13:40:18,530 - https://bulkapi.millionverifier.com:443 "GET /bulkapi/v2/download?key=***REMOVED***&file_id=30335174&filter=all HTTP/1.1" 200 357
DEBUG: 2026-03-04 13:40:18,534 - Encoding detection: ascii is most likely the one.
INFO: 2026-03-04 13:40:18,539 - Updating validation status... 
INFO: 2026-03-04 13:40:18,571 - DONE!
INFO: 2026-03-04 13:40:18,571 - FINISHED LOOP

success!
success!
INFO: 2026-03-04 13:50:08,166 - STARTING LOOP
DEBUG: 2026-03-04 13:50:08,237 - Starting new HTTPS connection (1): bulkapi.millionverifier.com:443
DEBUG: 2026-03-04 13:50:08,635 - https://bulkapi.millionverifier.com:443 "GET /bulkapi/v2/fileinfo?key=***REMOVED***&file_id=30335234 HTTP/1.1" 200 None
INFO: 2026-03-04 13:50:08,639 - Downloading 1993743 - hcr_gallup_la...
DEBUG: 2026-03-04 13:50:08,642 - Starting new HTTPS connection (1): bulkapi.millionverifier.com:443
DEBUG: 2026-03-04 13:50:09,023 - https://bulkapi.millionverifier.com:443 "GET /bulkapi/v2/download?key=***REMOVED***&file_id=30335234&filter=all HTTP/1.1" 200 188868
DEBUG: 2026-03-04 13:50:09,427 - Encoding detection: utf_8 is most likely the one.
INFO: 2026-03-04 13:50:09,445 - Updating validation status... 
INFO: 2026-03-04 13:50:14,545 - DONE!
DEBUG: 2026-03-04 13:50:14,552 - Starting new HTTPS connection (1): bulkapi.millionverifier.com:443
DEBUG: 2026-03-04 13:50:14,808 - https://bulkapi.millionverifier.com:443 "GET /bulkapi/v2/fileinfo?key=***REMOVED***&file_id=30335237 HTTP/1.1" 200 None
INFO: 2026-03-04 13:50:14,817 - Downloading 123456 - sales...
DEBUG: 2026-03-04 13:50:14,823 - Starting new HTTPS connection (1): bulkapi.millionverifier.com:443
DEBUG: 2026-03-04 13:50:15,197 - https://bulkapi.millionverifier.com:443 "GET /bulkapi/v2/download?key=***REMOVED***&file_id=30335237&filter=all HTTP/1.1" 200 180
DEBUG: 2026-03-04 13:50:15,199 - Encoding detection: ascii is most likely the one.
INFO: 2026-03-04 13:50:15,202 - Updating validation status... 
INFO: 2026-03-04 13:50:15,236 - DONE!
INFO: 2026-03-04 13:50:15,236 - FINISHED LOOP

success!
success!
INFO: 2026-03-04 14:00:07,665 - STARTING LOOP
DEBUG: 2026-03-04 14:00:07,723 - Starting new HTTPS connection (1): bulkapi.millionverifier.com:443
DEBUG: 2026-03-04 14:00:08,237 - https://bulkapi.millionverifier.com:443 "GET /bulkapi/v2/fileinfo?key=***REMOVED***&file_id=30335312 HTTP/1.1" 200 None
DEBUG: 2026-03-04 14:00:08,244 - Starting new HTTPS connection (1): bulkapi.millionverifier.com:443
DEBUG: 2026-03-04 14:00:08,611 - https://bulkapi.millionverifier.com:443 "GET /bulkapi/v2/fileinfo?key=***REMOVED***&file_id=30335324 HTTP/1.1" 200 None
INFO: 2026-03-04 14:00:08,616 - Downloading 123456 - sales...
DEBUG: 2026-03-04 14:00:08,621 - Starting new HTTPS connection (1): bulkapi.millionverifier.com:443
DEBUG: 2026-03-04 14:00:09,007 - https://bulkapi.millionverifier.com:443 "GET /bulkapi/v2/download?key=***REMOVED***&file_id=30335324&filter=all HTTP/1.1" 200 111
DEBUG: 2026-03-04 14:00:09,017 - Encoding detection: ascii is most likely the one.
INFO: 2026-03-04 14:00:09,020 - Updating validation status... 
INFO: 2026-03-04 14:00:09,036 - DONE!
INFO: 2026-03-04 14:00:09,036 - FINISHED LOOP

success!
INFO: 2026-03-04 14:10:11,277 - STARTING LOOP
DEBUG: 2026-03-04 14:10:11,347 - Starting new HTTPS connection (1): bulkapi.millionverifier.com:443
DEBUG: 2026-03-04 14:10:11,712 - https://bulkapi.millionverifier.com:443 "GET /bulkapi/v2/fileinfo?key=***REMOVED***&file_id=30335312 HTTP/1.1" 200 None
INFO: 2026-03-04 14:10:11,717 - Downloading 1993743 - hcr_gallup_la...
DEBUG: 2026-03-04 14:10:11,722 - Starting new HTTPS connection (1): bulkapi.millionverifier.com:443
DEBUG: 2026-03-04 14:10:12,203 - https://bulkapi.millionverifier.com:443 "GET /bulkapi/v2/download?key=***REMOVED***&file_id=30335312&filter=all HTTP/1.1" 200 104170
DEBUG: 2026-03-04 14:10:12,534 - Encoding detection: utf_8 is most likely the one.
INFO: 2026-03-04 14:10:12,545 - Updating validation status... 
INFO: 2026-03-04 14:10:25,400 - DONE!
DEBUG: 2026-03-04 14:10:25,420 - Starting new HTTPS connection (1): bulkapi.millionverifier.com:443
DEBUG: 2026-03-04 14:10:25,922 - https://bulkapi.millionverifier.com:443 "GET /bulkapi/v2/fileinfo?key=***REMOVED***&file_id=30335363 HTTP/1.1" 200 None
INFO: 2026-03-04 14:10:25,936 - Downloading 123456 - sales...
DEBUG: 2026-03-04 14:10:25,940 - Starting new HTTPS connection (1): bulkapi.millionverifier.com:443
DEBUG: 2026-03-04 14:10:26,192 - https://bulkapi.millionverifier.com:443 "GET /bulkapi/v2/download?key=***REMOVED***&file_id=30335363&filter=all HTTP/1.1" 200 115
DEBUG: 2026-03-04 14:10:26,193 - Encoding detection: ascii is most likely the one.
INFO: 2026-03-04 14:10:26,197 - Updating validation status... 
INFO: 2026-03-04 14:10:26,256 - DONE!
INFO: 2026-03-04 14:10:26,256 - FINISHED LOOP

success!
success!
INFO: 2026-03-04 14:20:09,540 - STARTING LOOP
DEBUG: 2026-03-04 14:20:09,601 - Starting new HTTPS connection (1): bulkapi.millionverifier.com:443
DEBUG: 2026-03-04 14:20:10,053 - https://bulkapi.millionverifier.com:443 "GET /bulkapi/v2/fileinfo?key=***REMOVED***&file_id=30335440 HTTP/1.1" 200 None
INFO: 2026-03-04 14:20:10,055 - FINISHED LOOP

INFO: 2026-03-04 14:30:09,341 - STARTING LOOP
DEBUG: 2026-03-04 14:30:09,406 - Starting new HTTPS connection (1): bulkapi.millionverifier.com:443
DEBUG: 2026-03-04 14:30:09,810 - https://bulkapi.millionverifier.com:443 "GET /bulkapi/v2/fileinfo?key=***REMOVED***&file_id=30335440 HTTP/1.1" 200 None
INFO: 2026-03-04 14:30:09,816 - Downloading 1993743 - hcr_gallup_la...
DEBUG: 2026-03-04 14:30:09,820 - Starting new HTTPS connection (1): bulkapi.millionverifier.com:443
DEBUG: 2026-03-04 14:30:10,101 - https://bulkapi.millionverifier.com:443 "GET /bulkapi/v2/download?key=***REMOVED***&file_id=30335440&filter=all HTTP/1.1" 200 44781
DEBUG: 2026-03-04 14:30:10,409 - Encoding detection: utf_8 is most likely the one.
INFO: 2026-03-04 14:30:10,416 - Updating validation status... 
INFO: 2026-03-04 14:30:12,376 - DONE!
INFO: 2026-03-04 14:30:12,376 - FINISHED LOOP

success!
INFO: 2026-03-04 14:40:07,763 - STARTING LOOP
DEBUG: 2026-03-04 14:40:07,817 - Starting new HTTPS connection (1): bulkapi.millionverifier.com:443
DEBUG: 2026-03-04 14:40:08,217 - https://bulkapi.millionverifier.com:443 "GET /bulkapi/v2/fileinfo?key=***REMOVED***&file_id=30335550 HTTP/1.1" 200 None
INFO: 2026-03-04 14:40:08,220 - Downloading 1993743 - hcr_gallup_la...
DEBUG: 2026-03-04 14:40:08,222 - Starting new HTTPS connection (1): bulkapi.millionverifier.com:443
DEBUG: 2026-03-04 14:40:08,598 - https://bulkapi.millionverifier.com:443 "GET /bulkapi/v2/download?key=***REMOVED***&file_id=30335550&filter=all HTTP/1.1" 200 13296
DEBUG: 2026-03-04 14:40:08,637 - Encoding detection: utf_8 is most likely the one.
INFO: 2026-03-04 14:40:08,640 - Updating validation status... 
INFO: 2026-03-04 14:40:09,156 - DONE!
INFO: 2026-03-04 14:40:09,156 - FINISHED LOOP

success!
INFO: 2026-03-04 14:51:01,208 - STARTING LOOP
INFO: 2026-03-04 14:51:02,181 - Nothing to download from MillionVerifier!
INFO: 2026-03-04 14:51:02,181 - FINISHED LOOP

INFO: 2026-03-04 15:01:49,986 - STARTING LOOP
INFO: 2026-03-04 15:01:49,991 - Nothing to download from MillionVerifier!
INFO: 2026-03-04 15:01:49,991 - FINISHED LOOP

INFO: 2026-03-04 15:10:16,415 - STARTING LOOP
INFO: 2026-03-04 15:10:16,422 - Nothing to download from MillionVerifier!
INFO: 2026-03-04 15:10:16,422 - FINISHED LOOP

INFO: 2026-03-04 15:20:08,709 - STARTING LOOP
INFO: 2026-03-04 15:20:08,732 - Nothing to download from MillionVerifier!
INFO: 2026-03-04 15:20:08,732 - FINISHED LOOP

INFO: 2026-03-04 15:30:08,872 - STARTING LOOP
INFO: 2026-03-04 15:30:08,884 - Nothing to download from MillionVerifier!
INFO: 2026-03-04 15:30:08,885 - FINISHED LOOP

INFO: 2026-03-04 15:40:09,172 - STARTING LOOP
INFO: 2026-03-04 15:40:09,184 - Nothing to download from MillionVerifier!
INFO: 2026-03-04 15:40:09,184 - FINISHED LOOP

INFO: 2026-03-04 15:50:08,027 - STARTING LOOP
INFO: 2026-03-04 15:50:08,037 - Nothing to download from MillionVerifier!
INFO: 2026-03-04 15:50:08,037 - FINISHED LOOP

INFO: 2026-03-04 16:00:10,350 - STARTING LOOP
INFO: 2026-03-04 16:00:10,358 - Nothing to download from MillionVerifier!
INFO: 2026-03-04 16:00:10,358 - FINISHED LOOP

INFO: 2026-03-04 16:14:40,911 - STARTING LOOP
INFO: 2026-03-04 16:14:40,934 - Nothing to download from MillionVerifier!
INFO: 2026-03-04 16:14:40,935 - FINISHED LOOP

INFO: 2026-03-04 16:20:08,319 - STARTING LOOP
INFO: 2026-03-04 16:20:08,332 - Nothing to download from MillionVerifier!
INFO: 2026-03-04 16:20:08,332 - FINISHED LOOP

INFO: 2026-03-04 16:33:32,776 - STARTING LOOP
INFO: 2026-03-04 16:33:32,782 - Nothing to download from MillionVerifier!
INFO: 2026-03-04 16:33:32,782 - FINISHED LOOP

INFO: 2026-03-04 16:40:08,271 - STARTING LOOP
INFO: 2026-03-04 16:40:08,280 - Nothing to download from MillionVerifier!
INFO: 2026-03-04 16:40:08,281 - FINISHED LOOP

INFO: 2026-03-04 16:50:08,191 - STARTING LOOP
INFO: 2026-03-04 16:50:08,211 - Nothing to download from MillionVerifier!
INFO: 2026-03-04 16:50:08,211 - FINISHED LOOP

INFO: 2026-03-04 17:00:08,985 - STARTING LOOP
INFO: 2026-03-04 17:00:09,017 - Nothing to download from MillionVerifier!
INFO: 2026-03-04 17:00:09,017 - FINISHED LOOP

INFO: 2026-03-04 17:10:09,730 - STARTING LOOP
INFO: 2026-03-04 17:10:09,744 - Nothing to download from MillionVerifier!
INFO: 2026-03-04 17:10:09,745 - FINISHED LOOP

INFO: 2026-03-04 17:46:25,490 - STARTING LOOP
INFO: 2026-03-04 17:46:25,503 - Nothing to download from MillionVerifier!
INFO: 2026-03-04 17:46:25,503 - FINISHED LOOP

INFO: 2026-03-04 17:55:41,303 - STARTING LOOP
INFO: 2026-03-04 17:55:41,312 - Nothing to download from MillionVerifier!
INFO: 2026-03-04 17:55:41,312 - FINISHED LOOP

INFO: 2026-03-04 18:00:05,343 - STARTING LOOP
INFO: 2026-03-04 18:00:05,350 - Nothing to download from MillionVerifier!
INFO: 2026-03-04 18:00:05,350 - FINISHED LOOP

INFO: 2026-03-04 18:41:35,861 - STARTING LOOP
INFO: 2026-03-04 18:41:35,872 - Nothing to download from MillionVerifier!
INFO: 2026-03-04 18:41:35,872 - FINISHED LOOP

INFO: 2026-03-04 18:53:11,016 - STARTING LOOP
INFO: 2026-03-04 18:53:11,025 - Nothing to download from MillionVerifier!
INFO: 2026-03-04 18:53:11,025 - FINISHED LOOP

INFO: 2026-03-04 19:09:17,778 - STARTING LOOP
INFO: 2026-03-04 19:09:17,784 - Nothing to download from MillionVerifier!
INFO: 2026-03-04 19:09:17,785 - FINISHED LOOP

INFO: 2026-03-04 19:10:07,309 - STARTING LOOP
INFO: 2026-03-04 19:10:07,320 - Nothing to download from MillionVerifier!
INFO: 2026-03-04 19:10:07,320 - FINISHED LOOP

INFO: 2026-03-04 19:54:45,517 - STARTING LOOP
INFO: 2026-03-04 19:54:45,529 - Nothing to download from MillionVerifier!
INFO: 2026-03-04 19:54:45,529 - FINISHED LOOP

INFO: 2026-03-04 20:00:09,562 - STARTING LOOP
INFO: 2026-03-04 20:00:09,568 - Nothing to download from MillionVerifier!
INFO: 2026-03-04 20:00:09,569 - FINISHED LOOP

INFO: 2026-03-04 20:20:07,465 - STARTING LOOP
INFO: 2026-03-04 20:20:07,475 - Nothing to download from MillionVerifier!
INFO: 2026-03-04 20:20:07,476 - FINISHED LOOP

INFO: 2026-03-04 20:30:11,973 - STARTING LOOP
INFO: 2026-03-04 20:30:11,977 - Nothing to download from MillionVerifier!
INFO: 2026-03-04 20:30:11,978 - FINISHED LOOP

INFO: 2026-03-04 20:41:29,086 - STARTING LOOP
INFO: 2026-03-04 20:41:29,103 - Nothing to download from MillionVerifier!
INFO: 2026-03-04 20:41:29,103 - FINISHED LOOP

INFO: 2026-03-04 20:52:20,067 - STARTING LOOP
INFO: 2026-03-04 20:52:20,078 - Nothing to download from MillionVerifier!
INFO: 2026-03-04 20:52:20,078 - FINISHED LOOP

INFO: 2026-03-04 21:20:13,520 - STARTING LOOP
INFO: 2026-03-04 21:20:13,528 - Nothing to download from MillionVerifier!
INFO: 2026-03-04 21:20:13,528 - FINISHED LOOP

INFO: 2026-03-04 21:30:08,914 - STARTING LOOP
INFO: 2026-03-04 21:30:08,919 - Nothing to download from MillionVerifier!
INFO: 2026-03-04 21:30:08,920 - FINISHED LOOP

INFO: 2026-03-04 21:40:08,045 - STARTING LOOP
INFO: 2026-03-04 21:40:08,058 - Nothing to download from MillionVerifier!
INFO: 2026-03-04 21:40:08,058 - FINISHED LOOP

INFO: 2026-03-04 21:50:09,588 - STARTING LOOP
INFO: 2026-03-04 21:50:09,611 - Nothing to download from MillionVerifier!
INFO: 2026-03-04 21:50:09,611 - FINISHED LOOP

INFO: 2026-03-04 22:00:38,847 - STARTING LOOP
INFO: 2026-03-04 22:00:38,853 - Nothing to download from MillionVerifier!
INFO: 2026-03-04 22:00:38,853 - FINISHED LOOP

INFO: 2026-03-04 22:11:02,048 - STARTING LOOP
INFO: 2026-03-04 22:11:02,062 - Nothing to download from MillionVerifier!
INFO: 2026-03-04 22:11:02,063 - FINISHED LOOP

INFO: 2026-03-04 22:20:11,102 - STARTING LOOP
INFO: 2026-03-04 22:20:11,115 - Nothing to download from MillionVerifier!
INFO: 2026-03-04 22:20:11,116 - FINISHED LOOP

INFO: 2026-03-04 22:40:07,359 - STARTING LOOP
INFO: 2026-03-04 22:40:07,371 - Nothing to download from MillionVerifier!
INFO: 2026-03-04 22:40:07,371 - FINISHED LOOP

INFO: 2026-03-05 00:40:09,325 - STARTING LOOP
INFO: 2026-03-05 00:40:09,334 - Nothing to download from MillionVerifier!
INFO: 2026-03-05 00:40:09,334 - FINISHED LOOP

INFO: 2026-03-05 06:10:05,888 - STARTING LOOP
INFO: 2026-03-05 06:10:05,897 - Nothing to download from MillionVerifier!
INFO: 2026-03-05 06:10:05,898 - FINISHED LOOP

INFO: 2026-03-05 06:20:22,380 - STARTING LOOP
INFO: 2026-03-05 06:20:22,397 - Nothing to download from MillionVerifier!
INFO: 2026-03-05 06:20:22,397 - FINISHED LOOP

INFO: 2026-03-05 06:37:06,990 - STARTING LOOP
INFO: 2026-03-05 06:37:06,994 - Nothing to download from MillionVerifier!
INFO: 2026-03-05 06:37:06,994 - FINISHED LOOP

INFO: 2026-03-05 06:46:45,141 - STARTING LOOP
INFO: 2026-03-05 06:46:45,151 - Nothing to download from MillionVerifier!
INFO: 2026-03-05 06:46:45,151 - FINISHED LOOP

INFO: 2026-03-05 06:55:22,475 - STARTING LOOP
INFO: 2026-03-05 06:55:22,485 - Nothing to download from MillionVerifier!
INFO: 2026-03-05 06:55:22,485 - FINISHED LOOP

INFO: 2026-03-05 07:04:37,305 - STARTING LOOP
INFO: 2026-03-05 07:04:37,312 - Nothing to download from MillionVerifier!
INFO: 2026-03-05 07:04:37,312 - FINISHED LOOP

INFO: 2026-03-05 07:13:47,295 - STARTING LOOP
INFO: 2026-03-05 07:13:47,306 - Nothing to download from MillionVerifier!
INFO: 2026-03-05 07:13:47,306 - FINISHED LOOP

INFO: 2026-03-05 07:20:10,545 - STARTING LOOP
INFO: 2026-03-05 07:20:10,555 - Nothing to download from MillionVerifier!
INFO: 2026-03-05 07:20:10,555 - FINISHED LOOP

INFO: 2026-03-05 07:30:34,351 - STARTING LOOP
INFO: 2026-03-05 07:30:34,363 - Nothing to download from MillionVerifier!
INFO: 2026-03-05 07:30:34,364 - FINISHED LOOP

INFO: 2026-03-05 07:40:07,595 - STARTING LOOP
INFO: 2026-03-05 07:40:07,609 - Nothing to download from MillionVerifier!
INFO: 2026-03-05 07:40:07,609 - FINISHED LOOP

INFO: 2026-03-05 07:50:10,483 - STARTING LOOP
INFO: 2026-03-05 07:50:10,499 - Nothing to download from MillionVerifier!
INFO: 2026-03-05 07:50:10,499 - FINISHED LOOP

INFO: 2026-03-05 08:00:08,875 - STARTING LOOP
INFO: 2026-03-05 08:00:08,898 - Nothing to download from MillionVerifier!
INFO: 2026-03-05 08:00:08,898 - FINISHED LOOP

INFO: 2026-03-05 08:10:08,415 - STARTING LOOP
INFO: 2026-03-05 08:10:08,426 - Nothing to download from MillionVerifier!
INFO: 2026-03-05 08:10:08,427 - FINISHED LOOP

INFO: 2026-03-05 08:20:08,161 - STARTING LOOP
INFO: 2026-03-05 08:20:08,173 - Nothing to download from MillionVerifier!
INFO: 2026-03-05 08:20:08,174 - FINISHED LOOP

INFO: 2026-03-05 08:30:08,260 - STARTING LOOP
INFO: 2026-03-05 08:30:08,266 - Nothing to download from MillionVerifier!
INFO: 2026-03-05 08:30:08,266 - FINISHED LOOP

INFO: 2026-03-05 08:40:08,972 - STARTING LOOP
INFO: 2026-03-05 08:40:08,981 - Nothing to download from MillionVerifier!
INFO: 2026-03-05 08:40:08,981 - FINISHED LOOP

INFO: 2026-03-05 08:50:10,461 - STARTING LOOP
INFO: 2026-03-05 08:50:10,473 - Nothing to download from MillionVerifier!
INFO: 2026-03-05 08:50:10,473 - FINISHED LOOP

INFO: 2026-03-05 09:00:08,260 - STARTING LOOP
INFO: 2026-03-05 09:00:08,282 - Nothing to download from MillionVerifier!
INFO: 2026-03-05 09:00:08,282 - FINISHED LOOP

INFO: 2026-03-05 09:10:08,410 - STARTING LOOP
INFO: 2026-03-05 09:10:08,421 - Nothing to download from MillionVerifier!
INFO: 2026-03-05 09:10:08,421 - FINISHED LOOP

INFO: 2026-03-05 09:20:10,516 - STARTING LOOP
INFO: 2026-03-05 09:20:10,527 - Nothing to download from MillionVerifier!
INFO: 2026-03-05 09:20:10,527 - FINISHED LOOP

INFO: 2026-03-05 09:30:07,478 - STARTING LOOP
INFO: 2026-03-05 09:30:07,486 - Nothing to download from MillionVerifier!
INFO: 2026-03-05 09:30:07,486 - FINISHED LOOP

INFO: 2026-03-05 09:40:09,075 - STARTING LOOP
INFO: 2026-03-05 09:40:09,115 - Nothing to download from MillionVerifier!
INFO: 2026-03-05 09:40:09,116 - FINISHED LOOP

INFO: 2026-03-05 09:50:07,904 - STARTING LOOP
INFO: 2026-03-05 09:50:07,913 - Nothing to download from MillionVerifier!
INFO: 2026-03-05 09:50:07,913 - FINISHED LOOP

INFO: 2026-03-05 10:00:09,014 - STARTING LOOP
INFO: 2026-03-05 10:00:09,034 - Nothing to download from MillionVerifier!
INFO: 2026-03-05 10:00:09,034 - FINISHED LOOP

INFO: 2026-03-05 10:10:08,718 - STARTING LOOP
INFO: 2026-03-05 10:10:08,728 - Nothing to download from MillionVerifier!
INFO: 2026-03-05 10:10:08,728 - FINISHED LOOP

INFO: 2026-03-05 10:20:08,380 - STARTING LOOP
INFO: 2026-03-05 10:20:08,404 - Nothing to download from MillionVerifier!
INFO: 2026-03-05 10:20:08,404 - FINISHED LOOP

INFO: 2026-03-05 10:30:09,767 - STARTING LOOP
INFO: 2026-03-05 10:30:09,774 - Nothing to download from MillionVerifier!
INFO: 2026-03-05 10:30:09,774 - FINISHED LOOP

INFO: 2026-03-05 10:40:08,758 - STARTING LOOP
DEBUG: 2026-03-05 10:40:08,816 - Starting new HTTPS connection (1): bulkapi.millionverifier.com:443
DEBUG: 2026-03-05 10:40:09,236 - https://bulkapi.millionverifier.com:443 "GET /bulkapi/v2/fileinfo?key=***REMOVED***&file_id=30341582 HTTP/1.1" 200 None
INFO: 2026-03-05 10:40:09,240 - FINISHED LOOP

INFO: 2026-03-05 10:50:11,291 - STARTING LOOP
DEBUG: 2026-03-05 10:50:11,361 - Starting new HTTPS connection (1): bulkapi.millionverifier.com:443
DEBUG: 2026-03-05 10:50:11,788 - https://bulkapi.millionverifier.com:443 "GET /bulkapi/v2/fileinfo?key=***REMOVED***&file_id=30341582 HTTP/1.1" 200 None
INFO: 2026-03-05 10:50:11,790 - FINISHED LOOP

INFO: 2026-03-05 11:00:12,458 - STARTING LOOP
DEBUG: 2026-03-05 11:00:12,529 - Starting new HTTPS connection (1): bulkapi.millionverifier.com:443
DEBUG: 2026-03-05 11:00:12,997 - https://bulkapi.millionverifier.com:443 "GET /bulkapi/v2/fileinfo?key=***REMOVED***&file_id=30341582 HTTP/1.1" 200 None
INFO: 2026-03-05 11:00:13,001 - Downloading 1993743 - hcr_gallup_la...
DEBUG: 2026-03-05 11:00:13,003 - Starting new HTTPS connection (1): bulkapi.millionverifier.com:443
DEBUG: 2026-03-05 11:00:13,291 - https://bulkapi.millionverifier.com:443 "GET /bulkapi/v2/download?key=***REMOVED***&file_id=30341582&filter=all HTTP/1.1" 200 425984
DEBUG: 2026-03-05 11:00:13,851 - Encoding detection: utf_8 is most likely the one.
INFO: 2026-03-05 11:00:13,896 - Updating validation status... 
INFO: 2026-03-05 11:00:32,481 - DONE!
INFO: 2026-03-05 11:00:32,483 - FINISHED LOOP

success!
INFO: 2026-03-05 11:10:40,656 - STARTING LOOP
DEBUG: 2026-03-05 11:10:40,741 - Starting new HTTPS connection (1): bulkapi.millionverifier.com:443
DEBUG: 2026-03-05 11:10:41,158 - https://bulkapi.millionverifier.com:443 "GET /bulkapi/v2/fileinfo?key=***REMOVED***&file_id=30341698 HTTP/1.1" 200 None
INFO: 2026-03-05 11:10:41,164 - Downloading 1993743 - hcr_gallup_la...
DEBUG: 2026-03-05 11:10:41,167 - Starting new HTTPS connection (1): bulkapi.millionverifier.com:443
DEBUG: 2026-03-05 11:10:41,582 - https://bulkapi.millionverifier.com:443 "GET /bulkapi/v2/download?key=***REMOVED***&file_id=30341698&filter=all HTTP/1.1" 200 256
DEBUG: 2026-03-05 11:10:41,594 - Encoding detection: ascii is most likely the one.
INFO: 2026-03-05 11:10:41,597 - Updating validation status... 
INFO: 2026-03-05 11:10:41,616 - DONE!
INFO: 2026-03-05 11:10:41,616 - FINISHED LOOP

success!
INFO: 2026-03-05 11:20:08,400 - STARTING LOOP
DEBUG: 2026-03-05 11:20:08,474 - Starting new HTTPS connection (1): bulkapi.millionverifier.com:443
DEBUG: 2026-03-05 11:20:08,872 - https://bulkapi.millionverifier.com:443 "GET /bulkapi/v2/fileinfo?key=***REMOVED***&file_id=30341746 HTTP/1.1" 200 None
INFO: 2026-03-05 11:20:08,877 - Downloading 1993743 - hcr_gallup_la...
DEBUG: 2026-03-05 11:20:08,882 - Starting new HTTPS connection (1): bulkapi.millionverifier.com:443
DEBUG: 2026-03-05 11:20:09,295 - https://bulkapi.millionverifier.com:443 "GET /bulkapi/v2/download?key=***REMOVED***&file_id=30341746&filter=all HTTP/1.1" 200 256
DEBUG: 2026-03-05 11:20:09,308 - Encoding detection: ascii is most likely the one.
INFO: 2026-03-05 11:20:09,313 - Updating validation status... 
INFO: 2026-03-05 11:20:09,337 - DONE!
INFO: 2026-03-05 11:20:09,337 - FINISHED LOOP

success!
INFO: 2026-03-05 11:30:11,147 - STARTING LOOP
DEBUG: 2026-03-05 11:30:11,232 - Starting new HTTPS connection (1): bulkapi.millionverifier.com:443
DEBUG: 2026-03-05 11:30:11,650 - https://bulkapi.millionverifier.com:443 "GET /bulkapi/v2/fileinfo?key=***REMOVED***&file_id=30341795 HTTP/1.1" 200 None
INFO: 2026-03-05 11:30:11,656 - Downloading 1993743 - hcr_gallup_la...
DEBUG: 2026-03-05 11:30:11,661 - Starting new HTTPS connection (1): bulkapi.millionverifier.com:443
DEBUG: 2026-03-05 11:30:11,940 - https://bulkapi.millionverifier.com:443 "GET /bulkapi/v2/download?key=***REMOVED***&file_id=30341795&filter=all HTTP/1.1" 200 256
DEBUG: 2026-03-05 11:30:11,962 - Encoding detection: ascii is most likely the one.
INFO: 2026-03-05 11:30:11,965 - Updating validation status... 
INFO: 2026-03-05 11:30:12,006 - DONE!
INFO: 2026-03-05 11:30:12,006 - FINISHED LOOP

success!
INFO: 2026-03-05 11:40:10,433 - STARTING LOOP
DEBUG: 2026-03-05 11:40:10,501 - Starting new HTTPS connection (1): bulkapi.millionverifier.com:443
DEBUG: 2026-03-05 11:40:10,944 - https://bulkapi.millionverifier.com:443 "GET /bulkapi/v2/fileinfo?key=***REMOVED***&file_id=30341864 HTTP/1.1" 200 None
INFO: 2026-03-05 11:40:10,947 - Downloading 1993743 - hcr_gallup_la...
DEBUG: 2026-03-05 11:40:10,952 - Starting new HTTPS connection (1): bulkapi.millionverifier.com:443
DEBUG: 2026-03-05 11:40:11,381 - https://bulkapi.millionverifier.com:443 "GET /bulkapi/v2/download?key=***REMOVED***&file_id=30341864&filter=all HTTP/1.1" 200 256
DEBUG: 2026-03-05 11:40:11,408 - Encoding detection: ascii is most likely the one.
INFO: 2026-03-05 11:40:11,411 - Updating validation status... 
INFO: 2026-03-05 11:40:11,578 - DONE!
INFO: 2026-03-05 11:40:11,579 - FINISHED LOOP

success!
INFO: 2026-03-05 11:50:08,199 - STARTING LOOP
DEBUG: 2026-03-05 11:50:08,278 - Starting new HTTPS connection (1): bulkapi.millionverifier.com:443
DEBUG: 2026-03-05 11:50:08,725 - https://bulkapi.millionverifier.com:443 "GET /bulkapi/v2/fileinfo?key=***REMOVED***&file_id=30341942 HTTP/1.1" 200 None
INFO: 2026-03-05 11:50:08,727 - Downloading 1993743 - hcr_gallup_la...
DEBUG: 2026-03-05 11:50:08,730 - Starting new HTTPS connection (1): bulkapi.millionverifier.com:443
DEBUG: 2026-03-05 11:50:09,009 - https://bulkapi.millionverifier.com:443 "GET /bulkapi/v2/download?key=***REMOVED***&file_id=30341942&filter=all HTTP/1.1" 200 256
DEBUG: 2026-03-05 11:50:09,020 - Encoding detection: ascii is most likely the one.
INFO: 2026-03-05 11:50:09,024 - Updating validation status... 
INFO: 2026-03-05 11:50:09,051 - DONE!
INFO: 2026-03-05 11:50:09,052 - FINISHED LOOP

success!
INFO: 2026-03-05 12:00:09,038 - STARTING LOOP
DEBUG: 2026-03-05 12:00:09,130 - Starting new HTTPS connection (1): bulkapi.millionverifier.com:443
DEBUG: 2026-03-05 12:00:09,587 - https://bulkapi.millionverifier.com:443 "GET /bulkapi/v2/fileinfo?key=***REMOVED***&file_id=30341996 HTTP/1.1" 200 None
INFO: 2026-03-05 12:00:09,592 - Downloading 1993743 - hcr_gallup_la...
DEBUG: 2026-03-05 12:00:09,597 - Starting new HTTPS connection (1): bulkapi.millionverifier.com:443
DEBUG: 2026-03-05 12:00:10,029 - https://bulkapi.millionverifier.com:443 "GET /bulkapi/v2/download?key=***REMOVED***&file_id=30341996&filter=all HTTP/1.1" 200 256
DEBUG: 2026-03-05 12:00:10,037 - Encoding detection: ascii is most likely the one.
INFO: 2026-03-05 12:00:10,040 - Updating validation status... 
INFO: 2026-03-05 12:00:10,059 - DONE!
DEBUG: 2026-03-05 12:00:10,064 - Starting new HTTPS connection (1): bulkapi.millionverifier.com:443
DEBUG: 2026-03-05 12:00:10,476 - https://bulkapi.millionverifier.com:443 "GET /bulkapi/v2/fileinfo?key=***REMOVED***&file_id=30341997 HTTP/1.1" 200 None
DEBUG: 2026-03-05 12:00:10,490 - Starting new HTTPS connection (1): bulkapi.millionverifier.com:443
DEBUG: 2026-03-05 12:00:10,780 - https://bulkapi.millionverifier.com:443 "GET /bulkapi/v2/fileinfo?key=***REMOVED***&file_id=30342002 HTTP/1.1" 200 None
INFO: 2026-03-05 12:00:10,785 - FINISHED LOOP

success!
INFO: 2026-03-05 12:10:08,418 - STARTING LOOP
DEBUG: 2026-03-05 12:10:08,490 - Starting new HTTPS connection (1): bulkapi.millionverifier.com:443
DEBUG: 2026-03-05 12:10:08,893 - https://bulkapi.millionverifier.com:443 "GET /bulkapi/v2/fileinfo?key=***REMOVED***&file_id=30341997 HTTP/1.1" 200 None
INFO: 2026-03-05 12:10:08,896 - Downloading 1432181 - reputation_leaders_csuite...
DEBUG: 2026-03-05 12:10:08,900 - Starting new HTTPS connection (1): bulkapi.millionverifier.com:443
DEBUG: 2026-03-05 12:10:09,308 - https://bulkapi.millionverifier.com:443 "GET /bulkapi/v2/download?key=***REMOVED***&file_id=30341997&filter=all HTTP/1.1" 200 191251
DEBUG: 2026-03-05 12:10:09,705 - Encoding detection: ascii is most likely the one.
INFO: 2026-03-05 12:10:09,732 - Updating validation status... 
INFO: 2026-03-05 12:10:13,634 - DONE!
DEBUG: 2026-03-05 12:10:13,642 - Starting new HTTPS connection (1): bulkapi.millionverifier.com:443
DEBUG: 2026-03-05 12:10:14,081 - https://bulkapi.millionverifier.com:443 "GET /bulkapi/v2/fileinfo?key=***REMOVED***&file_id=30342002 HTTP/1.1" 200 None
DEBUG: 2026-03-05 12:10:14,092 - Starting new HTTPS connection (1): bulkapi.millionverifier.com:443
DEBUG: 2026-03-05 12:10:14,492 - https://bulkapi.millionverifier.com:443 "GET /bulkapi/v2/fileinfo?key=***REMOVED***&file_id=30342080 HTTP/1.1" 200 None
INFO: 2026-03-05 12:10:14,501 - Downloading 1993743 - hcr_gallup_la...
DEBUG: 2026-03-05 12:10:14,507 - Starting new HTTPS connection (1): bulkapi.millionverifier.com:443
DEBUG: 2026-03-05 12:10:14,825 - https://bulkapi.millionverifier.com:443 "GET /bulkapi/v2/download?key=***REMOVED***&file_id=30342080&filter=all HTTP/1.1" 200 256
DEBUG: 2026-03-05 12:10:14,827 - Encoding detection: ascii is most likely the one.
INFO: 2026-03-05 12:10:14,831 - Updating validation status... 
INFO: 2026-03-05 12:10:14,852 - DONE!
INFO: 2026-03-05 12:10:14,853 - FINISHED LOOP

success!
success!
INFO: 2026-03-05 12:20:08,917 - STARTING LOOP
DEBUG: 2026-03-05 12:20:08,996 - Starting new HTTPS connection (1): bulkapi.millionverifier.com:443
DEBUG: 2026-03-05 12:20:09,426 - https://bulkapi.millionverifier.com:443 "GET /bulkapi/v2/fileinfo?key=***REMOVED***&file_id=30342002 HTTP/1.1" 200 None
INFO: 2026-03-05 12:20:09,431 - Downloading 123456 - sales...
DEBUG: 2026-03-05 12:20:09,436 - Starting new HTTPS connection (1): bulkapi.millionverifier.com:443
DEBUG: 2026-03-05 12:20:09,926 - https://bulkapi.millionverifier.com:443 "GET /bulkapi/v2/download?key=***REMOVED***&file_id=30342002&filter=all HTTP/1.1" 200 1328326
DEBUG: 2026-03-05 12:20:10,720 - Encoding detection: ascii is most likely the one.
INFO: 2026-03-05 12:20:10,862 - Updating validation status... 
INFO: 2026-03-05 12:20:40,453 - DONE!
DEBUG: 2026-03-05 12:20:40,464 - Starting new HTTPS connection (1): bulkapi.millionverifier.com:443
DEBUG: 2026-03-05 12:20:40,886 - https://bulkapi.millionverifier.com:443 "GET /bulkapi/v2/fileinfo?key=***REMOVED***&file_id=30342172 HTTP/1.1" 200 None
INFO: 2026-03-05 12:20:40,895 - Downloading 1993743 - hcr_gallup_la...
DEBUG: 2026-03-05 12:20:40,902 - Starting new HTTPS connection (1): bulkapi.millionverifier.com:443
DEBUG: 2026-03-05 12:20:41,215 - https://bulkapi.millionverifier.com:443 "GET /bulkapi/v2/download?key=***REMOVED***&file_id=30342172&filter=all HTTP/1.1" 200 256
DEBUG: 2026-03-05 12:20:41,218 - Encoding detection: ascii is most likely the one.
INFO: 2026-03-05 12:20:41,221 - Updating validation status... 
INFO: 2026-03-05 12:20:41,237 - DONE!
DEBUG: 2026-03-05 12:20:41,244 - Starting new HTTPS connection (1): bulkapi.millionverifier.com:443
DEBUG: 2026-03-05 12:20:41,650 - https://bulkapi.millionverifier.com:443 "GET /bulkapi/v2/fileinfo?key=***REMOVED***&file_id=30342175 HTTP/1.1" 200 None
INFO: 2026-03-05 12:20:41,655 - Downloading 1432181 - reputation_leaders_csuite...
DEBUG: 2026-03-05 12:20:41,660 - Starting new HTTPS connection (1): bulkapi.millionverifier.com:443
DEBUG: 2026-03-05 12:20:41,956 - https://bulkapi.millionverifier.com:443 "GET /bulkapi/v2/download?key=***REMOVED***&file_id=30342175&filter=all HTTP/1.1" 200 30500
DEBUG: 2026-03-05 12:20:42,090 - Encoding detection: ascii is most likely the one.
INFO: 2026-03-05 12:20:42,099 - Updating validation status... 
INFO: 2026-03-05 12:20:42,601 - DONE!
INFO: 2026-03-05 12:20:42,603 - FINISHED LOOP

success!
success!
success!
INFO: 2026-03-05 12:30:09,927 - STARTING LOOP
DEBUG: 2026-03-05 12:30:10,019 - Starting new HTTPS connection (1): bulkapi.millionverifier.com:443
DEBUG: 2026-03-05 12:30:10,460 - https://bulkapi.millionverifier.com:443 "GET /bulkapi/v2/fileinfo?key=***REMOVED***&file_id=30342264 HTTP/1.1" 200 None
DEBUG: 2026-03-05 12:30:10,476 - Starting new HTTPS connection (1): bulkapi.millionverifier.com:443
DEBUG: 2026-03-05 12:30:10,849 - https://bulkapi.millionverifier.com:443 "GET /bulkapi/v2/fileinfo?key=***REMOVED***&file_id=30342269 HTTP/1.1" 200 None
INFO: 2026-03-05 12:30:10,851 - FINISHED LOOP

INFO: 2026-03-05 12:40:09,379 - STARTING LOOP
DEBUG: 2026-03-05 12:40:09,449 - Starting new HTTPS connection (1): bulkapi.millionverifier.com:443
DEBUG: 2026-03-05 12:40:09,904 - https://bulkapi.millionverifier.com:443 "GET /bulkapi/v2/fileinfo?key=***REMOVED***&file_id=30342264 HTTP/1.1" 200 None
INFO: 2026-03-05 12:40:09,907 - Downloading 1432181 - reputation_leaders_csuite...
DEBUG: 2026-03-05 12:40:09,909 - Starting new HTTPS connection (1): bulkapi.millionverifier.com:443
DEBUG: 2026-03-05 12:40:10,212 - https://bulkapi.millionverifier.com:443 "GET /bulkapi/v2/download?key=***REMOVED***&file_id=30342264&filter=all HTTP/1.1" 200 29909
DEBUG: 2026-03-05 12:40:10,360 - Encoding detection: ascii is most likely the one.
INFO: 2026-03-05 12:40:10,368 - Updating validation status... 
INFO: 2026-03-05 12:40:11,231 - DONE!
DEBUG: 2026-03-05 12:40:11,238 - Starting new HTTPS connection (1): bulkapi.millionverifier.com:443
DEBUG: 2026-03-05 12:40:11,625 - https://bulkapi.millionverifier.com:443 "GET /bulkapi/v2/fileinfo?key=***REMOVED***&file_id=30342269 HTTP/1.1" 200 None
INFO: 2026-03-05 12:40:11,631 - Downloading 123456 - sales...
DEBUG: 2026-03-05 12:40:11,638 - Starting new HTTPS connection (1): bulkapi.millionverifier.com:443
DEBUG: 2026-03-05 12:40:11,947 - https://bulkapi.millionverifier.com:443 "GET /bulkapi/v2/download?key=***REMOVED***&file_id=30342269&filter=all HTTP/1.1" 200 464700
DEBUG: 2026-03-05 12:40:12,590 - Encoding detection: ascii is most likely the one.
INFO: 2026-03-05 12:40:12,635 - Updating validation status... 
INFO: 2026-03-05 12:40:27,915 - DONE!
DEBUG: 2026-03-05 12:40:27,928 - Starting new HTTPS connection (1): bulkapi.millionverifier.com:443
DEBUG: 2026-03-05 12:40:28,353 - https://bulkapi.millionverifier.com:443 "GET /bulkapi/v2/fileinfo?key=***REMOVED***&file_id=30342353 HTTP/1.1" 200 None
INFO: 2026-03-05 12:40:28,357 - Downloading 1993743 - hcr_gallup_la...
DEBUG: 2026-03-05 12:40:28,360 - Starting new HTTPS connection (1): bulkapi.millionverifier.com:443
DEBUG: 2026-03-05 12:40:28,780 - https://bulkapi.millionverifier.com:443 "GET /bulkapi/v2/download?key=***REMOVED***&file_id=30342353&filter=all HTTP/1.1" 200 256
DEBUG: 2026-03-05 12:40:28,784 - Encoding detection: ascii is most likely the one.
INFO: 2026-03-05 12:40:28,789 - Updating validation status... 
INFO: 2026-03-05 12:40:28,804 - DONE!
INFO: 2026-03-05 12:40:28,804 - FINISHED LOOP

success!
success!
success!
INFO: 2026-03-05 12:50:09,505 - STARTING LOOP
DEBUG: 2026-03-05 12:50:09,581 - Starting new HTTPS connection (1): bulkapi.millionverifier.com:443
DEBUG: 2026-03-05 12:50:10,071 - https://bulkapi.millionverifier.com:443 "GET /bulkapi/v2/fileinfo?key=***REMOVED***&file_id=30342407 HTTP/1.1" 200 None
INFO: 2026-03-05 12:50:10,076 - Downloading 1993743 - hcr_gallup_la...
DEBUG: 2026-03-05 12:50:10,079 - Starting new HTTPS connection (1): bulkapi.millionverifier.com:443
DEBUG: 2026-03-05 12:50:10,505 - https://bulkapi.millionverifier.com:443 "GET /bulkapi/v2/download?key=***REMOVED***&file_id=30342407&filter=all HTTP/1.1" 200 256
DEBUG: 2026-03-05 12:50:10,515 - Encoding detection: ascii is most likely the one.
INFO: 2026-03-05 12:50:10,520 - Updating validation status... 
INFO: 2026-03-05 12:50:10,544 - DONE!
DEBUG: 2026-03-05 12:50:10,550 - Starting new HTTPS connection (1): bulkapi.millionverifier.com:443
DEBUG: 2026-03-05 12:50:10,839 - https://bulkapi.millionverifier.com:443 "GET /bulkapi/v2/fileinfo?key=***REMOVED***&file_id=30342409 HTTP/1.1" 200 None
INFO: 2026-03-05 12:50:10,842 - FINISHED LOOP

success!
INFO: 2026-03-05 13:00:07,572 - STARTING LOOP
DEBUG: 2026-03-05 13:00:07,644 - Starting new HTTPS connection (1): bulkapi.millionverifier.com:443
DEBUG: 2026-03-05 13:00:08,187 - https://bulkapi.millionverifier.com:443 "GET /bulkapi/v2/fileinfo?key=***REMOVED***&file_id=30342409 HTTP/1.1" 200 None
INFO: 2026-03-05 13:00:08,191 - Downloading 123456 - sales...
DEBUG: 2026-03-05 13:00:08,194 - Starting new HTTPS connection (1): bulkapi.millionverifier.com:443
DEBUG: 2026-03-05 13:00:08,609 - https://bulkapi.millionverifier.com:443 "GET /bulkapi/v2/download?key=***REMOVED***&file_id=30342409&filter=all HTTP/1.1" 200 166952
DEBUG: 2026-03-05 13:00:08,986 - Encoding detection: ascii is most likely the one.
INFO: 2026-03-05 13:00:09,005 - Updating validation status... 
INFO: 2026-03-05 13:00:12,852 - DONE!
DEBUG: 2026-03-05 13:00:12,858 - Starting new HTTPS connection (1): bulkapi.millionverifier.com:443
DEBUG: 2026-03-05 13:00:13,307 - https://bulkapi.millionverifier.com:443 "GET /bulkapi/v2/fileinfo?key=***REMOVED***&file_id=30342445 HTTP/1.1" 200 None
INFO: 2026-03-05 13:00:13,312 - Downloading 1993743 - hcr_gallup_la...
DEBUG: 2026-03-05 13:00:13,316 - Starting new HTTPS connection (1): bulkapi.millionverifier.com:443
DEBUG: 2026-03-05 13:00:13,817 - https://bulkapi.millionverifier.com:443 "GET /bulkapi/v2/download?key=***REMOVED***&file_id=30342445&filter=all HTTP/1.1" 200 256
DEBUG: 2026-03-05 13:00:13,818 - Encoding detection: ascii is most likely the one.
INFO: 2026-03-05 13:00:13,822 - Updating validation status... 
INFO: 2026-03-05 13:00:13,841 - DONE!
INFO: 2026-03-05 13:00:13,841 - FINISHED LOOP

success!
success!
INFO: 2026-03-05 13:10:08,697 - STARTING LOOP
DEBUG: 2026-03-05 13:10:08,766 - Starting new HTTPS connection (1): bulkapi.millionverifier.com:443
DEBUG: 2026-03-05 13:10:09,217 - https://bulkapi.millionverifier.com:443 "GET /bulkapi/v2/fileinfo?key=***REMOVED***&file_id=30342504 HTTP/1.1" 200 None
INFO: 2026-03-05 13:10:09,223 - Downloading 1993743 - hcr_gallup_la...
DEBUG: 2026-03-05 13:10:09,228 - Starting new HTTPS connection (1): bulkapi.millionverifier.com:443
DEBUG: 2026-03-05 13:10:09,682 - https://bulkapi.millionverifier.com:443 "GET /bulkapi/v2/download?key=***REMOVED***&file_id=30342504&filter=all HTTP/1.1" 200 256
DEBUG: 2026-03-05 13:10:09,690 - Encoding detection: ascii is most likely the one.
INFO: 2026-03-05 13:10:09,694 - Updating validation status... 
INFO: 2026-03-05 13:10:09,714 - DONE!
DEBUG: 2026-03-05 13:10:09,721 - Starting new HTTPS connection (1): bulkapi.millionverifier.com:443
DEBUG: 2026-03-05 13:10:09,992 - https://bulkapi.millionverifier.com:443 "GET /bulkapi/v2/fileinfo?key=***REMOVED***&file_id=30342511 HTTP/1.1" 200 None
INFO: 2026-03-05 13:10:09,999 - Downloading 123456 - sales...
DEBUG: 2026-03-05 13:10:10,006 - Starting new HTTPS connection (1): bulkapi.millionverifier.com:443
DEBUG: 2026-03-05 13:10:10,308 - https://bulkapi.millionverifier.com:443 "GET /bulkapi/v2/download?key=***REMOVED***&file_id=30342511&filter=all HTTP/1.1" 200 86336
DEBUG: 2026-03-05 13:10:10,553 - Encoding detection: ascii is most likely the one.
INFO: 2026-03-05 13:10:10,564 - Updating validation status... 
INFO: 2026-03-05 13:10:13,755 - DONE!
INFO: 2026-03-05 13:10:13,755 - FINISHED LOOP

success!
success!
INFO: 2026-03-05 13:20:10,907 - STARTING LOOP
DEBUG: 2026-03-05 13:20:10,997 - Starting new HTTPS connection (1): bulkapi.millionverifier.com:443
DEBUG: 2026-03-05 13:20:11,417 - https://bulkapi.millionverifier.com:443 "GET /bulkapi/v2/fileinfo?key=***REMOVED***&file_id=30342564 HTTP/1.1" 200 None
INFO: 2026-03-05 13:20:11,420 - Downloading 1993743 - hcr_gallup_la...
DEBUG: 2026-03-05 13:20:11,423 - Starting new HTTPS connection (1): bulkapi.millionverifier.com:443
DEBUG: 2026-03-05 13:20:11,829 - https://bulkapi.millionverifier.com:443 "GET /bulkapi/v2/download?key=***REMOVED***&file_id=30342564&filter=all HTTP/1.1" 200 256
DEBUG: 2026-03-05 13:20:11,837 - Encoding detection: ascii is most likely the one.
INFO: 2026-03-05 13:20:11,841 - Updating validation status... 
INFO: 2026-03-05 13:20:11,863 - DONE!
DEBUG: 2026-03-05 13:20:11,870 - Starting new HTTPS connection (1): bulkapi.millionverifier.com:443
DEBUG: 2026-03-05 13:20:12,144 - https://bulkapi.millionverifier.com:443 "GET /bulkapi/v2/fileinfo?key=***REMOVED***&file_id=30342566 HTTP/1.1" 200 None
INFO: 2026-03-05 13:20:12,150 - Downloading 123456 - sales...
DEBUG: 2026-03-05 13:20:12,156 - Starting new HTTPS connection (1): bulkapi.millionverifier.com:443
DEBUG: 2026-03-05 13:20:12,583 - https://bulkapi.millionverifier.com:443 "GET /bulkapi/v2/download?key=***REMOVED***&file_id=30342566&filter=all HTTP/1.1" 200 13690
DEBUG: 2026-03-05 13:20:12,591 - Encoding detection: ascii is most likely the one.
INFO: 2026-03-05 13:20:12,596 - Updating validation status... 
INFO: 2026-03-05 13:20:13,001 - DONE!
INFO: 2026-03-05 13:20:13,001 - FINISHED LOOP

success!
success!
INFO: 2026-03-05 13:30:09,223 - STARTING LOOP
DEBUG: 2026-03-05 13:30:09,295 - Starting new HTTPS connection (1): bulkapi.millionverifier.com:443
DEBUG: 2026-03-05 13:30:09,711 - https://bulkapi.millionverifier.com:443 "GET /bulkapi/v2/fileinfo?key=***REMOVED***&file_id=30342617 HTTP/1.1" 200 None
INFO: 2026-03-05 13:30:09,716 - Downloading 1993743 - hcr_gallup_la...
DEBUG: 2026-03-05 13:30:09,720 - Starting new HTTPS connection (1): bulkapi.millionverifier.com:443
DEBUG: 2026-03-05 13:30:10,136 - https://bulkapi.millionverifier.com:443 "GET /bulkapi/v2/download?key=***REMOVED***&file_id=30342617&filter=all HTTP/1.1" 200 256
DEBUG: 2026-03-05 13:30:10,143 - Encoding detection: ascii is most likely the one.
INFO: 2026-03-05 13:30:10,148 - Updating validation status... 
INFO: 2026-03-05 13:30:10,163 - DONE!
DEBUG: 2026-03-05 13:30:10,169 - Starting new HTTPS connection (1): bulkapi.millionverifier.com:443
DEBUG: 2026-03-05 13:30:10,627 - https://bulkapi.millionverifier.com:443 "GET /bulkapi/v2/fileinfo?key=***REMOVED***&file_id=30342620 HTTP/1.1" 200 None
INFO: 2026-03-05 13:30:10,634 - Downloading 123456 - sales...
DEBUG: 2026-03-05 13:30:10,639 - Starting new HTTPS connection (1): bulkapi.millionverifier.com:443
DEBUG: 2026-03-05 13:30:11,138 - https://bulkapi.millionverifier.com:443 "GET /bulkapi/v2/download?key=***REMOVED***&file_id=30342620&filter=all HTTP/1.1" 200 3151
DEBUG: 2026-03-05 13:30:11,148 - Encoding detection: ascii is most likely the one.
INFO: 2026-03-05 13:30:11,153 - Updating validation status... 
INFO: 2026-03-05 13:30:11,414 - DONE!
INFO: 2026-03-05 13:30:11,414 - FINISHED LOOP

success!
success!
INFO: 2026-03-05 13:40:10,711 - STARTING LOOP
DEBUG: 2026-03-05 13:40:10,811 - Starting new HTTPS connection (1): bulkapi.millionverifier.com:443
DEBUG: 2026-03-05 13:40:11,303 - https://bulkapi.millionverifier.com:443 "GET /bulkapi/v2/fileinfo?key=***REMOVED***&file_id=30342691 HTTP/1.1" 200 None
INFO: 2026-03-05 13:40:11,307 - Downloading 1993743 - hcr_gallup_la...
DEBUG: 2026-03-05 13:40:11,311 - Starting new HTTPS connection (1): bulkapi.millionverifier.com:443
DEBUG: 2026-03-05 13:40:11,711 - https://bulkapi.millionverifier.com:443 "GET /bulkapi/v2/download?key=***REMOVED***&file_id=30342691&filter=all HTTP/1.1" 200 256
DEBUG: 2026-03-05 13:40:11,721 - Encoding detection: ascii is most likely the one.
INFO: 2026-03-05 13:40:11,725 - Updating validation status... 
INFO: 2026-03-05 13:40:11,744 - DONE!
DEBUG: 2026-03-05 13:40:11,749 - Starting new HTTPS connection (1): bulkapi.millionverifier.com:443
DEBUG: 2026-03-05 13:40:12,195 - https://bulkapi.millionverifier.com:443 "GET /bulkapi/v2/fileinfo?key=***REMOVED***&file_id=30342694 HTTP/1.1" 200 None
INFO: 2026-03-05 13:40:12,199 - Downloading 123456 - sales...
DEBUG: 2026-03-05 13:40:12,203 - Starting new HTTPS connection (1): bulkapi.millionverifier.com:443
DEBUG: 2026-03-05 13:40:12,634 - https://bulkapi.millionverifier.com:443 "GET /bulkapi/v2/download?key=***REMOVED***&file_id=30342694&filter=all HTTP/1.1" 200 593
DEBUG: 2026-03-05 13:40:12,637 - Encoding detection: ascii is most likely the one.
INFO: 2026-03-05 13:40:12,641 - Updating validation status... 
INFO: 2026-03-05 13:40:12,679 - DONE!
INFO: 2026-03-05 13:40:12,679 - FINISHED LOOP

success!
success!
INFO: 2026-03-05 13:50:09,100 - STARTING LOOP
DEBUG: 2026-03-05 13:50:09,204 - Starting new HTTPS connection (1): bulkapi.millionverifier.com:443
DEBUG: 2026-03-05 13:50:09,611 - https://bulkapi.millionverifier.com:443 "GET /bulkapi/v2/fileinfo?key=***REMOVED***&file_id=30342736 HTTP/1.1" 200 None
INFO: 2026-03-05 13:50:09,616 - Downloading 1993743 - hcr_gallup_la...
DEBUG: 2026-03-05 13:50:09,621 - Starting new HTTPS connection (1): bulkapi.millionverifier.com:443
DEBUG: 2026-03-05 13:50:10,033 - https://bulkapi.millionverifier.com:443 "GET /bulkapi/v2/download?key=***REMOVED***&file_id=30342736&filter=all HTTP/1.1" 200 256
DEBUG: 2026-03-05 13:50:10,041 - Encoding detection: ascii is most likely the one.
INFO: 2026-03-05 13:50:10,046 - Updating validation status... 
INFO: 2026-03-05 13:50:10,062 - DONE!
INFO: 2026-03-05 13:50:10,062 - FINISHED LOOP

success!
INFO: 2026-03-05 14:00:26,547 - STARTING LOOP
DEBUG: 2026-03-05 14:00:26,610 - Starting new HTTPS connection (1): bulkapi.millionverifier.com:443
DEBUG: 2026-03-05 14:00:27,083 - https://bulkapi.millionverifier.com:443 "GET /bulkapi/v2/fileinfo?key=***REMOVED***&file_id=30342797 HTTP/1.1" 200 None
INFO: 2026-03-05 14:00:27,088 - Downloading 1993743 - hcr_gallup_la...
DEBUG: 2026-03-05 14:00:27,093 - Starting new HTTPS connection (1): bulkapi.millionverifier.com:443
DEBUG: 2026-03-05 14:00:27,495 - https://bulkapi.millionverifier.com:443 "GET /bulkapi/v2/download?key=***REMOVED***&file_id=30342797&filter=all HTTP/1.1" 200 256
DEBUG: 2026-03-05 14:00:27,502 - Encoding detection: ascii is most likely the one.
INFO: 2026-03-05 14:00:27,505 - Updating validation status... 
INFO: 2026-03-05 14:00:27,621 - DONE!
INFO: 2026-03-05 14:00:27,621 - FINISHED LOOP

success!
INFO: 2026-03-05 14:10:08,188 - STARTING LOOP
DEBUG: 2026-03-05 14:10:08,258 - Starting new HTTPS connection (1): bulkapi.millionverifier.com:443
DEBUG: 2026-03-05 14:10:08,661 - https://bulkapi.millionverifier.com:443 "GET /bulkapi/v2/fileinfo?key=***REMOVED***&file_id=30342872 HTTP/1.1" 200 None
INFO: 2026-03-05 14:10:08,666 - Downloading 1993743 - hcr_gallup_la...
DEBUG: 2026-03-05 14:10:08,669 - Starting new HTTPS connection (1): bulkapi.millionverifier.com:443
DEBUG: 2026-03-05 14:10:09,063 - https://bulkapi.millionverifier.com:443 "GET /bulkapi/v2/download?key=***REMOVED***&file_id=30342872&filter=all HTTP/1.1" 200 256
DEBUG: 2026-03-05 14:10:09,071 - Encoding detection: ascii is most likely the one.
INFO: 2026-03-05 14:10:09,075 - Updating validation status... 
INFO: 2026-03-05 14:10:09,094 - DONE!
INFO: 2026-03-05 14:10:09,094 - FINISHED LOOP

success!
INFO: 2026-03-05 14:20:07,948 - STARTING LOOP
DEBUG: 2026-03-05 14:20:08,020 - Starting new HTTPS connection (1): bulkapi.millionverifier.com:443
DEBUG: 2026-03-05 14:20:08,425 - https://bulkapi.millionverifier.com:443 "GET /bulkapi/v2/fileinfo?key=***REMOVED***&file_id=30342959 HTTP/1.1" 200 None
INFO: 2026-03-05 14:20:08,429 - Downloading 1993743 - hcr_gallup_la...
DEBUG: 2026-03-05 14:20:08,433 - Starting new HTTPS connection (1): bulkapi.millionverifier.com:443
DEBUG: 2026-03-05 14:20:08,838 - https://bulkapi.millionverifier.com:443 "GET /bulkapi/v2/download?key=***REMOVED***&file_id=30342959&filter=all HTTP/1.1" 200 256
DEBUG: 2026-03-05 14:20:08,845 - Encoding detection: ascii is most likely the one.
INFO: 2026-03-05 14:20:08,848 - Updating validation status... 
INFO: 2026-03-05 14:20:08,869 - DONE!
INFO: 2026-03-05 14:20:08,870 - FINISHED LOOP

success!
INFO: 2026-03-05 14:30:10,181 - STARTING LOOP
DEBUG: 2026-03-05 14:30:10,253 - Starting new HTTPS connection (1): bulkapi.millionverifier.com:443
DEBUG: 2026-03-05 14:30:10,666 - https://bulkapi.millionverifier.com:443 "GET /bulkapi/v2/fileinfo?key=***REMOVED***&file_id=30343065 HTTP/1.1" 200 None
INFO: 2026-03-05 14:30:10,677 - Downloading 1993743 - hcr_gallup_la...
DEBUG: 2026-03-05 14:30:10,679 - Starting new HTTPS connection (1): bulkapi.millionverifier.com:443
DEBUG: 2026-03-05 14:30:11,076 - https://bulkapi.millionverifier.com:443 "GET /bulkapi/v2/download?key=***REMOVED***&file_id=30343065&filter=all HTTP/1.1" 200 256
DEBUG: 2026-03-05 14:30:11,097 - Encoding detection: ascii is most likely the one.
INFO: 2026-03-05 14:30:11,101 - Updating validation status... 
INFO: 2026-03-05 14:30:11,250 - DONE!
INFO: 2026-03-05 14:30:11,250 - FINISHED LOOP

success!
INFO: 2026-03-05 14:40:06,570 - STARTING LOOP
DEBUG: 2026-03-05 14:40:06,617 - Starting new HTTPS connection (1): bulkapi.millionverifier.com:443
DEBUG: 2026-03-05 14:40:07,007 - https://bulkapi.millionverifier.com:443 "GET /bulkapi/v2/fileinfo?key=***REMOVED***&file_id=30343207 HTTP/1.1" 200 None
INFO: 2026-03-05 14:40:07,012 - Downloading 1993743 - hcr_gallup_la...
DEBUG: 2026-03-05 14:40:07,017 - Starting new HTTPS connection (1): bulkapi.millionverifier.com:443
DEBUG: 2026-03-05 14:40:07,480 - https://bulkapi.millionverifier.com:443 "GET /bulkapi/v2/download?key=***REMOVED***&file_id=30343207&filter=all HTTP/1.1" 200 256
DEBUG: 2026-03-05 14:40:07,492 - Encoding detection: ascii is most likely the one.
INFO: 2026-03-05 14:40:07,496 - Updating validation status... 
INFO: 2026-03-05 14:40:07,518 - DONE!
INFO: 2026-03-05 14:40:07,518 - FINISHED LOOP

success!
INFO: 2026-03-05 14:50:06,633 - STARTING LOOP
DEBUG: 2026-03-05 14:50:06,694 - Starting new HTTPS connection (1): bulkapi.millionverifier.com:443
DEBUG: 2026-03-05 14:50:06,968 - https://bulkapi.millionverifier.com:443 "GET /bulkapi/v2/fileinfo?key=***REMOVED***&file_id=30343293 HTTP/1.1" 200 None
INFO: 2026-03-05 14:50:06,972 - Downloading 1993743 - hcr_gallup_la...
DEBUG: 2026-03-05 14:50:06,976 - Starting new HTTPS connection (1): bulkapi.millionverifier.com:443
DEBUG: 2026-03-05 14:50:07,544 - https://bulkapi.millionverifier.com:443 "GET /bulkapi/v2/download?key=***REMOVED***&file_id=30343293&filter=all HTTP/1.1" 200 256
DEBUG: 2026-03-05 14:50:07,553 - Encoding detection: ascii is most likely the one.
INFO: 2026-03-05 14:50:07,557 - Updating validation status... 
INFO: 2026-03-05 14:50:07,572 - DONE!
INFO: 2026-03-05 14:50:07,572 - FINISHED LOOP

success!
INFO: 2026-03-05 15:00:08,575 - STARTING LOOP
DEBUG: 2026-03-05 15:00:08,628 - Starting new HTTPS connection (1): bulkapi.millionverifier.com:443
DEBUG: 2026-03-05 15:00:09,301 - https://bulkapi.millionverifier.com:443 "GET /bulkapi/v2/fileinfo?key=***REMOVED***&file_id=30343397 HTTP/1.1" 200 None
INFO: 2026-03-05 15:00:09,305 - Downloading 1993743 - hcr_gallup_la...
DEBUG: 2026-03-05 15:00:09,309 - Starting new HTTPS connection (1): bulkapi.millionverifier.com:443
DEBUG: 2026-03-05 15:00:09,699 - https://bulkapi.millionverifier.com:443 "GET /bulkapi/v2/download?key=***REMOVED***&file_id=30343397&filter=all HTTP/1.1" 200 256
DEBUG: 2026-03-05 15:00:09,705 - Encoding detection: ascii is most likely the one.
INFO: 2026-03-05 15:00:09,714 - Updating validation status... 
INFO: 2026-03-05 15:00:09,725 - DONE!
INFO: 2026-03-05 15:00:09,725 - FINISHED LOOP

success!
INFO: 2026-03-05 15:13:34,446 - STARTING LOOP
DEBUG: 2026-03-05 15:13:34,503 - Starting new HTTPS connection (1): bulkapi.millionverifier.com:443
DEBUG: 2026-03-05 15:13:34,913 - https://bulkapi.millionverifier.com:443 "GET /bulkapi/v2/fileinfo?key=***REMOVED***&file_id=30343478 HTTP/1.1" 200 None
INFO: 2026-03-05 15:13:34,917 - Downloading 1993743 - hcr_gallup_la...
DEBUG: 2026-03-05 15:13:34,921 - Starting new HTTPS connection (1): bulkapi.millionverifier.com:443
DEBUG: 2026-03-05 15:13:35,326 - https://bulkapi.millionverifier.com:443 "GET /bulkapi/v2/download?key=***REMOVED***&file_id=30343478&filter=all HTTP/1.1" 200 256
DEBUG: 2026-03-05 15:13:35,336 - Encoding detection: ascii is most likely the one.
INFO: 2026-03-05 15:13:35,342 - Updating validation status... 
INFO: 2026-03-05 15:13:35,361 - DONE!
INFO: 2026-03-05 15:13:35,361 - FINISHED LOOP

success!
INFO: 2026-03-05 15:22:38,732 - STARTING LOOP
DEBUG: 2026-03-05 15:22:38,792 - Starting new HTTPS connection (1): bulkapi.millionverifier.com:443
DEBUG: 2026-03-05 15:22:39,282 - https://bulkapi.millionverifier.com:443 "GET /bulkapi/v2/fileinfo?key=***REMOVED***&file_id=30343539 HTTP/1.1" 200 None
INFO: 2026-03-05 15:22:39,286 - Downloading 1993743 - hcr_gallup_la...
DEBUG: 2026-03-05 15:22:39,290 - Starting new HTTPS connection (1): bulkapi.millionverifier.com:443
DEBUG: 2026-03-05 15:22:39,694 - https://bulkapi.millionverifier.com:443 "GET /bulkapi/v2/download?key=***REMOVED***&file_id=30343539&filter=all HTTP/1.1" 200 256
DEBUG: 2026-03-05 15:22:39,705 - Encoding detection: ascii is most likely the one.
INFO: 2026-03-05 15:22:39,710 - Updating validation status... 
INFO: 2026-03-05 15:22:39,728 - DONE!
INFO: 2026-03-05 15:22:39,728 - FINISHED LOOP

success!
INFO: 2026-03-05 15:30:07,483 - STARTING LOOP
DEBUG: 2026-03-05 15:30:07,545 - Starting new HTTPS connection (1): bulkapi.millionverifier.com:443
DEBUG: 2026-03-05 15:30:07,950 - https://bulkapi.millionverifier.com:443 "GET /bulkapi/v2/fileinfo?key=***REMOVED***&file_id=30343580 HTTP/1.1" 200 None
INFO: 2026-03-05 15:30:07,955 - Downloading 1993743 - hcr_gallup_la...
DEBUG: 2026-03-05 15:30:07,958 - Starting new HTTPS connection (1): bulkapi.millionverifier.com:443
DEBUG: 2026-03-05 15:30:08,405 - https://bulkapi.millionverifier.com:443 "GET /bulkapi/v2/download?key=***REMOVED***&file_id=30343580&filter=all HTTP/1.1" 200 256
DEBUG: 2026-03-05 15:30:08,410 - Encoding detection: ascii is most likely the one.
INFO: 2026-03-05 15:30:08,412 - Updating validation status... 
INFO: 2026-03-05 15:30:08,426 - DONE!
INFO: 2026-03-05 15:30:08,426 - FINISHED LOOP

success!
INFO: 2026-03-05 15:40:13,236 - STARTING LOOP
DEBUG: 2026-03-05 15:40:13,302 - Starting new HTTPS connection (1): bulkapi.millionverifier.com:443
DEBUG: 2026-03-05 15:40:13,716 - https://bulkapi.millionverifier.com:443 "GET /bulkapi/v2/fileinfo?key=***REMOVED***&file_id=30343605 HTTP/1.1" 200 None
INFO: 2026-03-05 15:40:13,721 - Downloading 1993743 - hcr_gallup_la...
DEBUG: 2026-03-05 15:40:13,727 - Starting new HTTPS connection (1): bulkapi.millionverifier.com:443
DEBUG: 2026-03-05 15:40:14,139 - https://bulkapi.millionverifier.com:443 "GET /bulkapi/v2/download?key=***REMOVED***&file_id=30343605&filter=all HTTP/1.1" 200 256
DEBUG: 2026-03-05 15:40:14,148 - Encoding detection: ascii is most likely the one.
INFO: 2026-03-05 15:40:14,151 - Updating validation status... 
INFO: 2026-03-05 15:40:14,170 - DONE!
INFO: 2026-03-05 15:40:14,170 - FINISHED LOOP

success!
INFO: 2026-03-05 15:50:07,274 - STARTING LOOP
DEBUG: 2026-03-05 15:50:07,337 - Starting new HTTPS connection (1): bulkapi.millionverifier.com:443
DEBUG: 2026-03-05 15:50:07,752 - https://bulkapi.millionverifier.com:443 "GET /bulkapi/v2/fileinfo?key=***REMOVED***&file_id=30343636 HTTP/1.1" 200 None
INFO: 2026-03-05 15:50:07,756 - Downloading 1993743 - hcr_gallup_la...
DEBUG: 2026-03-05 15:50:07,759 - Starting new HTTPS connection (1): bulkapi.millionverifier.com:443
DEBUG: 2026-03-05 15:50:08,192 - https://bulkapi.millionverifier.com:443 "GET /bulkapi/v2/download?key=***REMOVED***&file_id=30343636&filter=all HTTP/1.1" 200 256
DEBUG: 2026-03-05 15:50:08,202 - Encoding detection: ascii is most likely the one.
INFO: 2026-03-05 15:50:08,206 - Updating validation status... 
INFO: 2026-03-05 15:50:08,228 - DONE!
INFO: 2026-03-05 15:50:08,228 - FINISHED LOOP

success!
INFO: 2026-03-05 16:00:12,063 - STARTING LOOP
DEBUG: 2026-03-05 16:00:12,106 - Starting new HTTPS connection (1): bulkapi.millionverifier.com:443
DEBUG: 2026-03-05 16:00:12,593 - https://bulkapi.millionverifier.com:443 "GET /bulkapi/v2/fileinfo?key=***REMOVED***&file_id=30343714 HTTP/1.1" 200 None
INFO: 2026-03-05 16:00:12,597 - Downloading 1993743 - hcr_gallup_la...
DEBUG: 2026-03-05 16:00:12,599 - Starting new HTTPS connection (1): bulkapi.millionverifier.com:443
DEBUG: 2026-03-05 16:00:13,005 - https://bulkapi.millionverifier.com:443 "GET /bulkapi/v2/download?key=***REMOVED***&file_id=30343714&filter=all HTTP/1.1" 200 256
DEBUG: 2026-03-05 16:00:13,030 - Encoding detection: ascii is most likely the one.
INFO: 2026-03-05 16:00:13,034 - Updating validation status... 
INFO: 2026-03-05 16:00:13,050 - DONE!
INFO: 2026-03-05 16:00:13,050 - FINISHED LOOP

success!
INFO: 2026-03-05 16:10:09,914 - STARTING LOOP
DEBUG: 2026-03-05 16:10:09,972 - Starting new HTTPS connection (1): bulkapi.millionverifier.com:443
DEBUG: 2026-03-05 16:10:10,403 - https://bulkapi.millionverifier.com:443 "GET /bulkapi/v2/fileinfo?key=***REMOVED***&file_id=30343755 HTTP/1.1" 200 None
INFO: 2026-03-05 16:10:10,408 - Downloading 1993743 - hcr_gallup_la...
DEBUG: 2026-03-05 16:10:10,413 - Starting new HTTPS connection (1): bulkapi.millionverifier.com:443
DEBUG: 2026-03-05 16:10:10,831 - https://bulkapi.millionverifier.com:443 "GET /bulkapi/v2/download?key=***REMOVED***&file_id=30343755&filter=all HTTP/1.1" 200 256
DEBUG: 2026-03-05 16:10:10,841 - Encoding detection: ascii is most likely the one.
INFO: 2026-03-05 16:10:10,843 - Updating validation status... 
INFO: 2026-03-05 16:10:10,861 - DONE!
INFO: 2026-03-05 16:10:10,861 - FINISHED LOOP

success!
INFO: 2026-03-05 16:20:07,233 - STARTING LOOP
DEBUG: 2026-03-05 16:20:07,298 - Starting new HTTPS connection (1): bulkapi.millionverifier.com:443
DEBUG: 2026-03-05 16:20:07,702 - https://bulkapi.millionverifier.com:443 "GET /bulkapi/v2/fileinfo?key=***REMOVED***&file_id=30343792 HTTP/1.1" 200 None
INFO: 2026-03-05 16:20:07,705 - Downloading 1993743 - hcr_gallup_la...
DEBUG: 2026-03-05 16:20:07,707 - Starting new HTTPS connection (1): bulkapi.millionverifier.com:443
DEBUG: 2026-03-05 16:20:08,101 - https://bulkapi.millionverifier.com:443 "GET /bulkapi/v2/download?key=***REMOVED***&file_id=30343792&filter=all HTTP/1.1" 200 256
DEBUG: 2026-03-05 16:20:08,197 - Encoding detection: ascii is most likely the one.
INFO: 2026-03-05 16:20:08,199 - Updating validation status... 
INFO: 2026-03-05 16:20:09,091 - DONE!
INFO: 2026-03-05 16:20:09,091 - FINISHED LOOP

success!
INFO: 2026-03-05 16:30:07,355 - STARTING LOOP
DEBUG: 2026-03-05 16:30:07,399 - Starting new HTTPS connection (1): bulkapi.millionverifier.com:443
DEBUG: 2026-03-05 16:30:07,667 - https://bulkapi.millionverifier.com:443 "GET /bulkapi/v2/fileinfo?key=***REMOVED***&file_id=30343828 HTTP/1.1" 200 None
INFO: 2026-03-05 16:30:07,673 - Downloading 1993743 - hcr_gallup_la...
DEBUG: 2026-03-05 16:30:07,677 - Starting new HTTPS connection (1): bulkapi.millionverifier.com:443
DEBUG: 2026-03-05 16:30:08,083 - https://bulkapi.millionverifier.com:443 "GET /bulkapi/v2/download?key=***REMOVED***&file_id=30343828&filter=all HTTP/1.1" 200 256
DEBUG: 2026-03-05 16:30:08,087 - Encoding detection: ascii is most likely the one.
INFO: 2026-03-05 16:30:08,090 - Updating validation status... 
INFO: 2026-03-05 16:30:08,106 - DONE!
INFO: 2026-03-05 16:30:08,106 - FINISHED LOOP

success!
INFO: 2026-03-05 16:40:08,142 - STARTING LOOP
DEBUG: 2026-03-05 16:40:08,209 - Starting new HTTPS connection (1): bulkapi.millionverifier.com:443
DEBUG: 2026-03-05 16:40:08,613 - https://bulkapi.millionverifier.com:443 "GET /bulkapi/v2/fileinfo?key=***REMOVED***&file_id=30343885 HTTP/1.1" 200 None
INFO: 2026-03-05 16:40:08,617 - Downloading 1993743 - hcr_gallup_la...
DEBUG: 2026-03-05 16:40:08,621 - Starting new HTTPS connection (1): bulkapi.millionverifier.com:443
DEBUG: 2026-03-05 16:40:09,054 - https://bulkapi.millionverifier.com:443 "GET /bulkapi/v2/download?key=***REMOVED***&file_id=30343885&filter=all HTTP/1.1" 200 256
DEBUG: 2026-03-05 16:40:09,067 - Encoding detection: ascii is most likely the one.
INFO: 2026-03-05 16:40:09,072 - Updating validation status... 
INFO: 2026-03-05 16:40:09,090 - DONE!
INFO: 2026-03-05 16:40:09,091 - FINISHED LOOP

success!
INFO: 2026-03-05 16:50:08,255 - STARTING LOOP
DEBUG: 2026-03-05 16:50:08,308 - Starting new HTTPS connection (1): bulkapi.millionverifier.com:443
DEBUG: 2026-03-05 16:50:08,810 - https://bulkapi.millionverifier.com:443 "GET /bulkapi/v2/fileinfo?key=***REMOVED***&file_id=30343922 HTTP/1.1" 200 None
INFO: 2026-03-05 16:50:08,815 - Downloading 1993743 - hcr_gallup_la...
DEBUG: 2026-03-05 16:50:08,820 - Starting new HTTPS connection (1): bulkapi.millionverifier.com:443
DEBUG: 2026-03-05 16:50:09,227 - https://bulkapi.millionverifier.com:443 "GET /bulkapi/v2/download?key=***REMOVED***&file_id=30343922&filter=all HTTP/1.1" 200 256
DEBUG: 2026-03-05 16:50:09,262 - Encoding detection: ascii is most likely the one.
INFO: 2026-03-05 16:50:09,264 - Updating validation status... 
INFO: 2026-03-05 16:50:09,285 - DONE!
INFO: 2026-03-05 16:50:09,286 - FINISHED LOOP

success!
INFO: 2026-03-05 17:00:09,593 - STARTING LOOP
DEBUG: 2026-03-05 17:00:09,656 - Starting new HTTPS connection (1): bulkapi.millionverifier.com:443
DEBUG: 2026-03-05 17:00:10,101 - https://bulkapi.millionverifier.com:443 "GET /bulkapi/v2/fileinfo?key=***REMOVED***&file_id=30343987 HTTP/1.1" 200 None
INFO: 2026-03-05 17:00:10,107 - Downloading 1993743 - hcr_gallup_la...
DEBUG: 2026-03-05 17:00:10,111 - Starting new HTTPS connection (1): bulkapi.millionverifier.com:443
DEBUG: 2026-03-05 17:00:10,612 - https://bulkapi.millionverifier.com:443 "GET /bulkapi/v2/download?key=***REMOVED***&file_id=30343987&filter=all HTTP/1.1" 200 256
DEBUG: 2026-03-05 17:00:10,617 - Encoding detection: ascii is most likely the one.
INFO: 2026-03-05 17:00:10,621 - Updating validation status... 
INFO: 2026-03-05 17:00:10,639 - DONE!
INFO: 2026-03-05 17:00:10,639 - FINISHED LOOP

success!
INFO: 2026-03-05 17:10:10,846 - STARTING LOOP
DEBUG: 2026-03-05 17:10:10,925 - Starting new HTTPS connection (1): bulkapi.millionverifier.com:443
DEBUG: 2026-03-05 17:10:11,492 - https://bulkapi.millionverifier.com:443 "GET /bulkapi/v2/fileinfo?key=***REMOVED***&file_id=30344008 HTTP/1.1" 200 None
INFO: 2026-03-05 17:10:11,501 - Downloading 1993743 - hcr_gallup_la...
DEBUG: 2026-03-05 17:10:11,506 - Starting new HTTPS connection (1): bulkapi.millionverifier.com:443
DEBUG: 2026-03-05 17:10:11,790 - https://bulkapi.millionverifier.com:443 "GET /bulkapi/v2/download?key=***REMOVED***&file_id=30344008&filter=all HTTP/1.1" 200 256
DEBUG: 2026-03-05 17:10:11,802 - Encoding detection: ascii is most likely the one.
INFO: 2026-03-05 17:10:11,805 - Updating validation status... 
INFO: 2026-03-05 17:10:11,826 - DONE!
INFO: 2026-03-05 17:10:11,827 - FINISHED LOOP

success!
INFO: 2026-03-05 17:20:09,169 - STARTING LOOP
DEBUG: 2026-03-05 17:20:09,328 - Starting new HTTPS connection (1): bulkapi.millionverifier.com:443
DEBUG: 2026-03-05 17:20:09,816 - https://bulkapi.millionverifier.com:443 "GET /bulkapi/v2/fileinfo?key=***REMOVED***&file_id=30344047 HTTP/1.1" 200 None
INFO: 2026-03-05 17:20:09,823 - Downloading 1993743 - hcr_gallup_la...
DEBUG: 2026-03-05 17:20:09,827 - Starting new HTTPS connection (1): bulkapi.millionverifier.com:443
DEBUG: 2026-03-05 17:20:10,327 - https://bulkapi.millionverifier.com:443 "GET /bulkapi/v2/download?key=***REMOVED***&file_id=30344047&filter=all HTTP/1.1" 200 256
DEBUG: 2026-03-05 17:20:10,341 - Encoding detection: ascii is most likely the one.
INFO: 2026-03-05 17:20:10,344 - Updating validation status... 
INFO: 2026-03-05 17:20:10,365 - DONE!
INFO: 2026-03-05 17:20:10,366 - FINISHED LOOP

success!
INFO: 2026-03-05 17:30:09,078 - STARTING LOOP
DEBUG: 2026-03-05 17:30:09,152 - Starting new HTTPS connection (1): bulkapi.millionverifier.com:443
DEBUG: 2026-03-05 17:30:09,644 - https://bulkapi.millionverifier.com:443 "GET /bulkapi/v2/fileinfo?key=***REMOVED***&file_id=30344130 HTTP/1.1" 200 None
INFO: 2026-03-05 17:30:09,647 - Downloading 1993743 - hcr_gallup_la...
DEBUG: 2026-03-05 17:30:09,650 - Starting new HTTPS connection (1): bulkapi.millionverifier.com:443
DEBUG: 2026-03-05 17:30:10,046 - https://bulkapi.millionverifier.com:443 "GET /bulkapi/v2/download?key=***REMOVED***&file_id=30344130&filter=all HTTP/1.1" 200 256
DEBUG: 2026-03-05 17:30:10,054 - Encoding detection: ascii is most likely the one.
INFO: 2026-03-05 17:30:10,057 - Updating validation status... 
INFO: 2026-03-05 17:30:10,077 - DONE!
INFO: 2026-03-05 17:30:10,077 - FINISHED LOOP

success!
INFO: 2026-03-05 17:40:07,878 - STARTING LOOP
DEBUG: 2026-03-05 17:40:07,933 - Starting new HTTPS connection (1): bulkapi.millionverifier.com:443
DEBUG: 2026-03-05 17:40:08,507 - https://bulkapi.millionverifier.com:443 "GET /bulkapi/v2/fileinfo?key=***REMOVED***&file_id=30344165 HTTP/1.1" 200 None
INFO: 2026-03-05 17:40:08,511 - Downloading 1993743 - hcr_gallup_la...
DEBUG: 2026-03-05 17:40:08,516 - Starting new HTTPS connection (1): bulkapi.millionverifier.com:443
DEBUG: 2026-03-05 17:40:08,915 - https://bulkapi.millionverifier.com:443 "GET /bulkapi/v2/download?key=***REMOVED***&file_id=30344165&filter=all HTTP/1.1" 200 256
DEBUG: 2026-03-05 17:40:08,935 - Encoding detection: ascii is most likely the one.
INFO: 2026-03-05 17:40:08,937 - Updating validation status... 
INFO: 2026-03-05 17:40:09,006 - DONE!
INFO: 2026-03-05 17:40:09,007 - FINISHED LOOP

success!
INFO: 2026-03-05 18:00:20,018 - STARTING LOOP
DEBUG: 2026-03-05 18:00:20,304 - Starting new HTTPS connection (1): bulkapi.millionverifier.com:443
DEBUG: 2026-03-05 18:00:20,837 - https://bulkapi.millionverifier.com:443 "GET /bulkapi/v2/fileinfo?key=***REMOVED***&file_id=30344201 HTTP/1.1" 200 None
INFO: 2026-03-05 18:00:20,841 - Downloading 1993743 - hcr_gallup_la...
DEBUG: 2026-03-05 18:00:20,846 - Starting new HTTPS connection (1): bulkapi.millionverifier.com:443
DEBUG: 2026-03-05 18:00:21,285 - https://bulkapi.millionverifier.com:443 "GET /bulkapi/v2/download?key=***REMOVED***&file_id=30344201&filter=all HTTP/1.1" 200 256
DEBUG: 2026-03-05 18:00:21,290 - Encoding detection: ascii is most likely the one.
INFO: 2026-03-05 18:00:21,294 - Updating validation status... 
INFO: 2026-03-05 18:00:21,322 - DONE!
INFO: 2026-03-05 18:00:21,322 - FINISHED LOOP

success!
INFO: 2026-03-05 18:10:10,010 - STARTING LOOP
INFO: 2026-03-05 18:10:10,023 - Nothing to download from MillionVerifier!
INFO: 2026-03-05 18:10:10,023 - FINISHED LOOP

INFO: 2026-03-05 20:10:05,546 - STARTING LOOP
INFO: 2026-03-05 20:10:05,554 - Nothing to download from MillionVerifier!
INFO: 2026-03-05 20:10:05,554 - FINISHED LOOP

INFO: 2026-03-05 20:20:04,827 - STARTING LOOP
INFO: 2026-03-05 20:20:04,838 - Nothing to download from MillionVerifier!
INFO: 2026-03-05 20:20:04,838 - FINISHED LOOP

INFO: 2026-03-05 20:30:06,548 - STARTING LOOP
INFO: 2026-03-05 20:30:06,557 - Nothing to download from MillionVerifier!
INFO: 2026-03-05 20:30:06,557 - FINISHED LOOP

INFO: 2026-03-05 20:40:07,803 - STARTING LOOP
INFO: 2026-03-05 20:40:07,812 - Nothing to download from MillionVerifier!
INFO: 2026-03-05 20:40:07,812 - FINISHED LOOP

INFO: 2026-03-05 20:50:05,786 - STARTING LOOP
INFO: 2026-03-05 20:50:05,799 - Nothing to download from MillionVerifier!
INFO: 2026-03-05 20:50:05,799 - FINISHED LOOP

INFO: 2026-03-05 21:00:06,428 - STARTING LOOP
INFO: 2026-03-05 21:00:06,435 - Nothing to download from MillionVerifier!
INFO: 2026-03-05 21:00:06,435 - FINISHED LOOP

INFO: 2026-03-05 21:10:07,717 - STARTING LOOP
INFO: 2026-03-05 21:10:07,725 - Nothing to download from MillionVerifier!
INFO: 2026-03-05 21:10:07,725 - FINISHED LOOP

INFO: 2026-03-05 21:20:06,169 - STARTING LOOP
INFO: 2026-03-05 21:20:06,183 - Nothing to download from MillionVerifier!
INFO: 2026-03-05 21:20:06,183 - FINISHED LOOP

INFO: 2026-03-05 22:00:25,065 - STARTING LOOP
INFO: 2026-03-05 22:00:25,071 - Nothing to download from MillionVerifier!
INFO: 2026-03-05 22:00:25,072 - FINISHED LOOP

INFO: 2026-03-06 05:40:04,748 - STARTING LOOP
INFO: 2026-03-06 05:40:04,758 - Nothing to download from MillionVerifier!
INFO: 2026-03-06 05:40:04,758 - FINISHED LOOP

INFO: 2026-03-06 05:58:20,499 - STARTING LOOP
INFO: 2026-03-06 05:58:20,508 - Nothing to download from MillionVerifier!
INFO: 2026-03-06 05:58:20,509 - FINISHED LOOP

INFO: 2026-03-06 06:00:16,351 - STARTING LOOP
INFO: 2026-03-06 06:00:16,358 - Nothing to download from MillionVerifier!
INFO: 2026-03-06 06:00:16,358 - FINISHED LOOP

INFO: 2026-03-06 06:40:10,125 - STARTING LOOP
INFO: 2026-03-06 06:40:10,137 - Nothing to download from MillionVerifier!
INFO: 2026-03-06 06:40:10,137 - FINISHED LOOP

INFO: 2026-03-06 06:51:05,207 - STARTING LOOP
INFO: 2026-03-06 06:51:05,212 - Nothing to download from MillionVerifier!
INFO: 2026-03-06 06:51:05,212 - FINISHED LOOP

INFO: 2026-03-06 07:04:16,442 - STARTING LOOP
INFO: 2026-03-06 07:04:16,447 - Nothing to download from MillionVerifier!
INFO: 2026-03-06 07:04:16,447 - FINISHED LOOP

INFO: 2026-03-06 07:50:34,380 - STARTING LOOP
INFO: 2026-03-06 07:50:34,388 - Nothing to download from MillionVerifier!
INFO: 2026-03-06 07:50:34,389 - FINISHED LOOP

INFO: 2026-03-06 08:01:17,105 - STARTING LOOP
INFO: 2026-03-06 08:01:17,110 - Nothing to download from MillionVerifier!
INFO: 2026-03-06 08:01:17,110 - FINISHED LOOP

INFO: 2026-03-06 08:12:56,199 - STARTING LOOP
INFO: 2026-03-06 08:12:56,211 - Nothing to download from MillionVerifier!
INFO: 2026-03-06 08:12:56,211 - FINISHED LOOP

INFO: 2026-03-06 08:54:43,670 - STARTING LOOP
INFO: 2026-03-06 08:54:43,679 - Nothing to download from MillionVerifier!
INFO: 2026-03-06 08:54:43,679 - FINISHED LOOP

INFO: 2026-03-06 09:20:05,091 - STARTING LOOP
INFO: 2026-03-06 09:20:05,102 - Nothing to download from MillionVerifier!
INFO: 2026-03-06 09:20:05,102 - FINISHED LOOP

INFO: 2026-03-06 09:30:28,211 - STARTING LOOP
INFO: 2026-03-06 09:30:28,215 - Nothing to download from MillionVerifier!
INFO: 2026-03-06 09:30:28,216 - FINISHED LOOP

INFO: 2026-03-06 10:02:11,754 - STARTING LOOP
INFO: 2026-03-06 10:02:11,762 - Nothing to download from MillionVerifier!
INFO: 2026-03-06 10:02:11,762 - FINISHED LOOP

INFO: 2026-03-06 10:10:08,602 - STARTING LOOP
INFO: 2026-03-06 10:10:08,611 - Nothing to download from MillionVerifier!
INFO: 2026-03-06 10:10:08,611 - FINISHED LOOP

INFO: 2026-03-06 10:20:06,876 - STARTING LOOP
INFO: 2026-03-06 10:20:06,886 - Nothing to download from MillionVerifier!
INFO: 2026-03-06 10:20:06,886 - FINISHED LOOP

INFO: 2026-03-06 10:30:07,910 - STARTING LOOP
INFO: 2026-03-06 10:30:07,916 - Nothing to download from MillionVerifier!
INFO: 2026-03-06 10:30:07,916 - FINISHED LOOP

INFO: 2026-03-06 10:40:07,535 - STARTING LOOP
INFO: 2026-03-06 10:40:07,546 - Nothing to download from MillionVerifier!
INFO: 2026-03-06 10:40:07,546 - FINISHED LOOP

INFO: 2026-03-06 10:50:08,397 - STARTING LOOP
INFO: 2026-03-06 10:50:08,406 - Nothing to download from MillionVerifier!
INFO: 2026-03-06 10:50:08,407 - FINISHED LOOP

INFO: 2026-03-06 11:00:10,006 - STARTING LOOP
INFO: 2026-03-06 11:00:10,012 - Nothing to download from MillionVerifier!
INFO: 2026-03-06 11:00:10,013 - FINISHED LOOP

INFO: 2026-03-06 11:10:07,803 - STARTING LOOP
INFO: 2026-03-06 11:10:07,813 - Nothing to download from MillionVerifier!
INFO: 2026-03-06 11:10:07,813 - FINISHED LOOP

INFO: 2026-03-06 11:20:07,695 - STARTING LOOP
INFO: 2026-03-06 11:20:08,064 - Nothing to download from MillionVerifier!
INFO: 2026-03-06 11:20:08,064 - FINISHED LOOP

INFO: 2026-03-06 11:30:10,997 - STARTING LOOP
INFO: 2026-03-06 11:30:11,007 - Nothing to download from MillionVerifier!
INFO: 2026-03-06 11:30:11,007 - FINISHED LOOP

INFO: 2026-03-06 11:41:04,466 - STARTING LOOP
INFO: 2026-03-06 11:41:05,485 - Nothing to download from MillionVerifier!
INFO: 2026-03-06 11:41:05,485 - FINISHED LOOP

INFO: 2026-03-06 11:50:07,908 - STARTING LOOP
INFO: 2026-03-06 11:50:07,922 - Nothing to download from MillionVerifier!
INFO: 2026-03-06 11:50:07,922 - FINISHED LOOP

INFO: 2026-03-06 12:00:07,808 - STARTING LOOP
INFO: 2026-03-06 12:00:07,812 - Nothing to download from MillionVerifier!
INFO: 2026-03-06 12:00:07,812 - FINISHED LOOP

INFO: 2026-03-06 12:10:08,835 - STARTING LOOP
INFO: 2026-03-06 12:10:08,846 - Nothing to download from MillionVerifier!
INFO: 2026-03-06 12:10:08,846 - FINISHED LOOP

INFO: 2026-03-06 12:20:48,535 - STARTING LOOP
INFO: 2026-03-06 12:20:48,544 - Nothing to download from MillionVerifier!
INFO: 2026-03-06 12:20:48,545 - FINISHED LOOP

INFO: 2026-03-06 12:30:07,762 - STARTING LOOP
INFO: 2026-03-06 12:30:07,768 - Nothing to download from MillionVerifier!
INFO: 2026-03-06 12:30:07,768 - FINISHED LOOP

INFO: 2026-03-06 12:40:08,186 - STARTING LOOP
INFO: 2026-03-06 12:40:08,198 - Nothing to download from MillionVerifier!
INFO: 2026-03-06 12:40:08,198 - FINISHED LOOP

INFO: 2026-03-06 12:50:08,187 - STARTING LOOP
INFO: 2026-03-06 12:50:08,198 - Nothing to download from MillionVerifier!
INFO: 2026-03-06 12:50:08,199 - FINISHED LOOP

INFO: 2026-03-06 13:00:08,127 - STARTING LOOP
INFO: 2026-03-06 13:00:08,133 - Nothing to download from MillionVerifier!
INFO: 2026-03-06 13:00:08,133 - FINISHED LOOP

INFO: 2026-03-06 13:10:09,538 - STARTING LOOP
INFO: 2026-03-06 13:10:09,562 - Nothing to download from MillionVerifier!
INFO: 2026-03-06 13:10:09,562 - FINISHED LOOP

INFO: 2026-03-06 13:20:09,406 - STARTING LOOP
INFO: 2026-03-06 13:20:09,417 - Nothing to download from MillionVerifier!
INFO: 2026-03-06 13:20:09,417 - FINISHED LOOP

INFO: 2026-03-06 13:30:09,725 - STARTING LOOP
INFO: 2026-03-06 13:30:09,731 - Nothing to download from MillionVerifier!
INFO: 2026-03-06 13:30:09,731 - FINISHED LOOP

INFO: 2026-03-06 13:40:07,786 - STARTING LOOP
INFO: 2026-03-06 13:40:07,818 - Nothing to download from MillionVerifier!
INFO: 2026-03-06 13:40:07,818 - FINISHED LOOP

INFO: 2026-03-06 13:50:09,886 - STARTING LOOP
INFO: 2026-03-06 13:50:09,898 - Nothing to download from MillionVerifier!
INFO: 2026-03-06 13:50:09,898 - FINISHED LOOP

INFO: 2026-03-06 14:00:08,432 - STARTING LOOP
INFO: 2026-03-06 14:00:08,438 - Nothing to download from MillionVerifier!
INFO: 2026-03-06 14:00:08,438 - FINISHED LOOP

INFO: 2026-03-06 14:10:07,383 - STARTING LOOP
INFO: 2026-03-06 14:10:07,394 - Nothing to download from MillionVerifier!
INFO: 2026-03-06 14:10:07,394 - FINISHED LOOP

INFO: 2026-03-06 14:20:08,370 - STARTING LOOP
INFO: 2026-03-06 14:20:08,382 - Nothing to download from MillionVerifier!
INFO: 2026-03-06 14:20:08,382 - FINISHED LOOP

INFO: 2026-03-06 14:30:08,669 - STARTING LOOP
INFO: 2026-03-06 14:30:08,675 - Nothing to download from MillionVerifier!
INFO: 2026-03-06 14:30:08,676 - FINISHED LOOP

INFO: 2026-03-06 14:40:09,687 - STARTING LOOP
INFO: 2026-03-06 14:40:09,700 - Nothing to download from MillionVerifier!
INFO: 2026-03-06 14:40:09,701 - FINISHED LOOP

INFO: 2026-03-06 14:50:08,300 - STARTING LOOP
INFO: 2026-03-06 14:50:08,308 - Nothing to download from MillionVerifier!
INFO: 2026-03-06 14:50:08,308 - FINISHED LOOP

INFO: 2026-03-06 15:00:10,668 - STARTING LOOP
INFO: 2026-03-06 15:00:10,673 - Nothing to download from MillionVerifier!
INFO: 2026-03-06 15:00:10,673 - FINISHED LOOP

INFO: 2026-03-06 15:10:07,779 - STARTING LOOP
INFO: 2026-03-06 15:10:07,790 - Nothing to download from MillionVerifier!
INFO: 2026-03-06 15:10:07,790 - FINISHED LOOP

INFO: 2026-03-06 15:20:07,826 - STARTING LOOP
INFO: 2026-03-06 15:20:07,834 - Nothing to download from MillionVerifier!
INFO: 2026-03-06 15:20:07,834 - FINISHED LOOP

INFO: 2026-03-06 15:30:09,324 - STARTING LOOP
DEBUG: 2026-03-06 15:30:09,393 - Starting new HTTPS connection (1): bulkapi.millionverifier.com:443
DEBUG: 2026-03-06 15:30:09,783 - https://bulkapi.millionverifier.com:443 "GET /bulkapi/v2/fileinfo?key=***REMOVED***&file_id=30349795 HTTP/1.1" 200 None
DEBUG: 2026-03-06 15:30:09,792 - Starting new HTTPS connection (1): bulkapi.millionverifier.com:443
DEBUG: 2026-03-06 15:30:10,066 - https://bulkapi.millionverifier.com:443 "GET /bulkapi/v2/fileinfo?key=***REMOVED***&file_id=30349796 HTTP/1.1" 200 None
DEBUG: 2026-03-06 15:30:10,074 - Starting new HTTPS connection (1): bulkapi.millionverifier.com:443
DEBUG: 2026-03-06 15:30:10,359 - https://bulkapi.millionverifier.com:443 "GET /bulkapi/v2/fileinfo?key=***REMOVED***&file_id=30349797 HTTP/1.1" 200 None
DEBUG: 2026-03-06 15:30:10,370 - Starting new HTTPS connection (1): bulkapi.millionverifier.com:443
DEBUG: 2026-03-06 15:30:10,648 - https://bulkapi.millionverifier.com:443 "GET /bulkapi/v2/fileinfo?key=***REMOVED***&file_id=30349798 HTTP/1.1" 200 None
DEBUG: 2026-03-06 15:30:10,658 - Starting new HTTPS connection (1): bulkapi.millionverifier.com:443
DEBUG: 2026-03-06 15:30:10,932 - https://bulkapi.millionverifier.com:443 "GET /bulkapi/v2/fileinfo?key=***REMOVED***&file_id=30349803 HTTP/1.1" 200 None
INFO: 2026-03-06 15:30:10,937 - Downloading 1150717 - red_associates_cancer_spain_referrals...
DEBUG: 2026-03-06 15:30:10,941 - Starting new HTTPS connection (1): bulkapi.millionverifier.com:443
DEBUG: 2026-03-06 15:30:11,233 - https://bulkapi.millionverifier.com:443 "GET /bulkapi/v2/download?key=***REMOVED***&file_id=30349803&filter=all HTTP/1.1" 200 14257
DEBUG: 2026-03-06 15:30:11,385 - Encoding detection: utf_8 is most likely the one.
INFO: 2026-03-06 15:30:11,390 - Updating validation status... 
INFO: 2026-03-06 15:30:11,623 - DONE!
INFO: 2026-03-06 15:30:11,623 - FINISHED LOOP

success!
INFO: 2026-03-06 16:10:07,499 - STARTING LOOP
DEBUG: 2026-03-06 16:10:07,674 - Starting new HTTPS connection (1): bulkapi.millionverifier.com:443
DEBUG: 2026-03-06 16:10:08,071 - https://bulkapi.millionverifier.com:443 "GET /bulkapi/v2/fileinfo?key=***REMOVED***&file_id=30349795 HTTP/1.1" 200 None
INFO: 2026-03-06 16:10:08,074 - Downloading 2009991 - glassview_it...
DEBUG: 2026-03-06 16:10:08,076 - Starting new HTTPS connection (1): bulkapi.millionverifier.com:443
DEBUG: 2026-03-06 16:10:08,484 - https://bulkapi.millionverifier.com:443 "GET /bulkapi/v2/download?key=***REMOVED***&file_id=30349795&filter=all HTTP/1.1" 200 359188
DEBUG: 2026-03-06 16:10:08,999 - Encoding detection: ascii is most likely the one.
INFO: 2026-03-06 16:10:09,033 - Updating validation status... 
INFO: 2026-03-06 16:10:18,686 - DONE!
DEBUG: 2026-03-06 16:10:18,693 - Starting new HTTPS connection (1): bulkapi.millionverifier.com:443
DEBUG: 2026-03-06 16:10:18,970 - https://bulkapi.millionverifier.com:443 "GET /bulkapi/v2/fileinfo?key=***REMOVED***&file_id=30349796 HTTP/1.1" 200 None
INFO: 2026-03-06 16:10:18,978 - Downloading 2002111 - hlm_prison_research...
DEBUG: 2026-03-06 16:10:18,985 - Starting new HTTPS connection (1): bulkapi.millionverifier.com:443
DEBUG: 2026-03-06 16:10:19,432 - https://bulkapi.millionverifier.com:443 "GET /bulkapi/v2/download?key=***REMOVED***&file_id=30349796&filter=all HTTP/1.1" 200 176747
DEBUG: 2026-03-06 16:10:19,768 - Encoding detection: utf_8 is most likely the one.
INFO: 2026-03-06 16:10:19,783 - Updating validation status... 
INFO: 2026-03-06 16:10:27,386 - DONE!
DEBUG: 2026-03-06 16:10:27,390 - Starting new HTTPS connection (1): bulkapi.millionverifier.com:443
DEBUG: 2026-03-06 16:10:27,665 - https://bulkapi.millionverifier.com:443 "GET /bulkapi/v2/fileinfo?key=***REMOVED***&file_id=30349797 HTTP/1.1" 200 None
INFO: 2026-03-06 16:10:27,670 - Downloading 1432181 - reputation_leaders_csuite...
DEBUG: 2026-03-06 16:10:27,675 - Starting new HTTPS connection (1): bulkapi.millionverifier.com:443
DEBUG: 2026-03-06 16:10:27,976 - https://bulkapi.millionverifier.com:443 "GET /bulkapi/v2/download?key=***REMOVED***&file_id=30349797&filter=all HTTP/1.1" 200 445473
DEBUG: 2026-03-06 16:10:28,495 - Encoding detection: utf_8 is most likely the one.
INFO: 2026-03-06 16:10:28,533 - Updating validation status... 
INFO: 2026-03-06 16:10:41,797 - DONE!
DEBUG: 2026-03-06 16:10:41,804 - Starting new HTTPS connection (1): bulkapi.millionverifier.com:443
DEBUG: 2026-03-06 16:10:42,087 - https://bulkapi.millionverifier.com:443 "GET /bulkapi/v2/fileinfo?key=***REMOVED***&file_id=30349798 HTTP/1.1" 200 None
INFO: 2026-03-06 16:10:42,091 - Downloading 1994141 - luminare_health...
DEBUG: 2026-03-06 16:10:42,093 - Starting new HTTPS connection (1): bulkapi.millionverifier.com:443
DEBUG: 2026-03-06 16:10:42,519 - https://bulkapi.millionverifier.com:443 "GET /bulkapi/v2/download?key=***REMOVED***&file_id=30349798&filter=all HTTP/1.1" 200 82595
DEBUG: 2026-03-06 16:10:42,781 - Encoding detection: utf_8 is most likely the one.
INFO: 2026-03-06 16:10:42,791 - Updating validation status... 
INFO: 2026-03-06 16:10:47,776 - DONE!
DEBUG: 2026-03-06 16:10:47,784 - Starting new HTTPS connection (1): bulkapi.millionverifier.com:443
DEBUG: 2026-03-06 16:10:48,071 - https://bulkapi.millionverifier.com:443 "GET /bulkapi/v2/fileinfo?key=***REMOVED***&file_id=30349831 HTTP/1.1" 200 None
INFO: 2026-03-06 16:10:48,079 - Downloading 1150717 - red_associates_cancer_spain_referrals...
DEBUG: 2026-03-06 16:10:48,086 - Starting new HTTPS connection (1): bulkapi.millionverifier.com:443
DEBUG: 2026-03-06 16:10:48,515 - https://bulkapi.millionverifier.com:443 "GET /bulkapi/v2/download?key=***REMOVED***&file_id=30349831&filter=all HTTP/1.1" 200 14255
DEBUG: 2026-03-06 16:10:48,648 - Encoding detection: utf_8 is most likely the one.
INFO: 2026-03-06 16:10:48,652 - Updating validation status... 
INFO: 2026-03-06 16:10:48,733 - DONE!
INFO: 2026-03-06 16:10:48,733 - FINISHED LOOP

success!
success!
success!
success!
success!
INFO: 2026-03-06 16:20:08,885 - STARTING LOOP
DEBUG: 2026-03-06 16:20:08,938 - Starting new HTTPS connection (1): bulkapi.millionverifier.com:443
DEBUG: 2026-03-06 16:20:09,339 - https://bulkapi.millionverifier.com:443 "GET /bulkapi/v2/fileinfo?key=***REMOVED***&file_id=30350065 HTTP/1.1" 200 None
INFO: 2026-03-06 16:20:09,345 - Downloading 1150717 - red_associates_cancer_spain_referrals...
DEBUG: 2026-03-06 16:20:09,350 - Starting new HTTPS connection (1): bulkapi.millionverifier.com:443
DEBUG: 2026-03-06 16:20:09,765 - https://bulkapi.millionverifier.com:443 "GET /bulkapi/v2/download?key=***REMOVED***&file_id=30350065&filter=all HTTP/1.1" 200 14203
DEBUG: 2026-03-06 16:20:09,920 - Encoding detection: utf_8 is most likely the one.
INFO: 2026-03-06 16:20:09,924 - Updating validation status... 
INFO: 2026-03-06 16:20:10,148 - DONE!
INFO: 2026-03-06 16:20:10,149 - FINISHED LOOP

success!
INFO: 2026-03-06 16:30:07,118 - STARTING LOOP
DEBUG: 2026-03-06 16:30:07,171 - Starting new HTTPS connection (1): bulkapi.millionverifier.com:443
DEBUG: 2026-03-06 16:30:07,573 - https://bulkapi.millionverifier.com:443 "GET /bulkapi/v2/fileinfo?key=***REMOVED***&file_id=30350113 HTTP/1.1" 200 None
DEBUG: 2026-03-06 16:30:07,578 - Starting new HTTPS connection (1): bulkapi.millionverifier.com:443
DEBUG: 2026-03-06 16:30:07,957 - https://bulkapi.millionverifier.com:443 "GET /bulkapi/v2/fileinfo?key=***REMOVED***&file_id=30350154 HTTP/1.1" 200 None
INFO: 2026-03-06 16:30:07,960 - Downloading 1432181 - reputation_leaders_csuite...
DEBUG: 2026-03-06 16:30:07,962 - Starting new HTTPS connection (1): bulkapi.millionverifier.com:443
DEBUG: 2026-03-06 16:30:08,247 - https://bulkapi.millionverifier.com:443 "GET /bulkapi/v2/download?key=***REMOVED***&file_id=30350154&filter=all HTTP/1.1" 200 89866
DEBUG: 2026-03-06 16:30:08,532 - Encoding detection: utf_8 is most likely the one.
INFO: 2026-03-06 16:30:08,542 - Updating validation status... 
INFO: 2026-03-06 16:30:10,258 - DONE!
DEBUG: 2026-03-06 16:30:10,263 - Starting new HTTPS connection (1): bulkapi.millionverifier.com:443
DEBUG: 2026-03-06 16:30:10,748 - https://bulkapi.millionverifier.com:443 "GET /bulkapi/v2/fileinfo?key=***REMOVED***&file_id=30350157 HTTP/1.1" 200 None
INFO: 2026-03-06 16:30:10,753 - Downloading 1150717 - red_associates_cancer_spain_referrals...
DEBUG: 2026-03-06 16:30:10,757 - Starting new HTTPS connection (1): bulkapi.millionverifier.com:443
DEBUG: 2026-03-06 16:30:11,046 - https://bulkapi.millionverifier.com:443 "GET /bulkapi/v2/download?key=***REMOVED***&file_id=30350157&filter=all HTTP/1.1" 200 14255
DEBUG: 2026-03-06 16:30:11,174 - Encoding detection: utf_8 is most likely the one.
INFO: 2026-03-06 16:30:11,179 - Updating validation status... 
INFO: 2026-03-06 16:30:11,289 - DONE!
INFO: 2026-03-06 16:30:11,289 - FINISHED LOOP

success!
success!
INFO: 2026-03-06 16:40:08,868 - STARTING LOOP
DEBUG: 2026-03-06 16:40:08,937 - Starting new HTTPS connection (1): bulkapi.millionverifier.com:443
DEBUG: 2026-03-06 16:40:09,374 - https://bulkapi.millionverifier.com:443 "GET /bulkapi/v2/fileinfo?key=***REMOVED***&file_id=30350113 HTTP/1.1" 200 None
INFO: 2026-03-06 16:40:09,380 - Downloading 2009991 - glassview_it...
DEBUG: 2026-03-06 16:40:09,384 - Starting new HTTPS connection (1): bulkapi.millionverifier.com:443
DEBUG: 2026-03-06 16:40:09,787 - https://bulkapi.millionverifier.com:443 "GET /bulkapi/v2/download?key=***REMOVED***&file_id=30350113&filter=all HTTP/1.1" 200 52218
DEBUG: 2026-03-06 16:40:10,022 - Encoding detection: ascii is most likely the one.
INFO: 2026-03-06 16:40:10,030 - Updating validation status... 
INFO: 2026-03-06 16:40:11,455 - DONE!
DEBUG: 2026-03-06 16:40:11,461 - Starting new HTTPS connection (1): bulkapi.millionverifier.com:443
DEBUG: 2026-03-06 16:40:11,936 - https://bulkapi.millionverifier.com:443 "GET /bulkapi/v2/fileinfo?key=***REMOVED***&file_id=30350205 HTTP/1.1" 200 None
INFO: 2026-03-06 16:40:11,942 - Downloading 1432181 - reputation_leaders_csuite...
DEBUG: 2026-03-06 16:40:11,947 - Starting new HTTPS connection (1): bulkapi.millionverifier.com:443
DEBUG: 2026-03-06 16:40:12,226 - https://bulkapi.millionverifier.com:443 "GET /bulkapi/v2/download?key=***REMOVED***&file_id=30350205&filter=all HTTP/1.1" 200 122
DEBUG: 2026-03-06 16:40:12,228 - Encoding detection: ascii is most likely the one.
INFO: 2026-03-06 16:40:12,232 - Updating validation status... 
INFO: 2026-03-06 16:40:12,235 - DONE!
DEBUG: 2026-03-06 16:40:12,241 - Starting new HTTPS connection (1): bulkapi.millionverifier.com:443
DEBUG: 2026-03-06 16:40:12,753 - https://bulkapi.millionverifier.com:443 "GET /bulkapi/v2/fileinfo?key=***REMOVED***&file_id=30350208 HTTP/1.1" 200 None
INFO: 2026-03-06 16:40:12,758 - Downloading 1150717 - red_associates_cancer_spain_referrals...
DEBUG: 2026-03-06 16:40:12,763 - Starting new HTTPS connection (1): bulkapi.millionverifier.com:443
DEBUG: 2026-03-06 16:40:13,048 - https://bulkapi.millionverifier.com:443 "GET /bulkapi/v2/download?key=***REMOVED***&file_id=30350208&filter=all HTTP/1.1" 200 14203
DEBUG: 2026-03-06 16:40:13,179 - Encoding detection: utf_8 is most likely the one.
INFO: 2026-03-06 16:40:13,184 - Updating validation status... 
INFO: 2026-03-06 16:40:13,313 - DONE!
INFO: 2026-03-06 16:40:13,313 - FINISHED LOOP

success!
success!
success!
INFO: 2026-03-06 16:50:05,277 - STARTING LOOP
DEBUG: 2026-03-06 16:50:05,958 - Starting new HTTPS connection (1): bulkapi.millionverifier.com:443
DEBUG: 2026-03-06 16:50:06,469 - https://bulkapi.millionverifier.com:443 "GET /bulkapi/v2/fileinfo?key=***REMOVED***&file_id=30350232 HTTP/1.1" 200 None
INFO: 2026-03-06 16:50:06,476 - Downloading 1432181 - reputation_leaders_csuite...
DEBUG: 2026-03-06 16:50:06,482 - Starting new HTTPS connection (1): bulkapi.millionverifier.com:443
DEBUG: 2026-03-06 16:50:06,898 - https://bulkapi.millionverifier.com:443 "GET /bulkapi/v2/download?key=***REMOVED***&file_id=30350232&filter=all HTTP/1.1" 200 122
DEBUG: 2026-03-06 16:50:06,902 - Encoding detection: ascii is most likely the one.
INFO: 2026-03-06 16:50:06,905 - Updating validation status... 
INFO: 2026-03-06 16:50:06,909 - DONE!
DEBUG: 2026-03-06 16:50:06,913 - Starting new HTTPS connection (1): bulkapi.millionverifier.com:443
DEBUG: 2026-03-06 16:50:07,308 - https://bulkapi.millionverifier.com:443 "GET /bulkapi/v2/fileinfo?key=***REMOVED***&file_id=30350234 HTTP/1.1" 200 None
INFO: 2026-03-06 16:50:07,313 - Downloading 1150717 - red_associates_cancer_spain_referrals...
DEBUG: 2026-03-06 16:50:07,319 - Starting new HTTPS connection (1): bulkapi.millionverifier.com:443
DEBUG: 2026-03-06 16:50:07,615 - https://bulkapi.millionverifier.com:443 "GET /bulkapi/v2/download?key=***REMOVED***&file_id=30350234&filter=all HTTP/1.1" 200 14255
DEBUG: 2026-03-06 16:50:07,752 - Encoding detection: utf_8 is most likely the one.
INFO: 2026-03-06 16:50:07,757 - Updating validation status... 
INFO: 2026-03-06 16:50:07,891 - DONE!
INFO: 2026-03-06 16:50:07,891 - FINISHED LOOP

success!
success!
INFO: 2026-03-06 17:00:07,469 - STARTING LOOP
DEBUG: 2026-03-06 17:00:07,525 - Starting new HTTPS connection (1): bulkapi.millionverifier.com:443
DEBUG: 2026-03-06 17:00:07,806 - https://bulkapi.millionverifier.com:443 "GET /bulkapi/v2/fileinfo?key=***REMOVED***&file_id=30350257 HTTP/1.1" 200 None
INFO: 2026-03-06 17:00:07,811 - Downloading 2009991 - glassview_it...
DEBUG: 2026-03-06 17:00:07,815 - Starting new HTTPS connection (1): bulkapi.millionverifier.com:443
DEBUG: 2026-03-06 17:00:08,245 - https://bulkapi.millionverifier.com:443 "GET /bulkapi/v2/download?key=***REMOVED***&file_id=30350257&filter=all HTTP/1.1" 200 11072
DEBUG: 2026-03-06 17:00:08,267 - Encoding detection: ascii is most likely the one.
INFO: 2026-03-06 17:00:08,270 - Updating validation status... 
INFO: 2026-03-06 17:00:08,802 - DONE!
DEBUG: 2026-03-06 17:00:08,810 - Starting new HTTPS connection (1): bulkapi.millionverifier.com:443
DEBUG: 2026-03-06 17:00:09,237 - https://bulkapi.millionverifier.com:443 "GET /bulkapi/v2/fileinfo?key=***REMOVED***&file_id=30350258 HTTP/1.1" 200 None
INFO: 2026-03-06 17:00:09,241 - Downloading 1432181 - reputation_leaders_csuite...
DEBUG: 2026-03-06 17:00:09,245 - Starting new HTTPS connection (1): bulkapi.millionverifier.com:443
DEBUG: 2026-03-06 17:00:09,532 - https://bulkapi.millionverifier.com:443 "GET /bulkapi/v2/download?key=***REMOVED***&file_id=30350258&filter=all HTTP/1.1" 200 122
DEBUG: 2026-03-06 17:00:09,534 - Encoding detection: ascii is most likely the one.
INFO: 2026-03-06 17:00:09,539 - Updating validation status... 
INFO: 2026-03-06 17:00:09,542 - DONE!
DEBUG: 2026-03-06 17:00:09,547 - Starting new HTTPS connection (1): bulkapi.millionverifier.com:443
DEBUG: 2026-03-06 17:00:09,842 - https://bulkapi.millionverifier.com:443 "GET /bulkapi/v2/fileinfo?key=***REMOVED***&file_id=30350263 HTTP/1.1" 200 None
INFO: 2026-03-06 17:00:09,846 - Downloading 1150717 - red_associates_cancer_spain_referrals...
DEBUG: 2026-03-06 17:00:09,852 - Starting new HTTPS connection (1): bulkapi.millionverifier.com:443
DEBUG: 2026-03-06 17:00:10,246 - https://bulkapi.millionverifier.com:443 "GET /bulkapi/v2/download?key=***REMOVED***&file_id=30350263&filter=all HTTP/1.1" 200 14255
DEBUG: 2026-03-06 17:00:10,375 - Encoding detection: utf_8 is most likely the one.
INFO: 2026-03-06 17:00:10,379 - Updating validation status... 
INFO: 2026-03-06 17:00:10,476 - DONE!
INFO: 2026-03-06 17:00:10,476 - FINISHED LOOP

success!
success!
success!
INFO: 2026-03-06 17:10:11,461 - STARTING LOOP
DEBUG: 2026-03-06 17:10:11,546 - Starting new HTTPS connection (1): bulkapi.millionverifier.com:443
DEBUG: 2026-03-06 17:10:11,949 - https://bulkapi.millionverifier.com:443 "GET /bulkapi/v2/fileinfo?key=***REMOVED***&file_id=30350269 HTTP/1.1" 200 None
INFO: 2026-03-06 17:10:11,955 - Downloading 2009991 - glassview_it...
DEBUG: 2026-03-06 17:10:11,961 - Starting new HTTPS connection (1): bulkapi.millionverifier.com:443
DEBUG: 2026-03-06 17:10:12,386 - https://bulkapi.millionverifier.com:443 "GET /bulkapi/v2/download?key=***REMOVED***&file_id=30350269&filter=all HTTP/1.1" 200 11719
DEBUG: 2026-03-06 17:10:12,403 - Encoding detection: ascii is most likely the one.
INFO: 2026-03-06 17:10:12,408 - Updating validation status... 
INFO: 2026-03-06 17:10:12,924 - DONE!
DEBUG: 2026-03-06 17:10:12,931 - Starting new HTTPS connection (1): bulkapi.millionverifier.com:443
DEBUG: 2026-03-06 17:10:13,323 - https://bulkapi.millionverifier.com:443 "GET /bulkapi/v2/fileinfo?key=***REMOVED***&file_id=30350271 HTTP/1.1" 200 None
INFO: 2026-03-06 17:10:13,327 - Downloading 1432181 - reputation_leaders_csuite...
DEBUG: 2026-03-06 17:10:13,330 - Starting new HTTPS connection (1): bulkapi.millionverifier.com:443
DEBUG: 2026-03-06 17:10:13,735 - https://bulkapi.millionverifier.com:443 "GET /bulkapi/v2/download?key=***REMOVED***&file_id=30350271&filter=all HTTP/1.1" 200 122
DEBUG: 2026-03-06 17:10:13,736 - Encoding detection: ascii is most likely the one.
INFO: 2026-03-06 17:10:13,738 - Updating validation status... 
INFO: 2026-03-06 17:10:13,740 - DONE!
DEBUG: 2026-03-06 17:10:13,743 - Starting new HTTPS connection (1): bulkapi.millionverifier.com:443
DEBUG: 2026-03-06 17:10:14,028 - https://bulkapi.millionverifier.com:443 "GET /bulkapi/v2/fileinfo?key=***REMOVED***&file_id=30350274 HTTP/1.1" 200 None
INFO: 2026-03-06 17:10:14,032 - Downloading 1150717 - red_associates_cancer_spain_referrals...
DEBUG: 2026-03-06 17:10:14,035 - Starting new HTTPS connection (1): bulkapi.millionverifier.com:443
DEBUG: 2026-03-06 17:10:14,473 - https://bulkapi.millionverifier.com:443 "GET /bulkapi/v2/download?key=***REMOVED***&file_id=30350274&filter=all HTTP/1.1" 200 14255
DEBUG: 2026-03-06 17:10:14,588 - Encoding detection: utf_8 is most likely the one.
INFO: 2026-03-06 17:10:14,592 - Updating validation status... 
INFO: 2026-03-06 17:10:14,711 - DONE!
INFO: 2026-03-06 17:10:14,711 - FINISHED LOOP

success!
success!
success!
INFO: 2026-03-06 17:20:06,530 - STARTING LOOP
DEBUG: 2026-03-06 17:20:06,586 - Starting new HTTPS connection (1): bulkapi.millionverifier.com:443
DEBUG: 2026-03-06 17:20:07,006 - https://bulkapi.millionverifier.com:443 "GET /bulkapi/v2/fileinfo?key=***REMOVED***&file_id=30350286 HTTP/1.1" 200 None
INFO: 2026-03-06 17:20:07,010 - Downloading 2009991 - glassview_it...
DEBUG: 2026-03-06 17:20:07,013 - Starting new HTTPS connection (1): bulkapi.millionverifier.com:443
DEBUG: 2026-03-06 17:20:07,310 - https://bulkapi.millionverifier.com:443 "GET /bulkapi/v2/download?key=***REMOVED***&file_id=30350286&filter=all HTTP/1.1" 200 2278
DEBUG: 2026-03-06 17:20:07,327 - Encoding detection: ascii is most likely the one.
INFO: 2026-03-06 17:20:07,331 - Updating validation status... 
INFO: 2026-03-06 17:20:07,520 - DONE!
DEBUG: 2026-03-06 17:20:07,525 - Starting new HTTPS connection (1): bulkapi.millionverifier.com:443
DEBUG: 2026-03-06 17:20:07,916 - https://bulkapi.millionverifier.com:443 "GET /bulkapi/v2/fileinfo?key=***REMOVED***&file_id=30350287 HTTP/1.1" 200 None
INFO: 2026-03-06 17:20:07,919 - Downloading 1432181 - reputation_leaders_csuite...
DEBUG: 2026-03-06 17:20:07,924 - Starting new HTTPS connection (1): bulkapi.millionverifier.com:443
DEBUG: 2026-03-06 17:20:08,228 - https://bulkapi.millionverifier.com:443 "GET /bulkapi/v2/download?key=***REMOVED***&file_id=30350287&filter=all HTTP/1.1" 200 122
DEBUG: 2026-03-06 17:20:08,230 - Encoding detection: ascii is most likely the one.
INFO: 2026-03-06 17:20:08,234 - Updating validation status... 
INFO: 2026-03-06 17:20:08,239 - DONE!
DEBUG: 2026-03-06 17:20:08,243 - Starting new HTTPS connection (1): bulkapi.millionverifier.com:443
DEBUG: 2026-03-06 17:20:08,536 - https://bulkapi.millionverifier.com:443 "GET /bulkapi/v2/fileinfo?key=***REMOVED***&file_id=30350290 HTTP/1.1" 200 None
INFO: 2026-03-06 17:20:08,541 - Downloading 1150717 - red_associates_cancer_spain_referrals...
DEBUG: 2026-03-06 17:20:08,546 - Starting new HTTPS connection (1): bulkapi.millionverifier.com:443
DEBUG: 2026-03-06 17:20:08,946 - https://bulkapi.millionverifier.com:443 "GET /bulkapi/v2/download?key=***REMOVED***&file_id=30350290&filter=all HTTP/1.1" 200 14255
DEBUG: 2026-03-06 17:20:09,073 - Encoding detection: utf_8 is most likely the one.
INFO: 2026-03-06 17:20:09,077 - Updating validation status... 
INFO: 2026-03-06 17:20:09,170 - DONE!
INFO: 2026-03-06 17:20:09,170 - FINISHED LOOP

success!
success!
success!
INFO: 2026-03-06 17:30:06,079 - STARTING LOOP
DEBUG: 2026-03-06 17:30:06,139 - Starting new HTTPS connection (1): bulkapi.millionverifier.com:443
DEBUG: 2026-03-06 17:30:06,534 - https://bulkapi.millionverifier.com:443 "GET /bulkapi/v2/fileinfo?key=***REMOVED***&file_id=30350303 HTTP/1.1" 200 None
INFO: 2026-03-06 17:30:06,536 - Downloading 1432181 - reputation_leaders_csuite...
DEBUG: 2026-03-06 17:30:06,538 - Starting new HTTPS connection (1): bulkapi.millionverifier.com:443
DEBUG: 2026-03-06 17:30:06,949 - https://bulkapi.millionverifier.com:443 "GET /bulkapi/v2/download?key=***REMOVED***&file_id=30350303&filter=all HTTP/1.1" 200 122
DEBUG: 2026-03-06 17:30:06,953 - Encoding detection: ascii is most likely the one.
INFO: 2026-03-06 17:30:06,955 - Updating validation status... 
INFO: 2026-03-06 17:30:06,960 - DONE!
DEBUG: 2026-03-06 17:30:06,962 - Starting new HTTPS connection (1): bulkapi.millionverifier.com:443
DEBUG: 2026-03-06 17:30:07,358 - https://bulkapi.millionverifier.com:443 "GET /bulkapi/v2/fileinfo?key=***REMOVED***&file_id=30350305 HTTP/1.1" 200 None
INFO: 2026-03-06 17:30:07,361 - Downloading 1150717 - red_associates_cancer_spain_referrals...
DEBUG: 2026-03-06 17:30:07,364 - Starting new HTTPS connection (1): bulkapi.millionverifier.com:443
DEBUG: 2026-03-06 17:30:07,789 - https://bulkapi.millionverifier.com:443 "GET /bulkapi/v2/download?key=***REMOVED***&file_id=30350305&filter=all HTTP/1.1" 200 14201
DEBUG: 2026-03-06 17:30:07,944 - Encoding detection: utf_8 is most likely the one.
INFO: 2026-03-06 17:30:07,949 - Updating validation status... 
INFO: 2026-03-06 17:30:08,169 - DONE!
INFO: 2026-03-06 17:30:08,169 - FINISHED LOOP

success!
success!
INFO: 2026-03-06 17:40:06,876 - STARTING LOOP
DEBUG: 2026-03-06 17:40:06,933 - Starting new HTTPS connection (1): bulkapi.millionverifier.com:443
DEBUG: 2026-03-06 17:40:07,344 - https://bulkapi.millionverifier.com:443 "GET /bulkapi/v2/fileinfo?key=***REMOVED***&file_id=30350315 HTTP/1.1" 200 None
INFO: 2026-03-06 17:40:07,346 - Downloading 1432181 - reputation_leaders_csuite...
DEBUG: 2026-03-06 17:40:07,348 - Starting new HTTPS connection (1): bulkapi.millionverifier.com:443
DEBUG: 2026-03-06 17:40:07,772 - https://bulkapi.millionverifier.com:443 "GET /bulkapi/v2/download?key=***REMOVED***&file_id=30350315&filter=all HTTP/1.1" 200 122
DEBUG: 2026-03-06 17:40:07,777 - Encoding detection: ascii is most likely the one.
INFO: 2026-03-06 17:40:07,779 - Updating validation status... 
INFO: 2026-03-06 17:40:07,782 - DONE!
DEBUG: 2026-03-06 17:40:07,785 - Starting new HTTPS connection (1): bulkapi.millionverifier.com:443
DEBUG: 2026-03-06 17:40:08,167 - https://bulkapi.millionverifier.com:443 "GET /bulkapi/v2/fileinfo?key=***REMOVED***&file_id=30350319 HTTP/1.1" 200 None
INFO: 2026-03-06 17:40:08,170 - Downloading 1150717 - red_associates_cancer_spain_referrals...
DEBUG: 2026-03-06 17:40:08,173 - Starting new HTTPS connection (1): bulkapi.millionverifier.com:443
DEBUG: 2026-03-06 17:40:08,561 - https://bulkapi.millionverifier.com:443 "GET /bulkapi/v2/download?key=***REMOVED***&file_id=30350319&filter=all HTTP/1.1" 200 14253
DEBUG: 2026-03-06 17:40:08,708 - Encoding detection: utf_8 is most likely the one.
INFO: 2026-03-06 17:40:08,714 - Updating validation status... 
INFO: 2026-03-06 17:40:08,938 - DONE!
INFO: 2026-03-06 17:40:08,938 - FINISHED LOOP

success!
success!
INFO: 2026-03-06 17:50:05,510 - STARTING LOOP
DEBUG: 2026-03-06 17:50:05,555 - Starting new HTTPS connection (1): bulkapi.millionverifier.com:443
DEBUG: 2026-03-06 17:50:05,940 - https://bulkapi.millionverifier.com:443 "GET /bulkapi/v2/fileinfo?key=***REMOVED***&file_id=30350333 HTTP/1.1" 200 None
INFO: 2026-03-06 17:50:05,943 - Downloading 1432181 - reputation_leaders_csuite...
DEBUG: 2026-03-06 17:50:05,945 - Starting new HTTPS connection (1): bulkapi.millionverifier.com:443
DEBUG: 2026-03-06 17:50:06,218 - https://bulkapi.millionverifier.com:443 "GET /bulkapi/v2/download?key=***REMOVED***&file_id=30350333&filter=all HTTP/1.1" 200 122
DEBUG: 2026-03-06 17:50:06,219 - Encoding detection: ascii is most likely the one.
INFO: 2026-03-06 17:50:06,221 - Updating validation status... 
INFO: 2026-03-06 17:50:06,225 - DONE!
DEBUG: 2026-03-06 17:50:06,227 - Starting new HTTPS connection (1): bulkapi.millionverifier.com:443
DEBUG: 2026-03-06 17:50:06,601 - https://bulkapi.millionverifier.com:443 "GET /bulkapi/v2/fileinfo?key=***REMOVED***&file_id=30350334 HTTP/1.1" 200 None
INFO: 2026-03-06 17:50:06,604 - Downloading 1150717 - red_associates_cancer_spain_referrals...
DEBUG: 2026-03-06 17:50:06,607 - Starting new HTTPS connection (1): bulkapi.millionverifier.com:443
DEBUG: 2026-03-06 17:50:06,897 - https://bulkapi.millionverifier.com:443 "GET /bulkapi/v2/download?key=***REMOVED***&file_id=30350334&filter=all HTTP/1.1" 200 14213
DEBUG: 2026-03-06 17:50:07,022 - Encoding detection: utf_8 is most likely the one.
INFO: 2026-03-06 17:50:07,025 - Updating validation status... 
INFO: 2026-03-06 17:50:07,145 - DONE!
INFO: 2026-03-06 17:50:07,145 - FINISHED LOOP

success!
success!
INFO: 2026-03-06 18:00:06,097 - STARTING LOOP
DEBUG: 2026-03-06 18:00:06,157 - Starting new HTTPS connection (1): bulkapi.millionverifier.com:443
DEBUG: 2026-03-06 18:00:06,565 - https://bulkapi.millionverifier.com:443 "GET /bulkapi/v2/fileinfo?key=***REMOVED***&file_id=30350351 HTTP/1.1" 200 None
INFO: 2026-03-06 18:00:06,569 - Downloading 1432181 - reputation_leaders_csuite...
DEBUG: 2026-03-06 18:00:06,574 - Starting new HTTPS connection (1): bulkapi.millionverifier.com:443
DEBUG: 2026-03-06 18:00:06,947 - https://bulkapi.millionverifier.com:443 "GET /bulkapi/v2/download?key=***REMOVED***&file_id=30350351&filter=all HTTP/1.1" 200 122
DEBUG: 2026-03-06 18:00:06,953 - Encoding detection: ascii is most likely the one.
INFO: 2026-03-06 18:00:06,956 - Updating validation status... 
INFO: 2026-03-06 18:00:06,964 - DONE!
DEBUG: 2026-03-06 18:00:06,968 - Starting new HTTPS connection (1): bulkapi.millionverifier.com:443
DEBUG: 2026-03-06 18:00:07,383 - https://bulkapi.millionverifier.com:443 "GET /bulkapi/v2/fileinfo?key=***REMOVED***&file_id=30350352 HTTP/1.1" 200 None
INFO: 2026-03-06 18:00:07,388 - Downloading 1150717 - red_associates_cancer_spain_referrals...
DEBUG: 2026-03-06 18:00:07,392 - Starting new HTTPS connection (1): bulkapi.millionverifier.com:443
DEBUG: 2026-03-06 18:00:07,691 - https://bulkapi.millionverifier.com:443 "GET /bulkapi/v2/download?key=***REMOVED***&file_id=30350352&filter=all HTTP/1.1" 200 14253
DEBUG: 2026-03-06 18:00:07,835 - Encoding detection: utf_8 is most likely the one.
INFO: 2026-03-06 18:00:07,839 - Updating validation status... 
INFO: 2026-03-06 18:00:07,992 - DONE!
INFO: 2026-03-06 18:00:07,993 - FINISHED LOOP

success!
success!
INFO: 2026-03-06 18:10:07,844 - STARTING LOOP
INFO: 2026-03-06 18:10:07,856 - Nothing to download from MillionVerifier!
INFO: 2026-03-06 18:10:07,856 - FINISHED LOOP

INFO: 2026-03-06 18:20:07,169 - STARTING LOOP
INFO: 2026-03-06 18:20:07,180 - Nothing to download from MillionVerifier!
INFO: 2026-03-06 18:20:07,180 - FINISHED LOOP

INFO: 2026-03-06 18:56:30,657 - STARTING LOOP
INFO: 2026-03-06 18:56:30,667 - Nothing to download from MillionVerifier!
INFO: 2026-03-06 18:56:30,667 - FINISHED LOOP

INFO: 2026-03-06 19:02:12,972 - STARTING LOOP
INFO: 2026-03-06 19:02:12,977 - Nothing to download from MillionVerifier!
INFO: 2026-03-06 19:02:12,978 - FINISHED LOOP

INFO: 2026-03-07 01:30:09,415 - STARTING LOOP
INFO: 2026-03-07 01:30:09,426 - Nothing to download from MillionVerifier!
INFO: 2026-03-07 01:30:09,426 - FINISHED LOOP

INFO: 2026-03-07 03:30:05,785 - STARTING LOOP
INFO: 2026-03-07 03:30:05,802 - Nothing to download from MillionVerifier!
INFO: 2026-03-07 03:30:05,802 - FINISHED LOOP

INFO: 2026-03-07 05:10:05,192 - STARTING LOOP
INFO: 2026-03-07 05:10:05,209 - Nothing to download from MillionVerifier!
INFO: 2026-03-07 05:10:05,209 - FINISHED LOOP

INFO: 2026-03-07 14:52:48,145 - STARTING LOOP
INFO: 2026-03-07 14:52:48,155 - Nothing to download from MillionVerifier!
INFO: 2026-03-07 14:52:48,155 - FINISHED LOOP

INFO: 2026-03-07 15:26:13,704 - STARTING LOOP
INFO: 2026-03-07 15:26:13,750 - Nothing to download from MillionVerifier!
INFO: 2026-03-07 15:26:13,750 - FINISHED LOOP

INFO: 2026-03-07 17:20:06,453 - STARTING LOOP
INFO: 2026-03-07 17:20:06,461 - Nothing to download from MillionVerifier!
INFO: 2026-03-07 17:20:06,461 - FINISHED LOOP

INFO: 2026-03-07 21:07:36,912 - STARTING LOOP
INFO: 2026-03-07 21:07:36,922 - Nothing to download from MillionVerifier!
INFO: 2026-03-07 21:07:36,922 - FINISHED LOOP

INFO: 2026-03-07 23:20:07,522 - STARTING LOOP
INFO: 2026-03-07 23:20:07,532 - Nothing to download from MillionVerifier!
INFO: 2026-03-07 23:20:07,532 - FINISHED LOOP

INFO: 2026-03-08 04:34:06,711 - STARTING LOOP
INFO: 2026-03-08 04:34:06,738 - Nothing to download from MillionVerifier!
INFO: 2026-03-08 04:34:06,739 - FINISHED LOOP

INFO: 2026-03-08 07:42:54,029 - STARTING LOOP
INFO: 2026-03-08 07:42:54,038 - Nothing to download from MillionVerifier!
INFO: 2026-03-08 07:42:54,039 - FINISHED LOOP

INFO: 2026-03-08 10:04:21,520 - STARTING LOOP
INFO: 2026-03-08 10:04:21,537 - Nothing to download from MillionVerifier!
INFO: 2026-03-08 10:04:21,537 - FINISHED LOOP

INFO: 2026-03-08 10:15:09,366 - STARTING LOOP
INFO: 2026-03-08 10:15:09,371 - Nothing to download from MillionVerifier!
INFO: 2026-03-08 10:15:09,371 - FINISHED LOOP

INFO: 2026-03-08 10:30:51,434 - STARTING LOOP
INFO: 2026-03-08 10:30:51,442 - Nothing to download from MillionVerifier!
INFO: 2026-03-08 10:30:51,442 - FINISHED LOOP

INFO: 2026-03-08 10:50:06,662 - STARTING LOOP
INFO: 2026-03-08 10:50:06,672 - Nothing to download from MillionVerifier!
INFO: 2026-03-08 10:50:06,672 - FINISHED LOOP

INFO: 2026-03-08 11:10:08,234 - STARTING LOOP
INFO: 2026-03-08 11:10:08,244 - Nothing to download from MillionVerifier!
INFO: 2026-03-08 11:10:08,244 - FINISHED LOOP

INFO: 2026-03-08 13:40:05,707 - STARTING LOOP
INFO: 2026-03-08 13:40:05,717 - Nothing to download from MillionVerifier!
INFO: 2026-03-08 13:40:05,717 - FINISHED LOOP

INFO: 2026-03-08 18:54:44,129 - STARTING LOOP
INFO: 2026-03-08 18:54:44,140 - Nothing to download from MillionVerifier!
INFO: 2026-03-08 18:54:44,140 - FINISHED LOOP

INFO: 2026-03-08 21:40:05,218 - STARTING LOOP
INFO: 2026-03-08 21:40:05,227 - Nothing to download from MillionVerifier!
INFO: 2026-03-08 21:40:05,227 - FINISHED LOOP

INFO: 2026-03-09 05:50:44,635 - STARTING LOOP
INFO: 2026-03-09 05:50:44,646 - Nothing to download from MillionVerifier!
INFO: 2026-03-09 05:50:44,646 - FINISHED LOOP

INFO: 2026-03-09 05:50:48,324 - STARTING LOOP
INFO: 2026-03-09 05:50:48,326 - Nothing to download from MillionVerifier!
INFO: 2026-03-09 05:50:48,326 - FINISHED LOOP

INFO: 2026-03-09 06:31:16,268 - STARTING LOOP
INFO: 2026-03-09 06:31:16,271 - Nothing to download from MillionVerifier!
INFO: 2026-03-09 06:31:16,271 - FINISHED LOOP

INFO: 2026-03-09 09:00:09,871 - STARTING LOOP
INFO: 2026-03-09 09:00:09,881 - Nothing to download from MillionVerifier!
INFO: 2026-03-09 09:00:09,881 - FINISHED LOOP

INFO: 2026-03-09 09:10:06,316 - STARTING LOOP
INFO: 2026-03-09 09:10:06,327 - Nothing to download from MillionVerifier!
INFO: 2026-03-09 09:10:06,327 - FINISHED LOOP

INFO: 2026-03-09 09:20:07,362 - STARTING LOOP
INFO: 2026-03-09 09:20:07,373 - Nothing to download from MillionVerifier!
INFO: 2026-03-09 09:20:07,373 - FINISHED LOOP

INFO: 2026-03-09 09:30:07,213 - STARTING LOOP
INFO: 2026-03-09 09:30:07,226 - Nothing to download from MillionVerifier!
INFO: 2026-03-09 09:30:07,226 - FINISHED LOOP

INFO: 2026-03-09 09:40:09,003 - STARTING LOOP
INFO: 2026-03-09 09:40:09,012 - Nothing to download from MillionVerifier!
INFO: 2026-03-09 09:40:09,012 - FINISHED LOOP

INFO: 2026-03-09 09:50:07,022 - STARTING LOOP
INFO: 2026-03-09 09:50:07,031 - Nothing to download from MillionVerifier!
INFO: 2026-03-09 09:50:07,031 - FINISHED LOOP

INFO: 2026-03-09 10:00:08,666 - STARTING LOOP
INFO: 2026-03-09 10:00:08,677 - Nothing to download from MillionVerifier!
INFO: 2026-03-09 10:00:08,677 - FINISHED LOOP

INFO: 2026-03-09 10:10:07,584 - STARTING LOOP
DEBUG: 2026-03-09 10:10:07,652 - Starting new HTTPS connection (1): bulkapi.millionverifier.com:443
DEBUG: 2026-03-09 10:10:08,080 - https://bulkapi.millionverifier.com:443 "GET /bulkapi/v2/fileinfo?key=***REMOVED***&file_id=30358872 HTTP/1.1" 200 None
INFO: 2026-03-09 10:10:08,083 - FINISHED LOOP

INFO: 2026-03-09 10:20:08,295 - STARTING LOOP
DEBUG: 2026-03-09 10:20:08,346 - Starting new HTTPS connection (1): bulkapi.millionverifier.com:443
DEBUG: 2026-03-09 10:20:08,738 - https://bulkapi.millionverifier.com:443 "GET /bulkapi/v2/fileinfo?key=***REMOVED***&file_id=30358872 HTTP/1.1" 200 None
INFO: 2026-03-09 10:20:08,742 - Downloading 2009991 - glassview_it...
DEBUG: 2026-03-09 10:20:08,745 - Starting new HTTPS connection (1): bulkapi.millionverifier.com:443
DEBUG: 2026-03-09 10:20:09,174 - https://bulkapi.millionverifier.com:443 "GET /bulkapi/v2/download?key=***REMOVED***&file_id=30358872&filter=all HTTP/1.1" 200 130024
DEBUG: 2026-03-09 10:20:09,592 - Encoding detection: utf_8 is most likely the one.
INFO: 2026-03-09 10:20:09,604 - Updating validation status... 
INFO: 2026-03-09 10:20:12,780 - DONE!
DEBUG: 2026-03-09 10:20:12,787 - Starting new HTTPS connection (1): bulkapi.millionverifier.com:443
DEBUG: 2026-03-09 10:20:13,061 - https://bulkapi.millionverifier.com:443 "GET /bulkapi/v2/fileinfo?key=***REMOVED***&file_id=30358922 HTTP/1.1" 200 None
INFO: 2026-03-09 10:20:13,064 - FINISHED LOOP

success!
INFO: 2026-03-09 10:31:36,650 - STARTING LOOP
DEBUG: 2026-03-09 10:31:36,808 - Starting new HTTPS connection (1): bulkapi.millionverifier.com:443
DEBUG: 2026-03-09 10:31:37,305 - https://bulkapi.millionverifier.com:443 "GET /bulkapi/v2/fileinfo?key=***REMOVED***&file_id=30358922 HTTP/1.1" 200 None
INFO: 2026-03-09 10:31:37,307 - FINISHED LOOP

INFO: 2026-03-09 10:40:08,860 - STARTING LOOP
DEBUG: 2026-03-09 10:40:08,916 - Starting new HTTPS connection (1): bulkapi.millionverifier.com:443
DEBUG: 2026-03-09 10:40:09,321 - https://bulkapi.millionverifier.com:443 "GET /bulkapi/v2/fileinfo?key=***REMOVED***&file_id=30358922 HTTP/1.1" 200 None
INFO: 2026-03-09 10:40:09,324 - FINISHED LOOP

INFO: 2026-03-09 10:50:09,467 - STARTING LOOP
DEBUG: 2026-03-09 10:50:09,521 - Starting new HTTPS connection (1): bulkapi.millionverifier.com:443
DEBUG: 2026-03-09 10:50:09,904 - https://bulkapi.millionverifier.com:443 "GET /bulkapi/v2/fileinfo?key=***REMOVED***&file_id=30358922 HTTP/1.1" 200 None
INFO: 2026-03-09 10:50:09,905 - FINISHED LOOP

INFO: 2026-03-09 11:00:17,117 - STARTING LOOP
DEBUG: 2026-03-09 11:00:17,203 - Starting new HTTPS connection (1): bulkapi.millionverifier.com:443
DEBUG: 2026-03-09 11:00:17,625 - https://bulkapi.millionverifier.com:443 "GET /bulkapi/v2/fileinfo?key=***REMOVED***&file_id=30358922 HTTP/1.1" 200 None
INFO: 2026-03-09 11:00:17,629 - FINISHED LOOP

INFO: 2026-03-09 11:13:04,453 - STARTING LOOP
DEBUG: 2026-03-09 11:13:04,532 - Starting new HTTPS connection (1): bulkapi.millionverifier.com:443
DEBUG: 2026-03-09 11:13:04,993 - https://bulkapi.millionverifier.com:443 "GET /bulkapi/v2/fileinfo?key=***REMOVED***&file_id=30358922 HTTP/1.1" 200 None
DEBUG: 2026-03-09 11:13:05,002 - Starting new HTTPS connection (1): bulkapi.millionverifier.com:443
DEBUG: 2026-03-09 11:13:05,507 - https://bulkapi.millionverifier.com:443 "GET /bulkapi/v2/fileinfo?key=***REMOVED***&file_id=30359155 HTTP/1.1" 200 None
INFO: 2026-03-09 11:13:05,512 - FINISHED LOOP

INFO: 2026-03-09 11:20:09,557 - STARTING LOOP
DEBUG: 2026-03-09 11:20:09,658 - Starting new HTTPS connection (1): bulkapi.millionverifier.com:443
DEBUG: 2026-03-09 11:20:10,105 - https://bulkapi.millionverifier.com:443 "GET /bulkapi/v2/fileinfo?key=***REMOVED***&file_id=30358922 HTTP/1.1" 200 None
DEBUG: 2026-03-09 11:20:10,113 - Starting new HTTPS connection (1): bulkapi.millionverifier.com:443
DEBUG: 2026-03-09 11:20:10,494 - https://bulkapi.millionverifier.com:443 "GET /bulkapi/v2/fileinfo?key=***REMOVED***&file_id=30359155 HTTP/1.1" 200 None
DEBUG: 2026-03-09 11:20:10,503 - Starting new HTTPS connection (1): bulkapi.millionverifier.com:443
DEBUG: 2026-03-09 11:20:10,900 - https://bulkapi.millionverifier.com:443 "GET /bulkapi/v2/fileinfo?key=***REMOVED***&file_id=30359218 HTTP/1.1" 200 None
INFO: 2026-03-09 11:20:10,903 - FINISHED LOOP

INFO: 2026-03-09 11:30:10,577 - STARTING LOOP
DEBUG: 2026-03-09 11:30:10,644 - Starting new HTTPS connection (1): bulkapi.millionverifier.com:443
DEBUG: 2026-03-09 11:30:11,067 - https://bulkapi.millionverifier.com:443 "GET /bulkapi/v2/fileinfo?key=***REMOVED***&file_id=30358922 HTTP/1.1" 200 None
INFO: 2026-03-09 11:30:11,071 - Downloading 123456 - sales...
DEBUG: 2026-03-09 11:30:11,076 - Starting new HTTPS connection (1): bulkapi.millionverifier.com:443
DEBUG: 2026-03-09 11:30:11,492 - https://bulkapi.millionverifier.com:443 "GET /bulkapi/v2/download?key=***REMOVED***&file_id=30358922&filter=all HTTP/1.1" 200 2712350
DEBUG: 2026-03-09 11:30:12,624 - Encoding detection: ascii is most likely the one.
INFO: 2026-03-09 11:30:12,858 - Updating validation status... 
INFO: 2026-03-09 11:31:02,617 - DONE!
DEBUG: 2026-03-09 11:31:02,630 - Starting new HTTPS connection (1): bulkapi.millionverifier.com:443
DEBUG: 2026-03-09 11:31:03,088 - https://bulkapi.millionverifier.com:443 "GET /bulkapi/v2/fileinfo?key=***REMOVED***&file_id=30359155 HTTP/1.1" 200 None
INFO: 2026-03-09 11:31:03,094 - Downloading 1995971 - Vanguardcharitable...
DEBUG: 2026-03-09 11:31:03,098 - Starting new HTTPS connection (1): bulkapi.millionverifier.com:443
DEBUG: 2026-03-09 11:31:03,510 - https://bulkapi.millionverifier.com:443 "GET /bulkapi/v2/download?key=***REMOVED***&file_id=30359155&filter=all HTTP/1.1" 200 265956
DEBUG: 2026-03-09 11:31:03,999 - Encoding detection: ascii is most likely the one.
INFO: 2026-03-09 11:31:04,028 - Updating validation status... 
INFO: 2026-03-09 11:31:12,141 - DONE!
DEBUG: 2026-03-09 11:31:12,147 - Starting new HTTPS connection (1): bulkapi.millionverifier.com:443
DEBUG: 2026-03-09 11:31:12,421 - https://bulkapi.millionverifier.com:443 "GET /bulkapi/v2/fileinfo?key=***REMOVED***&file_id=30359218 HTTP/1.1" 200 None
INFO: 2026-03-09 11:31:12,423 - Downloading 2009991 - glassview_it...
DEBUG: 2026-03-09 11:31:12,426 - Starting new HTTPS connection (1): bulkapi.millionverifier.com:443
DEBUG: 2026-03-09 11:31:12,823 - https://bulkapi.millionverifier.com:443 "GET /bulkapi/v2/download?key=***REMOVED***&file_id=30359218&filter=all HTTP/1.1" 200 44902
DEBUG: 2026-03-09 11:31:13,068 - Encoding detection: utf_8 is most likely the one.
INFO: 2026-03-09 11:31:13,075 - Updating validation status... 
INFO: 2026-03-09 11:31:15,175 - DONE!
INFO: 2026-03-09 11:31:15,176 - FINISHED LOOP

success!
success!
success!
INFO: 2026-03-09 11:40:09,625 - STARTING LOOP
INFO: 2026-03-09 11:40:09,632 - Nothing to download from MillionVerifier!
INFO: 2026-03-09 11:40:09,632 - FINISHED LOOP

INFO: 2026-03-09 11:50:07,632 - STARTING LOOP
DEBUG: 2026-03-09 11:50:07,694 - Starting new HTTPS connection (1): bulkapi.millionverifier.com:443
DEBUG: 2026-03-09 11:50:08,199 - https://bulkapi.millionverifier.com:443 "GET /bulkapi/v2/fileinfo?key=***REMOVED***&file_id=30359362 HTTP/1.1" 200 None
DEBUG: 2026-03-09 11:50:08,205 - Starting new HTTPS connection (1): bulkapi.millionverifier.com:443
DEBUG: 2026-03-09 11:50:08,478 - https://bulkapi.millionverifier.com:443 "GET /bulkapi/v2/fileinfo?key=***REMOVED***&file_id=30359364 HTTP/1.1" 200 None
INFO: 2026-03-09 11:50:08,483 - FINISHED LOOP

INFO: 2026-03-09 12:07:38,529 - STARTING LOOP
DEBUG: 2026-03-09 12:07:38,920 - Starting new HTTPS connection (1): bulkapi.millionverifier.com:443
DEBUG: 2026-03-09 12:07:39,697 - https://bulkapi.millionverifier.com:443 "GET /bulkapi/v2/fileinfo?key=***REMOVED***&file_id=30359362 HTTP/1.1" 200 None
INFO: 2026-03-09 12:07:39,706 - Downloading 1995971 - Vanguardcharitable...
DEBUG: 2026-03-09 12:07:39,714 - Starting new HTTPS connection (1): bulkapi.millionverifier.com:443
DEBUG: 2026-03-09 12:07:40,042 - https://bulkapi.millionverifier.com:443 "GET /bulkapi/v2/download?key=***REMOVED***&file_id=30359362&filter=all HTTP/1.1" 200 112801
DEBUG: 2026-03-09 12:07:40,348 - Encoding detection: ascii is most likely the one.
INFO: 2026-03-09 12:07:40,361 - Updating validation status... 
INFO: 2026-03-09 12:07:49,707 - DONE!
DEBUG: 2026-03-09 12:07:49,725 - Starting new HTTPS connection (1): bulkapi.millionverifier.com:443
DEBUG: 2026-03-09 12:07:51,099 - https://bulkapi.millionverifier.com:443 "GET /bulkapi/v2/fileinfo?key=***REMOVED***&file_id=30359364 HTTP/1.1" 200 None
INFO: 2026-03-09 12:07:51,146 - Downloading 123456 - sales...
DEBUG: 2026-03-09 12:07:51,150 - Starting new HTTPS connection (1): bulkapi.millionverifier.com:443
DEBUG: 2026-03-09 12:07:51,762 - https://bulkapi.millionverifier.com:443 "GET /bulkapi/v2/download?key=***REMOVED***&file_id=30359364&filter=all HTTP/1.1" 200 193379
DEBUG: 2026-03-09 12:07:52,577 - Encoding detection: ascii is most likely the one.
INFO: 2026-03-09 12:07:52,628 - Updating validation status... 
INFO: 2026-03-09 12:07:58,045 - DONE!
INFO: 2026-03-09 12:07:58,068 - FINISHED LOOP

success!
success!
INFO: 2026-03-09 12:10:09,946 - STARTING LOOP
INFO: 2026-03-09 12:10:09,956 - Nothing to download from MillionVerifier!
INFO: 2026-03-09 12:10:09,956 - FINISHED LOOP

INFO: 2026-03-09 12:20:07,686 - STARTING LOOP
DEBUG: 2026-03-09 12:20:07,712 - Starting new HTTPS connection (1): bulkapi.millionverifier.com:443
ERROR: 2026-03-09 12:20:07,736 - Request error occurred: HTTPSConnectionPool(host='bulkapi.millionverifier.com', port=443): Max retries exceeded with url: /bulkapi/v2/fileinfo?key=***REMOVED***&file_id=30359545 (Caused by NameResolutionError("<urllib3.connection.HTTPSConnection object at 0x102589350>: Failed to resolve 'bulkapi.millionverifier.com' ([Errno 8] nodename nor servname provided, or not known)"))
WARNING: 2026-03-09 12:20:07,737 - Error processing MillionVerifier job 30359545: 'NoneType' object is not subscriptable
Traceback (most recent call last):
  File "/Users/albertoruizcajiga/python/sis_international/million_verifier_worker.py", line 34, in download_and_process_all_available_lists_on_mv
    status = file_info_dict['status']
             ~~~~~~~~~~~~~~^^^^^^^^^^
TypeError: 'NoneType' object is not subscriptable
INFO: 2026-03-09 12:20:07,738 - FINISHED LOOP

API error: Request error occurred: HTTPSConnectionPool(host='bulkapi.millionverifier.com', port=443): Max retries exceeded with url: /bulkapi/v2/fileinfo?key=***REMOVED***&file_id=30359545 (Caused by NameResolutionError("<urllib3.connection.HTTPSConnection object at 0x102589350>: Failed to resolve 'bulkapi.millionverifier.com' ([Errno 8] nodename nor servname provided, or not known)"))
traceback:
INFO: 2026-03-09 12:30:06,171 - STARTING LOOP
DEBUG: 2026-03-09 12:30:06,199 - Starting new HTTPS connection (1): bulkapi.millionverifier.com:443
ERROR: 2026-03-09 12:30:06,216 - Request error occurred: HTTPSConnectionPool(host='bulkapi.millionverifier.com', port=443): Max retries exceeded with url: /bulkapi/v2/fileinfo?key=***REMOVED***&file_id=30359545 (Caused by NameResolutionError("<urllib3.connection.HTTPSConnection object at 0x105316bd0>: Failed to resolve 'bulkapi.millionverifier.com' ([Errno 8] nodename nor servname provided, or not known)"))
WARNING: 2026-03-09 12:30:06,216 - Error processing MillionVerifier job 30359545: 'NoneType' object is not subscriptable
Traceback (most recent call last):
  File "/Users/albertoruizcajiga/python/sis_international/million_verifier_worker.py", line 34, in download_and_process_all_available_lists_on_mv
    status = file_info_dict['status']
             ~~~~~~~~~~~~~~^^^^^^^^^^
TypeError: 'NoneType' object is not subscriptable
INFO: 2026-03-09 12:30:06,217 - FINISHED LOOP

API error: Request error occurred: HTTPSConnectionPool(host='bulkapi.millionverifier.com', port=443): Max retries exceeded with url: /bulkapi/v2/fileinfo?key=***REMOVED***&file_id=30359545 (Caused by NameResolutionError("<urllib3.connection.HTTPSConnection object at 0x105316bd0>: Failed to resolve 'bulkapi.millionverifier.com' ([Errno 8] nodename nor servname provided, or not known)"))
traceback:
INFO: 2026-03-09 12:40:05,878 - STARTING LOOP
DEBUG: 2026-03-09 12:40:05,898 - Starting new HTTPS connection (1): bulkapi.millionverifier.com:443
ERROR: 2026-03-09 12:40:05,903 - Request error occurred: HTTPSConnectionPool(host='bulkapi.millionverifier.com', port=443): Max retries exceeded with url: /bulkapi/v2/fileinfo?key=***REMOVED***&file_id=30359545 (Caused by NameResolutionError("<urllib3.connection.HTTPSConnection object at 0x1054e2a50>: Failed to resolve 'bulkapi.millionverifier.com' ([Errno 8] nodename nor servname provided, or not known)"))
WARNING: 2026-03-09 12:40:05,904 - Error processing MillionVerifier job 30359545: 'NoneType' object is not subscriptable
Traceback (most recent call last):
  File "/Users/albertoruizcajiga/python/sis_international/million_verifier_worker.py", line 34, in download_and_process_all_available_lists_on_mv
    status = file_info_dict['status']
             ~~~~~~~~~~~~~~^^^^^^^^^^
TypeError: 'NoneType' object is not subscriptable
INFO: 2026-03-09 12:40:05,905 - FINISHED LOOP

API error: Request error occurred: HTTPSConnectionPool(host='bulkapi.millionverifier.com', port=443): Max retries exceeded with url: /bulkapi/v2/fileinfo?key=***REMOVED***&file_id=30359545 (Caused by NameResolutionError("<urllib3.connection.HTTPSConnection object at 0x1054e2a50>: Failed to resolve 'bulkapi.millionverifier.com' ([Errno 8] nodename nor servname provided, or not known)"))
traceback:
INFO: 2026-03-09 13:30:06,891 - STARTING LOOP
DEBUG: 2026-03-09 13:30:06,909 - Starting new HTTPS connection (1): bulkapi.millionverifier.com:443
ERROR: 2026-03-09 13:30:06,925 - Request error occurred: HTTPSConnectionPool(host='bulkapi.millionverifier.com', port=443): Max retries exceeded with url: /bulkapi/v2/fileinfo?key=***REMOVED***&file_id=30359545 (Caused by NameResolutionError("<urllib3.connection.HTTPSConnection object at 0x1073bed50>: Failed to resolve 'bulkapi.millionverifier.com' ([Errno 8] nodename nor servname provided, or not known)"))
WARNING: 2026-03-09 13:30:06,925 - Error processing MillionVerifier job 30359545: 'NoneType' object is not subscriptable
Traceback (most recent call last):
  File "/Users/albertoruizcajiga/python/sis_international/million_verifier_worker.py", line 34, in download_and_process_all_available_lists_on_mv
    status = file_info_dict['status']
             ~~~~~~~~~~~~~~^^^^^^^^^^
TypeError: 'NoneType' object is not subscriptable
INFO: 2026-03-09 13:30:06,926 - FINISHED LOOP

API error: Request error occurred: HTTPSConnectionPool(host='bulkapi.millionverifier.com', port=443): Max retries exceeded with url: /bulkapi/v2/fileinfo?key=***REMOVED***&file_id=30359545 (Caused by NameResolutionError("<urllib3.connection.HTTPSConnection object at 0x1073bed50>: Failed to resolve 'bulkapi.millionverifier.com' ([Errno 8] nodename nor servname provided, or not known)"))
traceback:
INFO: 2026-03-09 13:40:07,988 - STARTING LOOP
DEBUG: 2026-03-09 13:40:08,010 - Starting new HTTPS connection (1): bulkapi.millionverifier.com:443
ERROR: 2026-03-09 13:40:08,033 - Request error occurred: HTTPSConnectionPool(host='bulkapi.millionverifier.com', port=443): Max retries exceeded with url: /bulkapi/v2/fileinfo?key=***REMOVED***&file_id=30359545 (Caused by NameResolutionError("<urllib3.connection.HTTPSConnection object at 0x1088baa10>: Failed to resolve 'bulkapi.millionverifier.com' ([Errno 8] nodename nor servname provided, or not known)"))
WARNING: 2026-03-09 13:40:08,033 - Error processing MillionVerifier job 30359545: 'NoneType' object is not subscriptable
Traceback (most recent call last):
  File "/Users/albertoruizcajiga/python/sis_international/million_verifier_worker.py", line 34, in download_and_process_all_available_lists_on_mv
    status = file_info_dict['status']
             ~~~~~~~~~~~~~~^^^^^^^^^^
TypeError: 'NoneType' object is not subscriptable
INFO: 2026-03-09 13:40:08,034 - FINISHED LOOP

API error: Request error occurred: HTTPSConnectionPool(host='bulkapi.millionverifier.com', port=443): Max retries exceeded with url: /bulkapi/v2/fileinfo?key=***REMOVED***&file_id=30359545 (Caused by NameResolutionError("<urllib3.connection.HTTPSConnection object at 0x1088baa10>: Failed to resolve 'bulkapi.millionverifier.com' ([Errno 8] nodename nor servname provided, or not known)"))
traceback:
INFO: 2026-03-09 14:22:34,197 - STARTING LOOP
DEBUG: 2026-03-09 14:22:34,462 - Starting new HTTPS connection (1): bulkapi.millionverifier.com:443
DEBUG: 2026-03-09 14:22:34,884 - https://bulkapi.millionverifier.com:443 "GET /bulkapi/v2/fileinfo?key=***REMOVED***&file_id=30359545 HTTP/1.1" 200 None
INFO: 2026-03-09 14:22:34,887 - Downloading 1995971 - Vanguardcharitable...
DEBUG: 2026-03-09 14:22:34,889 - Starting new HTTPS connection (1): bulkapi.millionverifier.com:443
DEBUG: 2026-03-09 14:22:35,329 - https://bulkapi.millionverifier.com:443 "GET /bulkapi/v2/download?key=***REMOVED***&file_id=30359545&filter=all HTTP/1.1" 200 84382
DEBUG: 2026-03-09 14:22:35,688 - Encoding detection: ascii is most likely the one.
INFO: 2026-03-09 14:22:35,703 - Updating validation status... 
INFO: 2026-03-09 14:22:39,402 - DONE!
INFO: 2026-03-09 14:22:39,403 - FINISHED LOOP

success!
INFO: 2026-03-09 14:30:09,178 - STARTING LOOP
DEBUG: 2026-03-09 14:30:09,263 - Starting new HTTPS connection (1): bulkapi.millionverifier.com:443
DEBUG: 2026-03-09 14:30:09,685 - https://bulkapi.millionverifier.com:443 "GET /bulkapi/v2/fileinfo?key=***REMOVED***&file_id=30360727 HTTP/1.1" 200 None
INFO: 2026-03-09 14:30:09,690 - Downloading 1995971 - Vanguardcharitable...
DEBUG: 2026-03-09 14:30:09,695 - Starting new HTTPS connection (1): bulkapi.millionverifier.com:443
DEBUG: 2026-03-09 14:30:09,975 - https://bulkapi.millionverifier.com:443 "GET /bulkapi/v2/download?key=***REMOVED***&file_id=30360727&filter=all HTTP/1.1" 200 57039
DEBUG: 2026-03-09 14:30:10,230 - Encoding detection: ascii is most likely the one.
INFO: 2026-03-09 14:30:10,242 - Updating validation status... 
INFO: 2026-03-09 14:30:12,305 - DONE!
DEBUG: 2026-03-09 14:30:12,310 - Starting new HTTPS connection (1): bulkapi.millionverifier.com:443
DEBUG: 2026-03-09 14:30:12,711 - https://bulkapi.millionverifier.com:443 "GET /bulkapi/v2/fileinfo?key=***REMOVED***&file_id=30360730 HTTP/1.1" 200 None
INFO: 2026-03-09 14:30:12,718 - Downloading 123456 - sales...
DEBUG: 2026-03-09 14:30:12,724 - Starting new HTTPS connection (1): bulkapi.millionverifier.com:443
DEBUG: 2026-03-09 14:30:13,127 - https://bulkapi.millionverifier.com:443 "GET /bulkapi/v2/download?key=***REMOVED***&file_id=30360730&filter=all HTTP/1.1" 200 14402
DEBUG: 2026-03-09 14:30:13,250 - Encoding detection: ascii is most likely the one.
INFO: 2026-03-09 14:30:13,254 - Updating validation status... 
INFO: 2026-03-09 14:30:13,569 - DONE!
INFO: 2026-03-09 14:30:13,569 - FINISHED LOOP

success!
success!
INFO: 2026-03-09 14:40:07,847 - STARTING LOOP
DEBUG: 2026-03-09 14:40:07,932 - Starting new HTTPS connection (1): bulkapi.millionverifier.com:443
DEBUG: 2026-03-09 14:40:08,347 - https://bulkapi.millionverifier.com:443 "GET /bulkapi/v2/fileinfo?key=***REMOVED***&file_id=30360795 HTTP/1.1" 200 None
INFO: 2026-03-09 14:40:08,353 - Downloading 1995971 - Vanguardcharitable...
DEBUG: 2026-03-09 14:40:08,357 - Starting new HTTPS connection (1): bulkapi.millionverifier.com:443
DEBUG: 2026-03-09 14:40:08,771 - https://bulkapi.millionverifier.com:443 "GET /bulkapi/v2/download?key=***REMOVED***&file_id=30360795&filter=all HTTP/1.1" 200 57245
DEBUG: 2026-03-09 14:40:09,050 - Encoding detection: ascii is most likely the one.
INFO: 2026-03-09 14:40:09,059 - Updating validation status... 
INFO: 2026-03-09 14:40:11,106 - DONE!
DEBUG: 2026-03-09 14:40:11,114 - Starting new HTTPS connection (1): bulkapi.millionverifier.com:443
DEBUG: 2026-03-09 14:40:11,540 - https://bulkapi.millionverifier.com:443 "GET /bulkapi/v2/fileinfo?key=***REMOVED***&file_id=30360800 HTTP/1.1" 200 None
INFO: 2026-03-09 14:40:11,547 - Downloading 123456 - sales...
DEBUG: 2026-03-09 14:40:11,554 - Starting new HTTPS connection (1): bulkapi.millionverifier.com:443
DEBUG: 2026-03-09 14:40:12,024 - https://bulkapi.millionverifier.com:443 "GET /bulkapi/v2/download?key=***REMOVED***&file_id=30360800&filter=all HTTP/1.1" 200 1193
DEBUG: 2026-03-09 14:40:12,031 - Encoding detection: ascii is most likely the one.
INFO: 2026-03-09 14:40:12,035 - Updating validation status... 
INFO: 2026-03-09 14:40:12,066 - DONE!
INFO: 2026-03-09 14:40:12,066 - FINISHED LOOP

success!
success!
INFO: 2026-03-09 14:50:09,235 - STARTING LOOP
DEBUG: 2026-03-09 14:50:09,289 - Starting new HTTPS connection (1): bulkapi.millionverifier.com:443
DEBUG: 2026-03-09 14:50:09,732 - https://bulkapi.millionverifier.com:443 "GET /bulkapi/v2/fileinfo?key=***REMOVED***&file_id=30360878 HTTP/1.1" 200 None
INFO: 2026-03-09 14:50:09,746 - Downloading 1995971 - Vanguardcharitable...
DEBUG: 2026-03-09 14:50:09,750 - Starting new HTTPS connection (1): bulkapi.millionverifier.com:443
DEBUG: 2026-03-09 14:50:10,245 - https://bulkapi.millionverifier.com:443 "GET /bulkapi/v2/download?key=***REMOVED***&file_id=30360878&filter=all HTTP/1.1" 200 19000
DEBUG: 2026-03-09 14:50:10,372 - Encoding detection: ascii is most likely the one.
INFO: 2026-03-09 14:50:10,378 - Updating validation status... 
INFO: 2026-03-09 14:50:11,844 - DONE!
INFO: 2026-03-09 14:50:11,845 - FINISHED LOOP

success!
INFO: 2026-03-09 15:00:08,462 - STARTING LOOP
DEBUG: 2026-03-09 15:00:08,521 - Starting new HTTPS connection (1): bulkapi.millionverifier.com:443
DEBUG: 2026-03-09 15:00:08,934 - https://bulkapi.millionverifier.com:443 "GET /bulkapi/v2/fileinfo?key=***REMOVED***&file_id=30360941 HTTP/1.1" 200 None
INFO: 2026-03-09 15:00:08,939 - Downloading 1995971 - Vanguardcharitable...
DEBUG: 2026-03-09 15:00:08,943 - Starting new HTTPS connection (1): bulkapi.millionverifier.com:443
DEBUG: 2026-03-09 15:00:09,346 - https://bulkapi.millionverifier.com:443 "GET /bulkapi/v2/download?key=***REMOVED***&file_id=30360941&filter=all HTTP/1.1" 200 11278
DEBUG: 2026-03-09 15:00:09,367 - Encoding detection: ascii is most likely the one.
INFO: 2026-03-09 15:00:09,374 - Updating validation status... 
INFO: 2026-03-09 15:00:09,896 - DONE!
INFO: 2026-03-09 15:00:09,896 - FINISHED LOOP

success!
INFO: 2026-03-09 15:10:07,449 - STARTING LOOP
DEBUG: 2026-03-09 15:10:07,641 - Starting new HTTPS connection (1): bulkapi.millionverifier.com:443
DEBUG: 2026-03-09 15:10:08,092 - https://bulkapi.millionverifier.com:443 "GET /bulkapi/v2/fileinfo?key=***REMOVED***&file_id=30360988 HTTP/1.1" 200 None
INFO: 2026-03-09 15:10:08,097 - Downloading 1995971 - Vanguardcharitable...
DEBUG: 2026-03-09 15:10:08,109 - Starting new HTTPS connection (1): bulkapi.millionverifier.com:443
DEBUG: 2026-03-09 15:10:08,518 - https://bulkapi.millionverifier.com:443 "GET /bulkapi/v2/download?key=***REMOVED***&file_id=30360988&filter=all HTTP/1.1" 200 4669
DEBUG: 2026-03-09 15:10:08,538 - Encoding detection: ascii is most likely the one.
INFO: 2026-03-09 15:10:08,544 - Updating validation status... 
INFO: 2026-03-09 15:10:08,832 - DONE!
INFO: 2026-03-09 15:10:08,832 - FINISHED LOOP

success!
INFO: 2026-03-09 15:20:12,375 - STARTING LOOP
DEBUG: 2026-03-09 15:20:12,452 - Starting new HTTPS connection (1): bulkapi.millionverifier.com:443
DEBUG: 2026-03-09 15:20:12,902 - https://bulkapi.millionverifier.com:443 "GET /bulkapi/v2/fileinfo?key=***REMOVED***&file_id=30361048 HTTP/1.1" 200 None
INFO: 2026-03-09 15:20:12,907 - Downloading 2009991 - glassview_it...
DEBUG: 2026-03-09 15:20:12,917 - Starting new HTTPS connection (1): bulkapi.millionverifier.com:443
DEBUG: 2026-03-09 15:20:13,329 - https://bulkapi.millionverifier.com:443 "GET /bulkapi/v2/download?key=***REMOVED***&file_id=30361048&filter=all HTTP/1.1" 200 42776
DEBUG: 2026-03-09 15:20:13,592 - Encoding detection: utf_8 is most likely the one.
INFO: 2026-03-09 15:20:13,599 - Updating validation status... 
INFO: 2026-03-09 15:20:16,668 - DONE!
DEBUG: 2026-03-09 15:20:16,675 - Starting new HTTPS connection (1): bulkapi.millionverifier.com:443
DEBUG: 2026-03-09 15:20:17,098 - https://bulkapi.millionverifier.com:443 "GET /bulkapi/v2/fileinfo?key=***REMOVED***&file_id=30361052 HTTP/1.1" 200 None
INFO: 2026-03-09 15:20:17,101 - FINISHED LOOP

success!
INFO: 2026-03-09 15:30:08,876 - STARTING LOOP
DEBUG: 2026-03-09 15:30:09,073 - Starting new HTTPS connection (1): bulkapi.millionverifier.com:443
DEBUG: 2026-03-09 15:30:09,501 - https://bulkapi.millionverifier.com:443 "GET /bulkapi/v2/fileinfo?key=***REMOVED***&file_id=30361052 HTTP/1.1" 200 None
DEBUG: 2026-03-09 15:30:09,509 - Starting new HTTPS connection (1): bulkapi.millionverifier.com:443
DEBUG: 2026-03-09 15:30:09,903 - https://bulkapi.millionverifier.com:443 "GET /bulkapi/v2/fileinfo?key=***REMOVED***&file_id=30361109 HTTP/1.1" 200 None
INFO: 2026-03-09 15:30:09,908 - Downloading 2009991 - glassview_it...
DEBUG: 2026-03-09 15:30:09,912 - Starting new HTTPS connection (1): bulkapi.millionverifier.com:443
DEBUG: 2026-03-09 15:30:10,353 - https://bulkapi.millionverifier.com:443 "GET /bulkapi/v2/download?key=***REMOVED***&file_id=30361109&filter=all HTTP/1.1" 200 43610
DEBUG: 2026-03-09 15:30:10,632 - Encoding detection: ascii is most likely the one.
INFO: 2026-03-09 15:30:10,641 - Updating validation status... 
INFO: 2026-03-09 15:30:13,148 - DONE!
INFO: 2026-03-09 15:30:13,148 - FINISHED LOOP

success!
INFO: 2026-03-09 15:40:10,089 - STARTING LOOP
DEBUG: 2026-03-09 15:40:10,160 - Starting new HTTPS connection (1): bulkapi.millionverifier.com:443
DEBUG: 2026-03-09 15:40:10,558 - https://bulkapi.millionverifier.com:443 "GET /bulkapi/v2/fileinfo?key=***REMOVED***&file_id=30361052 HTTP/1.1" 200 None
DEBUG: 2026-03-09 15:40:10,567 - Starting new HTTPS connection (1): bulkapi.millionverifier.com:443
DEBUG: 2026-03-09 15:40:10,975 - https://bulkapi.millionverifier.com:443 "GET /bulkapi/v2/fileinfo?key=***REMOVED***&file_id=30361161 HTTP/1.1" 200 None
INFO: 2026-03-09 15:40:10,982 - Downloading 2009991 - glassview_it...
DEBUG: 2026-03-09 15:40:10,987 - Starting new HTTPS connection (1): bulkapi.millionverifier.com:443
DEBUG: 2026-03-09 15:40:11,408 - https://bulkapi.millionverifier.com:443 "GET /bulkapi/v2/download?key=***REMOVED***&file_id=30361161&filter=all HTTP/1.1" 200 21320
DEBUG: 2026-03-09 15:40:11,664 - Encoding detection: ascii is most likely the one.
INFO: 2026-03-09 15:40:11,673 - Updating validation status... 
INFO: 2026-03-09 15:40:14,381 - DONE!
INFO: 2026-03-09 15:40:14,382 - FINISHED LOOP

success!
INFO: 2026-03-09 15:50:08,475 - STARTING LOOP
DEBUG: 2026-03-09 15:50:08,549 - Starting new HTTPS connection (1): bulkapi.millionverifier.com:443
DEBUG: 2026-03-09 15:50:08,958 - https://bulkapi.millionverifier.com:443 "GET /bulkapi/v2/fileinfo?key=***REMOVED***&file_id=30361052 HTTP/1.1" 200 None
INFO: 2026-03-09 15:50:08,964 - Downloading 1995971 - Vanguardcharitable...
DEBUG: 2026-03-09 15:50:08,966 - Starting new HTTPS connection (1): bulkapi.millionverifier.com:443
DEBUG: 2026-03-09 15:50:09,389 - https://bulkapi.millionverifier.com:443 "GET /bulkapi/v2/download?key=***REMOVED***&file_id=30361052&filter=all HTTP/1.1" 200 2024
DEBUG: 2026-03-09 15:50:09,404 - Encoding detection: ascii is most likely the one.
INFO: 2026-03-09 15:50:09,410 - Updating validation status... 
INFO: 2026-03-09 15:50:09,535 - DONE!
DEBUG: 2026-03-09 15:50:09,540 - Starting new HTTPS connection (1): bulkapi.millionverifier.com:443
DEBUG: 2026-03-09 15:50:09,931 - https://bulkapi.millionverifier.com:443 "GET /bulkapi/v2/fileinfo?key=***REMOVED***&file_id=30361211 HTTP/1.1" 200 None
INFO: 2026-03-09 15:50:09,936 - Downloading 2009991 - glassview_it...
DEBUG: 2026-03-09 15:50:09,942 - Starting new HTTPS connection (1): bulkapi.millionverifier.com:443
DEBUG: 2026-03-09 15:50:10,362 - https://bulkapi.millionverifier.com:443 "GET /bulkapi/v2/download?key=***REMOVED***&file_id=30361211&filter=all HTTP/1.1" 200 11661
DEBUG: 2026-03-09 15:50:10,379 - Encoding detection: ascii is most likely the one.
INFO: 2026-03-09 15:50:10,384 - Updating validation status... 
INFO: 2026-03-09 15:50:10,963 - DONE!
INFO: 2026-03-09 15:50:10,963 - FINISHED LOOP

success!
success!
INFO: 2026-03-09 16:00:13,116 - STARTING LOOP
DEBUG: 2026-03-09 16:00:13,373 - Starting new HTTPS connection (1): bulkapi.millionverifier.com:443
DEBUG: 2026-03-09 16:00:13,866 - https://bulkapi.millionverifier.com:443 "GET /bulkapi/v2/fileinfo?key=***REMOVED***&file_id=30361256 HTTP/1.1" 200 None
INFO: 2026-03-09 16:00:13,879 - Downloading 2009991 - glassview_it...
DEBUG: 2026-03-09 16:00:13,883 - Starting new HTTPS connection (1): bulkapi.millionverifier.com:443
DEBUG: 2026-03-09 16:00:14,292 - https://bulkapi.millionverifier.com:443 "GET /bulkapi/v2/download?key=***REMOVED***&file_id=30361256&filter=all HTTP/1.1" 200 6763
DEBUG: 2026-03-09 16:00:14,312 - Encoding detection: ascii is most likely the one.
INFO: 2026-03-09 16:00:14,316 - Updating validation status... 
INFO: 2026-03-09 16:00:14,718 - DONE!
DEBUG: 2026-03-09 16:00:14,723 - Starting new HTTPS connection (1): bulkapi.millionverifier.com:443
DEBUG: 2026-03-09 16:00:15,129 - https://bulkapi.millionverifier.com:443 "GET /bulkapi/v2/fileinfo?key=***REMOVED***&file_id=30361260 HTTP/1.1" 200 None
INFO: 2026-03-09 16:00:15,134 - Downloading 1995971 - Vanguardcharitable...
DEBUG: 2026-03-09 16:00:15,140 - Starting new HTTPS connection (1): bulkapi.millionverifier.com:443
DEBUG: 2026-03-09 16:00:15,556 - https://bulkapi.millionverifier.com:443 "GET /bulkapi/v2/download?key=***REMOVED***&file_id=30361260&filter=all HTTP/1.1" 200 1242
DEBUG: 2026-03-09 16:00:15,570 - Encoding detection: ascii is most likely the one.
INFO: 2026-03-09 16:00:15,574 - Updating validation status... 
INFO: 2026-03-09 16:00:15,685 - DONE!
INFO: 2026-03-09 16:00:15,686 - FINISHED LOOP

success!
success!
INFO: 2026-03-09 16:10:08,075 - STARTING LOOP
DEBUG: 2026-03-09 16:10:08,144 - Starting new HTTPS connection (1): bulkapi.millionverifier.com:443
DEBUG: 2026-03-09 16:10:08,546 - https://bulkapi.millionverifier.com:443 "GET /bulkapi/v2/fileinfo?key=***REMOVED***&file_id=30361303 HTTP/1.1" 200 None
INFO: 2026-03-09 16:10:08,549 - Downloading 2009991 - glassview_it...
DEBUG: 2026-03-09 16:10:08,553 - Starting new HTTPS connection (1): bulkapi.millionverifier.com:443
DEBUG: 2026-03-09 16:10:08,982 - https://bulkapi.millionverifier.com:443 "GET /bulkapi/v2/download?key=***REMOVED***&file_id=30361303&filter=all HTTP/1.1" 200 4884
DEBUG: 2026-03-09 16:10:09,005 - Encoding detection: ascii is most likely the one.
INFO: 2026-03-09 16:10:09,009 - Updating validation status... 
INFO: 2026-03-09 16:10:09,235 - DONE!
DEBUG: 2026-03-09 16:10:09,242 - Starting new HTTPS connection (1): bulkapi.millionverifier.com:443
DEBUG: 2026-03-09 16:10:09,631 - https://bulkapi.millionverifier.com:443 "GET /bulkapi/v2/fileinfo?key=***REMOVED***&file_id=30361308 HTTP/1.1" 200 None
INFO: 2026-03-09 16:10:09,638 - Downloading 1995971 - Vanguardcharitable...
DEBUG: 2026-03-09 16:10:09,644 - Starting new HTTPS connection (1): bulkapi.millionverifier.com:443
DEBUG: 2026-03-09 16:10:10,075 - https://bulkapi.millionverifier.com:443 "GET /bulkapi/v2/download?key=***REMOVED***&file_id=30361308&filter=all HTTP/1.1" 200 864
DEBUG: 2026-03-09 16:10:10,078 - Encoding detection: ascii is most likely the one.
INFO: 2026-03-09 16:10:10,082 - Updating validation status... 
INFO: 2026-03-09 16:10:10,155 - DONE!
INFO: 2026-03-09 16:10:10,156 - FINISHED LOOP

success!
success!
INFO: 2026-03-09 16:20:09,873 - STARTING LOOP
DEBUG: 2026-03-09 16:20:10,011 - Starting new HTTPS connection (1): bulkapi.millionverifier.com:443
DEBUG: 2026-03-09 16:20:10,473 - https://bulkapi.millionverifier.com:443 "GET /bulkapi/v2/fileinfo?key=***REMOVED***&file_id=30361341 HTTP/1.1" 200 None
INFO: 2026-03-09 16:20:10,496 - Downloading 2009991 - glassview_it...
DEBUG: 2026-03-09 16:20:10,500 - Starting new HTTPS connection (1): bulkapi.millionverifier.com:443
DEBUG: 2026-03-09 16:20:10,901 - https://bulkapi.millionverifier.com:443 "GET /bulkapi/v2/download?key=***REMOVED***&file_id=30361341&filter=all HTTP/1.1" 200 3664
DEBUG: 2026-03-09 16:20:10,914 - Encoding detection: ascii is most likely the one.
INFO: 2026-03-09 16:20:10,918 - Updating validation status... 
INFO: 2026-03-09 16:20:11,069 - DONE!
DEBUG: 2026-03-09 16:20:11,075 - Starting new HTTPS connection (1): bulkapi.millionverifier.com:443
DEBUG: 2026-03-09 16:20:11,475 - https://bulkapi.millionverifier.com:443 "GET /bulkapi/v2/fileinfo?key=***REMOVED***&file_id=30361344 HTTP/1.1" 200 None
INFO: 2026-03-09 16:20:11,479 - Downloading 1995971 - Vanguardcharitable...
DEBUG: 2026-03-09 16:20:11,483 - Starting new HTTPS connection (1): bulkapi.millionverifier.com:443
DEBUG: 2026-03-09 16:20:11,763 - https://bulkapi.millionverifier.com:443 "GET /bulkapi/v2/download?key=***REMOVED***&file_id=30361344&filter=all HTTP/1.1" 200 810
DEBUG: 2026-03-09 16:20:11,765 - Encoding detection: ascii is most likely the one.
INFO: 2026-03-09 16:20:11,769 - Updating validation status... 
INFO: 2026-03-09 16:20:11,838 - DONE!
INFO: 2026-03-09 16:20:11,838 - FINISHED LOOP

success!
success!
INFO: 2026-03-09 16:30:10,687 - STARTING LOOP
DEBUG: 2026-03-09 16:30:10,774 - Starting new HTTPS connection (1): bulkapi.millionverifier.com:443
DEBUG: 2026-03-09 16:30:11,245 - https://bulkapi.millionverifier.com:443 "GET /bulkapi/v2/fileinfo?key=***REMOVED***&file_id=30361390 HTTP/1.1" 200 None
INFO: 2026-03-09 16:30:11,251 - Downloading 2009991 - glassview_it...
DEBUG: 2026-03-09 16:30:11,256 - Starting new HTTPS connection (1): bulkapi.millionverifier.com:443
DEBUG: 2026-03-09 16:30:11,658 - https://bulkapi.millionverifier.com:443 "GET /bulkapi/v2/download?key=***REMOVED***&file_id=30361390&filter=all HTTP/1.1" 200 3119
DEBUG: 2026-03-09 16:30:11,670 - Encoding detection: ascii is most likely the one.
INFO: 2026-03-09 16:30:11,673 - Updating validation status... 
INFO: 2026-03-09 16:30:11,819 - DONE!
DEBUG: 2026-03-09 16:30:11,823 - Starting new HTTPS connection (1): bulkapi.millionverifier.com:443
DEBUG: 2026-03-09 16:30:12,091 - https://bulkapi.millionverifier.com:443 "GET /bulkapi/v2/fileinfo?key=***REMOVED***&file_id=30361392 HTTP/1.1" 200 None
INFO: 2026-03-09 16:30:12,121 - Downloading 1995971 - Vanguardcharitable...
DEBUG: 2026-03-09 16:30:12,126 - Starting new HTTPS connection (1): bulkapi.millionverifier.com:443
DEBUG: 2026-03-09 16:30:12,528 - https://bulkapi.millionverifier.com:443 "GET /bulkapi/v2/download?key=***REMOVED***&file_id=30361392&filter=all HTTP/1.1" 200 602
DEBUG: 2026-03-09 16:30:12,531 - Encoding detection: ascii is most likely the one.
INFO: 2026-03-09 16:30:12,533 - Updating validation status... 
INFO: 2026-03-09 16:30:12,689 - DONE!
INFO: 2026-03-09 16:30:12,689 - FINISHED LOOP

success!
success!
INFO: 2026-03-09 16:40:08,642 - STARTING LOOP
DEBUG: 2026-03-09 16:40:08,744 - Starting new HTTPS connection (1): bulkapi.millionverifier.com:443
DEBUG: 2026-03-09 16:40:09,267 - https://bulkapi.millionverifier.com:443 "GET /bulkapi/v2/fileinfo?key=***REMOVED***&file_id=30361427 HTTP/1.1" 200 None
INFO: 2026-03-09 16:40:09,273 - Downloading 2009991 - glassview_it...
DEBUG: 2026-03-09 16:40:09,279 - Starting new HTTPS connection (1): bulkapi.millionverifier.com:443
DEBUG: 2026-03-09 16:40:09,704 - https://bulkapi.millionverifier.com:443 "GET /bulkapi/v2/download?key=***REMOVED***&file_id=30361427&filter=all HTTP/1.1" 200 2308
DEBUG: 2026-03-09 16:40:09,721 - Encoding detection: ascii is most likely the one.
INFO: 2026-03-09 16:40:09,724 - Updating validation status... 
INFO: 2026-03-09 16:40:09,821 - DONE!
DEBUG: 2026-03-09 16:40:09,829 - Starting new HTTPS connection (1): bulkapi.millionverifier.com:443
DEBUG: 2026-03-09 16:40:10,236 - https://bulkapi.millionverifier.com:443 "GET /bulkapi/v2/fileinfo?key=***REMOVED***&file_id=30361428 HTTP/1.1" 200 None
INFO: 2026-03-09 16:40:10,249 - Downloading 1995971 - Vanguardcharitable...
DEBUG: 2026-03-09 16:40:10,253 - Starting new HTTPS connection (1): bulkapi.millionverifier.com:443
DEBUG: 2026-03-09 16:40:10,679 - https://bulkapi.millionverifier.com:443 "GET /bulkapi/v2/download?key=***REMOVED***&file_id=30361428&filter=all HTTP/1.1" 200 319
DEBUG: 2026-03-09 16:40:10,682 - Encoding detection: ascii is most likely the one.
INFO: 2026-03-09 16:40:10,686 - Updating validation status... 
INFO: 2026-03-09 16:40:10,729 - DONE!
INFO: 2026-03-09 16:40:10,729 - FINISHED LOOP

success!
success!
INFO: 2026-03-09 16:50:13,086 - STARTING LOOP
DEBUG: 2026-03-09 16:50:13,224 - Starting new HTTPS connection (1): bulkapi.millionverifier.com:443
DEBUG: 2026-03-09 16:50:13,728 - https://bulkapi.millionverifier.com:443 "GET /bulkapi/v2/fileinfo?key=***REMOVED***&file_id=30361468 HTTP/1.1" 200 None
INFO: 2026-03-09 16:50:13,732 - Downloading 2009991 - glassview_it...
DEBUG: 2026-03-09 16:50:13,735 - Starting new HTTPS connection (1): bulkapi.millionverifier.com:443
DEBUG: 2026-03-09 16:50:14,131 - https://bulkapi.millionverifier.com:443 "GET /bulkapi/v2/download?key=***REMOVED***&file_id=30361468&filter=all HTTP/1.1" 200 1377
DEBUG: 2026-03-09 16:50:14,143 - Encoding detection: ascii is most likely the one.
INFO: 2026-03-09 16:50:14,146 - Updating validation status... 
INFO: 2026-03-09 16:50:14,223 - DONE!
DEBUG: 2026-03-09 16:50:14,228 - Starting new HTTPS connection (1): bulkapi.millionverifier.com:443
DEBUG: 2026-03-09 16:50:14,648 - https://bulkapi.millionverifier.com:443 "GET /bulkapi/v2/fileinfo?key=***REMOVED***&file_id=30361470 HTTP/1.1" 200 None
INFO: 2026-03-09 16:50:14,654 - Downloading 1995971 - Vanguardcharitable...
DEBUG: 2026-03-09 16:50:14,658 - Starting new HTTPS connection (1): bulkapi.millionverifier.com:443
DEBUG: 2026-03-09 16:50:15,060 - https://bulkapi.millionverifier.com:443 "GET /bulkapi/v2/download?key=***REMOVED***&file_id=30361470&filter=all HTTP/1.1" 200 317
DEBUG: 2026-03-09 16:50:15,062 - Encoding detection: ascii is most likely the one.
INFO: 2026-03-09 16:50:15,064 - Updating validation status... 
INFO: 2026-03-09 16:50:15,098 - DONE!
INFO: 2026-03-09 16:50:15,098 - FINISHED LOOP

success!
success!
INFO: 2026-03-09 17:00:10,306 - STARTING LOOP
DEBUG: 2026-03-09 17:00:10,542 - Starting new HTTPS connection (1): bulkapi.millionverifier.com:443
DEBUG: 2026-03-09 17:00:10,975 - https://bulkapi.millionverifier.com:443 "GET /bulkapi/v2/fileinfo?key=***REMOVED***&file_id=30361507 HTTP/1.1" 200 None
INFO: 2026-03-09 17:00:10,979 - Downloading 2009991 - glassview_it...
DEBUG: 2026-03-09 17:00:10,983 - Starting new HTTPS connection (1): bulkapi.millionverifier.com:443
DEBUG: 2026-03-09 17:00:11,400 - https://bulkapi.millionverifier.com:443 "GET /bulkapi/v2/download?key=***REMOVED***&file_id=30361507&filter=all HTTP/1.1" 200 1321
DEBUG: 2026-03-09 17:00:11,445 - Encoding detection: ascii is most likely the one.
INFO: 2026-03-09 17:00:11,448 - Updating validation status... 
INFO: 2026-03-09 17:00:11,542 - DONE!
DEBUG: 2026-03-09 17:00:11,547 - Starting new HTTPS connection (1): bulkapi.millionverifier.com:443
DEBUG: 2026-03-09 17:00:11,953 - https://bulkapi.millionverifier.com:443 "GET /bulkapi/v2/fileinfo?key=***REMOVED***&file_id=30361510 HTTP/1.1" 200 None
INFO: 2026-03-09 17:00:11,957 - Downloading 1995971 - Vanguardcharitable...
DEBUG: 2026-03-09 17:00:11,960 - Starting new HTTPS connection (1): bulkapi.millionverifier.com:443
DEBUG: 2026-03-09 17:00:12,246 - https://bulkapi.millionverifier.com:443 "GET /bulkapi/v2/download?key=***REMOVED***&file_id=30361510&filter=all HTTP/1.1" 200 299
DEBUG: 2026-03-09 17:00:12,249 - Encoding detection: ascii is most likely the one.
INFO: 2026-03-09 17:00:12,253 - Updating validation status... 
INFO: 2026-03-09 17:00:12,291 - DONE!
INFO: 2026-03-09 17:00:12,291 - FINISHED LOOP

success!
success!
INFO: 2026-03-09 17:10:05,851 - STARTING LOOP
DEBUG: 2026-03-09 17:10:05,947 - Starting new HTTPS connection (1): bulkapi.millionverifier.com:443
DEBUG: 2026-03-09 17:10:06,350 - https://bulkapi.millionverifier.com:443 "GET /bulkapi/v2/fileinfo?key=***REMOVED***&file_id=30361548 HTTP/1.1" 200 None
INFO: 2026-03-09 17:10:06,354 - Downloading 2009991 - glassview_it...
DEBUG: 2026-03-09 17:10:06,358 - Starting new HTTPS connection (1): bulkapi.millionverifier.com:443
DEBUG: 2026-03-09 17:10:06,779 - https://bulkapi.millionverifier.com:443 "GET /bulkapi/v2/download?key=***REMOVED***&file_id=30361548&filter=all HTTP/1.1" 200 1153
DEBUG: 2026-03-09 17:10:06,796 - Encoding detection: ascii is most likely the one.
INFO: 2026-03-09 17:10:06,801 - Updating validation status... 
INFO: 2026-03-09 17:10:06,887 - DONE!
DEBUG: 2026-03-09 17:10:06,894 - Starting new HTTPS connection (1): bulkapi.millionverifier.com:443
DEBUG: 2026-03-09 17:10:07,161 - https://bulkapi.millionverifier.com:443 "GET /bulkapi/v2/fileinfo?key=***REMOVED***&file_id=30361550 HTTP/1.1" 200 None
INFO: 2026-03-09 17:10:07,166 - Downloading 1995971 - Vanguardcharitable...
DEBUG: 2026-03-09 17:10:07,170 - Starting new HTTPS connection (1): bulkapi.millionverifier.com:443
DEBUG: 2026-03-09 17:10:07,592 - https://bulkapi.millionverifier.com:443 "GET /bulkapi/v2/download?key=***REMOVED***&file_id=30361550&filter=all HTTP/1.1" 200 243
DEBUG: 2026-03-09 17:10:07,595 - Encoding detection: ascii is most likely the one.
INFO: 2026-03-09 17:10:07,600 - Updating validation status... 
INFO: 2026-03-09 17:10:07,635 - DONE!
INFO: 2026-03-09 17:10:07,635 - FINISHED LOOP

success!
success!
INFO: 2026-03-09 17:20:05,588 - STARTING LOOP
DEBUG: 2026-03-09 17:20:05,640 - Starting new HTTPS connection (1): bulkapi.millionverifier.com:443
DEBUG: 2026-03-09 17:20:06,036 - https://bulkapi.millionverifier.com:443 "GET /bulkapi/v2/fileinfo?key=***REMOVED***&file_id=30361573 HTTP/1.1" 200 None
INFO: 2026-03-09 17:20:06,040 - Downloading 2009991 - glassview_it...
DEBUG: 2026-03-09 17:20:06,044 - Starting new HTTPS connection (1): bulkapi.millionverifier.com:443
DEBUG: 2026-03-09 17:20:06,440 - https://bulkapi.millionverifier.com:443 "GET /bulkapi/v2/download?key=***REMOVED***&file_id=30361573&filter=all HTTP/1.1" 200 847
DEBUG: 2026-03-09 17:20:06,446 - Encoding detection: ascii is most likely the one.
INFO: 2026-03-09 17:20:06,449 - Updating validation status... 
INFO: 2026-03-09 17:20:06,523 - DONE!
DEBUG: 2026-03-09 17:20:06,530 - Starting new HTTPS connection (1): bulkapi.millionverifier.com:443
DEBUG: 2026-03-09 17:20:06,927 - https://bulkapi.millionverifier.com:443 "GET /bulkapi/v2/fileinfo?key=***REMOVED***&file_id=30361578 HTTP/1.1" 200 None
INFO: 2026-03-09 17:20:06,934 - Downloading 1995971 - Vanguardcharitable...
DEBUG: 2026-03-09 17:20:06,939 - Starting new HTTPS connection (1): bulkapi.millionverifier.com:443
DEBUG: 2026-03-09 17:20:07,233 - https://bulkapi.millionverifier.com:443 "GET /bulkapi/v2/download?key=***REMOVED***&file_id=30361578&filter=all HTTP/1.1" 200 126
DEBUG: 2026-03-09 17:20:07,235 - Encoding detection: ascii is most likely the one.
INFO: 2026-03-09 17:20:07,239 - Updating validation status... 
INFO: 2026-03-09 17:20:07,264 - DONE!
INFO: 2026-03-09 17:20:07,264 - FINISHED LOOP

success!
success!
INFO: 2026-03-09 17:30:07,186 - STARTING LOOP
DEBUG: 2026-03-09 17:30:07,265 - Starting new HTTPS connection (1): bulkapi.millionverifier.com:443
DEBUG: 2026-03-09 17:30:07,670 - https://bulkapi.millionverifier.com:443 "GET /bulkapi/v2/fileinfo?key=***REMOVED***&file_id=30361598 HTTP/1.1" 200 None
INFO: 2026-03-09 17:30:07,674 - Downloading 2009991 - glassview_it...
DEBUG: 2026-03-09 17:30:07,678 - Starting new HTTPS connection (1): bulkapi.millionverifier.com:443
DEBUG: 2026-03-09 17:30:08,098 - https://bulkapi.millionverifier.com:443 "GET /bulkapi/v2/download?key=***REMOVED***&file_id=30361598&filter=all HTTP/1.1" 200 641
DEBUG: 2026-03-09 17:30:08,108 - Encoding detection: ascii is most likely the one.
INFO: 2026-03-09 17:30:08,112 - Updating validation status... 
INFO: 2026-03-09 17:30:08,162 - DONE!
DEBUG: 2026-03-09 17:30:08,168 - Starting new HTTPS connection (1): bulkapi.millionverifier.com:443
DEBUG: 2026-03-09 17:30:08,562 - https://bulkapi.millionverifier.com:443 "GET /bulkapi/v2/fileinfo?key=***REMOVED***&file_id=30361599 HTTP/1.1" 200 None
INFO: 2026-03-09 17:30:08,568 - Downloading 1995971 - Vanguardcharitable...
DEBUG: 2026-03-09 17:30:08,573 - Starting new HTTPS connection (1): bulkapi.millionverifier.com:443
DEBUG: 2026-03-09 17:30:08,978 - https://bulkapi.millionverifier.com:443 "GET /bulkapi/v2/download?key=***REMOVED***&file_id=30361599&filter=all HTTP/1.1" 200 122
DEBUG: 2026-03-09 17:30:08,980 - Encoding detection: ascii is most likely the one.
INFO: 2026-03-09 17:30:08,985 - Updating validation status... 
INFO: 2026-03-09 17:30:09,001 - DONE!
INFO: 2026-03-09 17:30:09,001 - FINISHED LOOP

success!
success!
INFO: 2026-03-09 17:40:07,556 - STARTING LOOP
DEBUG: 2026-03-09 17:40:07,634 - Starting new HTTPS connection (1): bulkapi.millionverifier.com:443
DEBUG: 2026-03-09 17:40:08,178 - https://bulkapi.millionverifier.com:443 "GET /bulkapi/v2/fileinfo?key=***REMOVED***&file_id=30361628 HTTP/1.1" 200 None
INFO: 2026-03-09 17:40:08,182 - Downloading 2009991 - glassview_it...
DEBUG: 2026-03-09 17:40:08,187 - Starting new HTTPS connection (1): bulkapi.millionverifier.com:443
DEBUG: 2026-03-09 17:40:08,608 - https://bulkapi.millionverifier.com:443 "GET /bulkapi/v2/download?key=***REMOVED***&file_id=30361628&filter=all HTTP/1.1" 200 475
DEBUG: 2026-03-09 17:40:08,613 - Encoding detection: ascii is most likely the one.
INFO: 2026-03-09 17:40:08,615 - Updating validation status... 
INFO: 2026-03-09 17:40:08,648 - DONE!
DEBUG: 2026-03-09 17:40:08,651 - Starting new HTTPS connection (1): bulkapi.millionverifier.com:443
DEBUG: 2026-03-09 17:40:09,061 - https://bulkapi.millionverifier.com:443 "GET /bulkapi/v2/fileinfo?key=***REMOVED***&file_id=30361629 HTTP/1.1" 200 None
INFO: 2026-03-09 17:40:09,066 - Downloading 1995971 - Vanguardcharitable...
DEBUG: 2026-03-09 17:40:09,071 - Starting new HTTPS connection (1): bulkapi.millionverifier.com:443
DEBUG: 2026-03-09 17:40:09,493 - https://bulkapi.millionverifier.com:443 "GET /bulkapi/v2/download?key=***REMOVED***&file_id=30361629&filter=all HTTP/1.1" 200 112
DEBUG: 2026-03-09 17:40:09,495 - Encoding detection: ascii is most likely the one.
INFO: 2026-03-09 17:40:09,497 - Updating validation status... 
INFO: 2026-03-09 17:40:09,511 - DONE!
INFO: 2026-03-09 17:40:09,511 - FINISHED LOOP

success!
success!
INFO: 2026-03-09 17:50:06,389 - STARTING LOOP
DEBUG: 2026-03-09 17:50:06,458 - Starting new HTTPS connection (1): bulkapi.millionverifier.com:443
DEBUG: 2026-03-09 17:50:06,886 - https://bulkapi.millionverifier.com:443 "GET /bulkapi/v2/fileinfo?key=***REMOVED***&file_id=30361644 HTTP/1.1" 200 None
INFO: 2026-03-09 17:50:06,890 - Downloading 2009991 - glassview_it...
DEBUG: 2026-03-09 17:50:06,893 - Starting new HTTPS connection (1): bulkapi.millionverifier.com:443
DEBUG: 2026-03-09 17:50:07,182 - https://bulkapi.millionverifier.com:443 "GET /bulkapi/v2/download?key=***REMOVED***&file_id=30361644&filter=all HTTP/1.1" 200 485
DEBUG: 2026-03-09 17:50:07,190 - Encoding detection: ascii is most likely the one.
INFO: 2026-03-09 17:50:07,193 - Updating validation status... 
INFO: 2026-03-09 17:50:07,231 - DONE!
INFO: 2026-03-09 17:50:07,231 - FINISHED LOOP

success!
INFO: 2026-03-09 18:00:07,704 - STARTING LOOP
DEBUG: 2026-03-09 18:00:07,776 - Starting new HTTPS connection (1): bulkapi.millionverifier.com:443
DEBUG: 2026-03-09 18:00:08,277 - https://bulkapi.millionverifier.com:443 "GET /bulkapi/v2/fileinfo?key=***REMOVED***&file_id=30361657 HTTP/1.1" 200 None
INFO: 2026-03-09 18:00:08,282 - Downloading 2009991 - glassview_it...
DEBUG: 2026-03-09 18:00:08,286 - Starting new HTTPS connection (1): bulkapi.millionverifier.com:443
DEBUG: 2026-03-09 18:00:08,696 - https://bulkapi.millionverifier.com:443 "GET /bulkapi/v2/download?key=***REMOVED***&file_id=30361657&filter=all HTTP/1.1" 200 238
DEBUG: 2026-03-09 18:00:08,704 - Encoding detection: ascii is most likely the one.
INFO: 2026-03-09 18:00:08,707 - Updating validation status... 
INFO: 2026-03-09 18:00:08,736 - DONE!
INFO: 2026-03-09 18:00:08,736 - FINISHED LOOP

success!
INFO: 2026-03-09 18:10:07,626 - STARTING LOOP
INFO: 2026-03-09 18:10:07,638 - Nothing to download from MillionVerifier!
INFO: 2026-03-09 18:10:07,638 - FINISHED LOOP

INFO: 2026-03-09 18:20:09,804 - STARTING LOOP
INFO: 2026-03-09 18:20:09,816 - Nothing to download from MillionVerifier!
INFO: 2026-03-09 18:20:09,816 - FINISHED LOOP

INFO: 2026-03-09 18:30:09,895 - STARTING LOOP
INFO: 2026-03-09 18:30:09,922 - Nothing to download from MillionVerifier!
INFO: 2026-03-09 18:30:09,922 - FINISHED LOOP

INFO: 2026-03-09 18:40:49,689 - STARTING LOOP
INFO: 2026-03-09 18:40:49,698 - Nothing to download from MillionVerifier!
INFO: 2026-03-09 18:40:49,698 - FINISHED LOOP

INFO: 2026-03-09 18:50:08,563 - STARTING LOOP
INFO: 2026-03-09 18:50:08,575 - Nothing to download from MillionVerifier!
INFO: 2026-03-09 18:50:08,575 - FINISHED LOOP

INFO: 2026-03-09 19:00:09,314 - STARTING LOOP
INFO: 2026-03-09 19:00:09,351 - Nothing to download from MillionVerifier!
INFO: 2026-03-09 19:00:09,351 - FINISHED LOOP

INFO: 2026-03-09 19:51:31,913 - STARTING LOOP
INFO: 2026-03-09 19:51:31,925 - Nothing to download from MillionVerifier!
INFO: 2026-03-09 19:51:31,925 - FINISHED LOOP

INFO: 2026-03-09 20:00:10,251 - STARTING LOOP
INFO: 2026-03-09 20:00:10,257 - Nothing to download from MillionVerifier!
INFO: 2026-03-09 20:00:10,257 - FINISHED LOOP

INFO: 2026-03-09 20:10:09,652 - STARTING LOOP
INFO: 2026-03-09 20:10:09,664 - Nothing to download from MillionVerifier!
INFO: 2026-03-09 20:10:09,664 - FINISHED LOOP

INFO: 2026-03-09 20:34:07,447 - STARTING LOOP
INFO: 2026-03-09 20:34:07,454 - Nothing to download from MillionVerifier!
INFO: 2026-03-09 20:34:07,454 - FINISHED LOOP

INFO: 2026-03-09 20:52:44,164 - STARTING LOOP
INFO: 2026-03-09 20:52:44,190 - Nothing to download from MillionVerifier!
INFO: 2026-03-09 20:52:44,190 - FINISHED LOOP

INFO: 2026-03-09 21:08:18,659 - STARTING LOOP
INFO: 2026-03-09 21:08:18,666 - Nothing to download from MillionVerifier!
INFO: 2026-03-09 21:08:18,666 - FINISHED LOOP

INFO: 2026-03-09 21:10:13,284 - STARTING LOOP
INFO: 2026-03-09 21:10:13,338 - Nothing to download from MillionVerifier!
INFO: 2026-03-09 21:10:13,338 - FINISHED LOOP

INFO: 2026-03-09 21:20:09,203 - STARTING LOOP
INFO: 2026-03-09 21:20:09,214 - Nothing to download from MillionVerifier!
INFO: 2026-03-09 21:20:09,215 - FINISHED LOOP

INFO: 2026-03-09 21:40:08,390 - STARTING LOOP
INFO: 2026-03-09 21:40:08,403 - Nothing to download from MillionVerifier!
INFO: 2026-03-09 21:40:08,404 - FINISHED LOOP

INFO: 2026-03-09 21:50:07,072 - STARTING LOOP
INFO: 2026-03-09 21:50:07,079 - Nothing to download from MillionVerifier!
INFO: 2026-03-09 21:50:07,079 - FINISHED LOOP

INFO: 2026-03-09 22:00:09,424 - STARTING LOOP
DEBUG: 2026-03-09 22:00:09,496 - Starting new HTTPS connection (1): bulkapi.millionverifier.com:443
DEBUG: 2026-03-09 22:00:10,074 - https://bulkapi.millionverifier.com:443 "GET /bulkapi/v2/fileinfo?key=***REMOVED***&file_id=30362271 HTTP/1.1" 200 None
INFO: 2026-03-09 22:00:10,076 - FINISHED LOOP

INFO: 2026-03-09 22:10:09,352 - STARTING LOOP
DEBUG: 2026-03-09 22:10:09,438 - Starting new HTTPS connection (1): bulkapi.millionverifier.com:443
DEBUG: 2026-03-09 22:10:09,945 - https://bulkapi.millionverifier.com:443 "GET /bulkapi/v2/fileinfo?key=***REMOVED***&file_id=30362271 HTTP/1.1" 200 None
INFO: 2026-03-09 22:10:09,949 - Downloading 2002111 - hlm_prison_research...
DEBUG: 2026-03-09 22:10:09,953 - Starting new HTTPS connection (1): bulkapi.millionverifier.com:443
DEBUG: 2026-03-09 22:10:10,361 - https://bulkapi.millionverifier.com:443 "GET /bulkapi/v2/download?key=***REMOVED***&file_id=30362271&filter=all HTTP/1.1" 200 173345
DEBUG: 2026-03-09 22:10:10,781 - Encoding detection: utf_8 is most likely the one.
INFO: 2026-03-09 22:10:10,809 - Updating validation status... 
INFO: 2026-03-09 22:10:14,478 - DONE!
INFO: 2026-03-09 22:10:14,479 - FINISHED LOOP

success!
INFO: 2026-03-09 22:20:08,359 - STARTING LOOP
INFO: 2026-03-09 22:20:08,370 - Nothing to download from MillionVerifier!
INFO: 2026-03-09 22:20:08,370 - FINISHED LOOP

INFO: 2026-03-09 22:30:10,700 - STARTING LOOP
INFO: 2026-03-09 22:30:10,715 - Nothing to download from MillionVerifier!
INFO: 2026-03-09 22:30:10,715 - FINISHED LOOP

INFO: 2026-03-09 22:45:36,105 - STARTING LOOP
INFO: 2026-03-09 22:45:36,118 - Nothing to download from MillionVerifier!
INFO: 2026-03-09 22:45:36,118 - FINISHED LOOP

INFO: 2026-03-09 23:10:08,155 - STARTING LOOP
INFO: 2026-03-09 23:10:08,164 - Nothing to download from MillionVerifier!
INFO: 2026-03-09 23:10:08,165 - FINISHED LOOP

INFO: 2026-03-09 23:20:06,898 - STARTING LOOP
INFO: 2026-03-09 23:20:06,911 - Nothing to download from MillionVerifier!
INFO: 2026-03-09 23:20:06,911 - FINISHED LOOP

INFO: 2026-03-09 23:30:08,190 - STARTING LOOP
INFO: 2026-03-09 23:30:08,194 - Nothing to download from MillionVerifier!
INFO: 2026-03-09 23:30:08,195 - FINISHED LOOP

INFO: 2026-03-09 23:40:07,451 - STARTING LOOP
INFO: 2026-03-09 23:40:07,461 - Nothing to download from MillionVerifier!
INFO: 2026-03-09 23:40:07,461 - FINISHED LOOP

INFO: 2026-03-09 23:50:07,373 - STARTING LOOP
INFO: 2026-03-09 23:50:07,384 - Nothing to download from MillionVerifier!
INFO: 2026-03-09 23:50:07,385 - FINISHED LOOP

INFO: 2026-03-10 00:00:14,990 - STARTING LOOP
INFO: 2026-03-10 00:00:14,997 - Nothing to download from MillionVerifier!
INFO: 2026-03-10 00:00:14,997 - FINISHED LOOP

INFO: 2026-03-10 00:10:06,734 - STARTING LOOP
INFO: 2026-03-10 00:10:06,741 - Nothing to download from MillionVerifier!
INFO: 2026-03-10 00:10:06,741 - FINISHED LOOP

INFO: 2026-03-10 00:20:09,237 - STARTING LOOP
INFO: 2026-03-10 00:20:09,245 - Nothing to download from MillionVerifier!
INFO: 2026-03-10 00:20:09,245 - FINISHED LOOP

INFO: 2026-03-10 06:10:13,772 - STARTING LOOP
INFO: 2026-03-10 06:10:13,783 - Nothing to download from MillionVerifier!
INFO: 2026-03-10 06:10:13,783 - FINISHED LOOP

INFO: 2026-03-10 06:30:07,928 - STARTING LOOP
INFO: 2026-03-10 06:30:07,935 - Nothing to download from MillionVerifier!
INFO: 2026-03-10 06:30:07,935 - FINISHED LOOP

INFO: 2026-03-10 06:55:45,119 - STARTING LOOP
INFO: 2026-03-10 06:55:45,130 - Nothing to download from MillionVerifier!
INFO: 2026-03-10 06:55:45,131 - FINISHED LOOP

INFO: 2026-03-10 07:05:17,973 - STARTING LOOP
INFO: 2026-03-10 07:05:18,010 - Nothing to download from MillionVerifier!
INFO: 2026-03-10 07:05:18,010 - FINISHED LOOP

INFO: 2026-03-10 07:14:18,116 - STARTING LOOP
INFO: 2026-03-10 07:14:18,125 - Nothing to download from MillionVerifier!
INFO: 2026-03-10 07:14:18,125 - FINISHED LOOP

INFO: 2026-03-10 07:23:27,535 - STARTING LOOP
INFO: 2026-03-10 07:23:27,544 - Nothing to download from MillionVerifier!
INFO: 2026-03-10 07:23:27,544 - FINISHED LOOP

INFO: 2026-03-10 07:32:44,628 - STARTING LOOP
INFO: 2026-03-10 07:32:44,634 - Nothing to download from MillionVerifier!
INFO: 2026-03-10 07:32:44,634 - FINISHED LOOP

INFO: 2026-03-10 07:43:53,104 - STARTING LOOP
INFO: 2026-03-10 07:43:53,114 - Nothing to download from MillionVerifier!
INFO: 2026-03-10 07:43:53,114 - FINISHED LOOP

INFO: 2026-03-10 07:51:35,902 - STARTING LOOP
INFO: 2026-03-10 07:51:35,911 - Nothing to download from MillionVerifier!
INFO: 2026-03-10 07:51:35,911 - FINISHED LOOP

INFO: 2026-03-10 08:01:27,429 - STARTING LOOP
INFO: 2026-03-10 08:01:27,435 - Nothing to download from MillionVerifier!
INFO: 2026-03-10 08:01:27,435 - FINISHED LOOP

INFO: 2026-03-10 08:20:08,718 - STARTING LOOP
INFO: 2026-03-10 08:20:08,728 - Nothing to download from MillionVerifier!
INFO: 2026-03-10 08:20:08,729 - FINISHED LOOP

INFO: 2026-03-10 08:40:10,406 - STARTING LOOP
INFO: 2026-03-10 08:40:10,413 - Nothing to download from MillionVerifier!
INFO: 2026-03-10 08:40:10,413 - FINISHED LOOP

INFO: 2026-03-10 08:50:07,111 - STARTING LOOP
INFO: 2026-03-10 08:50:07,124 - Nothing to download from MillionVerifier!
INFO: 2026-03-10 08:50:07,124 - FINISHED LOOP

INFO: 2026-03-10 09:00:13,739 - STARTING LOOP
INFO: 2026-03-10 09:00:13,745 - Nothing to download from MillionVerifier!
INFO: 2026-03-10 09:00:13,745 - FINISHED LOOP

INFO: 2026-03-10 09:10:48,100 - STARTING LOOP
INFO: 2026-03-10 09:10:48,109 - Nothing to download from MillionVerifier!
INFO: 2026-03-10 09:10:48,110 - FINISHED LOOP

INFO: 2026-03-10 09:20:05,929 - STARTING LOOP
INFO: 2026-03-10 09:20:05,942 - Nothing to download from MillionVerifier!
INFO: 2026-03-10 09:20:05,942 - FINISHED LOOP

INFO: 2026-03-10 09:30:08,842 - STARTING LOOP
INFO: 2026-03-10 09:30:08,847 - Nothing to download from MillionVerifier!
INFO: 2026-03-10 09:30:08,848 - FINISHED LOOP

INFO: 2026-03-10 09:40:11,206 - STARTING LOOP
INFO: 2026-03-10 09:40:11,216 - Nothing to download from MillionVerifier!
INFO: 2026-03-10 09:40:11,217 - FINISHED LOOP

INFO: 2026-03-10 10:00:15,484 - STARTING LOOP
INFO: 2026-03-10 10:00:15,496 - Nothing to download from MillionVerifier!
INFO: 2026-03-10 10:00:15,497 - FINISHED LOOP

INFO: 2026-03-10 10:10:07,920 - STARTING LOOP
INFO: 2026-03-10 10:10:07,932 - Nothing to download from MillionVerifier!
INFO: 2026-03-10 10:10:07,932 - FINISHED LOOP

INFO: 2026-03-10 10:20:07,757 - STARTING LOOP
DEBUG: 2026-03-10 10:20:07,832 - Starting new HTTPS connection (1): bulkapi.millionverifier.com:443
DEBUG: 2026-03-10 10:20:08,230 - https://bulkapi.millionverifier.com:443 "GET /bulkapi/v2/fileinfo?key=***REMOVED***&file_id=30366947 HTTP/1.1" 200 None
DEBUG: 2026-03-10 10:20:08,235 - Starting new HTTPS connection (1): bulkapi.millionverifier.com:443
DEBUG: 2026-03-10 10:20:08,497 - https://bulkapi.millionverifier.com:443 "GET /bulkapi/v2/fileinfo?key=***REMOVED***&file_id=30366950 HTTP/1.1" 200 None
DEBUG: 2026-03-10 10:20:08,502 - Starting new HTTPS connection (1): bulkapi.millionverifier.com:443
DEBUG: 2026-03-10 10:20:08,766 - https://bulkapi.millionverifier.com:443 "GET /bulkapi/v2/fileinfo?key=***REMOVED***&file_id=30366951 HTTP/1.1" 200 None
DEBUG: 2026-03-10 10:20:08,773 - Starting new HTTPS connection (1): bulkapi.millionverifier.com:443
DEBUG: 2026-03-10 10:20:09,047 - https://bulkapi.millionverifier.com:443 "GET /bulkapi/v2/fileinfo?key=***REMOVED***&file_id=30366952 HTTP/1.1" 200 None
INFO: 2026-03-10 10:20:09,088 - Downloading 1432181 - reputation_leaders_csuite...
DEBUG: 2026-03-10 10:20:09,092 - Starting new HTTPS connection (1): bulkapi.millionverifier.com:443
DEBUG: 2026-03-10 10:20:09,412 - https://bulkapi.millionverifier.com:443 "GET /bulkapi/v2/download?key=***REMOVED***&file_id=30366952&filter=all HTTP/1.1" 200 122
DEBUG: 2026-03-10 10:20:09,421 - Encoding detection: ascii is most likely the one.
INFO: 2026-03-10 10:20:09,423 - Updating validation status... 
INFO: 2026-03-10 10:20:09,429 - DONE!
INFO: 2026-03-10 10:20:09,429 - FINISHED LOOP

success!
INFO: 2026-03-10 10:30:07,910 - STARTING LOOP
DEBUG: 2026-03-10 10:30:07,966 - Starting new HTTPS connection (1): bulkapi.millionverifier.com:443
DEBUG: 2026-03-10 10:30:08,347 - https://bulkapi.millionverifier.com:443 "GET /bulkapi/v2/fileinfo?key=***REMOVED***&file_id=30366947 HTTP/1.1" 200 None
DEBUG: 2026-03-10 10:30:08,358 - Starting new HTTPS connection (1): bulkapi.millionverifier.com:443
DEBUG: 2026-03-10 10:30:08,641 - https://bulkapi.millionverifier.com:443 "GET /bulkapi/v2/fileinfo?key=***REMOVED***&file_id=30366950 HTTP/1.1" 200 None
INFO: 2026-03-10 10:30:08,645 - Downloading 1995971 - Vanguardcharitable...
DEBUG: 2026-03-10 10:30:08,648 - Starting new HTTPS connection (1): bulkapi.millionverifier.com:443
DEBUG: 2026-03-10 10:30:08,926 - https://bulkapi.millionverifier.com:443 "GET /bulkapi/v2/download?key=***REMOVED***&file_id=30366950&filter=all HTTP/1.1" 200 182259
DEBUG: 2026-03-10 10:30:09,253 - Encoding detection: ascii is most likely the one.
INFO: 2026-03-10 10:30:09,273 - Updating validation status... 
INFO: 2026-03-10 10:30:15,716 - DONE!
DEBUG: 2026-03-10 10:30:15,720 - Starting new HTTPS connection (1): bulkapi.millionverifier.com:443
DEBUG: 2026-03-10 10:30:15,991 - https://bulkapi.millionverifier.com:443 "GET /bulkapi/v2/fileinfo?key=***REMOVED***&file_id=30366951 HTTP/1.1" 200 None
INFO: 2026-03-10 10:30:15,997 - Downloading 2009991 - glassview_it...
DEBUG: 2026-03-10 10:30:16,000 - Starting new HTTPS connection (1): bulkapi.millionverifier.com:443
DEBUG: 2026-03-10 10:30:16,282 - https://bulkapi.millionverifier.com:443 "GET /bulkapi/v2/download?key=***REMOVED***&file_id=30366951&filter=all HTTP/1.1" 200 35595
DEBUG: 2026-03-10 10:30:16,395 - Encoding detection: ascii is most likely the one.
INFO: 2026-03-10 10:30:16,401 - Updating validation status... 
INFO: 2026-03-10 10:30:17,791 - DONE!
DEBUG: 2026-03-10 10:30:17,796 - Starting new HTTPS connection (1): bulkapi.millionverifier.com:443
DEBUG: 2026-03-10 10:30:18,058 - https://bulkapi.millionverifier.com:443 "GET /bulkapi/v2/fileinfo?key=***REMOVED***&file_id=30366989 HTTP/1.1" 200 None
INFO: 2026-03-10 10:30:18,062 - Downloading 1432181 - reputation_leaders_csuite...
DEBUG: 2026-03-10 10:30:18,066 - Starting new HTTPS connection (1): bulkapi.millionverifier.com:443
DEBUG: 2026-03-10 10:30:18,353 - https://bulkapi.millionverifier.com:443 "GET /bulkapi/v2/download?key=***REMOVED***&file_id=30366989&filter=all HTTP/1.1" 200 122
DEBUG: 2026-03-10 10:30:18,356 - Encoding detection: ascii is most likely the one.
INFO: 2026-03-10 10:30:18,360 - Updating validation status... 
INFO: 2026-03-10 10:30:18,366 - DONE!
INFO: 2026-03-10 10:30:18,366 - FINISHED LOOP

success!
success!
success!
INFO: 2026-03-10 10:40:07,845 - STARTING LOOP
DEBUG: 2026-03-10 10:40:07,891 - Starting new HTTPS connection (1): bulkapi.millionverifier.com:443
DEBUG: 2026-03-10 10:40:08,271 - https://bulkapi.millionverifier.com:443 "GET /bulkapi/v2/fileinfo?key=***REMOVED***&file_id=30366947 HTTP/1.1" 200 None
DEBUG: 2026-03-10 10:40:08,277 - Starting new HTTPS connection (1): bulkapi.millionverifier.com:443
DEBUG: 2026-03-10 10:40:08,536 - https://bulkapi.millionverifier.com:443 "GET /bulkapi/v2/fileinfo?key=***REMOVED***&file_id=30367047 HTTP/1.1" 200 None
DEBUG: 2026-03-10 10:40:08,542 - Starting new HTTPS connection (1): bulkapi.millionverifier.com:443
DEBUG: 2026-03-10 10:40:08,814 - https://bulkapi.millionverifier.com:443 "GET /bulkapi/v2/fileinfo?key=***REMOVED***&file_id=30367048 HTTP/1.1" 200 None
INFO: 2026-03-10 10:40:08,817 - Downloading 1432181 - reputation_leaders_csuite...
DEBUG: 2026-03-10 10:40:08,819 - Starting new HTTPS connection (1): bulkapi.millionverifier.com:443
DEBUG: 2026-03-10 10:40:09,100 - https://bulkapi.millionverifier.com:443 "GET /bulkapi/v2/download?key=***REMOVED***&file_id=30367048&filter=all HTTP/1.1" 200 122
DEBUG: 2026-03-10 10:40:09,105 - Encoding detection: ascii is most likely the one.
INFO: 2026-03-10 10:40:09,108 - Updating validation status... 
INFO: 2026-03-10 10:40:09,111 - DONE!
INFO: 2026-03-10 10:40:09,111 - FINISHED LOOP

success!
INFO: 2026-03-10 10:50:17,064 - STARTING LOOP
DEBUG: 2026-03-10 10:50:17,134 - Starting new HTTPS connection (1): bulkapi.millionverifier.com:443
DEBUG: 2026-03-10 10:50:17,547 - https://bulkapi.millionverifier.com:443 "GET /bulkapi/v2/fileinfo?key=***REMOVED***&file_id=30366947 HTTP/1.1" 200 None
DEBUG: 2026-03-10 10:50:17,555 - Starting new HTTPS connection (1): bulkapi.millionverifier.com:443
DEBUG: 2026-03-10 10:50:17,810 - https://bulkapi.millionverifier.com:443 "GET /bulkapi/v2/fileinfo?key=***REMOVED***&file_id=30367047 HTTP/1.1" 200 None
INFO: 2026-03-10 10:50:17,814 - Downloading 1995971 - Vanguardcharitable...
DEBUG: 2026-03-10 10:50:17,817 - Starting new HTTPS connection (1): bulkapi.millionverifier.com:443
DEBUG: 2026-03-10 10:50:18,093 - https://bulkapi.millionverifier.com:443 "GET /bulkapi/v2/download?key=***REMOVED***&file_id=30367047&filter=all HTTP/1.1" 200 137515
DEBUG: 2026-03-10 10:50:18,398 - Encoding detection: ascii is most likely the one.
INFO: 2026-03-10 10:50:18,412 - Updating validation status... 
INFO: 2026-03-10 10:50:24,605 - DONE!
DEBUG: 2026-03-10 10:50:24,610 - Starting new HTTPS connection (1): bulkapi.millionverifier.com:443
DEBUG: 2026-03-10 10:50:24,872 - https://bulkapi.millionverifier.com:443 "GET /bulkapi/v2/fileinfo?key=***REMOVED***&file_id=30367131 HTTP/1.1" 200 None
INFO: 2026-03-10 10:50:24,875 - Downloading 1432181 - reputation_leaders_csuite...
DEBUG: 2026-03-10 10:50:24,878 - Starting new HTTPS connection (1): bulkapi.millionverifier.com:443
DEBUG: 2026-03-10 10:50:25,157 - https://bulkapi.millionverifier.com:443 "GET /bulkapi/v2/download?key=***REMOVED***&file_id=30367131&filter=all HTTP/1.1" 200 122
DEBUG: 2026-03-10 10:50:25,159 - Encoding detection: ascii is most likely the one.
INFO: 2026-03-10 10:50:25,162 - Updating validation status... 
INFO: 2026-03-10 10:50:25,166 - DONE!
INFO: 2026-03-10 10:50:25,166 - FINISHED LOOP

success!
success!
INFO: 2026-03-10 11:00:12,892 - STARTING LOOP
DEBUG: 2026-03-10 11:00:12,951 - Starting new HTTPS connection (1): bulkapi.millionverifier.com:443
DEBUG: 2026-03-10 11:00:13,344 - https://bulkapi.millionverifier.com:443 "GET /bulkapi/v2/fileinfo?key=***REMOVED***&file_id=30366947 HTTP/1.1" 200 None
INFO: 2026-03-10 11:00:13,349 - Downloading 123456 - sales...
DEBUG: 2026-03-10 11:00:13,353 - Starting new HTTPS connection (1): bulkapi.millionverifier.com:443
DEBUG: 2026-03-10 11:00:13,648 - https://bulkapi.millionverifier.com:443 "GET /bulkapi/v2/download?key=***REMOVED***&file_id=30366947&filter=all HTTP/1.1" 200 2711212
DEBUG: 2026-03-10 11:00:14,431 - Encoding detection: ascii is most likely the one.
INFO: 2026-03-10 11:00:14,946 - Updating validation status... 
INFO: 2026-03-10 11:01:28,591 - DONE!
DEBUG: 2026-03-10 11:01:28,609 - Starting new HTTPS connection (1): bulkapi.millionverifier.com:443
DEBUG: 2026-03-10 11:01:29,105 - https://bulkapi.millionverifier.com:443 "GET /bulkapi/v2/fileinfo?key=***REMOVED***&file_id=30367212 HTTP/1.1" 200 None
INFO: 2026-03-10 11:01:29,111 - Downloading 1995971 - Vanguardcharitable...
DEBUG: 2026-03-10 11:01:29,115 - Starting new HTTPS connection (1): bulkapi.millionverifier.com:443
DEBUG: 2026-03-10 11:01:29,395 - https://bulkapi.millionverifier.com:443 "GET /bulkapi/v2/download?key=***REMOVED***&file_id=30367212&filter=all HTTP/1.1" 200 86897
DEBUG: 2026-03-10 11:01:29,627 - Encoding detection: ascii is most likely the one.
INFO: 2026-03-10 11:01:29,640 - Updating validation status... 
INFO: 2026-03-10 11:01:33,020 - DONE!
DEBUG: 2026-03-10 11:01:33,026 - Starting new HTTPS connection (1): bulkapi.millionverifier.com:443
DEBUG: 2026-03-10 11:01:33,295 - https://bulkapi.millionverifier.com:443 "GET /bulkapi/v2/fileinfo?key=***REMOVED***&file_id=30367215 HTTP/1.1" 200 None
INFO: 2026-03-10 11:01:33,299 - FINISHED LOOP

success!
success!
INFO: 2026-03-10 11:10:08,557 - STARTING LOOP
DEBUG: 2026-03-10 11:10:08,620 - Starting new HTTPS connection (1): bulkapi.millionverifier.com:443
DEBUG: 2026-03-10 11:10:09,001 - https://bulkapi.millionverifier.com:443 "GET /bulkapi/v2/fileinfo?key=***REMOVED***&file_id=30367215 HTTP/1.1" 200 None
INFO: 2026-03-10 11:10:09,005 - FINISHED LOOP

INFO: 2026-03-10 11:20:07,436 - STARTING LOOP
DEBUG: 2026-03-10 11:20:07,499 - Starting new HTTPS connection (1): bulkapi.millionverifier.com:443
DEBUG: 2026-03-10 11:20:07,944 - https://bulkapi.millionverifier.com:443 "GET /bulkapi/v2/fileinfo?key=***REMOVED***&file_id=30367215 HTTP/1.1" 200 None
DEBUG: 2026-03-10 11:20:07,952 - Starting new HTTPS connection (1): bulkapi.millionverifier.com:443
DEBUG: 2026-03-10 11:20:08,206 - https://bulkapi.millionverifier.com:443 "GET /bulkapi/v2/fileinfo?key=***REMOVED***&file_id=30367359 HTTP/1.1" 200 None
DEBUG: 2026-03-10 11:20:08,213 - Starting new HTTPS connection (1): bulkapi.millionverifier.com:443
DEBUG: 2026-03-10 11:20:08,469 - https://bulkapi.millionverifier.com:443 "GET /bulkapi/v2/fileinfo?key=***REMOVED***&file_id=30367364 HTTP/1.1" 200 None
INFO: 2026-03-10 11:20:08,474 - Downloading 1995971 - Vanguardcharitable...
DEBUG: 2026-03-10 11:20:08,477 - Starting new HTTPS connection (1): bulkapi.millionverifier.com:443
DEBUG: 2026-03-10 11:20:08,766 - https://bulkapi.millionverifier.com:443 "GET /bulkapi/v2/download?key=***REMOVED***&file_id=30367364&filter=all HTTP/1.1" 200 78993
DEBUG: 2026-03-10 11:20:08,984 - Encoding detection: ascii is most likely the one.
INFO: 2026-03-10 11:20:08,994 - Updating validation status... 
INFO: 2026-03-10 11:20:13,629 - DONE!
INFO: 2026-03-10 11:20:13,630 - FINISHED LOOP

success!
INFO: 2026-03-10 11:30:08,459 - STARTING LOOP
DEBUG: 2026-03-10 11:30:08,520 - Starting new HTTPS connection (1): bulkapi.millionverifier.com:443
DEBUG: 2026-03-10 11:30:08,801 - https://bulkapi.millionverifier.com:443 "GET /bulkapi/v2/fileinfo?key=***REMOVED***&file_id=30367215 HTTP/1.1" 200 None
DEBUG: 2026-03-10 11:30:08,810 - Starting new HTTPS connection (1): bulkapi.millionverifier.com:443
DEBUG: 2026-03-10 11:30:09,073 - https://bulkapi.millionverifier.com:443 "GET /bulkapi/v2/fileinfo?key=***REMOVED***&file_id=30367359 HTTP/1.1" 200 None
DEBUG: 2026-03-10 11:30:09,078 - Starting new HTTPS connection (1): bulkapi.millionverifier.com:443
DEBUG: 2026-03-10 11:30:09,341 - https://bulkapi.millionverifier.com:443 "GET /bulkapi/v2/fileinfo?key=***REMOVED***&file_id=30367434 HTTP/1.1" 200 None
INFO: 2026-03-10 11:30:09,343 - Downloading 1995971 - Vanguardcharitable...
DEBUG: 2026-03-10 11:30:09,346 - Starting new HTTPS connection (1): bulkapi.millionverifier.com:443
DEBUG: 2026-03-10 11:30:09,622 - https://bulkapi.millionverifier.com:443 "GET /bulkapi/v2/download?key=***REMOVED***&file_id=30367434&filter=all HTTP/1.1" 200 52386
DEBUG: 2026-03-10 11:30:09,834 - Encoding detection: ascii is most likely the one.
INFO: 2026-03-10 11:30:09,841 - Updating validation status... 
INFO: 2026-03-10 11:30:12,648 - DONE!
INFO: 2026-03-10 11:30:12,649 - FINISHED LOOP

success!
INFO: 2026-03-10 11:44:16,266 - STARTING LOOP
DEBUG: 2026-03-10 11:44:16,330 - Starting new HTTPS connection (1): bulkapi.millionverifier.com:443
DEBUG: 2026-03-10 11:44:16,829 - https://bulkapi.millionverifier.com:443 "GET /bulkapi/v2/fileinfo?key=***REMOVED***&file_id=30367215 HTTP/1.1" 200 None
DEBUG: 2026-03-10 11:44:16,836 - Starting new HTTPS connection (1): bulkapi.millionverifier.com:443
DEBUG: 2026-03-10 11:44:17,092 - https://bulkapi.millionverifier.com:443 "GET /bulkapi/v2/fileinfo?key=***REMOVED***&file_id=30367359 HTTP/1.1" 200 None
DEBUG: 2026-03-10 11:44:17,101 - Starting new HTTPS connection (1): bulkapi.millionverifier.com:443
DEBUG: 2026-03-10 11:44:17,363 - https://bulkapi.millionverifier.com:443 "GET /bulkapi/v2/fileinfo?key=***REMOVED***&file_id=30367488 HTTP/1.1" 200 None
INFO: 2026-03-10 11:44:17,369 - Downloading 1995971 - Vanguardcharitable...
DEBUG: 2026-03-10 11:44:17,378 - Starting new HTTPS connection (1): bulkapi.millionverifier.com:443
DEBUG: 2026-03-10 11:44:17,669 - https://bulkapi.millionverifier.com:443 "GET /bulkapi/v2/download?key=***REMOVED***&file_id=30367488&filter=all HTTP/1.1" 200 43624
DEBUG: 2026-03-10 11:44:17,872 - Encoding detection: ascii is most likely the one.
INFO: 2026-03-10 11:44:17,878 - Updating validation status... 
INFO: 2026-03-10 11:44:20,305 - DONE!
INFO: 2026-03-10 11:44:20,305 - FINISHED LOOP

success!
INFO: 2026-03-10 11:50:07,780 - STARTING LOOP
DEBUG: 2026-03-10 11:50:07,813 - Starting new HTTPS connection (1): bulkapi.millionverifier.com:443
DEBUG: 2026-03-10 11:50:08,270 - https://bulkapi.millionverifier.com:443 "GET /bulkapi/v2/fileinfo?key=***REMOVED***&file_id=30367215 HTTP/1.1" 200 None
DEBUG: 2026-03-10 11:50:08,279 - Starting new HTTPS connection (1): bulkapi.millionverifier.com:443
DEBUG: 2026-03-10 11:50:08,537 - https://bulkapi.millionverifier.com:443 "GET /bulkapi/v2/fileinfo?key=***REMOVED***&file_id=30367359 HTTP/1.1" 200 None
INFO: 2026-03-10 11:50:08,541 - Downloading 123456 - sales...
DEBUG: 2026-03-10 11:50:08,544 - Starting new HTTPS connection (1): bulkapi.millionverifier.com:443
DEBUG: 2026-03-10 11:50:08,816 - https://bulkapi.millionverifier.com:443 "GET /bulkapi/v2/download?key=***REMOVED***&file_id=30367359&filter=all HTTP/1.1" 200 284144
DEBUG: 2026-03-10 11:50:09,230 - Encoding detection: ascii is most likely the one.
INFO: 2026-03-10 11:50:09,256 - Updating validation status... 
INFO: 2026-03-10 11:50:15,838 - DONE!
DEBUG: 2026-03-10 11:50:15,844 - Starting new HTTPS connection (1): bulkapi.millionverifier.com:443
DEBUG: 2026-03-10 11:50:16,111 - https://bulkapi.millionverifier.com:443 "GET /bulkapi/v2/fileinfo?key=***REMOVED***&file_id=30367576 HTTP/1.1" 200 None
INFO: 2026-03-10 11:50:16,115 - FINISHED LOOP

success!
INFO: 2026-03-10 12:00:15,081 - STARTING LOOP
DEBUG: 2026-03-10 12:00:15,149 - Starting new HTTPS connection (1): bulkapi.millionverifier.com:443
DEBUG: 2026-03-10 12:00:15,520 - https://bulkapi.millionverifier.com:443 "GET /bulkapi/v2/fileinfo?key=***REMOVED***&file_id=30367215 HTTP/1.1" 200 None
DEBUG: 2026-03-10 12:00:15,527 - Starting new HTTPS connection (1): bulkapi.millionverifier.com:443
DEBUG: 2026-03-10 12:00:15,812 - https://bulkapi.millionverifier.com:443 "GET /bulkapi/v2/fileinfo?key=***REMOVED***&file_id=30367576 HTTP/1.1" 200 None
INFO: 2026-03-10 12:00:15,816 - Downloading 1995971 - Vanguardcharitable...
DEBUG: 2026-03-10 12:00:15,820 - Starting new HTTPS connection (1): bulkapi.millionverifier.com:443
DEBUG: 2026-03-10 12:00:16,085 - https://bulkapi.millionverifier.com:443 "GET /bulkapi/v2/download?key=***REMOVED***&file_id=30367576&filter=all HTTP/1.1" 200 34899
DEBUG: 2026-03-10 12:00:16,203 - Encoding detection: ascii is most likely the one.
INFO: 2026-03-10 12:00:16,209 - Updating validation status... 
INFO: 2026-03-10 12:00:17,865 - DONE!
DEBUG: 2026-03-10 12:00:17,871 - Starting new HTTPS connection (1): bulkapi.millionverifier.com:443
DEBUG: 2026-03-10 12:00:18,136 - https://bulkapi.millionverifier.com:443 "GET /bulkapi/v2/fileinfo?key=***REMOVED***&file_id=30367615 HTTP/1.1" 200 None
INFO: 2026-03-10 12:00:18,141 - FINISHED LOOP

success!
INFO: 2026-03-10 12:10:07,195 - STARTING LOOP
DEBUG: 2026-03-10 12:10:07,263 - Starting new HTTPS connection (1): bulkapi.millionverifier.com:443
DEBUG: 2026-03-10 12:10:07,810 - https://bulkapi.millionverifier.com:443 "GET /bulkapi/v2/fileinfo?key=***REMOVED***&file_id=30367215 HTTP/1.1" 200 None
DEBUG: 2026-03-10 12:10:07,817 - Starting new HTTPS connection (1): bulkapi.millionverifier.com:443
DEBUG: 2026-03-10 12:10:08,092 - https://bulkapi.millionverifier.com:443 "GET /bulkapi/v2/fileinfo?key=***REMOVED***&file_id=30367615 HTTP/1.1" 200 None
DEBUG: 2026-03-10 12:10:08,100 - Starting new HTTPS connection (1): bulkapi.millionverifier.com:443
DEBUG: 2026-03-10 12:10:08,355 - https://bulkapi.millionverifier.com:443 "GET /bulkapi/v2/fileinfo?key=***REMOVED***&file_id=30367675 HTTP/1.1" 200 None
INFO: 2026-03-10 12:10:08,360 - Downloading 1995971 - Vanguardcharitable...
DEBUG: 2026-03-10 12:10:08,364 - Starting new HTTPS connection (1): bulkapi.millionverifier.com:443
DEBUG: 2026-03-10 12:10:08,630 - https://bulkapi.millionverifier.com:443 "GET /bulkapi/v2/download?key=***REMOVED***&file_id=30367675&filter=all HTTP/1.1" 200 24373
DEBUG: 2026-03-10 12:10:08,746 - Encoding detection: ascii is most likely the one.
INFO: 2026-03-10 12:10:08,751 - Updating validation status... 
INFO: 2026-03-10 12:10:10,556 - DONE!
INFO: 2026-03-10 12:10:10,556 - FINISHED LOOP

success!
INFO: 2026-03-10 12:20:07,770 - STARTING LOOP
DEBUG: 2026-03-10 12:20:07,838 - Starting new HTTPS connection (1): bulkapi.millionverifier.com:443
DEBUG: 2026-03-10 12:20:08,224 - https://bulkapi.millionverifier.com:443 "GET /bulkapi/v2/fileinfo?key=***REMOVED***&file_id=30367215 HTTP/1.1" 200 None
DEBUG: 2026-03-10 12:20:08,232 - Starting new HTTPS connection (1): bulkapi.millionverifier.com:443
DEBUG: 2026-03-10 12:20:08,511 - https://bulkapi.millionverifier.com:443 "GET /bulkapi/v2/fileinfo?key=***REMOVED***&file_id=30367615 HTTP/1.1" 200 None
INFO: 2026-03-10 12:20:08,516 - Downloading 123456 - sales...
DEBUG: 2026-03-10 12:20:08,519 - Starting new HTTPS connection (1): bulkapi.millionverifier.com:443
DEBUG: 2026-03-10 12:20:08,838 - https://bulkapi.millionverifier.com:443 "GET /bulkapi/v2/download?key=***REMOVED***&file_id=30367615&filter=all HTTP/1.1" 200 271807
DEBUG: 2026-03-10 12:20:09,252 - Encoding detection: ascii is most likely the one.
INFO: 2026-03-10 12:20:09,278 - Updating validation status... 
INFO: 2026-03-10 12:20:16,276 - DONE!
DEBUG: 2026-03-10 12:20:16,284 - Starting new HTTPS connection (1): bulkapi.millionverifier.com:443
DEBUG: 2026-03-10 12:20:16,564 - https://bulkapi.millionverifier.com:443 "GET /bulkapi/v2/fileinfo?key=***REMOVED***&file_id=30367751 HTTP/1.1" 200 None
INFO: 2026-03-10 12:20:16,573 - Downloading 1995971 - Vanguardcharitable...
DEBUG: 2026-03-10 12:20:16,578 - Starting new HTTPS connection (1): bulkapi.millionverifier.com:443
DEBUG: 2026-03-10 12:20:16,874 - https://bulkapi.millionverifier.com:443 "GET /bulkapi/v2/download?key=***REMOVED***&file_id=30367751&filter=all HTTP/1.1" 200 22687
DEBUG: 2026-03-10 12:20:16,981 - Encoding detection: ascii is most likely the one.
INFO: 2026-03-10 12:20:16,988 - Updating validation status... 
INFO: 2026-03-10 12:20:18,355 - DONE!
INFO: 2026-03-10 12:20:18,356 - FINISHED LOOP

success!
success!
INFO: 2026-03-10 12:30:34,068 - STARTING LOOP
DEBUG: 2026-03-10 12:30:34,132 - Starting new HTTPS connection (1): bulkapi.millionverifier.com:443
DEBUG: 2026-03-10 12:30:34,583 - https://bulkapi.millionverifier.com:443 "GET /bulkapi/v2/fileinfo?key=***REMOVED***&file_id=30367215 HTTP/1.1" 200 None
DEBUG: 2026-03-10 12:30:34,592 - Starting new HTTPS connection (1): bulkapi.millionverifier.com:443
DEBUG: 2026-03-10 12:30:34,856 - https://bulkapi.millionverifier.com:443 "GET /bulkapi/v2/fileinfo?key=***REMOVED***&file_id=30367815 HTTP/1.1" 200 None
INFO: 2026-03-10 12:30:34,859 - Downloading 123456 - sales...
DEBUG: 2026-03-10 12:30:34,861 - Starting new HTTPS connection (1): bulkapi.millionverifier.com:443
DEBUG: 2026-03-10 12:30:35,162 - https://bulkapi.millionverifier.com:443 "GET /bulkapi/v2/download?key=***REMOVED***&file_id=30367815&filter=all HTTP/1.1" 200 20382
DEBUG: 2026-03-10 12:30:35,257 - Encoding detection: ascii is most likely the one.
INFO: 2026-03-10 12:30:35,261 - Updating validation status... 
INFO: 2026-03-10 12:30:35,692 - DONE!
DEBUG: 2026-03-10 12:30:35,697 - Starting new HTTPS connection (1): bulkapi.millionverifier.com:443
DEBUG: 2026-03-10 12:30:35,963 - https://bulkapi.millionverifier.com:443 "GET /bulkapi/v2/fileinfo?key=***REMOVED***&file_id=30367820 HTTP/1.1" 200 None
INFO: 2026-03-10 12:30:35,968 - Downloading 1995971 - Vanguardcharitable...
DEBUG: 2026-03-10 12:30:35,972 - Starting new HTTPS connection (1): bulkapi.millionverifier.com:443
DEBUG: 2026-03-10 12:30:36,285 - https://bulkapi.millionverifier.com:443 "GET /bulkapi/v2/download?key=***REMOVED***&file_id=30367820&filter=all HTTP/1.1" 200 26277
DEBUG: 2026-03-10 12:30:36,396 - Encoding detection: ascii is most likely the one.
INFO: 2026-03-10 12:30:36,403 - Updating validation status... 
INFO: 2026-03-10 12:30:38,356 - DONE!
INFO: 2026-03-10 12:30:38,356 - FINISHED LOOP

success!
success!
INFO: 2026-03-10 12:40:08,419 - STARTING LOOP
DEBUG: 2026-03-10 12:40:08,463 - Starting new HTTPS connection (1): bulkapi.millionverifier.com:443
DEBUG: 2026-03-10 12:40:08,839 - https://bulkapi.millionverifier.com:443 "GET /bulkapi/v2/fileinfo?key=***REMOVED***&file_id=30367215 HTTP/1.1" 200 None
DEBUG: 2026-03-10 12:40:08,846 - Starting new HTTPS connection (1): bulkapi.millionverifier.com:443
DEBUG: 2026-03-10 12:40:09,101 - https://bulkapi.millionverifier.com:443 "GET /bulkapi/v2/fileinfo?key=***REMOVED***&file_id=30367899 HTTP/1.1" 200 None
INFO: 2026-03-10 12:40:09,104 - Downloading 1995971 - Vanguardcharitable...
DEBUG: 2026-03-10 12:40:09,106 - Starting new HTTPS connection (1): bulkapi.millionverifier.com:443
DEBUG: 2026-03-10 12:40:09,389 - https://bulkapi.millionverifier.com:443 "GET /bulkapi/v2/download?key=***REMOVED***&file_id=30367899&filter=all HTTP/1.1" 200 24201
DEBUG: 2026-03-10 12:40:09,499 - Encoding detection: ascii is most likely the one.
INFO: 2026-03-10 12:40:09,502 - Updating validation status... 
INFO: 2026-03-10 12:40:10,773 - DONE!
DEBUG: 2026-03-10 12:40:10,782 - Starting new HTTPS connection (1): bulkapi.millionverifier.com:443
DEBUG: 2026-03-10 12:40:11,055 - https://bulkapi.millionverifier.com:443 "GET /bulkapi/v2/fileinfo?key=***REMOVED***&file_id=30367929 HTTP/1.1" 200 None
INFO: 2026-03-10 12:40:11,058 - FINISHED LOOP

success!
INFO: 2026-03-10 12:50:35,553 - STARTING LOOP
DEBUG: 2026-03-10 12:50:35,678 - Starting new HTTPS connection (1): bulkapi.millionverifier.com:443
DEBUG: 2026-03-10 12:50:36,340 - https://bulkapi.millionverifier.com:443 "GET /bulkapi/v2/fileinfo?key=***REMOVED***&file_id=30367215 HTTP/1.1" 200 None
DEBUG: 2026-03-10 12:50:36,348 - Starting new HTTPS connection (1): bulkapi.millionverifier.com:443
DEBUG: 2026-03-10 12:50:36,611 - https://bulkapi.millionverifier.com:443 "GET /bulkapi/v2/fileinfo?key=***REMOVED***&file_id=30367929 HTTP/1.1" 200 None
DEBUG: 2026-03-10 12:50:36,620 - Starting new HTTPS connection (1): bulkapi.millionverifier.com:443
DEBUG: 2026-03-10 12:50:36,892 - https://bulkapi.millionverifier.com:443 "GET /bulkapi/v2/fileinfo?key=***REMOVED***&file_id=30367971 HTTP/1.1" 200 None
INFO: 2026-03-10 12:50:36,895 - Downloading 1995971 - Vanguardcharitable...
DEBUG: 2026-03-10 12:50:36,897 - Starting new HTTPS connection (1): bulkapi.millionverifier.com:443
DEBUG: 2026-03-10 12:50:37,174 - https://bulkapi.millionverifier.com:443 "GET /bulkapi/v2/download?key=***REMOVED***&file_id=30367971&filter=all HTTP/1.1" 200 21760
DEBUG: 2026-03-10 12:50:37,290 - Encoding detection: ascii is most likely the one.
INFO: 2026-03-10 12:50:37,296 - Updating validation status... 
INFO: 2026-03-10 12:50:38,713 - DONE!
INFO: 2026-03-10 12:50:38,715 - FINISHED LOOP

success!
INFO: 2026-03-10 13:02:27,761 - STARTING LOOP
DEBUG: 2026-03-10 13:02:27,815 - Starting new HTTPS connection (1): bulkapi.millionverifier.com:443
DEBUG: 2026-03-10 13:02:28,300 - https://bulkapi.millionverifier.com:443 "GET /bulkapi/v2/fileinfo?key=***REMOVED***&file_id=30367215 HTTP/1.1" 200 None
DEBUG: 2026-03-10 13:02:28,308 - Starting new HTTPS connection (1): bulkapi.millionverifier.com:443
DEBUG: 2026-03-10 13:02:28,862 - https://bulkapi.millionverifier.com:443 "GET /bulkapi/v2/fileinfo?key=***REMOVED***&file_id=30367929 HTTP/1.1" 200 None
DEBUG: 2026-03-10 13:02:28,870 - Starting new HTTPS connection (1): bulkapi.millionverifier.com:443
DEBUG: 2026-03-10 13:02:29,200 - https://bulkapi.millionverifier.com:443 "GET /bulkapi/v2/fileinfo?key=***REMOVED***&file_id=30368055 HTTP/1.1" 200 None
INFO: 2026-03-10 13:02:29,205 - Downloading 1995971 - Vanguardcharitable...
DEBUG: 2026-03-10 13:02:29,210 - Starting new HTTPS connection (1): bulkapi.millionverifier.com:443
DEBUG: 2026-03-10 13:02:29,711 - https://bulkapi.millionverifier.com:443 "GET /bulkapi/v2/download?key=***REMOVED***&file_id=30368055&filter=all HTTP/1.1" 200 21079
DEBUG: 2026-03-10 13:02:29,881 - Encoding detection: ascii is most likely the one.
INFO: 2026-03-10 13:02:29,887 - Updating validation status... 
INFO: 2026-03-10 13:02:50,253 - DONE!
INFO: 2026-03-10 13:02:50,254 - FINISHED LOOP

success!
INFO: 2026-03-10 13:17:48,964 - STARTING LOOP
DEBUG: 2026-03-10 13:17:49,014 - Starting new HTTPS connection (1): bulkapi.millionverifier.com:443
DEBUG: 2026-03-10 13:17:49,493 - https://bulkapi.millionverifier.com:443 "GET /bulkapi/v2/fileinfo?key=***REMOVED***&file_id=30367215 HTTP/1.1" 200 None
DEBUG: 2026-03-10 13:17:49,508 - Starting new HTTPS connection (1): bulkapi.millionverifier.com:443
DEBUG: 2026-03-10 13:17:49,860 - https://bulkapi.millionverifier.com:443 "GET /bulkapi/v2/fileinfo?key=***REMOVED***&file_id=30367929 HTTP/1.1" 200 None
DEBUG: 2026-03-10 13:17:49,865 - Starting new HTTPS connection (1): bulkapi.millionverifier.com:443
DEBUG: 2026-03-10 13:17:50,200 - https://bulkapi.millionverifier.com:443 "GET /bulkapi/v2/fileinfo?key=***REMOVED***&file_id=30368176 HTTP/1.1" 200 None
INFO: 2026-03-10 13:17:50,230 - Downloading 1995971 - Vanguardcharitable...
DEBUG: 2026-03-10 13:17:50,232 - Starting new HTTPS connection (1): bulkapi.millionverifier.com:443
DEBUG: 2026-03-10 13:17:50,589 - https://bulkapi.millionverifier.com:443 "GET /bulkapi/v2/download?key=***REMOVED***&file_id=30368176&filter=all HTTP/1.1" 200 20576
DEBUG: 2026-03-10 13:17:50,760 - Encoding detection: ascii is most likely the one.
INFO: 2026-03-10 13:17:50,766 - Updating validation status... 
INFO: 2026-03-10 13:17:52,452 - DONE!
INFO: 2026-03-10 13:17:52,453 - FINISHED LOOP

success!
INFO: 2026-03-10 13:20:07,165 - STARTING LOOP
DEBUG: 2026-03-10 13:20:07,191 - Starting new HTTPS connection (1): bulkapi.millionverifier.com:443
DEBUG: 2026-03-10 13:20:07,532 - https://bulkapi.millionverifier.com:443 "GET /bulkapi/v2/fileinfo?key=***REMOVED***&file_id=30367215 HTTP/1.1" 200 None
DEBUG: 2026-03-10 13:20:07,538 - Starting new HTTPS connection (1): bulkapi.millionverifier.com:443
DEBUG: 2026-03-10 13:20:07,877 - https://bulkapi.millionverifier.com:443 "GET /bulkapi/v2/fileinfo?key=***REMOVED***&file_id=30367929 HTTP/1.1" 200 None
INFO: 2026-03-10 13:20:07,878 - FINISHED LOOP

INFO: 2026-03-10 13:30:11,849 - STARTING LOOP
DEBUG: 2026-03-10 13:30:11,909 - Starting new HTTPS connection (1): bulkapi.millionverifier.com:443
DEBUG: 2026-03-10 13:30:12,256 - https://bulkapi.millionverifier.com:443 "GET /bulkapi/v2/fileinfo?key=***REMOVED***&file_id=30367215 HTTP/1.1" 200 None
DEBUG: 2026-03-10 13:30:12,263 - Starting new HTTPS connection (1): bulkapi.millionverifier.com:443
DEBUG: 2026-03-10 13:30:12,598 - https://bulkapi.millionverifier.com:443 "GET /bulkapi/v2/fileinfo?key=***REMOVED***&file_id=30367929 HTTP/1.1" 200 None
DEBUG: 2026-03-10 13:30:12,605 - Starting new HTTPS connection (1): bulkapi.millionverifier.com:443
DEBUG: 2026-03-10 13:30:12,942 - https://bulkapi.millionverifier.com:443 "GET /bulkapi/v2/fileinfo?key=***REMOVED***&file_id=30368240 HTTP/1.1" 200 None
INFO: 2026-03-10 13:30:12,947 - Downloading 1995971 - Vanguardcharitable...
DEBUG: 2026-03-10 13:30:12,951 - Starting new HTTPS connection (1): bulkapi.millionverifier.com:443
DEBUG: 2026-03-10 13:30:13,296 - https://bulkapi.millionverifier.com:443 "GET /bulkapi/v2/download?key=***REMOVED***&file_id=30368240&filter=all HTTP/1.1" 200 20303
DEBUG: 2026-03-10 13:30:13,472 - Encoding detection: ascii is most likely the one.
INFO: 2026-03-10 13:30:13,478 - Updating validation status... 
INFO: 2026-03-10 13:30:14,834 - DONE!
INFO: 2026-03-10 13:30:14,836 - FINISHED LOOP

success!
INFO: 2026-03-10 13:40:08,403 - STARTING LOOP
DEBUG: 2026-03-10 13:40:08,474 - Starting new HTTPS connection (1): bulkapi.millionverifier.com:443
DEBUG: 2026-03-10 13:40:08,964 - https://bulkapi.millionverifier.com:443 "GET /bulkapi/v2/fileinfo?key=***REMOVED***&file_id=30367215 HTTP/1.1" 200 None
DEBUG: 2026-03-10 13:40:08,972 - Starting new HTTPS connection (1): bulkapi.millionverifier.com:443
DEBUG: 2026-03-10 13:40:09,536 - https://bulkapi.millionverifier.com:443 "GET /bulkapi/v2/fileinfo?key=***REMOVED***&file_id=30367929 HTTP/1.1" 200 None
DEBUG: 2026-03-10 13:40:09,544 - Starting new HTTPS connection (1): bulkapi.millionverifier.com:443
DEBUG: 2026-03-10 13:40:10,152 - https://bulkapi.millionverifier.com:443 "GET /bulkapi/v2/fileinfo?key=***REMOVED***&file_id=30368294 HTTP/1.1" 200 None
INFO: 2026-03-10 13:40:10,158 - FINISHED LOOP

INFO: 2026-03-10 13:50:06,100 - STARTING LOOP
DEBUG: 2026-03-10 13:50:06,165 - Starting new HTTPS connection (1): bulkapi.millionverifier.com:443
DEBUG: 2026-03-10 13:50:06,727 - https://bulkapi.millionverifier.com:443 "GET /bulkapi/v2/fileinfo?key=***REMOVED***&file_id=30367215 HTTP/1.1" 200 None
DEBUG: 2026-03-10 13:50:06,734 - Starting new HTTPS connection (1): bulkapi.millionverifier.com:443
DEBUG: 2026-03-10 13:50:07,341 - https://bulkapi.millionverifier.com:443 "GET /bulkapi/v2/fileinfo?key=***REMOVED***&file_id=30367929 HTTP/1.1" 200 None
DEBUG: 2026-03-10 13:50:07,349 - Starting new HTTPS connection (1): bulkapi.millionverifier.com:443
DEBUG: 2026-03-10 13:50:07,854 - https://bulkapi.millionverifier.com:443 "GET /bulkapi/v2/fileinfo?key=***REMOVED***&file_id=30368294 HTTP/1.1" 200 None
INFO: 2026-03-10 13:50:07,859 - FINISHED LOOP

INFO: 2026-03-10 14:00:05,003 - STARTING LOOP
DEBUG: 2026-03-10 14:00:05,064 - Starting new HTTPS connection (1): bulkapi.millionverifier.com:443
DEBUG: 2026-03-10 14:00:05,663 - https://bulkapi.millionverifier.com:443 "GET /bulkapi/v2/fileinfo?key=***REMOVED***&file_id=30367215 HTTP/1.1" 200 None
DEBUG: 2026-03-10 14:00:05,671 - Starting new HTTPS connection (1): bulkapi.millionverifier.com:443
DEBUG: 2026-03-10 14:00:06,277 - https://bulkapi.millionverifier.com:443 "GET /bulkapi/v2/fileinfo?key=***REMOVED***&file_id=30367929 HTTP/1.1" 200 None
DEBUG: 2026-03-10 14:00:06,285 - Starting new HTTPS connection (1): bulkapi.millionverifier.com:443
DEBUG: 2026-03-10 14:00:06,790 - https://bulkapi.millionverifier.com:443 "GET /bulkapi/v2/fileinfo?key=***REMOVED***&file_id=30368294 HTTP/1.1" 200 None
INFO: 2026-03-10 14:00:06,795 - FINISHED LOOP

INFO: 2026-03-10 14:10:17,925 - STARTING LOOP
DEBUG: 2026-03-10 14:10:18,095 - Starting new HTTPS connection (1): bulkapi.millionverifier.com:443
DEBUG: 2026-03-10 14:10:18,624 - https://bulkapi.millionverifier.com:443 "GET /bulkapi/v2/fileinfo?key=***REMOVED***&file_id=30367215 HTTP/1.1" 200 None
DEBUG: 2026-03-10 14:10:18,632 - Starting new HTTPS connection (1): bulkapi.millionverifier.com:443
DEBUG: 2026-03-10 14:10:19,238 - https://bulkapi.millionverifier.com:443 "GET /bulkapi/v2/fileinfo?key=***REMOVED***&file_id=30367929 HTTP/1.1" 200 None
DEBUG: 2026-03-10 14:10:19,246 - Starting new HTTPS connection (1): bulkapi.millionverifier.com:443
DEBUG: 2026-03-10 14:10:19,584 - https://bulkapi.millionverifier.com:443 "GET /bulkapi/v2/fileinfo?key=***REMOVED***&file_id=30368294 HTTP/1.1" 200 None
INFO: 2026-03-10 14:10:19,587 - FINISHED LOOP

INFO: 2026-03-10 14:20:07,944 - STARTING LOOP
DEBUG: 2026-03-10 14:20:08,006 - Starting new HTTPS connection (1): bulkapi.millionverifier.com:443
DEBUG: 2026-03-10 14:20:08,752 - https://bulkapi.millionverifier.com:443 "GET /bulkapi/v2/fileinfo?key=***REMOVED***&file_id=30367215 HTTP/1.1" 200 None
DEBUG: 2026-03-10 14:20:08,762 - Starting new HTTPS connection (1): bulkapi.millionverifier.com:443
DEBUG: 2026-03-10 14:20:09,258 - https://bulkapi.millionverifier.com:443 "GET /bulkapi/v2/fileinfo?key=***REMOVED***&file_id=30367929 HTTP/1.1" 200 None
DEBUG: 2026-03-10 14:20:09,265 - Starting new HTTPS connection (1): bulkapi.millionverifier.com:443
DEBUG: 2026-03-10 14:20:09,593 - https://bulkapi.millionverifier.com:443 "GET /bulkapi/v2/fileinfo?key=***REMOVED***&file_id=30368294 HTTP/1.1" 200 None
INFO: 2026-03-10 14:20:09,597 - FINISHED LOOP

INFO: 2026-03-10 14:30:07,971 - STARTING LOOP
DEBUG: 2026-03-10 14:30:08,039 - Starting new HTTPS connection (1): bulkapi.millionverifier.com:443
DEBUG: 2026-03-10 14:30:08,526 - https://bulkapi.millionverifier.com:443 "GET /bulkapi/v2/fileinfo?key=***REMOVED***&file_id=30367215 HTTP/1.1" 200 None
DEBUG: 2026-03-10 14:30:08,530 - Starting new HTTPS connection (1): bulkapi.millionverifier.com:443
DEBUG: 2026-03-10 14:30:09,120 - https://bulkapi.millionverifier.com:443 "GET /bulkapi/v2/fileinfo?key=***REMOVED***&file_id=30367929 HTTP/1.1" 200 None
DEBUG: 2026-03-10 14:30:09,124 - Starting new HTTPS connection (1): bulkapi.millionverifier.com:443
DEBUG: 2026-03-10 14:30:09,632 - https://bulkapi.millionverifier.com:443 "GET /bulkapi/v2/fileinfo?key=***REMOVED***&file_id=30368294 HTTP/1.1" 200 None
INFO: 2026-03-10 14:30:09,636 - FINISHED LOOP

INFO: 2026-03-10 14:40:08,476 - STARTING LOOP
DEBUG: 2026-03-10 14:40:08,565 - Starting new HTTPS connection (1): bulkapi.millionverifier.com:443
DEBUG: 2026-03-10 14:40:09,141 - https://bulkapi.millionverifier.com:443 "GET /bulkapi/v2/fileinfo?key=***REMOVED***&file_id=30367215 HTTP/1.1" 200 None
DEBUG: 2026-03-10 14:40:09,150 - Starting new HTTPS connection (1): bulkapi.millionverifier.com:443
DEBUG: 2026-03-10 14:40:09,642 - https://bulkapi.millionverifier.com:443 "GET /bulkapi/v2/fileinfo?key=***REMOVED***&file_id=30367929 HTTP/1.1" 200 None
DEBUG: 2026-03-10 14:40:09,646 - Starting new HTTPS connection (1): bulkapi.millionverifier.com:443
DEBUG: 2026-03-10 14:40:10,167 - https://bulkapi.millionverifier.com:443 "GET /bulkapi/v2/fileinfo?key=***REMOVED***&file_id=30368294 HTTP/1.1" 200 None
INFO: 2026-03-10 14:40:10,170 - FINISHED LOOP

INFO: 2026-03-10 14:50:07,690 - STARTING LOOP
DEBUG: 2026-03-10 14:50:07,772 - Starting new HTTPS connection (1): bulkapi.millionverifier.com:443
DEBUG: 2026-03-10 14:50:08,420 - https://bulkapi.millionverifier.com:443 "GET /bulkapi/v2/fileinfo?key=***REMOVED***&file_id=30367215 HTTP/1.1" 200 None
DEBUG: 2026-03-10 14:50:08,425 - Starting new HTTPS connection (1): bulkapi.millionverifier.com:443
DEBUG: 2026-03-10 14:50:09,240 - https://bulkapi.millionverifier.com:443 "GET /bulkapi/v2/fileinfo?key=***REMOVED***&file_id=30367929 HTTP/1.1" 200 None
DEBUG: 2026-03-10 14:50:09,249 - Starting new HTTPS connection (1): bulkapi.millionverifier.com:443
DEBUG: 2026-03-10 14:50:09,604 - https://bulkapi.millionverifier.com:443 "GET /bulkapi/v2/fileinfo?key=***REMOVED***&file_id=30368294 HTTP/1.1" 200 None
INFO: 2026-03-10 14:50:09,609 - FINISHED LOOP

INFO: 2026-03-10 15:00:13,250 - STARTING LOOP
DEBUG: 2026-03-10 15:00:13,315 - Starting new HTTPS connection (1): bulkapi.millionverifier.com:443
DEBUG: 2026-03-10 15:00:13,846 - https://bulkapi.millionverifier.com:443 "GET /bulkapi/v2/fileinfo?key=***REMOVED***&file_id=30367215 HTTP/1.1" 200 None
DEBUG: 2026-03-10 15:00:13,855 - Starting new HTTPS connection (1): bulkapi.millionverifier.com:443
DEBUG: 2026-03-10 15:00:14,345 - https://bulkapi.millionverifier.com:443 "GET /bulkapi/v2/fileinfo?key=***REMOVED***&file_id=30367929 HTTP/1.1" 200 None
DEBUG: 2026-03-10 15:00:14,353 - Starting new HTTPS connection (1): bulkapi.millionverifier.com:443
DEBUG: 2026-03-10 15:00:14,843 - https://bulkapi.millionverifier.com:443 "GET /bulkapi/v2/fileinfo?key=***REMOVED***&file_id=30368294 HTTP/1.1" 200 None
INFO: 2026-03-10 15:00:14,847 - FINISHED LOOP

INFO: 2026-03-10 15:10:07,285 - STARTING LOOP
DEBUG: 2026-03-10 15:10:07,346 - Starting new HTTPS connection (1): bulkapi.millionverifier.com:443
DEBUG: 2026-03-10 15:10:07,928 - https://bulkapi.millionverifier.com:443 "GET /bulkapi/v2/fileinfo?key=***REMOVED***&file_id=30367215 HTTP/1.1" 200 None
DEBUG: 2026-03-10 15:10:07,935 - Starting new HTTPS connection (1): bulkapi.millionverifier.com:443
DEBUG: 2026-03-10 15:10:08,486 - https://bulkapi.millionverifier.com:443 "GET /bulkapi/v2/fileinfo?key=***REMOVED***&file_id=30367929 HTTP/1.1" 200 None
DEBUG: 2026-03-10 15:10:08,491 - Starting new HTTPS connection (1): bulkapi.millionverifier.com:443
DEBUG: 2026-03-10 15:10:08,989 - https://bulkapi.millionverifier.com:443 "GET /bulkapi/v2/fileinfo?key=***REMOVED***&file_id=30368294 HTTP/1.1" 200 None
DEBUG: 2026-03-10 15:10:08,998 - Starting new HTTPS connection (1): bulkapi.millionverifier.com:443
DEBUG: 2026-03-10 15:10:09,391 - https://bulkapi.millionverifier.com:443 "GET /bulkapi/v2/fileinfo?key=***REMOVED***&file_id=30368730 HTTP/1.1" 200 None
INFO: 2026-03-10 15:10:09,395 - FINISHED LOOP

INFO: 2026-03-10 15:20:08,344 - STARTING LOOP
DEBUG: 2026-03-10 15:20:08,415 - Starting new HTTPS connection (1): bulkapi.millionverifier.com:443
DEBUG: 2026-03-10 15:20:09,013 - https://bulkapi.millionverifier.com:443 "GET /bulkapi/v2/fileinfo?key=***REMOVED***&file_id=30367215 HTTP/1.1" 200 None
DEBUG: 2026-03-10 15:20:09,021 - Starting new HTTPS connection (1): bulkapi.millionverifier.com:443
DEBUG: 2026-03-10 15:20:09,524 - https://bulkapi.millionverifier.com:443 "GET /bulkapi/v2/fileinfo?key=***REMOVED***&file_id=30367929 HTTP/1.1" 200 None
DEBUG: 2026-03-10 15:20:09,533 - Starting new HTTPS connection (1): bulkapi.millionverifier.com:443
DEBUG: 2026-03-10 15:20:10,037 - https://bulkapi.millionverifier.com:443 "GET /bulkapi/v2/fileinfo?key=***REMOVED***&file_id=30368294 HTTP/1.1" 200 None
DEBUG: 2026-03-10 15:20:10,053 - Starting new HTTPS connection (1): bulkapi.millionverifier.com:443
DEBUG: 2026-03-10 15:20:10,597 - https://bulkapi.millionverifier.com:443 "GET /bulkapi/v2/fileinfo?key=***REMOVED***&file_id=30368730 HTTP/1.1" 200 None
INFO: 2026-03-10 15:20:10,602 - FINISHED LOOP

error: Workspace member `/Users/albertoruizcajiga/python/sis_international/modules/reporting` is missing a `pyproject.toml` (matches: `modules/*`)
error: Workspace member `/Users/albertoruizcajiga/python/sis_international/modules/reporting` is missing a `pyproject.toml` (matches: `modules/*`)
error: Workspace member `/Users/albertoruizcajiga/python/sis_international/modules/reporting` is missing a `pyproject.toml` (matches: `modules/*`)
error: Workspace member `/Users/albertoruizcajiga/python/sis_international/modules/reporting` is missing a `pyproject.toml` (matches: `modules/*`)
error: Workspace member `/Users/albertoruizcajiga/python/sis_international/modules/reporting` is missing a `pyproject.toml` (matches: `modules/*`)
error: Workspace member `/Users/albertoruizcajiga/python/sis_international/modules/reporting` is missing a `pyproject.toml` (matches: `modules/*`)
error: Workspace member `/Users/albertoruizcajiga/python/sis_international/modules/reporting` is missing a `pyproject.toml` (matches: `modules/*`)
error: Workspace member `/Users/albertoruizcajiga/python/sis_international/modules/reporting` is missing a `pyproject.toml` (matches: `modules/*`)
error: Workspace member `/Users/albertoruizcajiga/python/sis_international/modules/reporting` is missing a `pyproject.toml` (matches: `modules/*`)
error: Workspace member `/Users/albertoruizcajiga/python/sis_international/modules/reporting` is missing a `pyproject.toml` (matches: `modules/*`)
error: Workspace member `/Users/albertoruizcajiga/python/sis_international/modules/reporting` is missing a `pyproject.toml` (matches: `modules/*`)
error: Workspace member `/Users/albertoruizcajiga/python/sis_international/modules/reporting` is missing a `pyproject.toml` (matches: `modules/*`)
error: Workspace member `/Users/albertoruizcajiga/python/sis_international/modules/reporting` is missing a `pyproject.toml` (matches: `modules/*`)
error: Workspace member `/Users/albertoruizcajiga/python/sis_international/modules/reporting` is missing a `pyproject.toml` (matches: `modules/*`)
error: Workspace member `/Users/albertoruizcajiga/python/sis_international/modules/reporting` is missing a `pyproject.toml` (matches: `modules/*`)
error: Workspace member `/Users/albertoruizcajiga/python/sis_international/modules/reporting` is missing a `pyproject.toml` (matches: `modules/*`)
error: Workspace member `/Users/albertoruizcajiga/python/sis_international/modules/reporting` is missing a `pyproject.toml` (matches: `modules/*`)
error: Workspace member `/Users/albertoruizcajiga/python/sis_international/modules/reporting` is missing a `pyproject.toml` (matches: `modules/*`)
error: Workspace member `/Users/albertoruizcajiga/python/sis_international/modules/reporting` is missing a `pyproject.toml` (matches: `modules/*`)
error: Workspace member `/Users/albertoruizcajiga/python/sis_international/modules/reporting` is missing a `pyproject.toml` (matches: `modules/*`)
error: Workspace member `/Users/albertoruizcajiga/python/sis_international/modules/reporting` is missing a `pyproject.toml` (matches: `modules/*`)
error: Workspace member `/Users/albertoruizcajiga/python/sis_international/modules/reporting` is missing a `pyproject.toml` (matches: `modules/*`)
error: Workspace member `/Users/albertoruizcajiga/python/sis_international/modules/reporting` is missing a `pyproject.toml` (matches: `modules/*`)
error: Workspace member `/Users/albertoruizcajiga/python/sis_international/modules/reporting` is missing a `pyproject.toml` (matches: `modules/*`)
error: Workspace member `/Users/albertoruizcajiga/python/sis_international/modules/reporting` is missing a `pyproject.toml` (matches: `modules/*`)
error: Workspace member `/Users/albertoruizcajiga/python/sis_international/modules/reporting` is missing a `pyproject.toml` (matches: `modules/*`)
error: Workspace member `/Users/albertoruizcajiga/python/sis_international/modules/reporting` is missing a `pyproject.toml` (matches: `modules/*`)
error: Workspace member `/Users/albertoruizcajiga/python/sis_international/modules/reporting` is missing a `pyproject.toml` (matches: `modules/*`)
error: Workspace member `/Users/albertoruizcajiga/python/sis_international/modules/reporting` is missing a `pyproject.toml` (matches: `modules/*`)
error: Workspace member `/Users/albertoruizcajiga/python/sis_international/modules/reporting` is missing a `pyproject.toml` (matches: `modules/*`)
error: Workspace member `/Users/albertoruizcajiga/python/sis_international/modules/reporting` is missing a `pyproject.toml` (matches: `modules/*`)
error: Workspace member `/Users/albertoruizcajiga/python/sis_international/modules/reporting` is missing a `pyproject.toml` (matches: `modules/*`)
error: Workspace member `/Users/albertoruizcajiga/python/sis_international/modules/reporting` is missing a `pyproject.toml` (matches: `modules/*`)
error: Workspace member `/Users/albertoruizcajiga/python/sis_international/modules/reporting` is missing a `pyproject.toml` (matches: `modules/*`)
error: Workspace member `/Users/albertoruizcajiga/python/sis_international/modules/reporting` is missing a `pyproject.toml` (matches: `modules/*`)
error: Workspace member `/Users/albertoruizcajiga/python/sis_international/modules/reporting` is missing a `pyproject.toml` (matches: `modules/*`)
error: Workspace member `/Users/albertoruizcajiga/python/sis_international/modules/reporting` is missing a `pyproject.toml` (matches: `modules/*`)
error: Workspace member `/Users/albertoruizcajiga/python/sis_international/modules/reporting` is missing a `pyproject.toml` (matches: `modules/*`)
error: Workspace member `/Users/albertoruizcajiga/python/sis_international/modules/reporting` is missing a `pyproject.toml` (matches: `modules/*`)
error: Workspace member `/Users/albertoruizcajiga/python/sis_international/modules/reporting` is missing a `pyproject.toml` (matches: `modules/*`)
error: Workspace member `/Users/albertoruizcajiga/python/sis_international/modules/reporting` is missing a `pyproject.toml` (matches: `modules/*`)
error: Workspace member `/Users/albertoruizcajiga/python/sis_international/modules/reporting` is missing a `pyproject.toml` (matches: `modules/*`)
error: Workspace member `/Users/albertoruizcajiga/python/sis_international/modules/reporting` is missing a `pyproject.toml` (matches: `modules/*`)
error: Workspace member `/Users/albertoruizcajiga/python/sis_international/modules/reporting` is missing a `pyproject.toml` (matches: `modules/*`)
error: Workspace member `/Users/albertoruizcajiga/python/sis_international/modules/reporting` is missing a `pyproject.toml` (matches: `modules/*`)
error: Workspace member `/Users/albertoruizcajiga/python/sis_international/modules/reporting` is missing a `pyproject.toml` (matches: `modules/*`)
error: Workspace member `/Users/albertoruizcajiga/python/sis_international/modules/reporting` is missing a `pyproject.toml` (matches: `modules/*`)
error: Workspace member `/Users/albertoruizcajiga/python/sis_international/modules/reporting` is missing a `pyproject.toml` (matches: `modules/*`)
error: Workspace member `/Users/albertoruizcajiga/python/sis_international/modules/reporting` is missing a `pyproject.toml` (matches: `modules/*`)
error: Workspace member `/Users/albertoruizcajiga/python/sis_international/modules/reporting` is missing a `pyproject.toml` (matches: `modules/*`)
error: Workspace member `/Users/albertoruizcajiga/python/sis_international/modules/reporting` is missing a `pyproject.toml` (matches: `modules/*`)
error: Workspace member `/Users/albertoruizcajiga/python/sis_international/modules/reporting` is missing a `pyproject.toml` (matches: `modules/*`)
error: Workspace member `/Users/albertoruizcajiga/python/sis_international/modules/reporting` is missing a `pyproject.toml` (matches: `modules/*`)
error: Workspace member `/Users/albertoruizcajiga/python/sis_international/modules/reporting` is missing a `pyproject.toml` (matches: `modules/*`)
error: Workspace member `/Users/albertoruizcajiga/python/sis_international/modules/reporting` is missing a `pyproject.toml` (matches: `modules/*`)
error: Workspace member `/Users/albertoruizcajiga/python/sis_international/modules/reporting` is missing a `pyproject.toml` (matches: `modules/*`)
error: Workspace member `/Users/albertoruizcajiga/python/sis_international/modules/reporting` is missing a `pyproject.toml` (matches: `modules/*`)
error: Workspace member `/Users/albertoruizcajiga/python/sis_international/modules/reporting` is missing a `pyproject.toml` (matches: `modules/*`)
error: Workspace member `/Users/albertoruizcajiga/python/sis_international/modules/reporting` is missing a `pyproject.toml` (matches: `modules/*`)
error: Workspace member `/Users/albertoruizcajiga/python/sis_international/modules/reporting` is missing a `pyproject.toml` (matches: `modules/*`)
error: Workspace member `/Users/albertoruizcajiga/python/sis_international/modules/reporting` is missing a `pyproject.toml` (matches: `modules/*`)
error: Workspace member `/Users/albertoruizcajiga/python/sis_international/modules/reporting` is missing a `pyproject.toml` (matches: `modules/*`)
error: Workspace member `/Users/albertoruizcajiga/python/sis_international/modules/reporting` is missing a `pyproject.toml` (matches: `modules/*`)
error: Workspace member `/Users/albertoruizcajiga/python/sis_international/modules/reporting` is missing a `pyproject.toml` (matches: `modules/*`)
error: Workspace member `/Users/albertoruizcajiga/python/sis_international/modules/reporting` is missing a `pyproject.toml` (matches: `modules/*`)
error: Workspace member `/Users/albertoruizcajiga/python/sis_international/modules/reporting` is missing a `pyproject.toml` (matches: `modules/*`)
error: Workspace member `/Users/albertoruizcajiga/python/sis_international/modules/reporting` is missing a `pyproject.toml` (matches: `modules/*`)
error: Workspace member `/Users/albertoruizcajiga/python/sis_international/modules/reporting` is missing a `pyproject.toml` (matches: `modules/*`)
error: Workspace member `/Users/albertoruizcajiga/python/sis_international/modules/reporting` is missing a `pyproject.toml` (matches: `modules/*`)
error: Workspace member `/Users/albertoruizcajiga/python/sis_international/modules/reporting` is missing a `pyproject.toml` (matches: `modules/*`)
error: Workspace member `/Users/albertoruizcajiga/python/sis_international/modules/reporting` is missing a `pyproject.toml` (matches: `modules/*`)
error: Workspace member `/Users/albertoruizcajiga/python/sis_international/modules/reporting` is missing a `pyproject.toml` (matches: `modules/*`)
error: Workspace member `/Users/albertoruizcajiga/python/sis_international/modules/reporting` is missing a `pyproject.toml` (matches: `modules/*`)
error: Workspace member `/Users/albertoruizcajiga/python/sis_international/modules/reporting` is missing a `pyproject.toml` (matches: `modules/*`)
error: Workspace member `/Users/albertoruizcajiga/python/sis_international/modules/reporting` is missing a `pyproject.toml` (matches: `modules/*`)
error: Workspace member `/Users/albertoruizcajiga/python/sis_international/modules/reporting` is missing a `pyproject.toml` (matches: `modules/*`)
error: Workspace member `/Users/albertoruizcajiga/python/sis_international/modules/reporting` is missing a `pyproject.toml` (matches: `modules/*`)
error: Workspace member `/Users/albertoruizcajiga/python/sis_international/modules/reporting` is missing a `pyproject.toml` (matches: `modules/*`)
error: Workspace member `/Users/albertoruizcajiga/python/sis_international/modules/reporting` is missing a `pyproject.toml` (matches: `modules/*`)
error: Workspace member `/Users/albertoruizcajiga/python/sis_international/modules/reporting` is missing a `pyproject.toml` (matches: `modules/*`)
error: Workspace member `/Users/albertoruizcajiga/python/sis_international/modules/reporting` is missing a `pyproject.toml` (matches: `modules/*`)
error: Workspace member `/Users/albertoruizcajiga/python/sis_international/modules/reporting` is missing a `pyproject.toml` (matches: `modules/*`)
INFO: 2026-03-11 15:00:39,463 - STARTING LOOP
DEBUG: 2026-03-11 15:00:39,646 - Starting new HTTPS connection (1): bulkapi.millionverifier.com:443
DEBUG: 2026-03-11 15:00:40,187 - https://bulkapi.millionverifier.com:443 "GET /bulkapi/v2/fileinfo?key=***REMOVED***&file_id=30367215 HTTP/1.1" 200 None
DEBUG: 2026-03-11 15:00:40,195 - Starting new HTTPS connection (1): bulkapi.millionverifier.com:443
DEBUG: 2026-03-11 15:00:40,701 - https://bulkapi.millionverifier.com:443 "GET /bulkapi/v2/fileinfo?key=***REMOVED***&file_id=30367929 HTTP/1.1" 200 None
DEBUG: 2026-03-11 15:00:40,711 - Starting new HTTPS connection (1): bulkapi.millionverifier.com:443
DEBUG: 2026-03-11 15:00:41,217 - https://bulkapi.millionverifier.com:443 "GET /bulkapi/v2/fileinfo?key=***REMOVED***&file_id=30368294 HTTP/1.1" 200 None
DEBUG: 2026-03-11 15:00:41,227 - Starting new HTTPS connection (1): bulkapi.millionverifier.com:443
DEBUG: 2026-03-11 15:00:41,733 - https://bulkapi.millionverifier.com:443 "GET /bulkapi/v2/fileinfo?key=***REMOVED***&file_id=30368730 HTTP/1.1" 200 None
INFO: 2026-03-11 15:00:41,736 - FINISHED LOOP

INFO: 2026-03-11 15:10:07,191 - STARTING LOOP
DEBUG: 2026-03-11 15:10:07,252 - Starting new HTTPS connection (1): bulkapi.millionverifier.com:443
DEBUG: 2026-03-11 15:10:07,853 - https://bulkapi.millionverifier.com:443 "GET /bulkapi/v2/fileinfo?key=***REMOVED***&file_id=30367215 HTTP/1.1" 200 None
DEBUG: 2026-03-11 15:10:07,865 - Starting new HTTPS connection (1): bulkapi.millionverifier.com:443
DEBUG: 2026-03-11 15:10:08,469 - https://bulkapi.millionverifier.com:443 "GET /bulkapi/v2/fileinfo?key=***REMOVED***&file_id=30367929 HTTP/1.1" 200 None
DEBUG: 2026-03-11 15:10:08,477 - Starting new HTTPS connection (1): bulkapi.millionverifier.com:443
DEBUG: 2026-03-11 15:10:08,980 - https://bulkapi.millionverifier.com:443 "GET /bulkapi/v2/fileinfo?key=***REMOVED***&file_id=30368294 HTTP/1.1" 200 None
DEBUG: 2026-03-11 15:10:08,989 - Starting new HTTPS connection (1): bulkapi.millionverifier.com:443
DEBUG: 2026-03-11 15:10:09,593 - https://bulkapi.millionverifier.com:443 "GET /bulkapi/v2/fileinfo?key=***REMOVED***&file_id=30368730 HTTP/1.1" 200 None
INFO: 2026-03-11 15:10:09,596 - FINISHED LOOP

INFO: 2026-03-11 15:20:08,426 - STARTING LOOP
DEBUG: 2026-03-11 15:20:08,495 - Starting new HTTPS connection (1): bulkapi.millionverifier.com:443
DEBUG: 2026-03-11 15:20:08,848 - https://bulkapi.millionverifier.com:443 "GET /bulkapi/v2/fileinfo?key=***REMOVED***&file_id=30367215 HTTP/1.1" 200 None
DEBUG: 2026-03-11 15:20:08,858 - Starting new HTTPS connection (1): bulkapi.millionverifier.com:443
DEBUG: 2026-03-11 15:20:09,450 - https://bulkapi.millionverifier.com:443 "GET /bulkapi/v2/fileinfo?key=***REMOVED***&file_id=30367929 HTTP/1.1" 200 None
DEBUG: 2026-03-11 15:20:09,459 - Starting new HTTPS connection (1): bulkapi.millionverifier.com:443
DEBUG: 2026-03-11 15:20:10,065 - https://bulkapi.millionverifier.com:443 "GET /bulkapi/v2/fileinfo?key=***REMOVED***&file_id=30368294 HTTP/1.1" 200 None
DEBUG: 2026-03-11 15:20:10,072 - Starting new HTTPS connection (1): bulkapi.millionverifier.com:443
DEBUG: 2026-03-11 15:20:10,570 - https://bulkapi.millionverifier.com:443 "GET /bulkapi/v2/fileinfo?key=***REMOVED***&file_id=30368730 HTTP/1.1" 200 None
INFO: 2026-03-11 15:20:10,573 - FINISHED LOOP

INFO: 2026-03-11 15:30:06,795 - STARTING LOOP
DEBUG: 2026-03-11 15:30:06,859 - Starting new HTTPS connection (1): bulkapi.millionverifier.com:443
DEBUG: 2026-03-11 15:30:07,463 - https://bulkapi.millionverifier.com:443 "GET /bulkapi/v2/fileinfo?key=***REMOVED***&file_id=30367215 HTTP/1.1" 200 None
DEBUG: 2026-03-11 15:30:07,470 - Starting new HTTPS connection (1): bulkapi.millionverifier.com:443
DEBUG: 2026-03-11 15:30:08,077 - https://bulkapi.millionverifier.com:443 "GET /bulkapi/v2/fileinfo?key=***REMOVED***&file_id=30367929 HTTP/1.1" 200 None
DEBUG: 2026-03-11 15:30:08,083 - Starting new HTTPS connection (1): bulkapi.millionverifier.com:443
DEBUG: 2026-03-11 15:30:08,426 - https://bulkapi.millionverifier.com:443 "GET /bulkapi/v2/fileinfo?key=***REMOVED***&file_id=30368294 HTTP/1.1" 200 None
DEBUG: 2026-03-11 15:30:08,438 - Starting new HTTPS connection (1): bulkapi.millionverifier.com:443
DEBUG: 2026-03-11 15:30:08,960 - https://bulkapi.millionverifier.com:443 "GET /bulkapi/v2/fileinfo?key=***REMOVED***&file_id=30368730 HTTP/1.1" 200 None
INFO: 2026-03-11 15:30:08,964 - FINISHED LOOP

INFO: 2026-03-11 15:40:22,611 - STARTING LOOP
DEBUG: 2026-03-11 15:40:22,786 - Starting new HTTPS connection (1): bulkapi.millionverifier.com:443
DEBUG: 2026-03-11 15:40:23,419 - https://bulkapi.millionverifier.com:443 "GET /bulkapi/v2/fileinfo?key=***REMOVED***&file_id=30367215 HTTP/1.1" 200 None
DEBUG: 2026-03-11 15:40:23,462 - Starting new HTTPS connection (1): bulkapi.millionverifier.com:443
DEBUG: 2026-03-11 15:40:24,053 - https://bulkapi.millionverifier.com:443 "GET /bulkapi/v2/fileinfo?key=***REMOVED***&file_id=30367929 HTTP/1.1" 200 None
DEBUG: 2026-03-11 15:40:24,063 - Starting new HTTPS connection (1): bulkapi.millionverifier.com:443
DEBUG: 2026-03-11 15:40:24,425 - https://bulkapi.millionverifier.com:443 "GET /bulkapi/v2/fileinfo?key=***REMOVED***&file_id=30368294 HTTP/1.1" 200 None
DEBUG: 2026-03-11 15:40:24,431 - Starting new HTTPS connection (1): bulkapi.millionverifier.com:443
DEBUG: 2026-03-11 15:40:24,900 - https://bulkapi.millionverifier.com:443 "GET /bulkapi/v2/fileinfo?key=***REMOVED***&file_id=30368730 HTTP/1.1" 200 None
INFO: 2026-03-11 15:40:24,902 - FINISHED LOOP

INFO: 2026-03-11 15:50:07,744 - STARTING LOOP
DEBUG: 2026-03-11 15:50:07,805 - Starting new HTTPS connection (1): bulkapi.millionverifier.com:443
DEBUG: 2026-03-11 15:50:08,409 - https://bulkapi.millionverifier.com:443 "GET /bulkapi/v2/fileinfo?key=***REMOVED***&file_id=30367215 HTTP/1.1" 200 None
DEBUG: 2026-03-11 15:50:08,420 - Starting new HTTPS connection (1): bulkapi.millionverifier.com:443
DEBUG: 2026-03-11 15:50:08,918 - https://bulkapi.millionverifier.com:443 "GET /bulkapi/v2/fileinfo?key=***REMOVED***&file_id=30367929 HTTP/1.1" 200 None
DEBUG: 2026-03-11 15:50:08,928 - Starting new HTTPS connection (1): bulkapi.millionverifier.com:443
DEBUG: 2026-03-11 15:50:09,424 - https://bulkapi.millionverifier.com:443 "GET /bulkapi/v2/fileinfo?key=***REMOVED***&file_id=30368294 HTTP/1.1" 200 None
DEBUG: 2026-03-11 15:50:09,435 - Starting new HTTPS connection (1): bulkapi.millionverifier.com:443
DEBUG: 2026-03-11 15:50:09,931 - https://bulkapi.millionverifier.com:443 "GET /bulkapi/v2/fileinfo?key=***REMOVED***&file_id=30368730 HTTP/1.1" 200 None
INFO: 2026-03-11 15:50:09,935 - FINISHED LOOP

INFO: 2026-03-11 16:00:06,485 - STARTING LOOP
DEBUG: 2026-03-11 16:00:06,534 - Starting new HTTPS connection (1): bulkapi.millionverifier.com:443
DEBUG: 2026-03-11 16:00:07,138 - https://bulkapi.millionverifier.com:443 "GET /bulkapi/v2/fileinfo?key=***REMOVED***&file_id=30367215 HTTP/1.1" 200 None
DEBUG: 2026-03-11 16:00:07,147 - Starting new HTTPS connection (1): bulkapi.millionverifier.com:443
DEBUG: 2026-03-11 16:00:08,700 - https://bulkapi.millionverifier.com:443 "GET /bulkapi/v2/fileinfo?key=***REMOVED***&file_id=30367929 HTTP/1.1" 200 None
DEBUG: 2026-03-11 16:00:08,708 - Starting new HTTPS connection (1): bulkapi.millionverifier.com:443
DEBUG: 2026-03-11 16:00:09,290 - https://bulkapi.millionverifier.com:443 "GET /bulkapi/v2/fileinfo?key=***REMOVED***&file_id=30368294 HTTP/1.1" 200 None
DEBUG: 2026-03-11 16:00:09,297 - Starting new HTTPS connection (1): bulkapi.millionverifier.com:443
DEBUG: 2026-03-11 16:00:09,905 - https://bulkapi.millionverifier.com:443 "GET /bulkapi/v2/fileinfo?key=***REMOVED***&file_id=30368730 HTTP/1.1" 200 None
INFO: 2026-03-11 16:00:09,908 - FINISHED LOOP

INFO: 2026-03-11 16:10:06,715 - STARTING LOOP
DEBUG: 2026-03-11 16:10:06,862 - Starting new HTTPS connection (1): bulkapi.millionverifier.com:443
DEBUG: 2026-03-11 16:10:07,390 - https://bulkapi.millionverifier.com:443 "GET /bulkapi/v2/fileinfo?key=***REMOVED***&file_id=30367215 HTTP/1.1" 200 None
DEBUG: 2026-03-11 16:10:07,400 - Starting new HTTPS connection (1): bulkapi.millionverifier.com:443
DEBUG: 2026-03-11 16:10:07,890 - https://bulkapi.millionverifier.com:443 "GET /bulkapi/v2/fileinfo?key=***REMOVED***&file_id=30367929 HTTP/1.1" 200 None
DEBUG: 2026-03-11 16:10:07,899 - Starting new HTTPS connection (1): bulkapi.millionverifier.com:443
DEBUG: 2026-03-11 16:10:08,391 - https://bulkapi.millionverifier.com:443 "GET /bulkapi/v2/fileinfo?key=***REMOVED***&file_id=30368294 HTTP/1.1" 200 None
DEBUG: 2026-03-11 16:10:08,419 - Starting new HTTPS connection (1): bulkapi.millionverifier.com:443
DEBUG: 2026-03-11 16:10:08,754 - https://bulkapi.millionverifier.com:443 "GET /bulkapi/v2/fileinfo?key=***REMOVED***&file_id=30368730 HTTP/1.1" 200 None
INFO: 2026-03-11 16:10:08,759 - FINISHED LOOP

INFO: 2026-03-11 16:20:06,461 - STARTING LOOP
DEBUG: 2026-03-11 16:20:06,519 - Starting new HTTPS connection (1): bulkapi.millionverifier.com:443
DEBUG: 2026-03-11 16:20:07,066 - https://bulkapi.millionverifier.com:443 "GET /bulkapi/v2/fileinfo?key=***REMOVED***&file_id=30367215 HTTP/1.1" 200 None
DEBUG: 2026-03-11 16:20:07,077 - Starting new HTTPS connection (1): bulkapi.millionverifier.com:443
DEBUG: 2026-03-11 16:20:07,679 - https://bulkapi.millionverifier.com:443 "GET /bulkapi/v2/fileinfo?key=***REMOVED***&file_id=30367929 HTTP/1.1" 200 None
DEBUG: 2026-03-11 16:20:07,687 - Starting new HTTPS connection (1): bulkapi.millionverifier.com:443
DEBUG: 2026-03-11 16:20:08,192 - https://bulkapi.millionverifier.com:443 "GET /bulkapi/v2/fileinfo?key=***REMOVED***&file_id=30368294 HTTP/1.1" 200 None
DEBUG: 2026-03-11 16:20:08,203 - Starting new HTTPS connection (1): bulkapi.millionverifier.com:443
DEBUG: 2026-03-11 16:20:08,781 - https://bulkapi.millionverifier.com:443 "GET /bulkapi/v2/fileinfo?key=***REMOVED***&file_id=30368730 HTTP/1.1" 200 None
INFO: 2026-03-11 16:20:08,785 - FINISHED LOOP

INFO: 2026-03-11 16:30:07,911 - STARTING LOOP
DEBUG: 2026-03-11 16:30:07,969 - Starting new HTTPS connection (1): bulkapi.millionverifier.com:443
DEBUG: 2026-03-11 16:30:08,481 - https://bulkapi.millionverifier.com:443 "GET /bulkapi/v2/fileinfo?key=***REMOVED***&file_id=30367215 HTTP/1.1" 200 None
DEBUG: 2026-03-11 16:30:08,492 - Starting new HTTPS connection (1): bulkapi.millionverifier.com:443
DEBUG: 2026-03-11 16:30:09,002 - https://bulkapi.millionverifier.com:443 "GET /bulkapi/v2/fileinfo?key=***REMOVED***&file_id=30367929 HTTP/1.1" 200 None
DEBUG: 2026-03-11 16:30:09,013 - Starting new HTTPS connection (1): bulkapi.millionverifier.com:443
DEBUG: 2026-03-11 16:30:09,511 - https://bulkapi.millionverifier.com:443 "GET /bulkapi/v2/fileinfo?key=***REMOVED***&file_id=30368294 HTTP/1.1" 200 None
DEBUG: 2026-03-11 16:30:09,520 - Starting new HTTPS connection (1): bulkapi.millionverifier.com:443
DEBUG: 2026-03-11 16:30:09,861 - https://bulkapi.millionverifier.com:443 "GET /bulkapi/v2/fileinfo?key=***REMOVED***&file_id=30368730 HTTP/1.1" 200 None
INFO: 2026-03-11 16:30:09,865 - FINISHED LOOP

INFO: 2026-03-11 16:40:08,536 - STARTING LOOP
DEBUG: 2026-03-11 16:40:08,612 - Starting new HTTPS connection (1): bulkapi.millionverifier.com:443
DEBUG: 2026-03-11 16:40:09,246 - https://bulkapi.millionverifier.com:443 "GET /bulkapi/v2/fileinfo?key=***REMOVED***&file_id=30367215 HTTP/1.1" 200 None
DEBUG: 2026-03-11 16:40:09,252 - Starting new HTTPS connection (1): bulkapi.millionverifier.com:443
DEBUG: 2026-03-11 16:40:09,753 - https://bulkapi.millionverifier.com:443 "GET /bulkapi/v2/fileinfo?key=***REMOVED***&file_id=30367929 HTTP/1.1" 200 None
DEBUG: 2026-03-11 16:40:09,761 - Starting new HTTPS connection (1): bulkapi.millionverifier.com:443
DEBUG: 2026-03-11 16:40:10,366 - https://bulkapi.millionverifier.com:443 "GET /bulkapi/v2/fileinfo?key=***REMOVED***&file_id=30368294 HTTP/1.1" 200 None
DEBUG: 2026-03-11 16:40:10,375 - Starting new HTTPS connection (1): bulkapi.millionverifier.com:443
DEBUG: 2026-03-11 16:40:10,707 - https://bulkapi.millionverifier.com:443 "GET /bulkapi/v2/fileinfo?key=***REMOVED***&file_id=30368730 HTTP/1.1" 200 None
INFO: 2026-03-11 16:40:10,710 - FINISHED LOOP

INFO: 2026-03-11 16:50:07,448 - STARTING LOOP
DEBUG: 2026-03-11 16:50:07,610 - Starting new HTTPS connection (1): bulkapi.millionverifier.com:443
DEBUG: 2026-03-11 16:50:08,124 - https://bulkapi.millionverifier.com:443 "GET /bulkapi/v2/fileinfo?key=***REMOVED***&file_id=30367215 HTTP/1.1" 200 None
DEBUG: 2026-03-11 16:50:08,134 - Starting new HTTPS connection (1): bulkapi.millionverifier.com:443
DEBUG: 2026-03-11 16:50:08,691 - https://bulkapi.millionverifier.com:443 "GET /bulkapi/v2/fileinfo?key=***REMOVED***&file_id=30367929 HTTP/1.1" 200 None
DEBUG: 2026-03-11 16:50:08,703 - Starting new HTTPS connection (1): bulkapi.millionverifier.com:443
DEBUG: 2026-03-11 16:50:09,303 - https://bulkapi.millionverifier.com:443 "GET /bulkapi/v2/fileinfo?key=***REMOVED***&file_id=30368294 HTTP/1.1" 200 None
DEBUG: 2026-03-11 16:50:09,315 - Starting new HTTPS connection (1): bulkapi.millionverifier.com:443
DEBUG: 2026-03-11 16:50:09,658 - https://bulkapi.millionverifier.com:443 "GET /bulkapi/v2/fileinfo?key=***REMOVED***&file_id=30368730 HTTP/1.1" 200 None
INFO: 2026-03-11 16:50:09,664 - FINISHED LOOP

INFO: 2026-03-11 17:00:08,208 - STARTING LOOP
DEBUG: 2026-03-11 17:00:08,318 - Starting new HTTPS connection (1): bulkapi.millionverifier.com:443
DEBUG: 2026-03-11 17:00:09,060 - https://bulkapi.millionverifier.com:443 "GET /bulkapi/v2/fileinfo?key=***REMOVED***&file_id=30367215 HTTP/1.1" 200 None
DEBUG: 2026-03-11 17:00:09,072 - Starting new HTTPS connection (1): bulkapi.millionverifier.com:443
DEBUG: 2026-03-11 17:00:09,425 - https://bulkapi.millionverifier.com:443 "GET /bulkapi/v2/fileinfo?key=***REMOVED***&file_id=30367929 HTTP/1.1" 200 None
DEBUG: 2026-03-11 17:00:09,437 - Starting new HTTPS connection (1): bulkapi.millionverifier.com:443
DEBUG: 2026-03-11 17:00:09,957 - https://bulkapi.millionverifier.com:443 "GET /bulkapi/v2/fileinfo?key=***REMOVED***&file_id=30368294 HTTP/1.1" 200 None
DEBUG: 2026-03-11 17:00:09,969 - Starting new HTTPS connection (1): bulkapi.millionverifier.com:443
DEBUG: 2026-03-11 17:00:10,469 - https://bulkapi.millionverifier.com:443 "GET /bulkapi/v2/fileinfo?key=***REMOVED***&file_id=30368730 HTTP/1.1" 200 None
INFO: 2026-03-11 17:00:10,473 - FINISHED LOOP

INFO: 2026-03-11 17:10:12,406 - STARTING LOOP
DEBUG: 2026-03-11 17:10:12,477 - Starting new HTTPS connection (1): bulkapi.millionverifier.com:443
DEBUG: 2026-03-11 17:10:13,097 - https://bulkapi.millionverifier.com:443 "GET /bulkapi/v2/fileinfo?key=***REMOVED***&file_id=30367215 HTTP/1.1" 200 None
DEBUG: 2026-03-11 17:10:13,108 - Starting new HTTPS connection (1): bulkapi.millionverifier.com:443
DEBUG: 2026-03-11 17:10:13,619 - https://bulkapi.millionverifier.com:443 "GET /bulkapi/v2/fileinfo?key=***REMOVED***&file_id=30367929 HTTP/1.1" 200 None
DEBUG: 2026-03-11 17:10:13,630 - Starting new HTTPS connection (1): bulkapi.millionverifier.com:443
DEBUG: 2026-03-11 17:10:14,146 - https://bulkapi.millionverifier.com:443 "GET /bulkapi/v2/fileinfo?key=***REMOVED***&file_id=30368294 HTTP/1.1" 200 None
DEBUG: 2026-03-11 17:10:14,158 - Starting new HTTPS connection (1): bulkapi.millionverifier.com:443
DEBUG: 2026-03-11 17:10:14,680 - https://bulkapi.millionverifier.com:443 "GET /bulkapi/v2/fileinfo?key=***REMOVED***&file_id=30368730 HTTP/1.1" 200 None
INFO: 2026-03-11 17:10:14,683 - FINISHED LOOP

INFO: 2026-03-11 17:20:06,299 - STARTING LOOP
DEBUG: 2026-03-11 17:20:06,361 - Starting new HTTPS connection (1): bulkapi.millionverifier.com:443
DEBUG: 2026-03-11 17:20:06,934 - https://bulkapi.millionverifier.com:443 "GET /bulkapi/v2/fileinfo?key=***REMOVED***&file_id=30367215 HTTP/1.1" 200 None
DEBUG: 2026-03-11 17:20:06,945 - Starting new HTTPS connection (1): bulkapi.millionverifier.com:443
DEBUG: 2026-03-11 17:20:07,546 - https://bulkapi.millionverifier.com:443 "GET /bulkapi/v2/fileinfo?key=***REMOVED***&file_id=30367929 HTTP/1.1" 200 None
DEBUG: 2026-03-11 17:20:07,558 - Starting new HTTPS connection (1): bulkapi.millionverifier.com:443
DEBUG: 2026-03-11 17:20:07,903 - https://bulkapi.millionverifier.com:443 "GET /bulkapi/v2/fileinfo?key=***REMOVED***&file_id=30368294 HTTP/1.1" 200 None
DEBUG: 2026-03-11 17:20:07,914 - Starting new HTTPS connection (1): bulkapi.millionverifier.com:443
DEBUG: 2026-03-11 17:20:08,257 - https://bulkapi.millionverifier.com:443 "GET /bulkapi/v2/fileinfo?key=***REMOVED***&file_id=30368730 HTTP/1.1" 200 None
INFO: 2026-03-11 17:20:08,261 - FINISHED LOOP

INFO: 2026-03-11 17:31:38,816 - STARTING LOOP
DEBUG: 2026-03-11 17:31:38,865 - Starting new HTTPS connection (1): bulkapi.millionverifier.com:443
DEBUG: 2026-03-11 17:31:39,463 - https://bulkapi.millionverifier.com:443 "GET /bulkapi/v2/fileinfo?key=***REMOVED***&file_id=30367215 HTTP/1.1" 200 None
DEBUG: 2026-03-11 17:31:39,475 - Starting new HTTPS connection (1): bulkapi.millionverifier.com:443
DEBUG: 2026-03-11 17:31:40,066 - https://bulkapi.millionverifier.com:443 "GET /bulkapi/v2/fileinfo?key=***REMOVED***&file_id=30367929 HTTP/1.1" 200 None
DEBUG: 2026-03-11 17:31:40,075 - Starting new HTTPS connection (1): bulkapi.millionverifier.com:443
DEBUG: 2026-03-11 17:31:40,691 - https://bulkapi.millionverifier.com:443 "GET /bulkapi/v2/fileinfo?key=***REMOVED***&file_id=30368294 HTTP/1.1" 200 None
DEBUG: 2026-03-11 17:31:40,702 - Starting new HTTPS connection (1): bulkapi.millionverifier.com:443
DEBUG: 2026-03-11 17:31:41,205 - https://bulkapi.millionverifier.com:443 "GET /bulkapi/v2/fileinfo?key=***REMOVED***&file_id=30368730 HTTP/1.1" 200 None
INFO: 2026-03-11 17:31:41,209 - FINISHED LOOP

INFO: 2026-03-11 17:40:07,291 - STARTING LOOP
DEBUG: 2026-03-11 17:40:07,351 - Starting new HTTPS connection (1): bulkapi.millionverifier.com:443
DEBUG: 2026-03-11 17:40:07,885 - https://bulkapi.millionverifier.com:443 "GET /bulkapi/v2/fileinfo?key=***REMOVED***&file_id=30367215 HTTP/1.1" 200 None
DEBUG: 2026-03-11 17:40:07,897 - Starting new HTTPS connection (1): bulkapi.millionverifier.com:443
DEBUG: 2026-03-11 17:40:08,429 - https://bulkapi.millionverifier.com:443 "GET /bulkapi/v2/fileinfo?key=***REMOVED***&file_id=30367929 HTTP/1.1" 200 None
DEBUG: 2026-03-11 17:40:08,441 - Starting new HTTPS connection (1): bulkapi.millionverifier.com:443
DEBUG: 2026-03-11 17:40:08,944 - https://bulkapi.millionverifier.com:443 "GET /bulkapi/v2/fileinfo?key=***REMOVED***&file_id=30368294 HTTP/1.1" 200 None
DEBUG: 2026-03-11 17:40:08,953 - Starting new HTTPS connection (1): bulkapi.millionverifier.com:443
DEBUG: 2026-03-11 17:40:09,454 - https://bulkapi.millionverifier.com:443 "GET /bulkapi/v2/fileinfo?key=***REMOVED***&file_id=30368730 HTTP/1.1" 200 None
INFO: 2026-03-11 17:40:09,459 - FINISHED LOOP

INFO: 2026-03-11 17:50:06,139 - STARTING LOOP
DEBUG: 2026-03-11 17:50:06,202 - Starting new HTTPS connection (1): bulkapi.millionverifier.com:443
DEBUG: 2026-03-11 17:50:06,713 - https://bulkapi.millionverifier.com:443 "GET /bulkapi/v2/fileinfo?key=***REMOVED***&file_id=30367215 HTTP/1.1" 200 None
DEBUG: 2026-03-11 17:50:06,724 - Starting new HTTPS connection (1): bulkapi.millionverifier.com:443
DEBUG: 2026-03-11 17:50:07,056 - https://bulkapi.millionverifier.com:443 "GET /bulkapi/v2/fileinfo?key=***REMOVED***&file_id=30367929 HTTP/1.1" 200 None
DEBUG: 2026-03-11 17:50:07,068 - Starting new HTTPS connection (1): bulkapi.millionverifier.com:443
DEBUG: 2026-03-11 17:50:07,634 - https://bulkapi.millionverifier.com:443 "GET /bulkapi/v2/fileinfo?key=***REMOVED***&file_id=30368294 HTTP/1.1" 200 None
DEBUG: 2026-03-11 17:50:07,646 - Starting new HTTPS connection (1): bulkapi.millionverifier.com:443
DEBUG: 2026-03-11 17:50:07,977 - https://bulkapi.millionverifier.com:443 "GET /bulkapi/v2/fileinfo?key=***REMOVED***&file_id=30368730 HTTP/1.1" 200 None
INFO: 2026-03-11 17:50:07,982 - FINISHED LOOP

INFO: 2026-03-11 18:00:08,942 - STARTING LOOP
DEBUG: 2026-03-11 18:00:08,998 - Starting new HTTPS connection (1): bulkapi.millionverifier.com:443
DEBUG: 2026-03-11 18:00:09,540 - https://bulkapi.millionverifier.com:443 "GET /bulkapi/v2/fileinfo?key=***REMOVED***&file_id=30367215 HTTP/1.1" 200 None
DEBUG: 2026-03-11 18:00:09,547 - Starting new HTTPS connection (1): bulkapi.millionverifier.com:443
DEBUG: 2026-03-11 18:00:10,154 - https://bulkapi.millionverifier.com:443 "GET /bulkapi/v2/fileinfo?key=***REMOVED***&file_id=30367929 HTTP/1.1" 200 None
DEBUG: 2026-03-11 18:00:10,162 - Starting new HTTPS connection (1): bulkapi.millionverifier.com:443
DEBUG: 2026-03-11 18:00:10,667 - https://bulkapi.millionverifier.com:443 "GET /bulkapi/v2/fileinfo?key=***REMOVED***&file_id=30368294 HTTP/1.1" 200 None
DEBUG: 2026-03-11 18:00:10,671 - Starting new HTTPS connection (1): bulkapi.millionverifier.com:443
DEBUG: 2026-03-11 18:00:11,162 - https://bulkapi.millionverifier.com:443 "GET /bulkapi/v2/fileinfo?key=***REMOVED***&file_id=30368730 HTTP/1.1" 200 None
INFO: 2026-03-11 18:00:11,164 - FINISHED LOOP

INFO: 2026-03-11 18:10:11,710 - STARTING LOOP
DEBUG: 2026-03-11 18:10:11,774 - Starting new HTTPS connection (1): bulkapi.millionverifier.com:443
DEBUG: 2026-03-11 18:10:12,395 - https://bulkapi.millionverifier.com:443 "GET /bulkapi/v2/fileinfo?key=***REMOVED***&file_id=30367215 HTTP/1.1" 200 None
DEBUG: 2026-03-11 18:10:12,409 - Starting new HTTPS connection (1): bulkapi.millionverifier.com:443
DEBUG: 2026-03-11 18:10:12,938 - https://bulkapi.millionverifier.com:443 "GET /bulkapi/v2/fileinfo?key=***REMOVED***&file_id=30367929 HTTP/1.1" 200 None
DEBUG: 2026-03-11 18:10:12,957 - Starting new HTTPS connection (1): bulkapi.millionverifier.com:443
DEBUG: 2026-03-11 18:10:13,309 - https://bulkapi.millionverifier.com:443 "GET /bulkapi/v2/fileinfo?key=***REMOVED***&file_id=30368294 HTTP/1.1" 200 None
DEBUG: 2026-03-11 18:10:13,316 - Starting new HTTPS connection (1): bulkapi.millionverifier.com:443
DEBUG: 2026-03-11 18:10:13,833 - https://bulkapi.millionverifier.com:443 "GET /bulkapi/v2/fileinfo?key=***REMOVED***&file_id=30368730 HTTP/1.1" 200 None
INFO: 2026-03-11 18:10:13,835 - FINISHED LOOP

INFO: 2026-03-11 18:20:08,244 - STARTING LOOP
DEBUG: 2026-03-11 18:20:08,314 - Starting new HTTPS connection (1): bulkapi.millionverifier.com:443
DEBUG: 2026-03-11 18:20:08,828 - https://bulkapi.millionverifier.com:443 "GET /bulkapi/v2/fileinfo?key=***REMOVED***&file_id=30367215 HTTP/1.1" 200 None
DEBUG: 2026-03-11 18:20:08,837 - Starting new HTTPS connection (1): bulkapi.millionverifier.com:443
DEBUG: 2026-03-11 18:20:09,353 - https://bulkapi.millionverifier.com:443 "GET /bulkapi/v2/fileinfo?key=***REMOVED***&file_id=30367929 HTTP/1.1" 200 None
DEBUG: 2026-03-11 18:20:09,361 - Starting new HTTPS connection (1): bulkapi.millionverifier.com:443
DEBUG: 2026-03-11 18:20:09,870 - https://bulkapi.millionverifier.com:443 "GET /bulkapi/v2/fileinfo?key=***REMOVED***&file_id=30368294 HTTP/1.1" 200 None
DEBUG: 2026-03-11 18:20:09,879 - Starting new HTTPS connection (1): bulkapi.millionverifier.com:443
DEBUG: 2026-03-11 18:20:10,389 - https://bulkapi.millionverifier.com:443 "GET /bulkapi/v2/fileinfo?key=***REMOVED***&file_id=30368730 HTTP/1.1" 200 None
INFO: 2026-03-11 18:20:10,392 - FINISHED LOOP

INFO: 2026-03-11 18:30:07,758 - STARTING LOOP
DEBUG: 2026-03-11 18:30:07,817 - Starting new HTTPS connection (1): bulkapi.millionverifier.com:443
DEBUG: 2026-03-11 18:30:08,398 - https://bulkapi.millionverifier.com:443 "GET /bulkapi/v2/fileinfo?key=***REMOVED***&file_id=30367215 HTTP/1.1" 200 None
DEBUG: 2026-03-11 18:30:08,403 - Starting new HTTPS connection (1): bulkapi.millionverifier.com:443
DEBUG: 2026-03-11 18:30:08,887 - https://bulkapi.millionverifier.com:443 "GET /bulkapi/v2/fileinfo?key=***REMOVED***&file_id=30367929 HTTP/1.1" 200 None
DEBUG: 2026-03-11 18:30:08,892 - Starting new HTTPS connection (1): bulkapi.millionverifier.com:443
DEBUG: 2026-03-11 18:30:09,396 - https://bulkapi.millionverifier.com:443 "GET /bulkapi/v2/fileinfo?key=***REMOVED***&file_id=30368294 HTTP/1.1" 200 None
DEBUG: 2026-03-11 18:30:09,401 - Starting new HTTPS connection (1): bulkapi.millionverifier.com:443
DEBUG: 2026-03-11 18:30:09,895 - https://bulkapi.millionverifier.com:443 "GET /bulkapi/v2/fileinfo?key=***REMOVED***&file_id=30368730 HTTP/1.1" 200 None
INFO: 2026-03-11 18:30:09,897 - FINISHED LOOP

INFO: 2026-03-11 18:40:07,304 - STARTING LOOP
DEBUG: 2026-03-11 18:40:07,367 - Starting new HTTPS connection (1): bulkapi.millionverifier.com:443
DEBUG: 2026-03-11 18:40:07,947 - https://bulkapi.millionverifier.com:443 "GET /bulkapi/v2/fileinfo?key=***REMOVED***&file_id=30367215 HTTP/1.1" 200 None
DEBUG: 2026-03-11 18:40:07,956 - Starting new HTTPS connection (1): bulkapi.millionverifier.com:443
DEBUG: 2026-03-11 18:40:08,460 - https://bulkapi.millionverifier.com:443 "GET /bulkapi/v2/fileinfo?key=***REMOVED***&file_id=30367929 HTTP/1.1" 200 None
DEBUG: 2026-03-11 18:40:08,468 - Starting new HTTPS connection (1): bulkapi.millionverifier.com:443
DEBUG: 2026-03-11 18:40:08,993 - https://bulkapi.millionverifier.com:443 "GET /bulkapi/v2/fileinfo?key=***REMOVED***&file_id=30368294 HTTP/1.1" 200 None
DEBUG: 2026-03-11 18:40:09,000 - Starting new HTTPS connection (1): bulkapi.millionverifier.com:443
DEBUG: 2026-03-11 18:40:09,507 - https://bulkapi.millionverifier.com:443 "GET /bulkapi/v2/fileinfo?key=***REMOVED***&file_id=30368730 HTTP/1.1" 200 None
INFO: 2026-03-11 18:40:09,509 - FINISHED LOOP

INFO: 2026-03-11 18:50:05,797 - STARTING LOOP
DEBUG: 2026-03-11 18:50:05,864 - Starting new HTTPS connection (1): bulkapi.millionverifier.com:443
DEBUG: 2026-03-11 18:50:06,372 - https://bulkapi.millionverifier.com:443 "GET /bulkapi/v2/fileinfo?key=***REMOVED***&file_id=30367215 HTTP/1.1" 200 None
DEBUG: 2026-03-11 18:50:06,377 - Starting new HTTPS connection (1): bulkapi.millionverifier.com:443
DEBUG: 2026-03-11 18:50:06,986 - https://bulkapi.millionverifier.com:443 "GET /bulkapi/v2/fileinfo?key=***REMOVED***&file_id=30367929 HTTP/1.1" 200 None
DEBUG: 2026-03-11 18:50:06,991 - Starting new HTTPS connection (1): bulkapi.millionverifier.com:443
DEBUG: 2026-03-11 18:50:07,500 - https://bulkapi.millionverifier.com:443 "GET /bulkapi/v2/fileinfo?key=***REMOVED***&file_id=30368294 HTTP/1.1" 200 None
DEBUG: 2026-03-11 18:50:07,505 - Starting new HTTPS connection (1): bulkapi.millionverifier.com:443
DEBUG: 2026-03-11 18:50:07,843 - https://bulkapi.millionverifier.com:443 "GET /bulkapi/v2/fileinfo?key=***REMOVED***&file_id=30368730 HTTP/1.1" 200 None
INFO: 2026-03-11 18:50:07,845 - FINISHED LOOP

INFO: 2026-03-11 19:00:06,240 - STARTING LOOP
DEBUG: 2026-03-11 19:00:06,293 - Starting new HTTPS connection (1): bulkapi.millionverifier.com:443
DEBUG: 2026-03-11 19:00:06,844 - https://bulkapi.millionverifier.com:443 "GET /bulkapi/v2/fileinfo?key=***REMOVED***&file_id=30367215 HTTP/1.1" 200 None
DEBUG: 2026-03-11 19:00:06,850 - Starting new HTTPS connection (1): bulkapi.millionverifier.com:443
DEBUG: 2026-03-11 19:00:08,379 - https://bulkapi.millionverifier.com:443 "GET /bulkapi/v2/fileinfo?key=***REMOVED***&file_id=30367929 HTTP/1.1" 200 None
DEBUG: 2026-03-11 19:00:08,384 - Starting new HTTPS connection (1): bulkapi.millionverifier.com:443
DEBUG: 2026-03-11 19:00:08,722 - https://bulkapi.millionverifier.com:443 "GET /bulkapi/v2/fileinfo?key=***REMOVED***&file_id=30368294 HTTP/1.1" 200 None
DEBUG: 2026-03-11 19:00:08,727 - Starting new HTTPS connection (1): bulkapi.millionverifier.com:443
DEBUG: 2026-03-11 19:00:09,302 - https://bulkapi.millionverifier.com:443 "GET /bulkapi/v2/fileinfo?key=***REMOVED***&file_id=30368730 HTTP/1.1" 200 None
INFO: 2026-03-11 19:00:09,304 - FINISHED LOOP

INFO: 2026-03-11 19:10:07,570 - STARTING LOOP
DEBUG: 2026-03-11 19:10:07,632 - Starting new HTTPS connection (1): bulkapi.millionverifier.com:443
DEBUG: 2026-03-11 19:10:08,252 - https://bulkapi.millionverifier.com:443 "GET /bulkapi/v2/fileinfo?key=***REMOVED***&file_id=30367215 HTTP/1.1" 200 None
DEBUG: 2026-03-11 19:10:08,466 - Starting new HTTPS connection (1): bulkapi.millionverifier.com:443
DEBUG: 2026-03-11 19:10:08,963 - https://bulkapi.millionverifier.com:443 "GET /bulkapi/v2/fileinfo?key=***REMOVED***&file_id=30367929 HTTP/1.1" 200 None
DEBUG: 2026-03-11 19:10:08,969 - Starting new HTTPS connection (1): bulkapi.millionverifier.com:443
DEBUG: 2026-03-11 19:10:09,483 - https://bulkapi.millionverifier.com:443 "GET /bulkapi/v2/fileinfo?key=***REMOVED***&file_id=30368294 HTTP/1.1" 200 None
DEBUG: 2026-03-11 19:10:09,494 - Starting new HTTPS connection (1): bulkapi.millionverifier.com:443
DEBUG: 2026-03-11 19:10:10,032 - https://bulkapi.millionverifier.com:443 "GET /bulkapi/v2/fileinfo?key=***REMOVED***&file_id=30368730 HTTP/1.1" 200 None
INFO: 2026-03-11 19:10:10,034 - FINISHED LOOP

INFO: 2026-03-11 19:43:42,043 - STARTING LOOP
DEBUG: 2026-03-11 19:43:42,115 - Starting new HTTPS connection (1): bulkapi.millionverifier.com:443
DEBUG: 2026-03-11 19:43:42,996 - https://bulkapi.millionverifier.com:443 "GET /bulkapi/v2/fileinfo?key=***REMOVED***&file_id=30367215 HTTP/1.1" 200 None
DEBUG: 2026-03-11 19:43:43,008 - Starting new HTTPS connection (1): bulkapi.millionverifier.com:443
DEBUG: 2026-03-11 19:43:43,796 - https://bulkapi.millionverifier.com:443 "GET /bulkapi/v2/fileinfo?key=***REMOVED***&file_id=30367929 HTTP/1.1" 200 None
DEBUG: 2026-03-11 19:43:43,807 - Starting new HTTPS connection (1): bulkapi.millionverifier.com:443
DEBUG: 2026-03-11 19:43:44,602 - https://bulkapi.millionverifier.com:443 "GET /bulkapi/v2/fileinfo?key=***REMOVED***&file_id=30368294 HTTP/1.1" 200 None
DEBUG: 2026-03-11 19:43:44,612 - Starting new HTTPS connection (1): bulkapi.millionverifier.com:443
DEBUG: 2026-03-11 19:43:45,595 - https://bulkapi.millionverifier.com:443 "GET /bulkapi/v2/fileinfo?key=***REMOVED***&file_id=30368730 HTTP/1.1" 200 None
INFO: 2026-03-11 19:43:45,599 - FINISHED LOOP

INFO: 2026-03-11 21:05:07,861 - STARTING LOOP
DEBUG: 2026-03-11 21:05:08,005 - Starting new HTTPS connection (1): bulkapi.millionverifier.com:443
DEBUG: 2026-03-11 21:05:08,576 - https://bulkapi.millionverifier.com:443 "GET /bulkapi/v2/fileinfo?key=***REMOVED***&file_id=30367215 HTTP/1.1" 200 None
DEBUG: 2026-03-11 21:05:08,587 - Starting new HTTPS connection (1): bulkapi.millionverifier.com:443
DEBUG: 2026-03-11 21:05:08,934 - https://bulkapi.millionverifier.com:443 "GET /bulkapi/v2/fileinfo?key=***REMOVED***&file_id=30367929 HTTP/1.1" 200 None
DEBUG: 2026-03-11 21:05:08,945 - Starting new HTTPS connection (1): bulkapi.millionverifier.com:443
DEBUG: 2026-03-11 21:05:09,298 - https://bulkapi.millionverifier.com:443 "GET /bulkapi/v2/fileinfo?key=***REMOVED***&file_id=30368294 HTTP/1.1" 200 None
DEBUG: 2026-03-11 21:05:09,310 - Starting new HTTPS connection (1): bulkapi.millionverifier.com:443
DEBUG: 2026-03-11 21:05:09,819 - https://bulkapi.millionverifier.com:443 "GET /bulkapi/v2/fileinfo?key=***REMOVED***&file_id=30368730 HTTP/1.1" 200 None
INFO: 2026-03-11 21:05:09,823 - FINISHED LOOP

INFO: 2026-03-11 21:15:30,860 - STARTING LOOP
DEBUG: 2026-03-11 21:15:30,935 - Starting new HTTPS connection (1): bulkapi.millionverifier.com:443
DEBUG: 2026-03-11 21:15:31,433 - https://bulkapi.millionverifier.com:443 "GET /bulkapi/v2/fileinfo?key=***REMOVED***&file_id=30367215 HTTP/1.1" 200 None
DEBUG: 2026-03-11 21:15:31,444 - Starting new HTTPS connection (1): bulkapi.millionverifier.com:443
DEBUG: 2026-03-11 21:15:32,063 - https://bulkapi.millionverifier.com:443 "GET /bulkapi/v2/fileinfo?key=***REMOVED***&file_id=30367929 HTTP/1.1" 200 None
DEBUG: 2026-03-11 21:15:32,074 - Starting new HTTPS connection (1): bulkapi.millionverifier.com:443
DEBUG: 2026-03-11 21:15:32,791 - https://bulkapi.millionverifier.com:443 "GET /bulkapi/v2/fileinfo?key=***REMOVED***&file_id=30368294 HTTP/1.1" 200 None
DEBUG: 2026-03-11 21:15:32,803 - Starting new HTTPS connection (1): bulkapi.millionverifier.com:443
DEBUG: 2026-03-11 21:15:33,439 - https://bulkapi.millionverifier.com:443 "GET /bulkapi/v2/fileinfo?key=***REMOVED***&file_id=30368730 HTTP/1.1" 200 None
INFO: 2026-03-11 21:15:33,442 - FINISHED LOOP

INFO: 2026-03-12 02:13:46,266 - STARTING LOOP
DEBUG: 2026-03-12 02:13:46,445 - Starting new HTTPS connection (1): bulkapi.millionverifier.com:443
DEBUG: 2026-03-12 02:13:46,887 - https://bulkapi.millionverifier.com:443 "GET /bulkapi/v2/fileinfo?key=***REMOVED***&file_id=30367215 HTTP/1.1" 200 None
DEBUG: 2026-03-12 02:13:46,898 - Starting new HTTPS connection (1): bulkapi.millionverifier.com:443
DEBUG: 2026-03-12 02:13:47,370 - https://bulkapi.millionverifier.com:443 "GET /bulkapi/v2/fileinfo?key=***REMOVED***&file_id=30367929 HTTP/1.1" 200 None
DEBUG: 2026-03-12 02:13:47,381 - Starting new HTTPS connection (1): bulkapi.millionverifier.com:443
DEBUG: 2026-03-12 02:13:47,670 - https://bulkapi.millionverifier.com:443 "GET /bulkapi/v2/fileinfo?key=***REMOVED***&file_id=30368294 HTTP/1.1" 200 None
DEBUG: 2026-03-12 02:13:47,681 - Starting new HTTPS connection (1): bulkapi.millionverifier.com:443
DEBUG: 2026-03-12 02:13:48,095 - https://bulkapi.millionverifier.com:443 "GET /bulkapi/v2/fileinfo?key=***REMOVED***&file_id=30368730 HTTP/1.1" 200 None
INFO: 2026-03-12 02:13:48,100 - FINISHED LOOP

INFO: 2026-03-12 04:10:08,127 - STARTING LOOP
DEBUG: 2026-03-12 04:10:08,191 - Starting new HTTPS connection (1): bulkapi.millionverifier.com:443
DEBUG: 2026-03-12 04:10:08,739 - https://bulkapi.millionverifier.com:443 "GET /bulkapi/v2/fileinfo?key=***REMOVED***&file_id=30367215 HTTP/1.1" 200 None
DEBUG: 2026-03-12 04:10:08,766 - Starting new HTTPS connection (1): bulkapi.millionverifier.com:443
DEBUG: 2026-03-12 04:10:09,569 - https://bulkapi.millionverifier.com:443 "GET /bulkapi/v2/fileinfo?key=***REMOVED***&file_id=30367929 HTTP/1.1" 200 None
DEBUG: 2026-03-12 04:10:09,891 - Starting new HTTPS connection (1): bulkapi.millionverifier.com:443
DEBUG: 2026-03-12 04:10:10,389 - https://bulkapi.millionverifier.com:443 "GET /bulkapi/v2/fileinfo?key=***REMOVED***&file_id=30368294 HTTP/1.1" 200 None
DEBUG: 2026-03-12 04:10:10,396 - Starting new HTTPS connection (1): bulkapi.millionverifier.com:443
DEBUG: 2026-03-12 04:10:10,798 - https://bulkapi.millionverifier.com:443 "GET /bulkapi/v2/fileinfo?key=***REMOVED***&file_id=30368730 HTTP/1.1" 200 None
INFO: 2026-03-12 04:10:10,801 - FINISHED LOOP

INFO: 2026-03-12 05:29:32,959 - STARTING LOOP
DEBUG: 2026-03-12 05:29:33,123 - Starting new HTTPS connection (1): bulkapi.millionverifier.com:443
DEBUG: 2026-03-12 05:29:33,532 - https://bulkapi.millionverifier.com:443 "GET /bulkapi/v2/fileinfo?key=***REMOVED***&file_id=30367215 HTTP/1.1" 200 None
DEBUG: 2026-03-12 05:29:33,540 - Starting new HTTPS connection (1): bulkapi.millionverifier.com:443
DEBUG: 2026-03-12 05:29:33,936 - https://bulkapi.millionverifier.com:443 "GET /bulkapi/v2/fileinfo?key=***REMOVED***&file_id=30367929 HTTP/1.1" 200 None
DEBUG: 2026-03-12 05:29:33,943 - Starting new HTTPS connection (1): bulkapi.millionverifier.com:443
DEBUG: 2026-03-12 05:29:34,331 - https://bulkapi.millionverifier.com:443 "GET /bulkapi/v2/fileinfo?key=***REMOVED***&file_id=30368294 HTTP/1.1" 200 None
DEBUG: 2026-03-12 05:29:34,338 - Starting new HTTPS connection (1): bulkapi.millionverifier.com:443
DEBUG: 2026-03-12 05:29:34,738 - https://bulkapi.millionverifier.com:443 "GET /bulkapi/v2/fileinfo?key=***REMOVED***&file_id=30368730 HTTP/1.1" 200 None
INFO: 2026-03-12 05:29:34,740 - FINISHED LOOP

INFO: 2026-03-12 05:30:05,034 - STARTING LOOP
DEBUG: 2026-03-12 05:30:05,063 - Starting new HTTPS connection (1): bulkapi.millionverifier.com:443
DEBUG: 2026-03-12 05:30:05,714 - https://bulkapi.millionverifier.com:443 "GET /bulkapi/v2/fileinfo?key=***REMOVED***&file_id=30367215 HTTP/1.1" 200 None
DEBUG: 2026-03-12 05:30:05,727 - Starting new HTTPS connection (1): bulkapi.millionverifier.com:443
DEBUG: 2026-03-12 05:30:06,204 - https://bulkapi.millionverifier.com:443 "GET /bulkapi/v2/fileinfo?key=***REMOVED***&file_id=30367929 HTTP/1.1" 200 None
DEBUG: 2026-03-12 05:30:06,214 - Starting new HTTPS connection (1): bulkapi.millionverifier.com:443
DEBUG: 2026-03-12 05:30:06,738 - https://bulkapi.millionverifier.com:443 "GET /bulkapi/v2/fileinfo?key=***REMOVED***&file_id=30368294 HTTP/1.1" 200 None
DEBUG: 2026-03-12 05:30:06,748 - Starting new HTTPS connection (1): bulkapi.millionverifier.com:443
DEBUG: 2026-03-12 05:30:07,033 - https://bulkapi.millionverifier.com:443 "GET /bulkapi/v2/fileinfo?key=***REMOVED***&file_id=30368730 HTTP/1.1" 200 None
INFO: 2026-03-12 05:30:07,038 - FINISHED LOOP

INFO: 2026-03-12 05:50:05,121 - STARTING LOOP
DEBUG: 2026-03-12 05:50:05,172 - Starting new HTTPS connection (1): bulkapi.millionverifier.com:443
DEBUG: 2026-03-12 05:50:05,634 - https://bulkapi.millionverifier.com:443 "GET /bulkapi/v2/fileinfo?key=***REMOVED***&file_id=30367215 HTTP/1.1" 200 None
DEBUG: 2026-03-12 05:50:05,645 - Starting new HTTPS connection (1): bulkapi.millionverifier.com:443
DEBUG: 2026-03-12 05:50:06,146 - https://bulkapi.millionverifier.com:443 "GET /bulkapi/v2/fileinfo?key=***REMOVED***&file_id=30367929 HTTP/1.1" 200 None
DEBUG: 2026-03-12 05:50:06,157 - Starting new HTTPS connection (1): bulkapi.millionverifier.com:443
DEBUG: 2026-03-12 05:50:06,549 - https://bulkapi.millionverifier.com:443 "GET /bulkapi/v2/fileinfo?key=***REMOVED***&file_id=30368294 HTTP/1.1" 200 None
DEBUG: 2026-03-12 05:50:06,560 - Starting new HTTPS connection (1): bulkapi.millionverifier.com:443
DEBUG: 2026-03-12 05:50:06,964 - https://bulkapi.millionverifier.com:443 "GET /bulkapi/v2/fileinfo?key=***REMOVED***&file_id=30368730 HTTP/1.1" 200 None
INFO: 2026-03-12 05:50:06,968 - FINISHED LOOP

INFO: 2026-03-12 06:06:25,712 - STARTING LOOP
DEBUG: 2026-03-12 06:06:25,792 - Starting new HTTPS connection (1): bulkapi.millionverifier.com:443
DEBUG: 2026-03-12 06:06:26,455 - https://bulkapi.millionverifier.com:443 "GET /bulkapi/v2/fileinfo?key=***REMOVED***&file_id=30367215 HTTP/1.1" 200 None
DEBUG: 2026-03-12 06:06:26,463 - Starting new HTTPS connection (1): bulkapi.millionverifier.com:443
DEBUG: 2026-03-12 06:06:27,239 - https://bulkapi.millionverifier.com:443 "GET /bulkapi/v2/fileinfo?key=***REMOVED***&file_id=30367929 HTTP/1.1" 200 None
DEBUG: 2026-03-12 06:06:27,249 - Starting new HTTPS connection (1): bulkapi.millionverifier.com:443
DEBUG: 2026-03-12 06:06:27,921 - https://bulkapi.millionverifier.com:443 "GET /bulkapi/v2/fileinfo?key=***REMOVED***&file_id=30368294 HTTP/1.1" 200 None
DEBUG: 2026-03-12 06:06:27,932 - Starting new HTTPS connection (1): bulkapi.millionverifier.com:443
DEBUG: 2026-03-12 06:06:28,404 - https://bulkapi.millionverifier.com:443 "GET /bulkapi/v2/fileinfo?key=***REMOVED***&file_id=30368730 HTTP/1.1" 200 None
INFO: 2026-03-12 06:06:28,409 - FINISHED LOOP

INFO: 2026-03-12 06:13:51,082 - STARTING LOOP
DEBUG: 2026-03-12 06:13:51,129 - Starting new HTTPS connection (1): bulkapi.millionverifier.com:443
DEBUG: 2026-03-12 06:13:51,539 - https://bulkapi.millionverifier.com:443 "GET /bulkapi/v2/fileinfo?key=***REMOVED***&file_id=30367215 HTTP/1.1" 200 None
DEBUG: 2026-03-12 06:13:51,550 - Starting new HTTPS connection (1): bulkapi.millionverifier.com:443
DEBUG: 2026-03-12 06:13:52,060 - https://bulkapi.millionverifier.com:443 "GET /bulkapi/v2/fileinfo?key=***REMOVED***&file_id=30367929 HTTP/1.1" 200 None
DEBUG: 2026-03-12 06:13:52,070 - Starting new HTTPS connection (1): bulkapi.millionverifier.com:443
DEBUG: 2026-03-12 06:13:52,471 - https://bulkapi.millionverifier.com:443 "GET /bulkapi/v2/fileinfo?key=***REMOVED***&file_id=30368294 HTTP/1.1" 200 None
DEBUG: 2026-03-12 06:13:52,482 - Starting new HTTPS connection (1): bulkapi.millionverifier.com:443
DEBUG: 2026-03-12 06:13:52,761 - https://bulkapi.millionverifier.com:443 "GET /bulkapi/v2/fileinfo?key=***REMOVED***&file_id=30368730 HTTP/1.1" 200 None
INFO: 2026-03-12 06:13:52,766 - FINISHED LOOP

INFO: 2026-03-12 06:26:24,077 - STARTING LOOP
DEBUG: 2026-03-12 06:26:24,117 - Starting new HTTPS connection (1): bulkapi.millionverifier.com:443
DEBUG: 2026-03-12 06:26:24,597 - https://bulkapi.millionverifier.com:443 "GET /bulkapi/v2/fileinfo?key=***REMOVED***&file_id=30367215 HTTP/1.1" 200 None
DEBUG: 2026-03-12 06:26:24,608 - Starting new HTTPS connection (1): bulkapi.millionverifier.com:443
DEBUG: 2026-03-12 06:26:24,895 - https://bulkapi.millionverifier.com:443 "GET /bulkapi/v2/fileinfo?key=***REMOVED***&file_id=30367929 HTTP/1.1" 200 None
DEBUG: 2026-03-12 06:26:24,905 - Starting new HTTPS connection (1): bulkapi.millionverifier.com:443
DEBUG: 2026-03-12 06:26:25,309 - https://bulkapi.millionverifier.com:443 "GET /bulkapi/v2/fileinfo?key=***REMOVED***&file_id=30368294 HTTP/1.1" 200 None
DEBUG: 2026-03-12 06:26:25,321 - Starting new HTTPS connection (1): bulkapi.millionverifier.com:443
DEBUG: 2026-03-12 06:26:25,778 - https://bulkapi.millionverifier.com:443 "GET /bulkapi/v2/fileinfo?key=***REMOVED***&file_id=30368730 HTTP/1.1" 200 None
INFO: 2026-03-12 06:26:25,782 - FINISHED LOOP

INFO: 2026-03-12 07:11:50,136 - STARTING LOOP
DEBUG: 2026-03-12 07:11:50,269 - Starting new HTTPS connection (1): bulkapi.millionverifier.com:443
DEBUG: 2026-03-12 07:11:50,973 - https://bulkapi.millionverifier.com:443 "GET /bulkapi/v2/fileinfo?key=***REMOVED***&file_id=30367215 HTTP/1.1" 200 None
DEBUG: 2026-03-12 07:11:50,984 - Starting new HTTPS connection (1): bulkapi.millionverifier.com:443
DEBUG: 2026-03-12 07:11:51,549 - https://bulkapi.millionverifier.com:443 "GET /bulkapi/v2/fileinfo?key=***REMOVED***&file_id=30367929 HTTP/1.1" 200 None
DEBUG: 2026-03-12 07:11:51,560 - Starting new HTTPS connection (1): bulkapi.millionverifier.com:443
DEBUG: 2026-03-12 07:11:52,209 - https://bulkapi.millionverifier.com:443 "GET /bulkapi/v2/fileinfo?key=***REMOVED***&file_id=30368294 HTTP/1.1" 200 None
DEBUG: 2026-03-12 07:11:52,221 - Starting new HTTPS connection (1): bulkapi.millionverifier.com:443
DEBUG: 2026-03-12 07:11:52,901 - https://bulkapi.millionverifier.com:443 "GET /bulkapi/v2/fileinfo?key=***REMOVED***&file_id=30368730 HTTP/1.1" 200 None
INFO: 2026-03-12 07:11:52,905 - FINISHED LOOP

INFO: 2026-03-12 07:30:05,731 - STARTING LOOP
DEBUG: 2026-03-12 07:30:05,792 - Starting new HTTPS connection (1): bulkapi.millionverifier.com:443
DEBUG: 2026-03-12 07:30:06,258 - https://bulkapi.millionverifier.com:443 "GET /bulkapi/v2/fileinfo?key=***REMOVED***&file_id=30367215 HTTP/1.1" 200 None
DEBUG: 2026-03-12 07:30:06,270 - Starting new HTTPS connection (1): bulkapi.millionverifier.com:443
DEBUG: 2026-03-12 07:30:06,769 - https://bulkapi.millionverifier.com:443 "GET /bulkapi/v2/fileinfo?key=***REMOVED***&file_id=30367929 HTTP/1.1" 200 None
DEBUG: 2026-03-12 07:30:06,781 - Starting new HTTPS connection (1): bulkapi.millionverifier.com:443
DEBUG: 2026-03-12 07:30:07,225 - https://bulkapi.millionverifier.com:443 "GET /bulkapi/v2/fileinfo?key=***REMOVED***&file_id=30368294 HTTP/1.1" 200 None
DEBUG: 2026-03-12 07:30:07,236 - Starting new HTTPS connection (1): bulkapi.millionverifier.com:443
DEBUG: 2026-03-12 07:30:07,691 - https://bulkapi.millionverifier.com:443 "GET /bulkapi/v2/fileinfo?key=***REMOVED***&file_id=30368730 HTTP/1.1" 200 None
INFO: 2026-03-12 07:30:07,695 - FINISHED LOOP

INFO: 2026-03-12 07:40:06,214 - STARTING LOOP
DEBUG: 2026-03-12 07:40:06,261 - Starting new HTTPS connection (1): bulkapi.millionverifier.com:443
DEBUG: 2026-03-12 07:40:06,671 - https://bulkapi.millionverifier.com:443 "GET /bulkapi/v2/fileinfo?key=***REMOVED***&file_id=30367215 HTTP/1.1" 200 None
DEBUG: 2026-03-12 07:40:06,683 - Starting new HTTPS connection (1): bulkapi.millionverifier.com:443
DEBUG: 2026-03-12 07:40:07,140 - https://bulkapi.millionverifier.com:443 "GET /bulkapi/v2/fileinfo?key=***REMOVED***&file_id=30367929 HTTP/1.1" 200 None
DEBUG: 2026-03-12 07:40:07,151 - Starting new HTTPS connection (1): bulkapi.millionverifier.com:443
DEBUG: 2026-03-12 07:40:07,651 - https://bulkapi.millionverifier.com:443 "GET /bulkapi/v2/fileinfo?key=***REMOVED***&file_id=30368294 HTTP/1.1" 200 None
DEBUG: 2026-03-12 07:40:07,663 - Starting new HTTPS connection (1): bulkapi.millionverifier.com:443
DEBUG: 2026-03-12 07:40:08,164 - https://bulkapi.millionverifier.com:443 "GET /bulkapi/v2/fileinfo?key=***REMOVED***&file_id=30368730 HTTP/1.1" 200 None
INFO: 2026-03-12 07:40:08,169 - FINISHED LOOP

INFO: 2026-03-12 08:12:52,777 - STARTING LOOP
DEBUG: 2026-03-12 08:12:52,952 - Starting new HTTPS connection (1): bulkapi.millionverifier.com:443
DEBUG: 2026-03-12 08:12:53,626 - https://bulkapi.millionverifier.com:443 "GET /bulkapi/v2/fileinfo?key=***REMOVED***&file_id=30367215 HTTP/1.1" 200 None
DEBUG: 2026-03-12 08:12:53,634 - Starting new HTTPS connection (1): bulkapi.millionverifier.com:443
DEBUG: 2026-03-12 08:12:54,140 - https://bulkapi.millionverifier.com:443 "GET /bulkapi/v2/fileinfo?key=***REMOVED***&file_id=30367929 HTTP/1.1" 200 None
DEBUG: 2026-03-12 08:12:54,151 - Starting new HTTPS connection (1): bulkapi.millionverifier.com:443
DEBUG: 2026-03-12 08:12:54,547 - https://bulkapi.millionverifier.com:443 "GET /bulkapi/v2/fileinfo?key=***REMOVED***&file_id=30368294 HTTP/1.1" 200 None
DEBUG: 2026-03-12 08:12:54,558 - Starting new HTTPS connection (1): bulkapi.millionverifier.com:443
DEBUG: 2026-03-12 08:12:54,957 - https://bulkapi.millionverifier.com:443 "GET /bulkapi/v2/fileinfo?key=***REMOVED***&file_id=30368730 HTTP/1.1" 200 None
INFO: 2026-03-12 08:12:54,962 - FINISHED LOOP

INFO: 2026-03-12 08:40:07,512 - STARTING LOOP
DEBUG: 2026-03-12 08:40:07,564 - Starting new HTTPS connection (1): bulkapi.millionverifier.com:443
DEBUG: 2026-03-12 08:40:07,981 - https://bulkapi.millionverifier.com:443 "GET /bulkapi/v2/fileinfo?key=***REMOVED***&file_id=30367215 HTTP/1.1" 200 None
DEBUG: 2026-03-12 08:40:07,992 - Starting new HTTPS connection (1): bulkapi.millionverifier.com:443
DEBUG: 2026-03-12 08:40:08,379 - https://bulkapi.millionverifier.com:443 "GET /bulkapi/v2/fileinfo?key=***REMOVED***&file_id=30367929 HTTP/1.1" 200 None
DEBUG: 2026-03-12 08:40:08,392 - Starting new HTTPS connection (1): bulkapi.millionverifier.com:443
DEBUG: 2026-03-12 08:40:08,789 - https://bulkapi.millionverifier.com:443 "GET /bulkapi/v2/fileinfo?key=***REMOVED***&file_id=30368294 HTTP/1.1" 200 None
DEBUG: 2026-03-12 08:40:08,797 - Starting new HTTPS connection (1): bulkapi.millionverifier.com:443
DEBUG: 2026-03-12 08:40:09,258 - https://bulkapi.millionverifier.com:443 "GET /bulkapi/v2/fileinfo?key=***REMOVED***&file_id=30368730 HTTP/1.1" 200 None
INFO: 2026-03-12 08:40:09,262 - FINISHED LOOP

INFO: 2026-03-12 08:50:07,670 - STARTING LOOP
DEBUG: 2026-03-12 08:50:07,767 - Starting new HTTPS connection (1): bulkapi.millionverifier.com:443
DEBUG: 2026-03-12 08:50:08,178 - https://bulkapi.millionverifier.com:443 "GET /bulkapi/v2/fileinfo?key=***REMOVED***&file_id=30367215 HTTP/1.1" 200 None
DEBUG: 2026-03-12 08:50:08,189 - Starting new HTTPS connection (1): bulkapi.millionverifier.com:443
DEBUG: 2026-03-12 08:50:08,588 - https://bulkapi.millionverifier.com:443 "GET /bulkapi/v2/fileinfo?key=***REMOVED***&file_id=30367929 HTTP/1.1" 200 None
DEBUG: 2026-03-12 08:50:08,599 - Starting new HTTPS connection (1): bulkapi.millionverifier.com:443
DEBUG: 2026-03-12 08:50:09,032 - https://bulkapi.millionverifier.com:443 "GET /bulkapi/v2/fileinfo?key=***REMOVED***&file_id=30368294 HTTP/1.1" 200 None
DEBUG: 2026-03-12 08:50:09,041 - Starting new HTTPS connection (1): bulkapi.millionverifier.com:443
DEBUG: 2026-03-12 08:50:09,442 - https://bulkapi.millionverifier.com:443 "GET /bulkapi/v2/fileinfo?key=***REMOVED***&file_id=30368730 HTTP/1.1" 200 None
INFO: 2026-03-12 08:50:09,446 - FINISHED LOOP

INFO: 2026-03-12 09:00:08,518 - STARTING LOOP
DEBUG: 2026-03-12 09:00:08,574 - Starting new HTTPS connection (1): bulkapi.millionverifier.com:443
DEBUG: 2026-03-12 09:00:09,208 - https://bulkapi.millionverifier.com:443 "GET /bulkapi/v2/fileinfo?key=***REMOVED***&file_id=30367215 HTTP/1.1" 200 None
DEBUG: 2026-03-12 09:00:09,220 - Starting new HTTPS connection (1): bulkapi.millionverifier.com:443
DEBUG: 2026-03-12 09:00:09,671 - https://bulkapi.millionverifier.com:443 "GET /bulkapi/v2/fileinfo?key=***REMOVED***&file_id=30367929 HTTP/1.1" 200 None
DEBUG: 2026-03-12 09:00:09,682 - Starting new HTTPS connection (1): bulkapi.millionverifier.com:443
DEBUG: 2026-03-12 09:00:10,303 - https://bulkapi.millionverifier.com:443 "GET /bulkapi/v2/fileinfo?key=***REMOVED***&file_id=30368294 HTTP/1.1" 200 None
DEBUG: 2026-03-12 09:00:10,315 - Starting new HTTPS connection (1): bulkapi.millionverifier.com:443
DEBUG: 2026-03-12 09:00:10,894 - https://bulkapi.millionverifier.com:443 "GET /bulkapi/v2/fileinfo?key=***REMOVED***&file_id=30368730 HTTP/1.1" 200 None
INFO: 2026-03-12 09:00:10,898 - FINISHED LOOP

INFO: 2026-03-12 09:14:32,621 - STARTING LOOP
DEBUG: 2026-03-12 09:14:32,686 - Starting new HTTPS connection (1): bulkapi.millionverifier.com:443
DEBUG: 2026-03-12 09:14:33,226 - https://bulkapi.millionverifier.com:443 "GET /bulkapi/v2/fileinfo?key=***REMOVED***&file_id=30367215 HTTP/1.1" 200 None
DEBUG: 2026-03-12 09:14:33,233 - Starting new HTTPS connection (1): bulkapi.millionverifier.com:443
DEBUG: 2026-03-12 09:14:33,634 - https://bulkapi.millionverifier.com:443 "GET /bulkapi/v2/fileinfo?key=***REMOVED***&file_id=30367929 HTTP/1.1" 200 None
DEBUG: 2026-03-12 09:14:33,645 - Starting new HTTPS connection (1): bulkapi.millionverifier.com:443
DEBUG: 2026-03-12 09:14:34,058 - https://bulkapi.millionverifier.com:443 "GET /bulkapi/v2/fileinfo?key=***REMOVED***&file_id=30368294 HTTP/1.1" 200 None
DEBUG: 2026-03-12 09:14:34,066 - Starting new HTTPS connection (1): bulkapi.millionverifier.com:443
DEBUG: 2026-03-12 09:14:34,461 - https://bulkapi.millionverifier.com:443 "GET /bulkapi/v2/fileinfo?key=***REMOVED***&file_id=30368730 HTTP/1.1" 200 None
INFO: 2026-03-12 09:14:34,465 - FINISHED LOOP

INFO: 2026-03-12 09:26:05,144 - STARTING LOOP
DEBUG: 2026-03-12 09:26:05,196 - Starting new HTTPS connection (1): bulkapi.millionverifier.com:443
DEBUG: 2026-03-12 09:26:05,858 - https://bulkapi.millionverifier.com:443 "GET /bulkapi/v2/fileinfo?key=***REMOVED***&file_id=30367215 HTTP/1.1" 200 None
DEBUG: 2026-03-12 09:26:05,871 - Starting new HTTPS connection (1): bulkapi.millionverifier.com:443
DEBUG: 2026-03-12 09:26:06,288 - https://bulkapi.millionverifier.com:443 "GET /bulkapi/v2/fileinfo?key=***REMOVED***&file_id=30367929 HTTP/1.1" 200 None
DEBUG: 2026-03-12 09:26:06,299 - Starting new HTTPS connection (1): bulkapi.millionverifier.com:443
DEBUG: 2026-03-12 09:26:06,693 - https://bulkapi.millionverifier.com:443 "GET /bulkapi/v2/fileinfo?key=***REMOVED***&file_id=30368294 HTTP/1.1" 200 None
DEBUG: 2026-03-12 09:26:06,705 - Starting new HTTPS connection (1): bulkapi.millionverifier.com:443
DEBUG: 2026-03-12 09:26:07,159 - https://bulkapi.millionverifier.com:443 "GET /bulkapi/v2/fileinfo?key=***REMOVED***&file_id=30368730 HTTP/1.1" 200 None
INFO: 2026-03-12 09:26:07,163 - FINISHED LOOP

INFO: 2026-03-12 10:14:13,178 - STARTING LOOP
DEBUG: 2026-03-12 10:14:13,242 - Starting new HTTPS connection (1): bulkapi.millionverifier.com:443
DEBUG: 2026-03-12 10:14:13,535 - https://bulkapi.millionverifier.com:443 "GET /bulkapi/v2/fileinfo?key=***REMOVED***&file_id=30367215 HTTP/1.1" 200 None
DEBUG: 2026-03-12 10:14:13,542 - Starting new HTTPS connection (1): bulkapi.millionverifier.com:443
DEBUG: 2026-03-12 10:14:13,946 - https://bulkapi.millionverifier.com:443 "GET /bulkapi/v2/fileinfo?key=***REMOVED***&file_id=30367929 HTTP/1.1" 200 None
DEBUG: 2026-03-12 10:14:13,957 - Starting new HTTPS connection (1): bulkapi.millionverifier.com:443
DEBUG: 2026-03-12 10:14:14,241 - https://bulkapi.millionverifier.com:443 "GET /bulkapi/v2/fileinfo?key=***REMOVED***&file_id=30368294 HTTP/1.1" 200 None
DEBUG: 2026-03-12 10:14:14,252 - Starting new HTTPS connection (1): bulkapi.millionverifier.com:443
DEBUG: 2026-03-12 10:14:14,536 - https://bulkapi.millionverifier.com:443 "GET /bulkapi/v2/fileinfo?key=***REMOVED***&file_id=30368730 HTTP/1.1" 200 None
INFO: 2026-03-12 10:14:14,540 - FINISHED LOOP

INFO: 2026-03-12 10:22:32,569 - STARTING LOOP
DEBUG: 2026-03-12 10:22:32,636 - Starting new HTTPS connection (1): bulkapi.millionverifier.com:443
DEBUG: 2026-03-12 10:22:33,114 - https://bulkapi.millionverifier.com:443 "GET /bulkapi/v2/fileinfo?key=***REMOVED***&file_id=30367215 HTTP/1.1" 200 None
DEBUG: 2026-03-12 10:22:33,122 - Starting new HTTPS connection (1): bulkapi.millionverifier.com:443
DEBUG: 2026-03-12 10:22:33,407 - https://bulkapi.millionverifier.com:443 "GET /bulkapi/v2/fileinfo?key=***REMOVED***&file_id=30367929 HTTP/1.1" 200 None
DEBUG: 2026-03-12 10:22:33,418 - Starting new HTTPS connection (1): bulkapi.millionverifier.com:443
DEBUG: 2026-03-12 10:22:33,829 - https://bulkapi.millionverifier.com:443 "GET /bulkapi/v2/fileinfo?key=***REMOVED***&file_id=30368294 HTTP/1.1" 200 None
DEBUG: 2026-03-12 10:22:33,841 - Starting new HTTPS connection (1): bulkapi.millionverifier.com:443
DEBUG: 2026-03-12 10:22:34,109 - https://bulkapi.millionverifier.com:443 "GET /bulkapi/v2/fileinfo?key=***REMOVED***&file_id=30368730 HTTP/1.1" 200 None
INFO: 2026-03-12 10:22:34,112 - FINISHED LOOP

INFO: 2026-03-12 10:36:36,688 - STARTING LOOP
DEBUG: 2026-03-12 10:36:36,751 - Starting new HTTPS connection (1): bulkapi.millionverifier.com:443
DEBUG: 2026-03-12 10:36:37,145 - https://bulkapi.millionverifier.com:443 "GET /bulkapi/v2/fileinfo?key=***REMOVED***&file_id=30367215 HTTP/1.1" 200 None
DEBUG: 2026-03-12 10:36:37,156 - Starting new HTTPS connection (1): bulkapi.millionverifier.com:443
DEBUG: 2026-03-12 10:36:37,546 - https://bulkapi.millionverifier.com:443 "GET /bulkapi/v2/fileinfo?key=***REMOVED***&file_id=30367929 HTTP/1.1" 200 None
DEBUG: 2026-03-12 10:36:37,556 - Starting new HTTPS connection (1): bulkapi.millionverifier.com:443
DEBUG: 2026-03-12 10:36:37,933 - https://bulkapi.millionverifier.com:443 "GET /bulkapi/v2/fileinfo?key=***REMOVED***&file_id=30368294 HTTP/1.1" 200 None
DEBUG: 2026-03-12 10:36:37,946 - Starting new HTTPS connection (1): bulkapi.millionverifier.com:443
DEBUG: 2026-03-12 10:36:38,367 - https://bulkapi.millionverifier.com:443 "GET /bulkapi/v2/fileinfo?key=***REMOVED***&file_id=30368730 HTTP/1.1" 200 None
INFO: 2026-03-12 10:36:38,372 - FINISHED LOOP

INFO: 2026-03-12 10:42:38,705 - STARTING LOOP
DEBUG: 2026-03-12 10:42:38,873 - Starting new HTTPS connection (1): bulkapi.millionverifier.com:443
DEBUG: 2026-03-12 10:42:39,290 - https://bulkapi.millionverifier.com:443 "GET /bulkapi/v2/fileinfo?key=***REMOVED***&file_id=30367215 HTTP/1.1" 200 None
DEBUG: 2026-03-12 10:42:39,300 - Starting new HTTPS connection (1): bulkapi.millionverifier.com:443
DEBUG: 2026-03-12 10:42:39,714 - https://bulkapi.millionverifier.com:443 "GET /bulkapi/v2/fileinfo?key=***REMOVED***&file_id=30367929 HTTP/1.1" 200 None
DEBUG: 2026-03-12 10:42:39,723 - Starting new HTTPS connection (1): bulkapi.millionverifier.com:443
DEBUG: 2026-03-12 10:42:40,128 - https://bulkapi.millionverifier.com:443 "GET /bulkapi/v2/fileinfo?key=***REMOVED***&file_id=30368294 HTTP/1.1" 200 None
DEBUG: 2026-03-12 10:42:40,135 - Starting new HTTPS connection (1): bulkapi.millionverifier.com:443
DEBUG: 2026-03-12 10:42:40,544 - https://bulkapi.millionverifier.com:443 "GET /bulkapi/v2/fileinfo?key=***REMOVED***&file_id=30368730 HTTP/1.1" 200 None
INFO: 2026-03-12 10:42:40,547 - FINISHED LOOP

INFO: 2026-03-12 10:51:59,415 - STARTING LOOP
DEBUG: 2026-03-12 10:51:59,473 - Starting new HTTPS connection (1): bulkapi.millionverifier.com:443
DEBUG: 2026-03-12 10:51:59,759 - https://bulkapi.millionverifier.com:443 "GET /bulkapi/v2/fileinfo?key=***REMOVED***&file_id=30367215 HTTP/1.1" 200 None
DEBUG: 2026-03-12 10:51:59,766 - Starting new HTTPS connection (1): bulkapi.millionverifier.com:443
DEBUG: 2026-03-12 10:52:00,168 - https://bulkapi.millionverifier.com:443 "GET /bulkapi/v2/fileinfo?key=***REMOVED***&file_id=30367929 HTTP/1.1" 200 None
DEBUG: 2026-03-12 10:52:00,176 - Starting new HTTPS connection (1): bulkapi.millionverifier.com:443
DEBUG: 2026-03-12 10:52:00,455 - https://bulkapi.millionverifier.com:443 "GET /bulkapi/v2/fileinfo?key=***REMOVED***&file_id=30368294 HTTP/1.1" 200 None
DEBUG: 2026-03-12 10:52:00,465 - Starting new HTTPS connection (1): bulkapi.millionverifier.com:443
DEBUG: 2026-03-12 10:52:00,747 - https://bulkapi.millionverifier.com:443 "GET /bulkapi/v2/fileinfo?key=***REMOVED***&file_id=30368730 HTTP/1.1" 200 None
INFO: 2026-03-12 10:52:00,750 - FINISHED LOOP

INFO: 2026-03-12 11:01:20,058 - STARTING LOOP
DEBUG: 2026-03-12 11:01:20,121 - Starting new HTTPS connection (1): bulkapi.millionverifier.com:443
DEBUG: 2026-03-12 11:01:20,587 - https://bulkapi.millionverifier.com:443 "GET /bulkapi/v2/fileinfo?key=***REMOVED***&file_id=30367215 HTTP/1.1" 200 None
DEBUG: 2026-03-12 11:01:20,599 - Starting new HTTPS connection (1): bulkapi.millionverifier.com:443
DEBUG: 2026-03-12 11:01:21,100 - https://bulkapi.millionverifier.com:443 "GET /bulkapi/v2/fileinfo?key=***REMOVED***&file_id=30367929 HTTP/1.1" 200 None
DEBUG: 2026-03-12 11:01:21,111 - Starting new HTTPS connection (1): bulkapi.millionverifier.com:443
DEBUG: 2026-03-12 11:01:21,506 - https://bulkapi.millionverifier.com:443 "GET /bulkapi/v2/fileinfo?key=***REMOVED***&file_id=30368294 HTTP/1.1" 200 None
DEBUG: 2026-03-12 11:01:21,516 - Starting new HTTPS connection (1): bulkapi.millionverifier.com:443
DEBUG: 2026-03-12 11:01:21,796 - https://bulkapi.millionverifier.com:443 "GET /bulkapi/v2/fileinfo?key=***REMOVED***&file_id=30368730 HTTP/1.1" 200 None
INFO: 2026-03-12 11:01:21,800 - FINISHED LOOP

INFO: 2026-03-12 11:13:25,137 - STARTING LOOP
DEBUG: 2026-03-12 11:13:25,196 - Starting new HTTPS connection (1): bulkapi.millionverifier.com:443
DEBUG: 2026-03-12 11:13:25,632 - https://bulkapi.millionverifier.com:443 "GET /bulkapi/v2/fileinfo?key=***REMOVED***&file_id=30367215 HTTP/1.1" 200 None
DEBUG: 2026-03-12 11:13:25,645 - Starting new HTTPS connection (1): bulkapi.millionverifier.com:443
DEBUG: 2026-03-12 11:13:26,055 - https://bulkapi.millionverifier.com:443 "GET /bulkapi/v2/fileinfo?key=***REMOVED***&file_id=30367929 HTTP/1.1" 200 None
DEBUG: 2026-03-12 11:13:26,063 - Starting new HTTPS connection (1): bulkapi.millionverifier.com:443
DEBUG: 2026-03-12 11:13:26,487 - https://bulkapi.millionverifier.com:443 "GET /bulkapi/v2/fileinfo?key=***REMOVED***&file_id=30368294 HTTP/1.1" 200 None
DEBUG: 2026-03-12 11:13:26,493 - Starting new HTTPS connection (1): bulkapi.millionverifier.com:443
DEBUG: 2026-03-12 11:13:26,887 - https://bulkapi.millionverifier.com:443 "GET /bulkapi/v2/fileinfo?key=***REMOVED***&file_id=30368730 HTTP/1.1" 200 None
INFO: 2026-03-12 11:13:26,890 - FINISHED LOOP

INFO: 2026-03-12 11:20:08,865 - STARTING LOOP
DEBUG: 2026-03-12 11:20:08,931 - Starting new HTTPS connection (1): bulkapi.millionverifier.com:443
DEBUG: 2026-03-12 11:20:09,401 - https://bulkapi.millionverifier.com:443 "GET /bulkapi/v2/fileinfo?key=***REMOVED***&file_id=30367215 HTTP/1.1" 200 None
DEBUG: 2026-03-12 11:20:10,350 - Starting new HTTPS connection (1): bulkapi.millionverifier.com:443
DEBUG: 2026-03-12 11:20:10,765 - https://bulkapi.millionverifier.com:443 "GET /bulkapi/v2/fileinfo?key=***REMOVED***&file_id=30367929 HTTP/1.1" 200 None
DEBUG: 2026-03-12 11:20:10,776 - Starting new HTTPS connection (1): bulkapi.millionverifier.com:443
DEBUG: 2026-03-12 11:20:11,176 - https://bulkapi.millionverifier.com:443 "GET /bulkapi/v2/fileinfo?key=***REMOVED***&file_id=30368294 HTTP/1.1" 200 None
DEBUG: 2026-03-12 11:20:11,189 - Starting new HTTPS connection (1): bulkapi.millionverifier.com:443
DEBUG: 2026-03-12 11:20:11,466 - https://bulkapi.millionverifier.com:443 "GET /bulkapi/v2/fileinfo?key=***REMOVED***&file_id=30368730 HTTP/1.1" 200 None
INFO: 2026-03-12 11:20:11,470 - FINISHED LOOP

INFO: 2026-03-12 11:30:10,112 - STARTING LOOP
DEBUG: 2026-03-12 11:30:10,173 - Starting new HTTPS connection (1): bulkapi.millionverifier.com:443
DEBUG: 2026-03-12 11:30:10,942 - https://bulkapi.millionverifier.com:443 "GET /bulkapi/v2/fileinfo?key=***REMOVED***&file_id=30367215 HTTP/1.1" 200 None
DEBUG: 2026-03-12 11:30:10,953 - Starting new HTTPS connection (1): bulkapi.millionverifier.com:443
DEBUG: 2026-03-12 11:30:11,476 - https://bulkapi.millionverifier.com:443 "GET /bulkapi/v2/fileinfo?key=***REMOVED***&file_id=30367929 HTTP/1.1" 200 None
DEBUG: 2026-03-12 11:30:11,481 - Starting new HTTPS connection (1): bulkapi.millionverifier.com:443
DEBUG: 2026-03-12 11:30:11,987 - https://bulkapi.millionverifier.com:443 "GET /bulkapi/v2/fileinfo?key=***REMOVED***&file_id=30368294 HTTP/1.1" 200 None
DEBUG: 2026-03-12 11:30:11,998 - Starting new HTTPS connection (1): bulkapi.millionverifier.com:443
DEBUG: 2026-03-12 11:30:12,514 - https://bulkapi.millionverifier.com:443 "GET /bulkapi/v2/fileinfo?key=***REMOVED***&file_id=30368730 HTTP/1.1" 200 None
INFO: 2026-03-12 11:30:12,518 - FINISHED LOOP

INFO: 2026-03-12 11:40:06,738 - STARTING LOOP
DEBUG: 2026-03-12 11:40:06,801 - Starting new HTTPS connection (1): bulkapi.millionverifier.com:443
DEBUG: 2026-03-12 11:40:07,316 - https://bulkapi.millionverifier.com:443 "GET /bulkapi/v2/fileinfo?key=***REMOVED***&file_id=30367215 HTTP/1.1" 200 None
DEBUG: 2026-03-12 11:40:07,328 - Starting new HTTPS connection (1): bulkapi.millionverifier.com:443
DEBUG: 2026-03-12 11:40:07,737 - https://bulkapi.millionverifier.com:443 "GET /bulkapi/v2/fileinfo?key=***REMOVED***&file_id=30367929 HTTP/1.1" 200 None
DEBUG: 2026-03-12 11:40:07,748 - Starting new HTTPS connection (1): bulkapi.millionverifier.com:443
DEBUG: 2026-03-12 11:40:08,236 - https://bulkapi.millionverifier.com:443 "GET /bulkapi/v2/fileinfo?key=***REMOVED***&file_id=30368294 HTTP/1.1" 200 None
DEBUG: 2026-03-12 11:40:08,248 - Starting new HTTPS connection (1): bulkapi.millionverifier.com:443
DEBUG: 2026-03-12 11:40:08,679 - https://bulkapi.millionverifier.com:443 "GET /bulkapi/v2/fileinfo?key=***REMOVED***&file_id=30368730 HTTP/1.1" 200 None
INFO: 2026-03-12 11:40:08,683 - FINISHED LOOP

INFO: 2026-03-12 11:50:07,702 - STARTING LOOP
DEBUG: 2026-03-12 11:50:07,762 - Starting new HTTPS connection (1): bulkapi.millionverifier.com:443
DEBUG: 2026-03-12 11:50:08,299 - https://bulkapi.millionverifier.com:443 "GET /bulkapi/v2/fileinfo?key=***REMOVED***&file_id=30367215 HTTP/1.1" 200 None
DEBUG: 2026-03-12 11:50:08,311 - Starting new HTTPS connection (1): bulkapi.millionverifier.com:443
DEBUG: 2026-03-12 11:50:08,719 - https://bulkapi.millionverifier.com:443 "GET /bulkapi/v2/fileinfo?key=***REMOVED***&file_id=30367929 HTTP/1.1" 200 None
DEBUG: 2026-03-12 11:50:08,731 - Starting new HTTPS connection (1): bulkapi.millionverifier.com:443
DEBUG: 2026-03-12 11:50:09,220 - https://bulkapi.millionverifier.com:443 "GET /bulkapi/v2/fileinfo?key=***REMOVED***&file_id=30368294 HTTP/1.1" 200 None
DEBUG: 2026-03-12 11:50:09,232 - Starting new HTTPS connection (1): bulkapi.millionverifier.com:443
DEBUG: 2026-03-12 11:50:09,524 - https://bulkapi.millionverifier.com:443 "GET /bulkapi/v2/fileinfo?key=***REMOVED***&file_id=30368730 HTTP/1.1" 200 None
INFO: 2026-03-12 11:50:09,528 - FINISHED LOOP

INFO: 2026-03-12 12:00:11,489 - STARTING LOOP
DEBUG: 2026-03-12 12:00:11,543 - Starting new HTTPS connection (1): bulkapi.millionverifier.com:443
DEBUG: 2026-03-12 12:00:12,020 - https://bulkapi.millionverifier.com:443 "GET /bulkapi/v2/fileinfo?key=***REMOVED***&file_id=30367215 HTTP/1.1" 200 None
DEBUG: 2026-03-12 12:00:12,031 - Starting new HTTPS connection (1): bulkapi.millionverifier.com:443
DEBUG: 2026-03-12 12:00:12,481 - https://bulkapi.millionverifier.com:443 "GET /bulkapi/v2/fileinfo?key=***REMOVED***&file_id=30367929 HTTP/1.1" 200 None
DEBUG: 2026-03-12 12:00:12,493 - Starting new HTTPS connection (1): bulkapi.millionverifier.com:443
DEBUG: 2026-03-12 12:00:12,767 - https://bulkapi.millionverifier.com:443 "GET /bulkapi/v2/fileinfo?key=***REMOVED***&file_id=30368294 HTTP/1.1" 200 None
DEBUG: 2026-03-12 12:00:12,780 - Starting new HTTPS connection (1): bulkapi.millionverifier.com:443
DEBUG: 2026-03-12 12:00:13,277 - https://bulkapi.millionverifier.com:443 "GET /bulkapi/v2/fileinfo?key=***REMOVED***&file_id=30368730 HTTP/1.1" 200 None
INFO: 2026-03-12 12:00:13,282 - FINISHED LOOP

INFO: 2026-03-12 12:10:14,869 - STARTING LOOP
DEBUG: 2026-03-12 12:10:14,972 - Starting new HTTPS connection (1): bulkapi.millionverifier.com:443
DEBUG: 2026-03-12 12:10:15,523 - https://bulkapi.millionverifier.com:443 "GET /bulkapi/v2/fileinfo?key=***REMOVED***&file_id=30367215 HTTP/1.1" 200 None
DEBUG: 2026-03-12 12:10:15,533 - Starting new HTTPS connection (1): bulkapi.millionverifier.com:443
DEBUG: 2026-03-12 12:10:15,951 - https://bulkapi.millionverifier.com:443 "GET /bulkapi/v2/fileinfo?key=***REMOVED***&file_id=30367929 HTTP/1.1" 200 None
DEBUG: 2026-03-12 12:10:15,958 - Starting new HTTPS connection (1): bulkapi.millionverifier.com:443
DEBUG: 2026-03-12 12:10:16,366 - https://bulkapi.millionverifier.com:443 "GET /bulkapi/v2/fileinfo?key=***REMOVED***&file_id=30368294 HTTP/1.1" 200 None
DEBUG: 2026-03-12 12:10:16,374 - Starting new HTTPS connection (1): bulkapi.millionverifier.com:443
DEBUG: 2026-03-12 12:10:16,657 - https://bulkapi.millionverifier.com:443 "GET /bulkapi/v2/fileinfo?key=***REMOVED***&file_id=30368730 HTTP/1.1" 200 None
INFO: 2026-03-12 12:10:16,661 - FINISHED LOOP

INFO: 2026-03-12 12:20:09,686 - STARTING LOOP
DEBUG: 2026-03-12 12:20:09,743 - Starting new HTTPS connection (1): bulkapi.millionverifier.com:443
DEBUG: 2026-03-12 12:20:10,061 - https://bulkapi.millionverifier.com:443 "GET /bulkapi/v2/fileinfo?key=***REMOVED***&file_id=30367215 HTTP/1.1" 200 None
DEBUG: 2026-03-12 12:20:10,069 - Starting new HTTPS connection (1): bulkapi.millionverifier.com:443
DEBUG: 2026-03-12 12:20:10,474 - https://bulkapi.millionverifier.com:443 "GET /bulkapi/v2/fileinfo?key=***REMOVED***&file_id=30367929 HTTP/1.1" 200 None
DEBUG: 2026-03-12 12:20:10,486 - Starting new HTTPS connection (1): bulkapi.millionverifier.com:443
DEBUG: 2026-03-12 12:20:10,926 - https://bulkapi.millionverifier.com:443 "GET /bulkapi/v2/fileinfo?key=***REMOVED***&file_id=30368294 HTTP/1.1" 200 None
DEBUG: 2026-03-12 12:20:10,938 - Starting new HTTPS connection (1): bulkapi.millionverifier.com:443
DEBUG: 2026-03-12 12:20:11,236 - https://bulkapi.millionverifier.com:443 "GET /bulkapi/v2/fileinfo?key=***REMOVED***&file_id=30368730 HTTP/1.1" 200 None
INFO: 2026-03-12 12:20:11,240 - FINISHED LOOP

INFO: 2026-03-12 12:30:08,714 - STARTING LOOP
DEBUG: 2026-03-12 12:30:08,767 - Starting new HTTPS connection (1): bulkapi.millionverifier.com:443
DEBUG: 2026-03-12 12:30:09,268 - https://bulkapi.millionverifier.com:443 "GET /bulkapi/v2/fileinfo?key=***REMOVED***&file_id=30367215 HTTP/1.1" 200 None
DEBUG: 2026-03-12 12:30:09,281 - Starting new HTTPS connection (1): bulkapi.millionverifier.com:443
DEBUG: 2026-03-12 12:30:09,777 - https://bulkapi.millionverifier.com:443 "GET /bulkapi/v2/fileinfo?key=***REMOVED***&file_id=30367929 HTTP/1.1" 200 None
DEBUG: 2026-03-12 12:30:09,785 - Starting new HTTPS connection (1): bulkapi.millionverifier.com:443
DEBUG: 2026-03-12 12:30:10,072 - https://bulkapi.millionverifier.com:443 "GET /bulkapi/v2/fileinfo?key=***REMOVED***&file_id=30368294 HTTP/1.1" 200 None
DEBUG: 2026-03-12 12:30:10,082 - Starting new HTTPS connection (1): bulkapi.millionverifier.com:443
DEBUG: 2026-03-12 12:30:10,594 - https://bulkapi.millionverifier.com:443 "GET /bulkapi/v2/fileinfo?key=***REMOVED***&file_id=30368730 HTTP/1.1" 200 None
INFO: 2026-03-12 12:30:10,599 - FINISHED LOOP

INFO: 2026-03-12 12:40:08,236 - STARTING LOOP
DEBUG: 2026-03-12 12:40:08,585 - Starting new HTTPS connection (1): bulkapi.millionverifier.com:443
DEBUG: 2026-03-12 12:40:09,058 - https://bulkapi.millionverifier.com:443 "GET /bulkapi/v2/fileinfo?key=***REMOVED***&file_id=30367215 HTTP/1.1" 200 None
DEBUG: 2026-03-12 12:40:09,066 - Starting new HTTPS connection (1): bulkapi.millionverifier.com:443
DEBUG: 2026-03-12 12:40:09,465 - https://bulkapi.millionverifier.com:443 "GET /bulkapi/v2/fileinfo?key=***REMOVED***&file_id=30367929 HTTP/1.1" 200 None
DEBUG: 2026-03-12 12:40:09,469 - Starting new HTTPS connection (1): bulkapi.millionverifier.com:443
DEBUG: 2026-03-12 12:40:09,941 - https://bulkapi.millionverifier.com:443 "GET /bulkapi/v2/fileinfo?key=***REMOVED***&file_id=30368294 HTTP/1.1" 200 None
DEBUG: 2026-03-12 12:40:09,946 - Starting new HTTPS connection (1): bulkapi.millionverifier.com:443
DEBUG: 2026-03-12 12:40:10,209 - https://bulkapi.millionverifier.com:443 "GET /bulkapi/v2/fileinfo?key=***REMOVED***&file_id=30368730 HTTP/1.1" 200 None
INFO: 2026-03-12 12:40:10,211 - FINISHED LOOP

INFO: 2026-03-12 12:50:09,449 - STARTING LOOP
DEBUG: 2026-03-12 12:50:09,524 - Starting new HTTPS connection (1): bulkapi.millionverifier.com:443
DEBUG: 2026-03-12 12:50:09,962 - https://bulkapi.millionverifier.com:443 "GET /bulkapi/v2/fileinfo?key=***REMOVED***&file_id=30367215 HTTP/1.1" 200 None
DEBUG: 2026-03-12 12:50:09,968 - Starting new HTTPS connection (1): bulkapi.millionverifier.com:443
DEBUG: 2026-03-12 12:50:10,415 - https://bulkapi.millionverifier.com:443 "GET /bulkapi/v2/fileinfo?key=***REMOVED***&file_id=30367929 HTTP/1.1" 200 None
DEBUG: 2026-03-12 12:50:10,423 - Starting new HTTPS connection (1): bulkapi.millionverifier.com:443
DEBUG: 2026-03-12 12:50:10,930 - https://bulkapi.millionverifier.com:443 "GET /bulkapi/v2/fileinfo?key=***REMOVED***&file_id=30368294 HTTP/1.1" 200 None
DEBUG: 2026-03-12 12:50:10,935 - Starting new HTTPS connection (1): bulkapi.millionverifier.com:443
DEBUG: 2026-03-12 12:50:11,440 - https://bulkapi.millionverifier.com:443 "GET /bulkapi/v2/fileinfo?key=***REMOVED***&file_id=30368730 HTTP/1.1" 200 None
INFO: 2026-03-12 12:50:11,442 - FINISHED LOOP

INFO: 2026-03-12 13:00:10,450 - STARTING LOOP
DEBUG: 2026-03-12 13:00:10,674 - Starting new HTTPS connection (1): bulkapi.millionverifier.com:443
DEBUG: 2026-03-12 13:00:11,168 - https://bulkapi.millionverifier.com:443 "GET /bulkapi/v2/fileinfo?key=***REMOVED***&file_id=30367215 HTTP/1.1" 200 None
DEBUG: 2026-03-12 13:00:11,176 - Starting new HTTPS connection (1): bulkapi.millionverifier.com:443
DEBUG: 2026-03-12 13:00:11,566 - https://bulkapi.millionverifier.com:443 "GET /bulkapi/v2/fileinfo?key=***REMOVED***&file_id=30367929 HTTP/1.1" 200 None
DEBUG: 2026-03-12 13:00:11,572 - Starting new HTTPS connection (1): bulkapi.millionverifier.com:443
DEBUG: 2026-03-12 13:00:11,960 - https://bulkapi.millionverifier.com:443 "GET /bulkapi/v2/fileinfo?key=***REMOVED***&file_id=30368294 HTTP/1.1" 200 None
DEBUG: 2026-03-12 13:00:11,966 - Starting new HTTPS connection (1): bulkapi.millionverifier.com:443
DEBUG: 2026-03-12 13:00:12,242 - https://bulkapi.millionverifier.com:443 "GET /bulkapi/v2/fileinfo?key=***REMOVED***&file_id=30368730 HTTP/1.1" 200 None
INFO: 2026-03-12 13:00:12,244 - FINISHED LOOP

INFO: 2026-03-12 13:10:07,147 - STARTING LOOP
DEBUG: 2026-03-12 13:10:07,208 - Starting new HTTPS connection (1): bulkapi.millionverifier.com:443
DEBUG: 2026-03-12 13:10:07,552 - https://bulkapi.millionverifier.com:443 "GET /bulkapi/v2/fileinfo?key=***REMOVED***&file_id=30367215 HTTP/1.1" 200 None
DEBUG: 2026-03-12 13:10:07,559 - Starting new HTTPS connection (1): bulkapi.millionverifier.com:443
DEBUG: 2026-03-12 13:10:07,980 - https://bulkapi.millionverifier.com:443 "GET /bulkapi/v2/fileinfo?key=***REMOVED***&file_id=30367929 HTTP/1.1" 200 None
DEBUG: 2026-03-12 13:10:07,988 - Starting new HTTPS connection (1): bulkapi.millionverifier.com:443
DEBUG: 2026-03-12 13:10:08,378 - https://bulkapi.millionverifier.com:443 "GET /bulkapi/v2/fileinfo?key=***REMOVED***&file_id=30368294 HTTP/1.1" 200 None
DEBUG: 2026-03-12 13:10:08,387 - Starting new HTTPS connection (1): bulkapi.millionverifier.com:443
DEBUG: 2026-03-12 13:10:08,788 - https://bulkapi.millionverifier.com:443 "GET /bulkapi/v2/fileinfo?key=***REMOVED***&file_id=30368730 HTTP/1.1" 200 None
INFO: 2026-03-12 13:10:08,791 - FINISHED LOOP

INFO: 2026-03-12 13:20:15,436 - STARTING LOOP
DEBUG: 2026-03-12 13:20:15,505 - Starting new HTTPS connection (1): bulkapi.millionverifier.com:443
DEBUG: 2026-03-12 13:20:16,053 - https://bulkapi.millionverifier.com:443 "GET /bulkapi/v2/fileinfo?key=***REMOVED***&file_id=30367215 HTTP/1.1" 200 None
DEBUG: 2026-03-12 13:20:16,093 - Starting new HTTPS connection (1): bulkapi.millionverifier.com:443
DEBUG: 2026-03-12 13:20:16,490 - https://bulkapi.millionverifier.com:443 "GET /bulkapi/v2/fileinfo?key=***REMOVED***&file_id=30367929 HTTP/1.1" 200 None
DEBUG: 2026-03-12 13:20:16,499 - Starting new HTTPS connection (1): bulkapi.millionverifier.com:443
DEBUG: 2026-03-12 13:20:16,884 - https://bulkapi.millionverifier.com:443 "GET /bulkapi/v2/fileinfo?key=***REMOVED***&file_id=30368294 HTTP/1.1" 200 None
DEBUG: 2026-03-12 13:20:16,893 - Starting new HTTPS connection (1): bulkapi.millionverifier.com:443
DEBUG: 2026-03-12 13:20:17,158 - https://bulkapi.millionverifier.com:443 "GET /bulkapi/v2/fileinfo?key=***REMOVED***&file_id=30368730 HTTP/1.1" 200 None
INFO: 2026-03-12 13:20:17,162 - FINISHED LOOP

INFO: 2026-03-12 13:30:08,577 - STARTING LOOP
DEBUG: 2026-03-12 13:30:08,886 - Starting new HTTPS connection (1): bulkapi.millionverifier.com:443
DEBUG: 2026-03-12 13:30:09,437 - https://bulkapi.millionverifier.com:443 "GET /bulkapi/v2/fileinfo?key=***REMOVED***&file_id=30367215 HTTP/1.1" 200 None
DEBUG: 2026-03-12 13:30:09,442 - Starting new HTTPS connection (1): bulkapi.millionverifier.com:443
DEBUG: 2026-03-12 13:30:09,832 - https://bulkapi.millionverifier.com:443 "GET /bulkapi/v2/fileinfo?key=***REMOVED***&file_id=30367929 HTTP/1.1" 200 None
DEBUG: 2026-03-12 13:30:09,839 - Starting new HTTPS connection (1): bulkapi.millionverifier.com:443
DEBUG: 2026-03-12 13:30:10,231 - https://bulkapi.millionverifier.com:443 "GET /bulkapi/v2/fileinfo?key=***REMOVED***&file_id=30368294 HTTP/1.1" 200 None
DEBUG: 2026-03-12 13:30:10,245 - Starting new HTTPS connection (1): bulkapi.millionverifier.com:443
DEBUG: 2026-03-12 13:30:10,641 - https://bulkapi.millionverifier.com:443 "GET /bulkapi/v2/fileinfo?key=***REMOVED***&file_id=30368730 HTTP/1.1" 200 None
INFO: 2026-03-12 13:30:10,645 - FINISHED LOOP

INFO: 2026-03-12 13:40:07,851 - STARTING LOOP
DEBUG: 2026-03-12 13:40:07,937 - Starting new HTTPS connection (1): bulkapi.millionverifier.com:443
DEBUG: 2026-03-12 13:40:08,475 - https://bulkapi.millionverifier.com:443 "GET /bulkapi/v2/fileinfo?key=***REMOVED***&file_id=30367215 HTTP/1.1" 200 None
DEBUG: 2026-03-12 13:40:08,486 - Starting new HTTPS connection (1): bulkapi.millionverifier.com:443
DEBUG: 2026-03-12 13:40:09,097 - https://bulkapi.millionverifier.com:443 "GET /bulkapi/v2/fileinfo?key=***REMOVED***&file_id=30367929 HTTP/1.1" 200 None
DEBUG: 2026-03-12 13:40:09,106 - Starting new HTTPS connection (1): bulkapi.millionverifier.com:443
DEBUG: 2026-03-12 13:40:09,383 - https://bulkapi.millionverifier.com:443 "GET /bulkapi/v2/fileinfo?key=***REMOVED***&file_id=30368294 HTTP/1.1" 200 None
DEBUG: 2026-03-12 13:40:09,392 - Starting new HTTPS connection (1): bulkapi.millionverifier.com:443
DEBUG: 2026-03-12 13:40:09,677 - https://bulkapi.millionverifier.com:443 "GET /bulkapi/v2/fileinfo?key=***REMOVED***&file_id=30368730 HTTP/1.1" 200 None
INFO: 2026-03-12 13:40:09,682 - FINISHED LOOP

INFO: 2026-03-12 13:50:08,142 - STARTING LOOP
DEBUG: 2026-03-12 13:50:08,221 - Starting new HTTPS connection (1): bulkapi.millionverifier.com:443
DEBUG: 2026-03-12 13:50:08,576 - https://bulkapi.millionverifier.com:443 "GET /bulkapi/v2/fileinfo?key=***REMOVED***&file_id=30367215 HTTP/1.1" 200 None
DEBUG: 2026-03-12 13:50:08,581 - Starting new HTTPS connection (1): bulkapi.millionverifier.com:443
DEBUG: 2026-03-12 13:50:08,985 - https://bulkapi.millionverifier.com:443 "GET /bulkapi/v2/fileinfo?key=***REMOVED***&file_id=30367929 HTTP/1.1" 200 None
DEBUG: 2026-03-12 13:50:08,996 - Starting new HTTPS connection (1): bulkapi.millionverifier.com:443
DEBUG: 2026-03-12 13:50:09,309 - https://bulkapi.millionverifier.com:443 "GET /bulkapi/v2/fileinfo?key=***REMOVED***&file_id=30368294 HTTP/1.1" 200 None
DEBUG: 2026-03-12 13:50:09,320 - Starting new HTTPS connection (1): bulkapi.millionverifier.com:443
DEBUG: 2026-03-12 13:50:09,736 - https://bulkapi.millionverifier.com:443 "GET /bulkapi/v2/fileinfo?key=***REMOVED***&file_id=30368730 HTTP/1.1" 200 None
INFO: 2026-03-12 13:50:09,740 - FINISHED LOOP

INFO: 2026-03-12 14:00:10,055 - STARTING LOOP
DEBUG: 2026-03-12 14:00:10,140 - Starting new HTTPS connection (1): bulkapi.millionverifier.com:443
DEBUG: 2026-03-12 14:00:10,655 - https://bulkapi.millionverifier.com:443 "GET /bulkapi/v2/fileinfo?key=***REMOVED***&file_id=30367215 HTTP/1.1" 200 None
DEBUG: 2026-03-12 14:00:10,681 - Starting new HTTPS connection (1): bulkapi.millionverifier.com:443
DEBUG: 2026-03-12 14:00:11,104 - https://bulkapi.millionverifier.com:443 "GET /bulkapi/v2/fileinfo?key=***REMOVED***&file_id=30367929 HTTP/1.1" 200 None
DEBUG: 2026-03-12 14:00:11,117 - Starting new HTTPS connection (1): bulkapi.millionverifier.com:443
DEBUG: 2026-03-12 14:00:11,424 - https://bulkapi.millionverifier.com:443 "GET /bulkapi/v2/fileinfo?key=***REMOVED***&file_id=30368294 HTTP/1.1" 200 None
DEBUG: 2026-03-12 14:00:11,435 - Starting new HTTPS connection (1): bulkapi.millionverifier.com:443
DEBUG: 2026-03-12 14:00:11,847 - https://bulkapi.millionverifier.com:443 "GET /bulkapi/v2/fileinfo?key=***REMOVED***&file_id=30368730 HTTP/1.1" 200 None
INFO: 2026-03-12 14:00:11,850 - FINISHED LOOP

INFO: 2026-03-12 14:10:13,103 - STARTING LOOP
DEBUG: 2026-03-12 14:10:14,498 - Starting new HTTPS connection (1): bulkapi.millionverifier.com:443
DEBUG: 2026-03-12 14:10:14,998 - https://bulkapi.millionverifier.com:443 "GET /bulkapi/v2/fileinfo?key=***REMOVED***&file_id=30367215 HTTP/1.1" 200 None
DEBUG: 2026-03-12 14:10:15,012 - Starting new HTTPS connection (1): bulkapi.millionverifier.com:443
DEBUG: 2026-03-12 14:10:15,407 - https://bulkapi.millionverifier.com:443 "GET /bulkapi/v2/fileinfo?key=***REMOVED***&file_id=30367929 HTTP/1.1" 200 None
DEBUG: 2026-03-12 14:10:15,415 - Starting new HTTPS connection (1): bulkapi.millionverifier.com:443
DEBUG: 2026-03-12 14:10:15,805 - https://bulkapi.millionverifier.com:443 "GET /bulkapi/v2/fileinfo?key=***REMOVED***&file_id=30368294 HTTP/1.1" 200 None
DEBUG: 2026-03-12 14:10:15,811 - Starting new HTTPS connection (1): bulkapi.millionverifier.com:443
DEBUG: 2026-03-12 14:10:16,084 - https://bulkapi.millionverifier.com:443 "GET /bulkapi/v2/fileinfo?key=***REMOVED***&file_id=30368730 HTTP/1.1" 200 None
INFO: 2026-03-12 14:10:16,096 - FINISHED LOOP

INFO: 2026-03-12 14:20:07,272 - STARTING LOOP
DEBUG: 2026-03-12 14:20:07,352 - Starting new HTTPS connection (1): bulkapi.millionverifier.com:443
DEBUG: 2026-03-12 14:20:07,742 - https://bulkapi.millionverifier.com:443 "GET /bulkapi/v2/fileinfo?key=***REMOVED***&file_id=30367215 HTTP/1.1" 200 None
DEBUG: 2026-03-12 14:20:07,747 - Starting new HTTPS connection (1): bulkapi.millionverifier.com:443
DEBUG: 2026-03-12 14:20:08,023 - https://bulkapi.millionverifier.com:443 "GET /bulkapi/v2/fileinfo?key=***REMOVED***&file_id=30367929 HTTP/1.1" 200 None
DEBUG: 2026-03-12 14:20:08,034 - Starting new HTTPS connection (1): bulkapi.millionverifier.com:443
DEBUG: 2026-03-12 14:20:08,428 - https://bulkapi.millionverifier.com:443 "GET /bulkapi/v2/fileinfo?key=***REMOVED***&file_id=30368294 HTTP/1.1" 200 None
DEBUG: 2026-03-12 14:20:08,434 - Starting new HTTPS connection (1): bulkapi.millionverifier.com:443
DEBUG: 2026-03-12 14:20:08,936 - https://bulkapi.millionverifier.com:443 "GET /bulkapi/v2/fileinfo?key=***REMOVED***&file_id=30368730 HTTP/1.1" 200 None
INFO: 2026-03-12 14:20:08,939 - FINISHED LOOP

INFO: 2026-03-12 14:30:07,470 - STARTING LOOP
DEBUG: 2026-03-12 14:30:07,586 - Starting new HTTPS connection (1): bulkapi.millionverifier.com:443
DEBUG: 2026-03-12 14:30:07,946 - https://bulkapi.millionverifier.com:443 "GET /bulkapi/v2/fileinfo?key=***REMOVED***&file_id=30367215 HTTP/1.1" 200 None
DEBUG: 2026-03-12 14:30:07,959 - Starting new HTTPS connection (1): bulkapi.millionverifier.com:443
DEBUG: 2026-03-12 14:30:08,253 - https://bulkapi.millionverifier.com:443 "GET /bulkapi/v2/fileinfo?key=***REMOVED***&file_id=30367929 HTTP/1.1" 200 None
DEBUG: 2026-03-12 14:30:08,263 - Starting new HTTPS connection (1): bulkapi.millionverifier.com:443
DEBUG: 2026-03-12 14:30:08,692 - https://bulkapi.millionverifier.com:443 "GET /bulkapi/v2/fileinfo?key=***REMOVED***&file_id=30368294 HTTP/1.1" 200 None
DEBUG: 2026-03-12 14:30:08,704 - Starting new HTTPS connection (1): bulkapi.millionverifier.com:443
DEBUG: 2026-03-12 14:30:09,205 - https://bulkapi.millionverifier.com:443 "GET /bulkapi/v2/fileinfo?key=***REMOVED***&file_id=30368730 HTTP/1.1" 200 None
INFO: 2026-03-12 14:30:09,209 - FINISHED LOOP

INFO: 2026-03-12 14:40:07,981 - STARTING LOOP
DEBUG: 2026-03-12 14:40:08,049 - Starting new HTTPS connection (1): bulkapi.millionverifier.com:443
DEBUG: 2026-03-12 14:40:08,351 - https://bulkapi.millionverifier.com:443 "GET /bulkapi/v2/fileinfo?key=***REMOVED***&file_id=30367215 HTTP/1.1" 200 None
DEBUG: 2026-03-12 14:40:08,356 - Starting new HTTPS connection (1): bulkapi.millionverifier.com:443
DEBUG: 2026-03-12 14:40:08,777 - https://bulkapi.millionverifier.com:443 "GET /bulkapi/v2/fileinfo?key=***REMOVED***&file_id=30367929 HTTP/1.1" 200 None
DEBUG: 2026-03-12 14:40:08,789 - Starting new HTTPS connection (1): bulkapi.millionverifier.com:443
DEBUG: 2026-03-12 14:40:09,268 - https://bulkapi.millionverifier.com:443 "GET /bulkapi/v2/fileinfo?key=***REMOVED***&file_id=30368294 HTTP/1.1" 200 None
DEBUG: 2026-03-12 14:40:09,280 - Starting new HTTPS connection (1): bulkapi.millionverifier.com:443
DEBUG: 2026-03-12 14:40:09,558 - https://bulkapi.millionverifier.com:443 "GET /bulkapi/v2/fileinfo?key=***REMOVED***&file_id=30368730 HTTP/1.1" 200 None
INFO: 2026-03-12 14:40:09,562 - FINISHED LOOP

INFO: 2026-03-12 14:50:08,653 - STARTING LOOP
DEBUG: 2026-03-12 14:50:08,712 - Starting new HTTPS connection (1): bulkapi.millionverifier.com:443
DEBUG: 2026-03-12 14:50:09,151 - https://bulkapi.millionverifier.com:443 "GET /bulkapi/v2/fileinfo?key=***REMOVED***&file_id=30367215 HTTP/1.1" 200 None
DEBUG: 2026-03-12 14:50:09,159 - Starting new HTTPS connection (1): bulkapi.millionverifier.com:443
DEBUG: 2026-03-12 14:50:09,637 - https://bulkapi.millionverifier.com:443 "GET /bulkapi/v2/fileinfo?key=***REMOVED***&file_id=30367929 HTTP/1.1" 200 None
DEBUG: 2026-03-12 14:50:09,648 - Starting new HTTPS connection (1): bulkapi.millionverifier.com:443
DEBUG: 2026-03-12 14:50:09,927 - https://bulkapi.millionverifier.com:443 "GET /bulkapi/v2/fileinfo?key=***REMOVED***&file_id=30368294 HTTP/1.1" 200 None
DEBUG: 2026-03-12 14:50:09,939 - Starting new HTTPS connection (1): bulkapi.millionverifier.com:443
DEBUG: 2026-03-12 14:50:10,330 - https://bulkapi.millionverifier.com:443 "GET /bulkapi/v2/fileinfo?key=***REMOVED***&file_id=30368730 HTTP/1.1" 200 None
INFO: 2026-03-12 14:50:10,336 - FINISHED LOOP

INFO: 2026-03-12 15:00:08,511 - STARTING LOOP
DEBUG: 2026-03-12 15:00:08,646 - Starting new HTTPS connection (1): bulkapi.millionverifier.com:443
DEBUG: 2026-03-12 15:00:09,088 - https://bulkapi.millionverifier.com:443 "GET /bulkapi/v2/fileinfo?key=***REMOVED***&file_id=30367215 HTTP/1.1" 200 None
DEBUG: 2026-03-12 15:00:09,099 - Starting new HTTPS connection (1): bulkapi.millionverifier.com:443
DEBUG: 2026-03-12 15:00:09,371 - https://bulkapi.millionverifier.com:443 "GET /bulkapi/v2/fileinfo?key=***REMOVED***&file_id=30367929 HTTP/1.1" 200 None
DEBUG: 2026-03-12 15:00:09,381 - Starting new HTTPS connection (1): bulkapi.millionverifier.com:443
DEBUG: 2026-03-12 15:00:09,760 - https://bulkapi.millionverifier.com:443 "GET /bulkapi/v2/fileinfo?key=***REMOVED***&file_id=30368294 HTTP/1.1" 200 None
DEBUG: 2026-03-12 15:00:09,772 - Starting new HTTPS connection (1): bulkapi.millionverifier.com:443
DEBUG: 2026-03-12 15:00:10,213 - https://bulkapi.millionverifier.com:443 "GET /bulkapi/v2/fileinfo?key=***REMOVED***&file_id=30368730 HTTP/1.1" 200 None
INFO: 2026-03-12 15:00:10,218 - FINISHED LOOP

INFO: 2026-03-12 15:10:18,450 - STARTING LOOP
DEBUG: 2026-03-12 15:10:18,515 - Starting new HTTPS connection (1): bulkapi.millionverifier.com:443
DEBUG: 2026-03-12 15:10:18,907 - https://bulkapi.millionverifier.com:443 "GET /bulkapi/v2/fileinfo?key=***REMOVED***&file_id=30367215 HTTP/1.1" 200 None
DEBUG: 2026-03-12 15:10:18,917 - Starting new HTTPS connection (1): bulkapi.millionverifier.com:443
DEBUG: 2026-03-12 15:10:19,324 - https://bulkapi.millionverifier.com:443 "GET /bulkapi/v2/fileinfo?key=***REMOVED***&file_id=30367929 HTTP/1.1" 200 None
DEBUG: 2026-03-12 15:10:19,334 - Starting new HTTPS connection (1): bulkapi.millionverifier.com:443
DEBUG: 2026-03-12 15:10:19,620 - https://bulkapi.millionverifier.com:443 "GET /bulkapi/v2/fileinfo?key=***REMOVED***&file_id=30368294 HTTP/1.1" 200 None
DEBUG: 2026-03-12 15:10:19,634 - Starting new HTTPS connection (1): bulkapi.millionverifier.com:443
DEBUG: 2026-03-12 15:10:19,912 - https://bulkapi.millionverifier.com:443 "GET /bulkapi/v2/fileinfo?key=***REMOVED***&file_id=30368730 HTTP/1.1" 200 None
INFO: 2026-03-12 15:10:19,916 - FINISHED LOOP

INFO: 2026-03-12 15:20:10,657 - STARTING LOOP
DEBUG: 2026-03-12 15:20:10,785 - Starting new HTTPS connection (1): bulkapi.millionverifier.com:443
DEBUG: 2026-03-12 15:20:11,411 - https://bulkapi.millionverifier.com:443 "GET /bulkapi/v2/fileinfo?key=***REMOVED***&file_id=30367215 HTTP/1.1" 200 None
DEBUG: 2026-03-12 15:20:11,421 - Starting new HTTPS connection (1): bulkapi.millionverifier.com:443
DEBUG: 2026-03-12 15:20:11,875 - https://bulkapi.millionverifier.com:443 "GET /bulkapi/v2/fileinfo?key=***REMOVED***&file_id=30367929 HTTP/1.1" 200 None
DEBUG: 2026-03-12 15:20:11,884 - Starting new HTTPS connection (1): bulkapi.millionverifier.com:443
DEBUG: 2026-03-12 15:20:12,160 - https://bulkapi.millionverifier.com:443 "GET /bulkapi/v2/fileinfo?key=***REMOVED***&file_id=30368294 HTTP/1.1" 200 None
DEBUG: 2026-03-12 15:20:12,168 - Starting new HTTPS connection (1): bulkapi.millionverifier.com:443
DEBUG: 2026-03-12 15:20:12,448 - https://bulkapi.millionverifier.com:443 "GET /bulkapi/v2/fileinfo?key=***REMOVED***&file_id=30368730 HTTP/1.1" 200 None
INFO: 2026-03-12 15:20:12,453 - FINISHED LOOP

INFO: 2026-03-12 15:30:09,232 - STARTING LOOP
DEBUG: 2026-03-12 15:30:09,297 - Starting new HTTPS connection (1): bulkapi.millionverifier.com:443
DEBUG: 2026-03-12 15:30:09,595 - https://bulkapi.millionverifier.com:443 "GET /bulkapi/v2/fileinfo?key=***REMOVED***&file_id=30367215 HTTP/1.1" 200 None
DEBUG: 2026-03-12 15:30:09,600 - Starting new HTTPS connection (1): bulkapi.millionverifier.com:443
DEBUG: 2026-03-12 15:30:09,993 - https://bulkapi.millionverifier.com:443 "GET /bulkapi/v2/fileinfo?key=***REMOVED***&file_id=30367929 HTTP/1.1" 200 None
DEBUG: 2026-03-12 15:30:10,001 - Starting new HTTPS connection (1): bulkapi.millionverifier.com:443
DEBUG: 2026-03-12 15:30:10,503 - https://bulkapi.millionverifier.com:443 "GET /bulkapi/v2/fileinfo?key=***REMOVED***&file_id=30368294 HTTP/1.1" 200 None
DEBUG: 2026-03-12 15:30:10,510 - Starting new HTTPS connection (1): bulkapi.millionverifier.com:443
DEBUG: 2026-03-12 15:30:10,930 - https://bulkapi.millionverifier.com:443 "GET /bulkapi/v2/fileinfo?key=***REMOVED***&file_id=30368730 HTTP/1.1" 200 None
INFO: 2026-03-12 15:30:10,934 - FINISHED LOOP

INFO: 2026-03-12 15:40:15,312 - STARTING LOOP
DEBUG: 2026-03-12 15:40:15,379 - Starting new HTTPS connection (1): bulkapi.millionverifier.com:443
DEBUG: 2026-03-12 15:40:15,791 - https://bulkapi.millionverifier.com:443 "GET /bulkapi/v2/fileinfo?key=***REMOVED***&file_id=30367215 HTTP/1.1" 200 None
DEBUG: 2026-03-12 15:40:15,796 - Starting new HTTPS connection (1): bulkapi.millionverifier.com:443
DEBUG: 2026-03-12 15:40:16,300 - https://bulkapi.millionverifier.com:443 "GET /bulkapi/v2/fileinfo?key=***REMOVED***&file_id=30367929 HTTP/1.1" 200 None
DEBUG: 2026-03-12 15:40:16,306 - Starting new HTTPS connection (1): bulkapi.millionverifier.com:443
DEBUG: 2026-03-12 15:40:16,579 - https://bulkapi.millionverifier.com:443 "GET /bulkapi/v2/fileinfo?key=***REMOVED***&file_id=30368294 HTTP/1.1" 200 None
DEBUG: 2026-03-12 15:40:16,596 - Starting new HTTPS connection (1): bulkapi.millionverifier.com:443
DEBUG: 2026-03-12 15:40:16,867 - https://bulkapi.millionverifier.com:443 "GET /bulkapi/v2/fileinfo?key=***REMOVED***&file_id=30368730 HTTP/1.1" 200 None
INFO: 2026-03-12 15:40:16,869 - FINISHED LOOP

INFO: 2026-03-12 15:50:10,074 - STARTING LOOP
DEBUG: 2026-03-12 15:50:10,136 - Starting new HTTPS connection (1): bulkapi.millionverifier.com:443
DEBUG: 2026-03-12 15:50:10,718 - https://bulkapi.millionverifier.com:443 "GET /bulkapi/v2/fileinfo?key=***REMOVED***&file_id=30367215 HTTP/1.1" 200 None
DEBUG: 2026-03-12 15:50:10,728 - Starting new HTTPS connection (1): bulkapi.millionverifier.com:443
DEBUG: 2026-03-12 15:50:11,245 - https://bulkapi.millionverifier.com:443 "GET /bulkapi/v2/fileinfo?key=***REMOVED***&file_id=30367929 HTTP/1.1" 200 None
DEBUG: 2026-03-12 15:50:11,257 - Starting new HTTPS connection (1): bulkapi.millionverifier.com:443
DEBUG: 2026-03-12 15:50:11,652 - https://bulkapi.millionverifier.com:443 "GET /bulkapi/v2/fileinfo?key=***REMOVED***&file_id=30368294 HTTP/1.1" 200 None
DEBUG: 2026-03-12 15:50:11,659 - Starting new HTTPS connection (1): bulkapi.millionverifier.com:443
DEBUG: 2026-03-12 15:50:11,959 - https://bulkapi.millionverifier.com:443 "GET /bulkapi/v2/fileinfo?key=***REMOVED***&file_id=30368730 HTTP/1.1" 200 None
INFO: 2026-03-12 15:50:11,965 - FINISHED LOOP

INFO: 2026-03-12 16:00:10,961 - STARTING LOOP
DEBUG: 2026-03-12 16:00:11,065 - Starting new HTTPS connection (1): bulkapi.millionverifier.com:443
DEBUG: 2026-03-12 16:00:11,510 - https://bulkapi.millionverifier.com:443 "GET /bulkapi/v2/fileinfo?key=***REMOVED***&file_id=30367215 HTTP/1.1" 200 None
DEBUG: 2026-03-12 16:00:11,517 - Starting new HTTPS connection (1): bulkapi.millionverifier.com:443
DEBUG: 2026-03-12 16:00:11,786 - https://bulkapi.millionverifier.com:443 "GET /bulkapi/v2/fileinfo?key=***REMOVED***&file_id=30367929 HTTP/1.1" 200 None
DEBUG: 2026-03-12 16:00:11,795 - Starting new HTTPS connection (1): bulkapi.millionverifier.com:443
DEBUG: 2026-03-12 16:00:12,075 - https://bulkapi.millionverifier.com:443 "GET /bulkapi/v2/fileinfo?key=***REMOVED***&file_id=30368294 HTTP/1.1" 200 None
DEBUG: 2026-03-12 16:00:12,083 - Starting new HTTPS connection (1): bulkapi.millionverifier.com:443
DEBUG: 2026-03-12 16:00:12,534 - https://bulkapi.millionverifier.com:443 "GET /bulkapi/v2/fileinfo?key=***REMOVED***&file_id=30368730 HTTP/1.1" 200 None
INFO: 2026-03-12 16:00:12,537 - FINISHED LOOP

INFO: 2026-03-12 16:10:11,918 - STARTING LOOP
DEBUG: 2026-03-12 16:10:12,107 - Starting new HTTPS connection (1): bulkapi.millionverifier.com:443
DEBUG: 2026-03-12 16:10:12,597 - https://bulkapi.millionverifier.com:443 "GET /bulkapi/v2/fileinfo?key=***REMOVED***&file_id=30367215 HTTP/1.1" 200 None
DEBUG: 2026-03-12 16:10:12,604 - Starting new HTTPS connection (1): bulkapi.millionverifier.com:443
DEBUG: 2026-03-12 16:10:12,887 - https://bulkapi.millionverifier.com:443 "GET /bulkapi/v2/fileinfo?key=***REMOVED***&file_id=30367929 HTTP/1.1" 200 None
DEBUG: 2026-03-12 16:10:12,896 - Starting new HTTPS connection (1): bulkapi.millionverifier.com:443
DEBUG: 2026-03-12 16:10:13,180 - https://bulkapi.millionverifier.com:443 "GET /bulkapi/v2/fileinfo?key=***REMOVED***&file_id=30368294 HTTP/1.1" 200 None
DEBUG: 2026-03-12 16:10:13,189 - Starting new HTTPS connection (1): bulkapi.millionverifier.com:443
DEBUG: 2026-03-12 16:10:13,638 - https://bulkapi.millionverifier.com:443 "GET /bulkapi/v2/fileinfo?key=***REMOVED***&file_id=30368730 HTTP/1.1" 200 None
INFO: 2026-03-12 16:10:13,642 - FINISHED LOOP

INFO: 2026-03-12 16:20:09,342 - STARTING LOOP
DEBUG: 2026-03-12 16:20:09,405 - Starting new HTTPS connection (1): bulkapi.millionverifier.com:443
DEBUG: 2026-03-12 16:20:09,897 - https://bulkapi.millionverifier.com:443 "GET /bulkapi/v2/fileinfo?key=***REMOVED***&file_id=30367215 HTTP/1.1" 200 None
DEBUG: 2026-03-12 16:20:09,906 - Starting new HTTPS connection (1): bulkapi.millionverifier.com:443
DEBUG: 2026-03-12 16:20:10,307 - https://bulkapi.millionverifier.com:443 "GET /bulkapi/v2/fileinfo?key=***REMOVED***&file_id=30367929 HTTP/1.1" 200 None
DEBUG: 2026-03-12 16:20:10,316 - Starting new HTTPS connection (1): bulkapi.millionverifier.com:443
DEBUG: 2026-03-12 16:20:10,571 - https://bulkapi.millionverifier.com:443 "GET /bulkapi/v2/fileinfo?key=***REMOVED***&file_id=30368294 HTTP/1.1" 200 None
DEBUG: 2026-03-12 16:20:10,580 - Starting new HTTPS connection (1): bulkapi.millionverifier.com:443
DEBUG: 2026-03-12 16:20:11,022 - https://bulkapi.millionverifier.com:443 "GET /bulkapi/v2/fileinfo?key=***REMOVED***&file_id=30368730 HTTP/1.1" 200 None
INFO: 2026-03-12 16:20:11,025 - FINISHED LOOP

INFO: 2026-03-12 16:30:09,086 - STARTING LOOP
DEBUG: 2026-03-12 16:30:09,168 - Starting new HTTPS connection (1): bulkapi.millionverifier.com:443
DEBUG: 2026-03-12 16:30:09,458 - https://bulkapi.millionverifier.com:443 "GET /bulkapi/v2/fileinfo?key=***REMOVED***&file_id=30367215 HTTP/1.1" 200 None
DEBUG: 2026-03-12 16:30:09,467 - Starting new HTTPS connection (1): bulkapi.millionverifier.com:443
DEBUG: 2026-03-12 16:30:09,733 - https://bulkapi.millionverifier.com:443 "GET /bulkapi/v2/fileinfo?key=***REMOVED***&file_id=30367929 HTTP/1.1" 200 None
DEBUG: 2026-03-12 16:30:09,742 - Starting new HTTPS connection (1): bulkapi.millionverifier.com:443
DEBUG: 2026-03-12 16:30:10,267 - https://bulkapi.millionverifier.com:443 "GET /bulkapi/v2/fileinfo?key=***REMOVED***&file_id=30368294 HTTP/1.1" 200 None
DEBUG: 2026-03-12 16:30:10,275 - Starting new HTTPS connection (1): bulkapi.millionverifier.com:443
DEBUG: 2026-03-12 16:30:10,780 - https://bulkapi.millionverifier.com:443 "GET /bulkapi/v2/fileinfo?key=***REMOVED***&file_id=30368730 HTTP/1.1" 200 None
INFO: 2026-03-12 16:30:10,783 - FINISHED LOOP

INFO: 2026-03-12 16:41:33,242 - STARTING LOOP
DEBUG: 2026-03-12 16:41:33,355 - Starting new HTTPS connection (1): bulkapi.millionverifier.com:443
DEBUG: 2026-03-12 16:41:33,749 - https://bulkapi.millionverifier.com:443 "GET /bulkapi/v2/fileinfo?key=***REMOVED***&file_id=30367215 HTTP/1.1" 200 None
DEBUG: 2026-03-12 16:41:33,757 - Starting new HTTPS connection (1): bulkapi.millionverifier.com:443
DEBUG: 2026-03-12 16:41:34,010 - https://bulkapi.millionverifier.com:443 "GET /bulkapi/v2/fileinfo?key=***REMOVED***&file_id=30367929 HTTP/1.1" 200 None
DEBUG: 2026-03-12 16:41:34,021 - Starting new HTTPS connection (1): bulkapi.millionverifier.com:443
DEBUG: 2026-03-12 16:41:34,284 - https://bulkapi.millionverifier.com:443 "GET /bulkapi/v2/fileinfo?key=***REMOVED***&file_id=30368294 HTTP/1.1" 200 None
DEBUG: 2026-03-12 16:41:34,293 - Starting new HTTPS connection (1): bulkapi.millionverifier.com:443
DEBUG: 2026-03-12 16:41:34,558 - https://bulkapi.millionverifier.com:443 "GET /bulkapi/v2/fileinfo?key=***REMOVED***&file_id=30368730 HTTP/1.1" 200 None
INFO: 2026-03-12 16:41:34,563 - FINISHED LOOP

INFO: 2026-03-12 16:50:08,726 - STARTING LOOP
DEBUG: 2026-03-12 16:50:08,805 - Starting new HTTPS connection (1): bulkapi.millionverifier.com:443
DEBUG: 2026-03-12 16:50:09,175 - https://bulkapi.millionverifier.com:443 "GET /bulkapi/v2/fileinfo?key=***REMOVED***&file_id=30367215 HTTP/1.1" 200 None
DEBUG: 2026-03-12 16:50:09,183 - Starting new HTTPS connection (1): bulkapi.millionverifier.com:443
DEBUG: 2026-03-12 16:50:09,445 - https://bulkapi.millionverifier.com:443 "GET /bulkapi/v2/fileinfo?key=***REMOVED***&file_id=30367929 HTTP/1.1" 200 None
DEBUG: 2026-03-12 16:50:09,456 - Starting new HTTPS connection (1): bulkapi.millionverifier.com:443
DEBUG: 2026-03-12 16:50:09,715 - https://bulkapi.millionverifier.com:443 "GET /bulkapi/v2/fileinfo?key=***REMOVED***&file_id=30368294 HTTP/1.1" 200 None
DEBUG: 2026-03-12 16:50:09,725 - Starting new HTTPS connection (1): bulkapi.millionverifier.com:443
DEBUG: 2026-03-12 16:50:09,979 - https://bulkapi.millionverifier.com:443 "GET /bulkapi/v2/fileinfo?key=***REMOVED***&file_id=30368730 HTTP/1.1" 200 None
INFO: 2026-03-12 16:50:09,982 - FINISHED LOOP

INFO: 2026-03-12 17:00:07,787 - STARTING LOOP
DEBUG: 2026-03-12 17:00:07,926 - Starting new HTTPS connection (1): bulkapi.millionverifier.com:443
DEBUG: 2026-03-12 17:00:08,309 - https://bulkapi.millionverifier.com:443 "GET /bulkapi/v2/fileinfo?key=***REMOVED***&file_id=30367215 HTTP/1.1" 200 None
DEBUG: 2026-03-12 17:00:08,326 - Starting new HTTPS connection (1): bulkapi.millionverifier.com:443
DEBUG: 2026-03-12 17:00:08,712 - https://bulkapi.millionverifier.com:443 "GET /bulkapi/v2/fileinfo?key=***REMOVED***&file_id=30367929 HTTP/1.1" 200 None
DEBUG: 2026-03-12 17:00:08,721 - Starting new HTTPS connection (1): bulkapi.millionverifier.com:443
DEBUG: 2026-03-12 17:00:08,984 - https://bulkapi.millionverifier.com:443 "GET /bulkapi/v2/fileinfo?key=***REMOVED***&file_id=30368294 HTTP/1.1" 200 None
DEBUG: 2026-03-12 17:00:08,993 - Starting new HTTPS connection (1): bulkapi.millionverifier.com:443
DEBUG: 2026-03-12 17:00:09,263 - https://bulkapi.millionverifier.com:443 "GET /bulkapi/v2/fileinfo?key=***REMOVED***&file_id=30368730 HTTP/1.1" 200 None
INFO: 2026-03-12 17:00:09,266 - FINISHED LOOP

INFO: 2026-03-12 17:10:11,879 - STARTING LOOP
DEBUG: 2026-03-12 17:10:11,953 - Starting new HTTPS connection (1): bulkapi.millionverifier.com:443
DEBUG: 2026-03-12 17:10:12,473 - https://bulkapi.millionverifier.com:443 "GET /bulkapi/v2/fileinfo?key=***REMOVED***&file_id=30367215 HTTP/1.1" 200 None
DEBUG: 2026-03-12 17:10:12,500 - Starting new HTTPS connection (1): bulkapi.millionverifier.com:443
DEBUG: 2026-03-12 17:10:12,775 - https://bulkapi.millionverifier.com:443 "GET /bulkapi/v2/fileinfo?key=***REMOVED***&file_id=30367929 HTTP/1.1" 200 None
DEBUG: 2026-03-12 17:10:12,787 - Starting new HTTPS connection (1): bulkapi.millionverifier.com:443
DEBUG: 2026-03-12 17:10:13,053 - https://bulkapi.millionverifier.com:443 "GET /bulkapi/v2/fileinfo?key=***REMOVED***&file_id=30368294 HTTP/1.1" 200 None
DEBUG: 2026-03-12 17:10:13,061 - Starting new HTTPS connection (1): bulkapi.millionverifier.com:443
DEBUG: 2026-03-12 17:10:13,339 - https://bulkapi.millionverifier.com:443 "GET /bulkapi/v2/fileinfo?key=***REMOVED***&file_id=30368730 HTTP/1.1" 200 None
INFO: 2026-03-12 17:10:13,344 - FINISHED LOOP

INFO: 2026-03-12 17:20:11,782 - STARTING LOOP
DEBUG: 2026-03-12 17:20:11,854 - Starting new HTTPS connection (1): bulkapi.millionverifier.com:443
DEBUG: 2026-03-12 17:20:12,275 - https://bulkapi.millionverifier.com:443 "GET /bulkapi/v2/fileinfo?key=***REMOVED***&file_id=30367215 HTTP/1.1" 200 None
DEBUG: 2026-03-12 17:20:12,281 - Starting new HTTPS connection (1): bulkapi.millionverifier.com:443
DEBUG: 2026-03-12 17:20:12,540 - https://bulkapi.millionverifier.com:443 "GET /bulkapi/v2/fileinfo?key=***REMOVED***&file_id=30367929 HTTP/1.1" 200 None
DEBUG: 2026-03-12 17:20:12,546 - Starting new HTTPS connection (1): bulkapi.millionverifier.com:443
DEBUG: 2026-03-12 17:20:12,795 - https://bulkapi.millionverifier.com:443 "GET /bulkapi/v2/fileinfo?key=***REMOVED***&file_id=30368294 HTTP/1.1" 200 None
DEBUG: 2026-03-12 17:20:12,802 - Starting new HTTPS connection (1): bulkapi.millionverifier.com:443
DEBUG: 2026-03-12 17:20:13,086 - https://bulkapi.millionverifier.com:443 "GET /bulkapi/v2/fileinfo?key=***REMOVED***&file_id=30368730 HTTP/1.1" 200 None
INFO: 2026-03-12 17:20:13,091 - FINISHED LOOP

INFO: 2026-03-12 17:30:07,533 - STARTING LOOP
DEBUG: 2026-03-12 17:30:07,585 - Starting new HTTPS connection (1): bulkapi.millionverifier.com:443
DEBUG: 2026-03-12 17:30:07,944 - https://bulkapi.millionverifier.com:443 "GET /bulkapi/v2/fileinfo?key=***REMOVED***&file_id=30367215 HTTP/1.1" 200 None
DEBUG: 2026-03-12 17:30:07,954 - Starting new HTTPS connection (1): bulkapi.millionverifier.com:443
DEBUG: 2026-03-12 17:30:08,215 - https://bulkapi.millionverifier.com:443 "GET /bulkapi/v2/fileinfo?key=***REMOVED***&file_id=30367929 HTTP/1.1" 200 None
DEBUG: 2026-03-12 17:30:08,223 - Starting new HTTPS connection (1): bulkapi.millionverifier.com:443
DEBUG: 2026-03-12 17:30:08,489 - https://bulkapi.millionverifier.com:443 "GET /bulkapi/v2/fileinfo?key=***REMOVED***&file_id=30368294 HTTP/1.1" 200 None
DEBUG: 2026-03-12 17:30:08,497 - Starting new HTTPS connection (1): bulkapi.millionverifier.com:443
DEBUG: 2026-03-12 17:30:08,770 - https://bulkapi.millionverifier.com:443 "GET /bulkapi/v2/fileinfo?key=***REMOVED***&file_id=30368730 HTTP/1.1" 200 None
INFO: 2026-03-12 17:30:08,773 - FINISHED LOOP

INFO: 2026-03-12 17:40:08,831 - STARTING LOOP
DEBUG: 2026-03-12 17:40:08,914 - Starting new HTTPS connection (1): bulkapi.millionverifier.com:443
DEBUG: 2026-03-12 17:40:09,302 - https://bulkapi.millionverifier.com:443 "GET /bulkapi/v2/fileinfo?key=***REMOVED***&file_id=30367215 HTTP/1.1" 200 None
DEBUG: 2026-03-12 17:40:09,315 - Starting new HTTPS connection (1): bulkapi.millionverifier.com:443
DEBUG: 2026-03-12 17:40:09,576 - https://bulkapi.millionverifier.com:443 "GET /bulkapi/v2/fileinfo?key=***REMOVED***&file_id=30367929 HTTP/1.1" 200 None
DEBUG: 2026-03-12 17:40:09,585 - Starting new HTTPS connection (1): bulkapi.millionverifier.com:443
DEBUG: 2026-03-12 17:40:09,864 - https://bulkapi.millionverifier.com:443 "GET /bulkapi/v2/fileinfo?key=***REMOVED***&file_id=30368294 HTTP/1.1" 200 None
DEBUG: 2026-03-12 17:40:09,875 - Starting new HTTPS connection (1): bulkapi.millionverifier.com:443
DEBUG: 2026-03-12 17:40:10,141 - https://bulkapi.millionverifier.com:443 "GET /bulkapi/v2/fileinfo?key=***REMOVED***&file_id=30368730 HTTP/1.1" 200 None
INFO: 2026-03-12 17:40:10,146 - FINISHED LOOP

INFO: 2026-03-12 17:50:08,805 - STARTING LOOP
DEBUG: 2026-03-12 17:50:08,888 - Starting new HTTPS connection (1): bulkapi.millionverifier.com:443
DEBUG: 2026-03-12 17:50:09,268 - https://bulkapi.millionverifier.com:443 "GET /bulkapi/v2/fileinfo?key=***REMOVED***&file_id=30367215 HTTP/1.1" 200 None
DEBUG: 2026-03-12 17:50:09,276 - Starting new HTTPS connection (1): bulkapi.millionverifier.com:443
DEBUG: 2026-03-12 17:50:09,563 - https://bulkapi.millionverifier.com:443 "GET /bulkapi/v2/fileinfo?key=***REMOVED***&file_id=30367929 HTTP/1.1" 200 None
DEBUG: 2026-03-12 17:50:09,572 - Starting new HTTPS connection (1): bulkapi.millionverifier.com:443
DEBUG: 2026-03-12 17:50:09,839 - https://bulkapi.millionverifier.com:443 "GET /bulkapi/v2/fileinfo?key=***REMOVED***&file_id=30368294 HTTP/1.1" 200 None
DEBUG: 2026-03-12 17:50:09,849 - Starting new HTTPS connection (1): bulkapi.millionverifier.com:443
DEBUG: 2026-03-12 17:50:10,119 - https://bulkapi.millionverifier.com:443 "GET /bulkapi/v2/fileinfo?key=***REMOVED***&file_id=30368730 HTTP/1.1" 200 None
INFO: 2026-03-12 17:50:10,147 - FINISHED LOOP

INFO: 2026-03-12 18:00:06,905 - STARTING LOOP
DEBUG: 2026-03-12 18:00:06,962 - Starting new HTTPS connection (1): bulkapi.millionverifier.com:443
DEBUG: 2026-03-12 18:00:07,353 - https://bulkapi.millionverifier.com:443 "GET /bulkapi/v2/fileinfo?key=***REMOVED***&file_id=30367215 HTTP/1.1" 200 None
DEBUG: 2026-03-12 18:00:07,359 - Starting new HTTPS connection (1): bulkapi.millionverifier.com:443
DEBUG: 2026-03-12 18:00:07,622 - https://bulkapi.millionverifier.com:443 "GET /bulkapi/v2/fileinfo?key=***REMOVED***&file_id=30367929 HTTP/1.1" 200 None
DEBUG: 2026-03-12 18:00:07,631 - Starting new HTTPS connection (1): bulkapi.millionverifier.com:443
DEBUG: 2026-03-12 18:00:07,897 - https://bulkapi.millionverifier.com:443 "GET /bulkapi/v2/fileinfo?key=***REMOVED***&file_id=30368294 HTTP/1.1" 200 None
DEBUG: 2026-03-12 18:00:07,906 - Starting new HTTPS connection (1): bulkapi.millionverifier.com:443
DEBUG: 2026-03-12 18:00:08,168 - https://bulkapi.millionverifier.com:443 "GET /bulkapi/v2/fileinfo?key=***REMOVED***&file_id=30368730 HTTP/1.1" 200 None
INFO: 2026-03-12 18:00:08,172 - FINISHED LOOP

INFO: 2026-03-12 18:10:16,977 - STARTING LOOP
DEBUG: 2026-03-12 18:10:17,040 - Starting new HTTPS connection (1): bulkapi.millionverifier.com:443
DEBUG: 2026-03-12 18:10:17,489 - https://bulkapi.millionverifier.com:443 "GET /bulkapi/v2/fileinfo?key=***REMOVED***&file_id=30367215 HTTP/1.1" 200 None
DEBUG: 2026-03-12 18:10:17,501 - Starting new HTTPS connection (1): bulkapi.millionverifier.com:443
DEBUG: 2026-03-12 18:10:17,769 - https://bulkapi.millionverifier.com:443 "GET /bulkapi/v2/fileinfo?key=***REMOVED***&file_id=30367929 HTTP/1.1" 200 None
DEBUG: 2026-03-12 18:10:17,779 - Starting new HTTPS connection (1): bulkapi.millionverifier.com:443
DEBUG: 2026-03-12 18:10:18,051 - https://bulkapi.millionverifier.com:443 "GET /bulkapi/v2/fileinfo?key=***REMOVED***&file_id=30368294 HTTP/1.1" 200 None
DEBUG: 2026-03-12 18:10:18,081 - Starting new HTTPS connection (1): bulkapi.millionverifier.com:443
DEBUG: 2026-03-12 18:10:18,361 - https://bulkapi.millionverifier.com:443 "GET /bulkapi/v2/fileinfo?key=***REMOVED***&file_id=30368730 HTTP/1.1" 200 None
INFO: 2026-03-12 18:10:18,366 - FINISHED LOOP

INFO: 2026-03-12 18:20:11,145 - STARTING LOOP
DEBUG: 2026-03-12 18:20:11,211 - Starting new HTTPS connection (1): bulkapi.millionverifier.com:443
DEBUG: 2026-03-12 18:20:11,608 - https://bulkapi.millionverifier.com:443 "GET /bulkapi/v2/fileinfo?key=***REMOVED***&file_id=30367215 HTTP/1.1" 200 None
DEBUG: 2026-03-12 18:20:11,617 - Starting new HTTPS connection (1): bulkapi.millionverifier.com:443
DEBUG: 2026-03-12 18:20:11,874 - https://bulkapi.millionverifier.com:443 "GET /bulkapi/v2/fileinfo?key=***REMOVED***&file_id=30367929 HTTP/1.1" 200 None
DEBUG: 2026-03-12 18:20:11,882 - Starting new HTTPS connection (1): bulkapi.millionverifier.com:443
DEBUG: 2026-03-12 18:20:12,143 - https://bulkapi.millionverifier.com:443 "GET /bulkapi/v2/fileinfo?key=***REMOVED***&file_id=30368294 HTTP/1.1" 200 None
DEBUG: 2026-03-12 18:20:12,148 - Starting new HTTPS connection (1): bulkapi.millionverifier.com:443
DEBUG: 2026-03-12 18:20:12,413 - https://bulkapi.millionverifier.com:443 "GET /bulkapi/v2/fileinfo?key=***REMOVED***&file_id=30368730 HTTP/1.1" 200 None
INFO: 2026-03-12 18:20:12,415 - FINISHED LOOP

INFO: 2026-03-12 18:30:10,630 - STARTING LOOP
DEBUG: 2026-03-12 18:30:10,683 - Starting new HTTPS connection (1): bulkapi.millionverifier.com:443
DEBUG: 2026-03-12 18:30:11,059 - https://bulkapi.millionverifier.com:443 "GET /bulkapi/v2/fileinfo?key=***REMOVED***&file_id=30367215 HTTP/1.1" 200 None
DEBUG: 2026-03-12 18:30:11,069 - Starting new HTTPS connection (1): bulkapi.millionverifier.com:443
DEBUG: 2026-03-12 18:30:11,350 - https://bulkapi.millionverifier.com:443 "GET /bulkapi/v2/fileinfo?key=***REMOVED***&file_id=30367929 HTTP/1.1" 200 None
DEBUG: 2026-03-12 18:30:11,360 - Starting new HTTPS connection (1): bulkapi.millionverifier.com:443
DEBUG: 2026-03-12 18:30:11,639 - https://bulkapi.millionverifier.com:443 "GET /bulkapi/v2/fileinfo?key=***REMOVED***&file_id=30368294 HTTP/1.1" 200 None
DEBUG: 2026-03-12 18:30:11,652 - Starting new HTTPS connection (1): bulkapi.millionverifier.com:443
DEBUG: 2026-03-12 18:30:11,923 - https://bulkapi.millionverifier.com:443 "GET /bulkapi/v2/fileinfo?key=***REMOVED***&file_id=30368730 HTTP/1.1" 200 None
INFO: 2026-03-12 18:30:11,926 - FINISHED LOOP

INFO: 2026-03-12 18:43:53,355 - STARTING LOOP
DEBUG: 2026-03-12 18:43:53,428 - Starting new HTTPS connection (1): bulkapi.millionverifier.com:443
DEBUG: 2026-03-12 18:43:53,880 - https://bulkapi.millionverifier.com:443 "GET /bulkapi/v2/fileinfo?key=***REMOVED***&file_id=30367215 HTTP/1.1" 200 None
DEBUG: 2026-03-12 18:43:53,884 - Starting new HTTPS connection (1): bulkapi.millionverifier.com:443
DEBUG: 2026-03-12 18:43:54,139 - https://bulkapi.millionverifier.com:443 "GET /bulkapi/v2/fileinfo?key=***REMOVED***&file_id=30367929 HTTP/1.1" 200 None
DEBUG: 2026-03-12 18:43:54,143 - Starting new HTTPS connection (1): bulkapi.millionverifier.com:443
DEBUG: 2026-03-12 18:43:54,393 - https://bulkapi.millionverifier.com:443 "GET /bulkapi/v2/fileinfo?key=***REMOVED***&file_id=30368294 HTTP/1.1" 200 None
DEBUG: 2026-03-12 18:43:54,398 - Starting new HTTPS connection (1): bulkapi.millionverifier.com:443
DEBUG: 2026-03-12 18:43:54,645 - https://bulkapi.millionverifier.com:443 "GET /bulkapi/v2/fileinfo?key=***REMOVED***&file_id=30368730 HTTP/1.1" 200 None
INFO: 2026-03-12 18:43:54,646 - FINISHED LOOP

INFO: 2026-03-12 18:50:08,225 - STARTING LOOP
DEBUG: 2026-03-12 18:50:08,252 - Starting new HTTPS connection (1): bulkapi.millionverifier.com:443
DEBUG: 2026-03-12 18:50:08,614 - https://bulkapi.millionverifier.com:443 "GET /bulkapi/v2/fileinfo?key=***REMOVED***&file_id=30367215 HTTP/1.1" 200 None
DEBUG: 2026-03-12 18:50:08,622 - Starting new HTTPS connection (1): bulkapi.millionverifier.com:443
DEBUG: 2026-03-12 18:50:08,874 - https://bulkapi.millionverifier.com:443 "GET /bulkapi/v2/fileinfo?key=***REMOVED***&file_id=30367929 HTTP/1.1" 200 None
DEBUG: 2026-03-12 18:50:08,882 - Starting new HTTPS connection (1): bulkapi.millionverifier.com:443
DEBUG: 2026-03-12 18:50:09,132 - https://bulkapi.millionverifier.com:443 "GET /bulkapi/v2/fileinfo?key=***REMOVED***&file_id=30368294 HTTP/1.1" 200 None
DEBUG: 2026-03-12 18:50:09,140 - Starting new HTTPS connection (1): bulkapi.millionverifier.com:443
DEBUG: 2026-03-12 18:50:09,398 - https://bulkapi.millionverifier.com:443 "GET /bulkapi/v2/fileinfo?key=***REMOVED***&file_id=30368730 HTTP/1.1" 200 None
INFO: 2026-03-12 18:50:09,401 - FINISHED LOOP

INFO: 2026-03-12 19:00:09,224 - STARTING LOOP
DEBUG: 2026-03-12 19:00:09,299 - Starting new HTTPS connection (1): bulkapi.millionverifier.com:443
DEBUG: 2026-03-12 19:00:09,733 - https://bulkapi.millionverifier.com:443 "GET /bulkapi/v2/fileinfo?key=***REMOVED***&file_id=30367215 HTTP/1.1" 200 None
DEBUG: 2026-03-12 19:00:09,740 - Starting new HTTPS connection (1): bulkapi.millionverifier.com:443
DEBUG: 2026-03-12 19:00:09,998 - https://bulkapi.millionverifier.com:443 "GET /bulkapi/v2/fileinfo?key=***REMOVED***&file_id=30367929 HTTP/1.1" 200 None
DEBUG: 2026-03-12 19:00:10,006 - Starting new HTTPS connection (1): bulkapi.millionverifier.com:443
DEBUG: 2026-03-12 19:00:10,302 - https://bulkapi.millionverifier.com:443 "GET /bulkapi/v2/fileinfo?key=***REMOVED***&file_id=30368294 HTTP/1.1" 200 None
DEBUG: 2026-03-12 19:00:10,310 - Starting new HTTPS connection (1): bulkapi.millionverifier.com:443
DEBUG: 2026-03-12 19:00:10,568 - https://bulkapi.millionverifier.com:443 "GET /bulkapi/v2/fileinfo?key=***REMOVED***&file_id=30368730 HTTP/1.1" 200 None
INFO: 2026-03-12 19:00:10,571 - FINISHED LOOP

INFO: 2026-03-12 19:10:08,039 - STARTING LOOP
DEBUG: 2026-03-12 19:10:08,103 - Starting new HTTPS connection (1): bulkapi.millionverifier.com:443
DEBUG: 2026-03-12 19:10:08,473 - https://bulkapi.millionverifier.com:443 "GET /bulkapi/v2/fileinfo?key=***REMOVED***&file_id=30367215 HTTP/1.1" 200 None
DEBUG: 2026-03-12 19:10:08,483 - Starting new HTTPS connection (1): bulkapi.millionverifier.com:443
DEBUG: 2026-03-12 19:10:08,736 - https://bulkapi.millionverifier.com:443 "GET /bulkapi/v2/fileinfo?key=***REMOVED***&file_id=30367929 HTTP/1.1" 200 None
DEBUG: 2026-03-12 19:10:08,744 - Starting new HTTPS connection (1): bulkapi.millionverifier.com:443
DEBUG: 2026-03-12 19:10:09,000 - https://bulkapi.millionverifier.com:443 "GET /bulkapi/v2/fileinfo?key=***REMOVED***&file_id=30368294 HTTP/1.1" 200 None
DEBUG: 2026-03-12 19:10:09,010 - Starting new HTTPS connection (1): bulkapi.millionverifier.com:443
DEBUG: 2026-03-12 19:10:09,264 - https://bulkapi.millionverifier.com:443 "GET /bulkapi/v2/fileinfo?key=***REMOVED***&file_id=30368730 HTTP/1.1" 200 None
INFO: 2026-03-12 19:10:09,267 - FINISHED LOOP

INFO: 2026-03-12 19:20:09,380 - STARTING LOOP
DEBUG: 2026-03-12 19:20:09,534 - Starting new HTTPS connection (1): bulkapi.millionverifier.com:443
DEBUG: 2026-03-12 19:20:09,942 - https://bulkapi.millionverifier.com:443 "GET /bulkapi/v2/fileinfo?key=***REMOVED***&file_id=30367215 HTTP/1.1" 200 None
DEBUG: 2026-03-12 19:20:09,956 - Starting new HTTPS connection (1): bulkapi.millionverifier.com:443
DEBUG: 2026-03-12 19:20:10,323 - https://bulkapi.millionverifier.com:443 "GET /bulkapi/v2/fileinfo?key=***REMOVED***&file_id=30367929 HTTP/1.1" 200 None
DEBUG: 2026-03-12 19:20:10,337 - Starting new HTTPS connection (1): bulkapi.millionverifier.com:443
DEBUG: 2026-03-12 19:20:10,611 - https://bulkapi.millionverifier.com:443 "GET /bulkapi/v2/fileinfo?key=***REMOVED***&file_id=30368294 HTTP/1.1" 200 None
DEBUG: 2026-03-12 19:20:10,621 - Starting new HTTPS connection (1): bulkapi.millionverifier.com:443
DEBUG: 2026-03-12 19:20:10,906 - https://bulkapi.millionverifier.com:443 "GET /bulkapi/v2/fileinfo?key=***REMOVED***&file_id=30368730 HTTP/1.1" 200 None
INFO: 2026-03-12 19:20:10,909 - FINISHED LOOP

INFO: 2026-03-12 19:30:28,432 - STARTING LOOP
DEBUG: 2026-03-12 19:30:28,693 - Starting new HTTPS connection (1): bulkapi.millionverifier.com:443
DEBUG: 2026-03-12 19:30:29,185 - https://bulkapi.millionverifier.com:443 "GET /bulkapi/v2/fileinfo?key=***REMOVED***&file_id=30367215 HTTP/1.1" 200 None
DEBUG: 2026-03-12 19:30:29,193 - Starting new HTTPS connection (1): bulkapi.millionverifier.com:443
DEBUG: 2026-03-12 19:30:29,626 - https://bulkapi.millionverifier.com:443 "GET /bulkapi/v2/fileinfo?key=***REMOVED***&file_id=30367929 HTTP/1.1" 200 None
DEBUG: 2026-03-12 19:30:29,634 - Starting new HTTPS connection (1): bulkapi.millionverifier.com:443
DEBUG: 2026-03-12 19:30:30,023 - https://bulkapi.millionverifier.com:443 "GET /bulkapi/v2/fileinfo?key=***REMOVED***&file_id=30368294 HTTP/1.1" 200 None
DEBUG: 2026-03-12 19:30:30,031 - Starting new HTTPS connection (1): bulkapi.millionverifier.com:443
DEBUG: 2026-03-12 19:30:30,311 - https://bulkapi.millionverifier.com:443 "GET /bulkapi/v2/fileinfo?key=***REMOVED***&file_id=30368730 HTTP/1.1" 200 None
INFO: 2026-03-12 19:30:30,313 - FINISHED LOOP

INFO: 2026-03-12 19:50:14,063 - STARTING LOOP
DEBUG: 2026-03-12 19:50:14,116 - Starting new HTTPS connection (1): bulkapi.millionverifier.com:443
DEBUG: 2026-03-12 19:50:14,558 - https://bulkapi.millionverifier.com:443 "GET /bulkapi/v2/fileinfo?key=***REMOVED***&file_id=30367215 HTTP/1.1" 200 None
DEBUG: 2026-03-12 19:50:14,565 - Starting new HTTPS connection (1): bulkapi.millionverifier.com:443
DEBUG: 2026-03-12 19:50:15,010 - https://bulkapi.millionverifier.com:443 "GET /bulkapi/v2/fileinfo?key=***REMOVED***&file_id=30367929 HTTP/1.1" 200 None
DEBUG: 2026-03-12 19:50:15,019 - Starting new HTTPS connection (1): bulkapi.millionverifier.com:443
DEBUG: 2026-03-12 19:50:15,521 - https://bulkapi.millionverifier.com:443 "GET /bulkapi/v2/fileinfo?key=***REMOVED***&file_id=30368294 HTTP/1.1" 200 None
DEBUG: 2026-03-12 19:50:15,529 - Starting new HTTPS connection (1): bulkapi.millionverifier.com:443
DEBUG: 2026-03-12 19:50:15,813 - https://bulkapi.millionverifier.com:443 "GET /bulkapi/v2/fileinfo?key=***REMOVED***&file_id=30368730 HTTP/1.1" 200 None
INFO: 2026-03-12 19:50:15,816 - FINISHED LOOP

INFO: 2026-03-12 21:00:08,702 - STARTING LOOP
DEBUG: 2026-03-12 21:00:08,781 - Starting new HTTPS connection (1): bulkapi.millionverifier.com:443
DEBUG: 2026-03-12 21:00:09,203 - https://bulkapi.millionverifier.com:443 "GET /bulkapi/v2/fileinfo?key=***REMOVED***&file_id=30367215 HTTP/1.1" 200 None
DEBUG: 2026-03-12 21:00:09,211 - Starting new HTTPS connection (1): bulkapi.millionverifier.com:443
DEBUG: 2026-03-12 21:00:09,613 - https://bulkapi.millionverifier.com:443 "GET /bulkapi/v2/fileinfo?key=***REMOVED***&file_id=30367929 HTTP/1.1" 200 None
DEBUG: 2026-03-12 21:00:09,620 - Starting new HTTPS connection (1): bulkapi.millionverifier.com:443
DEBUG: 2026-03-12 21:00:10,061 - https://bulkapi.millionverifier.com:443 "GET /bulkapi/v2/fileinfo?key=***REMOVED***&file_id=30368294 HTTP/1.1" 200 None
DEBUG: 2026-03-12 21:00:10,069 - Starting new HTTPS connection (1): bulkapi.millionverifier.com:443
DEBUG: 2026-03-12 21:00:10,488 - https://bulkapi.millionverifier.com:443 "GET /bulkapi/v2/fileinfo?key=***REMOVED***&file_id=30368730 HTTP/1.1" 200 None
INFO: 2026-03-12 21:00:10,492 - FINISHED LOOP

INFO: 2026-03-13 00:30:10,255 - STARTING LOOP
DEBUG: 2026-03-13 00:30:10,436 - Starting new HTTPS connection (1): bulkapi.millionverifier.com:443
DEBUG: 2026-03-13 00:30:10,923 - https://bulkapi.millionverifier.com:443 "GET /bulkapi/v2/fileinfo?key=***REMOVED***&file_id=30367215 HTTP/1.1" 200 None
DEBUG: 2026-03-13 00:30:10,932 - Starting new HTTPS connection (1): bulkapi.millionverifier.com:443
DEBUG: 2026-03-13 00:30:11,410 - https://bulkapi.millionverifier.com:443 "GET /bulkapi/v2/fileinfo?key=***REMOVED***&file_id=30367929 HTTP/1.1" 200 None
DEBUG: 2026-03-13 00:30:11,804 - Starting new HTTPS connection (1): bulkapi.millionverifier.com:443
DEBUG: 2026-03-13 00:30:12,285 - https://bulkapi.millionverifier.com:443 "GET /bulkapi/v2/fileinfo?key=***REMOVED***&file_id=30368294 HTTP/1.1" 200 None
DEBUG: 2026-03-13 00:30:12,293 - Starting new HTTPS connection (1): bulkapi.millionverifier.com:443
DEBUG: 2026-03-13 00:30:12,695 - https://bulkapi.millionverifier.com:443 "GET /bulkapi/v2/fileinfo?key=***REMOVED***&file_id=30368730 HTTP/1.1" 200 None
INFO: 2026-03-13 00:30:12,775 - FINISHED LOOP

INFO: 2026-03-13 01:20:05,677 - STARTING LOOP
DEBUG: 2026-03-13 01:20:05,864 - Starting new HTTPS connection (1): bulkapi.millionverifier.com:443
DEBUG: 2026-03-13 01:20:06,257 - https://bulkapi.millionverifier.com:443 "GET /bulkapi/v2/fileinfo?key=***REMOVED***&file_id=30367215 HTTP/1.1" 200 None
DEBUG: 2026-03-13 01:20:06,265 - Starting new HTTPS connection (1): bulkapi.millionverifier.com:443
DEBUG: 2026-03-13 01:20:06,633 - https://bulkapi.millionverifier.com:443 "GET /bulkapi/v2/fileinfo?key=***REMOVED***&file_id=30367929 HTTP/1.1" 200 None
DEBUG: 2026-03-13 01:20:06,641 - Starting new HTTPS connection (1): bulkapi.millionverifier.com:443
DEBUG: 2026-03-13 01:20:07,123 - https://bulkapi.millionverifier.com:443 "GET /bulkapi/v2/fileinfo?key=***REMOVED***&file_id=30368294 HTTP/1.1" 200 None
DEBUG: 2026-03-13 01:20:07,133 - Starting new HTTPS connection (1): bulkapi.millionverifier.com:443
DEBUG: 2026-03-13 01:20:07,636 - https://bulkapi.millionverifier.com:443 "GET /bulkapi/v2/fileinfo?key=***REMOVED***&file_id=30368730 HTTP/1.1" 200 None
INFO: 2026-03-13 01:20:07,641 - FINISHED LOOP

INFO: 2026-03-13 05:00:10,503 - STARTING LOOP
DEBUG: 2026-03-13 05:00:10,664 - Starting new HTTPS connection (1): bulkapi.millionverifier.com:443
DEBUG: 2026-03-13 05:00:11,087 - https://bulkapi.millionverifier.com:443 "GET /bulkapi/v2/fileinfo?key=***REMOVED***&file_id=30367215 HTTP/1.1" 200 None
DEBUG: 2026-03-13 05:00:11,095 - Starting new HTTPS connection (1): bulkapi.millionverifier.com:443
DEBUG: 2026-03-13 05:00:11,487 - https://bulkapi.millionverifier.com:443 "GET /bulkapi/v2/fileinfo?key=***REMOVED***&file_id=30367929 HTTP/1.1" 200 None
DEBUG: 2026-03-13 05:00:11,494 - Starting new HTTPS connection (1): bulkapi.millionverifier.com:443
DEBUG: 2026-03-13 05:00:11,887 - https://bulkapi.millionverifier.com:443 "GET /bulkapi/v2/fileinfo?key=***REMOVED***&file_id=30368294 HTTP/1.1" 200 None
DEBUG: 2026-03-13 05:00:11,897 - Starting new HTTPS connection (1): bulkapi.millionverifier.com:443
DEBUG: 2026-03-13 05:00:12,289 - https://bulkapi.millionverifier.com:443 "GET /bulkapi/v2/fileinfo?key=***REMOVED***&file_id=30368730 HTTP/1.1" 200 None
INFO: 2026-03-13 05:00:12,293 - FINISHED LOOP

INFO: 2026-03-13 08:10:06,172 - STARTING LOOP
DEBUG: 2026-03-13 08:10:06,349 - Starting new HTTPS connection (1): bulkapi.millionverifier.com:443
DEBUG: 2026-03-13 08:10:06,758 - https://bulkapi.millionverifier.com:443 "GET /bulkapi/v2/fileinfo?key=***REMOVED***&file_id=30367215 HTTP/1.1" 200 None
DEBUG: 2026-03-13 08:10:06,768 - Starting new HTTPS connection (1): bulkapi.millionverifier.com:443
DEBUG: 2026-03-13 08:10:07,448 - https://bulkapi.millionverifier.com:443 "GET /bulkapi/v2/fileinfo?key=***REMOVED***&file_id=30367929 HTTP/1.1" 200 None
DEBUG: 2026-03-13 08:10:07,458 - Starting new HTTPS connection (1): bulkapi.millionverifier.com:443
DEBUG: 2026-03-13 08:10:08,103 - https://bulkapi.millionverifier.com:443 "GET /bulkapi/v2/fileinfo?key=***REMOVED***&file_id=30368294 HTTP/1.1" 200 None
DEBUG: 2026-03-13 08:10:08,114 - Starting new HTTPS connection (1): bulkapi.millionverifier.com:443
DEBUG: 2026-03-13 08:10:08,388 - https://bulkapi.millionverifier.com:443 "GET /bulkapi/v2/fileinfo?key=***REMOVED***&file_id=30368730 HTTP/1.1" 200 None
INFO: 2026-03-13 08:10:08,392 - FINISHED LOOP

INFO: 2026-03-13 08:26:31,510 - STARTING LOOP
DEBUG: 2026-03-13 08:26:31,566 - Starting new HTTPS connection (1): bulkapi.millionverifier.com:443
DEBUG: 2026-03-13 08:26:31,960 - https://bulkapi.millionverifier.com:443 "GET /bulkapi/v2/fileinfo?key=***REMOVED***&file_id=30367215 HTTP/1.1" 200 None
DEBUG: 2026-03-13 08:26:31,968 - Starting new HTTPS connection (1): bulkapi.millionverifier.com:443
DEBUG: 2026-03-13 08:26:32,348 - https://bulkapi.millionverifier.com:443 "GET /bulkapi/v2/fileinfo?key=***REMOVED***&file_id=30367929 HTTP/1.1" 200 None
DEBUG: 2026-03-13 08:26:32,356 - Starting new HTTPS connection (1): bulkapi.millionverifier.com:443
DEBUG: 2026-03-13 08:26:32,666 - https://bulkapi.millionverifier.com:443 "GET /bulkapi/v2/fileinfo?key=***REMOVED***&file_id=30368294 HTTP/1.1" 200 None
DEBUG: 2026-03-13 08:26:32,674 - Starting new HTTPS connection (1): bulkapi.millionverifier.com:443
DEBUG: 2026-03-13 08:26:32,939 - https://bulkapi.millionverifier.com:443 "GET /bulkapi/v2/fileinfo?key=***REMOVED***&file_id=30368730 HTTP/1.1" 200 None
INFO: 2026-03-13 08:26:32,942 - FINISHED LOOP

INFO: 2026-03-13 08:38:39,771 - STARTING LOOP
DEBUG: 2026-03-13 08:38:39,850 - Starting new HTTPS connection (1): bulkapi.millionverifier.com:443
DEBUG: 2026-03-13 08:38:40,275 - https://bulkapi.millionverifier.com:443 "GET /bulkapi/v2/fileinfo?key=***REMOVED***&file_id=30367215 HTTP/1.1" 200 None
DEBUG: 2026-03-13 08:38:40,283 - Starting new HTTPS connection (1): bulkapi.millionverifier.com:443
DEBUG: 2026-03-13 08:38:40,671 - https://bulkapi.millionverifier.com:443 "GET /bulkapi/v2/fileinfo?key=***REMOVED***&file_id=30367929 HTTP/1.1" 200 None
DEBUG: 2026-03-13 08:38:40,678 - Starting new HTTPS connection (1): bulkapi.millionverifier.com:443
DEBUG: 2026-03-13 08:38:41,061 - https://bulkapi.millionverifier.com:443 "GET /bulkapi/v2/fileinfo?key=***REMOVED***&file_id=30368294 HTTP/1.1" 200 None
DEBUG: 2026-03-13 08:38:41,071 - Starting new HTTPS connection (1): bulkapi.millionverifier.com:443
DEBUG: 2026-03-13 08:38:41,458 - https://bulkapi.millionverifier.com:443 "GET /bulkapi/v2/fileinfo?key=***REMOVED***&file_id=30368730 HTTP/1.1" 200 None
INFO: 2026-03-13 08:38:41,462 - FINISHED LOOP

INFO: 2026-03-13 08:40:17,451 - STARTING LOOP
DEBUG: 2026-03-13 08:40:17,635 - Starting new HTTPS connection (1): bulkapi.millionverifier.com:443
DEBUG: 2026-03-13 08:40:18,059 - https://bulkapi.millionverifier.com:443 "GET /bulkapi/v2/fileinfo?key=***REMOVED***&file_id=30367215 HTTP/1.1" 200 None
DEBUG: 2026-03-13 08:40:18,073 - Starting new HTTPS connection (1): bulkapi.millionverifier.com:443
DEBUG: 2026-03-13 08:40:18,341 - https://bulkapi.millionverifier.com:443 "GET /bulkapi/v2/fileinfo?key=***REMOVED***&file_id=30367929 HTTP/1.1" 200 None
DEBUG: 2026-03-13 08:40:18,352 - Starting new HTTPS connection (1): bulkapi.millionverifier.com:443
DEBUG: 2026-03-13 08:40:18,831 - https://bulkapi.millionverifier.com:443 "GET /bulkapi/v2/fileinfo?key=***REMOVED***&file_id=30368294 HTTP/1.1" 200 None
DEBUG: 2026-03-13 08:40:18,842 - Starting new HTTPS connection (1): bulkapi.millionverifier.com:443
DEBUG: 2026-03-13 08:40:19,273 - https://bulkapi.millionverifier.com:443 "GET /bulkapi/v2/fileinfo?key=***REMOVED***&file_id=30368730 HTTP/1.1" 200 None
INFO: 2026-03-13 08:40:19,279 - FINISHED LOOP

INFO: 2026-03-13 08:50:07,631 - STARTING LOOP
DEBUG: 2026-03-13 08:50:07,709 - Starting new HTTPS connection (1): bulkapi.millionverifier.com:443
DEBUG: 2026-03-13 08:50:08,326 - https://bulkapi.millionverifier.com:443 "GET /bulkapi/v2/fileinfo?key=***REMOVED***&file_id=30367215 HTTP/1.1" 200 None
DEBUG: 2026-03-13 08:50:08,334 - Starting new HTTPS connection (1): bulkapi.millionverifier.com:443
DEBUG: 2026-03-13 08:50:09,038 - https://bulkapi.millionverifier.com:443 "GET /bulkapi/v2/fileinfo?key=***REMOVED***&file_id=30367929 HTTP/1.1" 200 None
DEBUG: 2026-03-13 08:50:09,043 - Starting new HTTPS connection (1): bulkapi.millionverifier.com:443
DEBUG: 2026-03-13 08:50:09,462 - https://bulkapi.millionverifier.com:443 "GET /bulkapi/v2/fileinfo?key=***REMOVED***&file_id=30368294 HTTP/1.1" 200 None
DEBUG: 2026-03-13 08:50:09,471 - Starting new HTTPS connection (1): bulkapi.millionverifier.com:443
DEBUG: 2026-03-13 08:50:09,874 - https://bulkapi.millionverifier.com:443 "GET /bulkapi/v2/fileinfo?key=***REMOVED***&file_id=30368730 HTTP/1.1" 200 None
INFO: 2026-03-13 08:50:09,877 - FINISHED LOOP

INFO: 2026-03-13 09:00:07,793 - STARTING LOOP
DEBUG: 2026-03-13 09:00:07,859 - Starting new HTTPS connection (1): bulkapi.millionverifier.com:443
DEBUG: 2026-03-13 09:00:08,294 - https://bulkapi.millionverifier.com:443 "GET /bulkapi/v2/fileinfo?key=***REMOVED***&file_id=30367215 HTTP/1.1" 200 None
DEBUG: 2026-03-13 09:00:08,300 - Starting new HTTPS connection (1): bulkapi.millionverifier.com:443
DEBUG: 2026-03-13 09:00:08,591 - https://bulkapi.millionverifier.com:443 "GET /bulkapi/v2/fileinfo?key=***REMOVED***&file_id=30367929 HTTP/1.1" 200 None
DEBUG: 2026-03-13 09:00:08,599 - Starting new HTTPS connection (1): bulkapi.millionverifier.com:443
DEBUG: 2026-03-13 09:00:08,989 - https://bulkapi.millionverifier.com:443 "GET /bulkapi/v2/fileinfo?key=***REMOVED***&file_id=30368294 HTTP/1.1" 200 None
DEBUG: 2026-03-13 09:00:08,998 - Starting new HTTPS connection (1): bulkapi.millionverifier.com:443
DEBUG: 2026-03-13 09:00:09,392 - https://bulkapi.millionverifier.com:443 "GET /bulkapi/v2/fileinfo?key=***REMOVED***&file_id=30368730 HTTP/1.1" 200 None
INFO: 2026-03-13 09:00:09,396 - FINISHED LOOP

INFO: 2026-03-13 09:10:09,761 - STARTING LOOP
DEBUG: 2026-03-13 09:10:09,832 - Starting new HTTPS connection (1): bulkapi.millionverifier.com:443
DEBUG: 2026-03-13 09:10:10,302 - https://bulkapi.millionverifier.com:443 "GET /bulkapi/v2/fileinfo?key=***REMOVED***&file_id=30367215 HTTP/1.1" 200 None
DEBUG: 2026-03-13 09:10:10,308 - Starting new HTTPS connection (1): bulkapi.millionverifier.com:443
DEBUG: 2026-03-13 09:10:10,570 - https://bulkapi.millionverifier.com:443 "GET /bulkapi/v2/fileinfo?key=***REMOVED***&file_id=30367929 HTTP/1.1" 200 None
DEBUG: 2026-03-13 09:10:10,577 - Starting new HTTPS connection (1): bulkapi.millionverifier.com:443
DEBUG: 2026-03-13 09:10:11,081 - https://bulkapi.millionverifier.com:443 "GET /bulkapi/v2/fileinfo?key=***REMOVED***&file_id=30368294 HTTP/1.1" 200 None
DEBUG: 2026-03-13 09:10:11,087 - Starting new HTTPS connection (1): bulkapi.millionverifier.com:443
DEBUG: 2026-03-13 09:10:11,546 - https://bulkapi.millionverifier.com:443 "GET /bulkapi/v2/fileinfo?key=***REMOVED***&file_id=30368730 HTTP/1.1" 200 None
INFO: 2026-03-13 09:10:11,550 - FINISHED LOOP

INFO: 2026-03-13 09:21:15,633 - STARTING LOOP
DEBUG: 2026-03-13 09:21:15,792 - Starting new HTTPS connection (1): bulkapi.millionverifier.com:443
DEBUG: 2026-03-13 09:21:16,291 - https://bulkapi.millionverifier.com:443 "GET /bulkapi/v2/fileinfo?key=***REMOVED***&file_id=30367215 HTTP/1.1" 200 None
DEBUG: 2026-03-13 09:21:16,300 - Starting new HTTPS connection (1): bulkapi.millionverifier.com:443
DEBUG: 2026-03-13 09:21:16,690 - https://bulkapi.millionverifier.com:443 "GET /bulkapi/v2/fileinfo?key=***REMOVED***&file_id=30367929 HTTP/1.1" 200 None
DEBUG: 2026-03-13 09:21:16,699 - Starting new HTTPS connection (1): bulkapi.millionverifier.com:443
DEBUG: 2026-03-13 09:21:17,157 - https://bulkapi.millionverifier.com:443 "GET /bulkapi/v2/fileinfo?key=***REMOVED***&file_id=30368294 HTTP/1.1" 200 None
DEBUG: 2026-03-13 09:21:17,168 - Starting new HTTPS connection (1): bulkapi.millionverifier.com:443
DEBUG: 2026-03-13 09:21:17,509 - https://bulkapi.millionverifier.com:443 "GET /bulkapi/v2/fileinfo?key=***REMOVED***&file_id=30368730 HTTP/1.1" 200 None
INFO: 2026-03-13 09:21:17,514 - FINISHED LOOP

INFO: 2026-03-13 09:30:09,514 - STARTING LOOP
DEBUG: 2026-03-13 09:30:09,565 - Starting new HTTPS connection (1): bulkapi.millionverifier.com:443
DEBUG: 2026-03-13 09:30:10,036 - https://bulkapi.millionverifier.com:443 "GET /bulkapi/v2/fileinfo?key=***REMOVED***&file_id=30367215 HTTP/1.1" 200 None
DEBUG: 2026-03-13 09:30:10,044 - Starting new HTTPS connection (1): bulkapi.millionverifier.com:443
DEBUG: 2026-03-13 09:30:10,445 - https://bulkapi.millionverifier.com:443 "GET /bulkapi/v2/fileinfo?key=***REMOVED***&file_id=30367929 HTTP/1.1" 200 None
DEBUG: 2026-03-13 09:30:10,453 - Starting new HTTPS connection (1): bulkapi.millionverifier.com:443
DEBUG: 2026-03-13 09:30:11,935 - https://bulkapi.millionverifier.com:443 "GET /bulkapi/v2/fileinfo?key=***REMOVED***&file_id=30368294 HTTP/1.1" 200 None
DEBUG: 2026-03-13 09:30:11,954 - Starting new HTTPS connection (1): bulkapi.millionverifier.com:443
DEBUG: 2026-03-13 09:30:12,310 - https://bulkapi.millionverifier.com:443 "GET /bulkapi/v2/fileinfo?key=***REMOVED***&file_id=30368730 HTTP/1.1" 200 None
INFO: 2026-03-13 09:30:12,313 - FINISHED LOOP

INFO: 2026-03-13 09:40:13,131 - STARTING LOOP
DEBUG: 2026-03-13 09:40:13,219 - Starting new HTTPS connection (1): bulkapi.millionverifier.com:443
DEBUG: 2026-03-13 09:40:13,673 - https://bulkapi.millionverifier.com:443 "GET /bulkapi/v2/fileinfo?key=***REMOVED***&file_id=30367215 HTTP/1.1" 200 None
DEBUG: 2026-03-13 09:40:13,682 - Starting new HTTPS connection (1): bulkapi.millionverifier.com:443
DEBUG: 2026-03-13 09:40:14,070 - https://bulkapi.millionverifier.com:443 "GET /bulkapi/v2/fileinfo?key=***REMOVED***&file_id=30367929 HTTP/1.1" 200 None
DEBUG: 2026-03-13 09:40:14,080 - Starting new HTTPS connection (1): bulkapi.millionverifier.com:443
DEBUG: 2026-03-13 09:40:14,533 - https://bulkapi.millionverifier.com:443 "GET /bulkapi/v2/fileinfo?key=***REMOVED***&file_id=30368294 HTTP/1.1" 200 None
DEBUG: 2026-03-13 09:40:14,542 - Starting new HTTPS connection (1): bulkapi.millionverifier.com:443
DEBUG: 2026-03-13 09:40:15,049 - https://bulkapi.millionverifier.com:443 "GET /bulkapi/v2/fileinfo?key=***REMOVED***&file_id=30368730 HTTP/1.1" 200 None
INFO: 2026-03-13 09:40:15,052 - FINISHED LOOP

INFO: 2026-03-13 09:50:11,894 - STARTING LOOP
DEBUG: 2026-03-13 09:50:11,964 - Starting new HTTPS connection (1): bulkapi.millionverifier.com:443
DEBUG: 2026-03-13 09:50:12,418 - https://bulkapi.millionverifier.com:443 "GET /bulkapi/v2/fileinfo?key=***REMOVED***&file_id=30367215 HTTP/1.1" 200 None
DEBUG: 2026-03-13 09:50:12,424 - Starting new HTTPS connection (1): bulkapi.millionverifier.com:443
DEBUG: 2026-03-13 09:50:12,829 - https://bulkapi.millionverifier.com:443 "GET /bulkapi/v2/fileinfo?key=***REMOVED***&file_id=30367929 HTTP/1.1" 200 None
DEBUG: 2026-03-13 09:50:12,839 - Starting new HTTPS connection (1): bulkapi.millionverifier.com:443
DEBUG: 2026-03-13 09:50:13,277 - https://bulkapi.millionverifier.com:443 "GET /bulkapi/v2/fileinfo?key=***REMOVED***&file_id=30368294 HTTP/1.1" 200 None
DEBUG: 2026-03-13 09:50:13,287 - Starting new HTTPS connection (1): bulkapi.millionverifier.com:443
DEBUG: 2026-03-13 09:50:13,634 - https://bulkapi.millionverifier.com:443 "GET /bulkapi/v2/fileinfo?key=***REMOVED***&file_id=30368730 HTTP/1.1" 200 None
INFO: 2026-03-13 09:50:13,637 - FINISHED LOOP

INFO: 2026-03-13 10:00:09,336 - STARTING LOOP
DEBUG: 2026-03-13 10:00:09,395 - Starting new HTTPS connection (1): bulkapi.millionverifier.com:443
DEBUG: 2026-03-13 10:00:09,822 - https://bulkapi.millionverifier.com:443 "GET /bulkapi/v2/fileinfo?key=***REMOVED***&file_id=30367215 HTTP/1.1" 200 None
DEBUG: 2026-03-13 10:00:09,829 - Starting new HTTPS connection (1): bulkapi.millionverifier.com:443
DEBUG: 2026-03-13 10:00:10,091 - https://bulkapi.millionverifier.com:443 "GET /bulkapi/v2/fileinfo?key=***REMOVED***&file_id=30367929 HTTP/1.1" 200 None
DEBUG: 2026-03-13 10:00:10,099 - Starting new HTTPS connection (1): bulkapi.millionverifier.com:443
DEBUG: 2026-03-13 10:00:10,480 - https://bulkapi.millionverifier.com:443 "GET /bulkapi/v2/fileinfo?key=***REMOVED***&file_id=30368294 HTTP/1.1" 200 None
DEBUG: 2026-03-13 10:00:10,488 - Starting new HTTPS connection (1): bulkapi.millionverifier.com:443
DEBUG: 2026-03-13 10:00:10,870 - https://bulkapi.millionverifier.com:443 "GET /bulkapi/v2/fileinfo?key=***REMOVED***&file_id=30368730 HTTP/1.1" 200 None
INFO: 2026-03-13 10:00:10,873 - FINISHED LOOP

INFO: 2026-03-13 10:10:11,752 - STARTING LOOP
DEBUG: 2026-03-13 10:10:11,844 - Starting new HTTPS connection (1): bulkapi.millionverifier.com:443
DEBUG: 2026-03-13 10:10:12,254 - https://bulkapi.millionverifier.com:443 "GET /bulkapi/v2/fileinfo?key=***REMOVED***&file_id=30367215 HTTP/1.1" 200 None
DEBUG: 2026-03-13 10:10:12,264 - Starting new HTTPS connection (1): bulkapi.millionverifier.com:443
DEBUG: 2026-03-13 10:10:12,645 - https://bulkapi.millionverifier.com:443 "GET /bulkapi/v2/fileinfo?key=***REMOVED***&file_id=30367929 HTTP/1.1" 200 None
DEBUG: 2026-03-13 10:10:12,656 - Starting new HTTPS connection (1): bulkapi.millionverifier.com:443
DEBUG: 2026-03-13 10:10:13,066 - https://bulkapi.millionverifier.com:443 "GET /bulkapi/v2/fileinfo?key=***REMOVED***&file_id=30368294 HTTP/1.1" 200 None
DEBUG: 2026-03-13 10:10:13,076 - Starting new HTTPS connection (1): bulkapi.millionverifier.com:443
DEBUG: 2026-03-13 10:10:13,358 - https://bulkapi.millionverifier.com:443 "GET /bulkapi/v2/fileinfo?key=***REMOVED***&file_id=30368730 HTTP/1.1" 200 None
INFO: 2026-03-13 10:10:13,363 - FINISHED LOOP

INFO: 2026-03-13 10:20:08,438 - STARTING LOOP
DEBUG: 2026-03-13 10:20:08,503 - Starting new HTTPS connection (1): bulkapi.millionverifier.com:443
DEBUG: 2026-03-13 10:20:08,972 - https://bulkapi.millionverifier.com:443 "GET /bulkapi/v2/fileinfo?key=***REMOVED***&file_id=30367215 HTTP/1.1" 200 None
DEBUG: 2026-03-13 10:20:08,977 - Starting new HTTPS connection (1): bulkapi.millionverifier.com:443
DEBUG: 2026-03-13 10:20:09,490 - https://bulkapi.millionverifier.com:443 "GET /bulkapi/v2/fileinfo?key=***REMOVED***&file_id=30367929 HTTP/1.1" 200 None
DEBUG: 2026-03-13 10:20:09,498 - Starting new HTTPS connection (1): bulkapi.millionverifier.com:443
DEBUG: 2026-03-13 10:20:09,906 - https://bulkapi.millionverifier.com:443 "GET /bulkapi/v2/fileinfo?key=***REMOVED***&file_id=30368294 HTTP/1.1" 200 None
DEBUG: 2026-03-13 10:20:09,914 - Starting new HTTPS connection (1): bulkapi.millionverifier.com:443
DEBUG: 2026-03-13 10:20:10,348 - https://bulkapi.millionverifier.com:443 "GET /bulkapi/v2/fileinfo?key=***REMOVED***&file_id=30368730 HTTP/1.1" 200 None
INFO: 2026-03-13 10:20:10,351 - FINISHED LOOP

INFO: 2026-03-13 10:30:08,101 - STARTING LOOP
DEBUG: 2026-03-13 10:30:08,185 - Starting new HTTPS connection (1): bulkapi.millionverifier.com:443
DEBUG: 2026-03-13 10:30:08,651 - https://bulkapi.millionverifier.com:443 "GET /bulkapi/v2/fileinfo?key=***REMOVED***&file_id=30367215 HTTP/1.1" 200 None
DEBUG: 2026-03-13 10:30:08,659 - Starting new HTTPS connection (1): bulkapi.millionverifier.com:443
DEBUG: 2026-03-13 10:30:09,140 - https://bulkapi.millionverifier.com:443 "GET /bulkapi/v2/fileinfo?key=***REMOVED***&file_id=30367929 HTTP/1.1" 200 None
DEBUG: 2026-03-13 10:30:09,147 - Starting new HTTPS connection (1): bulkapi.millionverifier.com:443
DEBUG: 2026-03-13 10:30:09,416 - https://bulkapi.millionverifier.com:443 "GET /bulkapi/v2/fileinfo?key=***REMOVED***&file_id=30368294 HTTP/1.1" 200 None
DEBUG: 2026-03-13 10:30:09,424 - Starting new HTTPS connection (1): bulkapi.millionverifier.com:443
DEBUG: 2026-03-13 10:30:09,881 - https://bulkapi.millionverifier.com:443 "GET /bulkapi/v2/fileinfo?key=***REMOVED***&file_id=30368730 HTTP/1.1" 200 None
INFO: 2026-03-13 10:30:09,885 - FINISHED LOOP

INFO: 2026-03-13 10:40:09,700 - STARTING LOOP
DEBUG: 2026-03-13 10:40:10,316 - Starting new HTTPS connection (1): bulkapi.millionverifier.com:443
DEBUG: 2026-03-13 10:40:10,717 - https://bulkapi.millionverifier.com:443 "GET /bulkapi/v2/fileinfo?key=***REMOVED***&file_id=30367215 HTTP/1.1" 200 None
DEBUG: 2026-03-13 10:40:10,727 - Starting new HTTPS connection (1): bulkapi.millionverifier.com:443
DEBUG: 2026-03-13 10:40:11,121 - https://bulkapi.millionverifier.com:443 "GET /bulkapi/v2/fileinfo?key=***REMOVED***&file_id=30367929 HTTP/1.1" 200 None
DEBUG: 2026-03-13 10:40:11,132 - Starting new HTTPS connection (1): bulkapi.millionverifier.com:443
DEBUG: 2026-03-13 10:40:11,535 - https://bulkapi.millionverifier.com:443 "GET /bulkapi/v2/fileinfo?key=***REMOVED***&file_id=30368294 HTTP/1.1" 200 None
DEBUG: 2026-03-13 10:40:11,545 - Starting new HTTPS connection (1): bulkapi.millionverifier.com:443
DEBUG: 2026-03-13 10:40:11,951 - https://bulkapi.millionverifier.com:443 "GET /bulkapi/v2/fileinfo?key=***REMOVED***&file_id=30368730 HTTP/1.1" 200 None
INFO: 2026-03-13 10:40:11,955 - FINISHED LOOP

INFO: 2026-03-13 10:50:07,478 - STARTING LOOP
DEBUG: 2026-03-13 10:50:08,355 - Starting new HTTPS connection (1): bulkapi.millionverifier.com:443
DEBUG: 2026-03-13 10:50:08,783 - https://bulkapi.millionverifier.com:443 "GET /bulkapi/v2/fileinfo?key=***REMOVED***&file_id=30367215 HTTP/1.1" 200 None
DEBUG: 2026-03-13 10:50:08,792 - Starting new HTTPS connection (1): bulkapi.millionverifier.com:443
DEBUG: 2026-03-13 10:50:09,170 - https://bulkapi.millionverifier.com:443 "GET /bulkapi/v2/fileinfo?key=***REMOVED***&file_id=30367929 HTTP/1.1" 200 None
DEBUG: 2026-03-13 10:50:09,179 - Starting new HTTPS connection (1): bulkapi.millionverifier.com:443
DEBUG: 2026-03-13 10:50:09,563 - https://bulkapi.millionverifier.com:443 "GET /bulkapi/v2/fileinfo?key=***REMOVED***&file_id=30368294 HTTP/1.1" 200 None
DEBUG: 2026-03-13 10:50:09,572 - Starting new HTTPS connection (1): bulkapi.millionverifier.com:443
DEBUG: 2026-03-13 10:50:09,963 - https://bulkapi.millionverifier.com:443 "GET /bulkapi/v2/fileinfo?key=***REMOVED***&file_id=30368730 HTTP/1.1" 200 None
INFO: 2026-03-13 10:50:09,968 - FINISHED LOOP

INFO: 2026-03-13 11:00:08,011 - STARTING LOOP
DEBUG: 2026-03-13 11:00:08,075 - Starting new HTTPS connection (1): bulkapi.millionverifier.com:443
DEBUG: 2026-03-13 11:00:08,459 - https://bulkapi.millionverifier.com:443 "GET /bulkapi/v2/fileinfo?key=***REMOVED***&file_id=30367215 HTTP/1.1" 200 None
DEBUG: 2026-03-13 11:00:08,463 - Starting new HTTPS connection (1): bulkapi.millionverifier.com:443
DEBUG: 2026-03-13 11:00:08,852 - https://bulkapi.millionverifier.com:443 "GET /bulkapi/v2/fileinfo?key=***REMOVED***&file_id=30367929 HTTP/1.1" 200 None
DEBUG: 2026-03-13 11:00:08,858 - Starting new HTTPS connection (1): bulkapi.millionverifier.com:443
DEBUG: 2026-03-13 11:00:09,126 - https://bulkapi.millionverifier.com:443 "GET /bulkapi/v2/fileinfo?key=***REMOVED***&file_id=30368294 HTTP/1.1" 200 None
DEBUG: 2026-03-13 11:00:09,133 - Starting new HTTPS connection (1): bulkapi.millionverifier.com:443
DEBUG: 2026-03-13 11:00:09,519 - https://bulkapi.millionverifier.com:443 "GET /bulkapi/v2/fileinfo?key=***REMOVED***&file_id=30368730 HTTP/1.1" 200 None
INFO: 2026-03-13 11:00:09,523 - FINISHED LOOP

INFO: 2026-03-13 11:10:13,035 - STARTING LOOP
DEBUG: 2026-03-13 11:10:13,213 - Starting new HTTPS connection (1): bulkapi.millionverifier.com:443
DEBUG: 2026-03-13 11:10:13,699 - https://bulkapi.millionverifier.com:443 "GET /bulkapi/v2/fileinfo?key=***REMOVED***&file_id=30367215 HTTP/1.1" 200 None
DEBUG: 2026-03-13 11:10:13,706 - Starting new HTTPS connection (1): bulkapi.millionverifier.com:443
DEBUG: 2026-03-13 11:10:13,965 - https://bulkapi.millionverifier.com:443 "GET /bulkapi/v2/fileinfo?key=***REMOVED***&file_id=30367929 HTTP/1.1" 200 None
DEBUG: 2026-03-13 11:10:13,975 - Starting new HTTPS connection (1): bulkapi.millionverifier.com:443
DEBUG: 2026-03-13 11:10:14,259 - https://bulkapi.millionverifier.com:443 "GET /bulkapi/v2/fileinfo?key=***REMOVED***&file_id=30368294 HTTP/1.1" 200 None
DEBUG: 2026-03-13 11:10:14,266 - Starting new HTTPS connection (1): bulkapi.millionverifier.com:443
DEBUG: 2026-03-13 11:10:14,667 - https://bulkapi.millionverifier.com:443 "GET /bulkapi/v2/fileinfo?key=***REMOVED***&file_id=30368730 HTTP/1.1" 200 None
INFO: 2026-03-13 11:10:14,673 - FINISHED LOOP

INFO: 2026-03-13 11:20:08,794 - STARTING LOOP
DEBUG: 2026-03-13 11:20:08,867 - Starting new HTTPS connection (1): bulkapi.millionverifier.com:443
DEBUG: 2026-03-13 11:20:09,308 - https://bulkapi.millionverifier.com:443 "GET /bulkapi/v2/fileinfo?key=***REMOVED***&file_id=30367215 HTTP/1.1" 200 None
DEBUG: 2026-03-13 11:20:09,314 - Starting new HTTPS connection (1): bulkapi.millionverifier.com:443
DEBUG: 2026-03-13 11:20:09,682 - https://bulkapi.millionverifier.com:443 "GET /bulkapi/v2/fileinfo?key=***REMOVED***&file_id=30367929 HTTP/1.1" 200 None
DEBUG: 2026-03-13 11:20:09,692 - Starting new HTTPS connection (1): bulkapi.millionverifier.com:443
DEBUG: 2026-03-13 11:20:10,063 - https://bulkapi.millionverifier.com:443 "GET /bulkapi/v2/fileinfo?key=***REMOVED***&file_id=30368294 HTTP/1.1" 200 None
DEBUG: 2026-03-13 11:20:10,090 - Starting new HTTPS connection (1): bulkapi.millionverifier.com:443
DEBUG: 2026-03-13 11:20:10,545 - https://bulkapi.millionverifier.com:443 "GET /bulkapi/v2/fileinfo?key=***REMOVED***&file_id=30368730 HTTP/1.1" 200 None
INFO: 2026-03-13 11:20:10,549 - FINISHED LOOP

INFO: 2026-03-13 11:30:08,147 - STARTING LOOP
DEBUG: 2026-03-13 11:30:08,206 - Starting new HTTPS connection (1): bulkapi.millionverifier.com:443
DEBUG: 2026-03-13 11:30:08,615 - https://bulkapi.millionverifier.com:443 "GET /bulkapi/v2/fileinfo?key=***REMOVED***&file_id=30367215 HTTP/1.1" 200 None
DEBUG: 2026-03-13 11:30:08,619 - Starting new HTTPS connection (1): bulkapi.millionverifier.com:443
DEBUG: 2026-03-13 11:30:09,023 - https://bulkapi.millionverifier.com:443 "GET /bulkapi/v2/fileinfo?key=***REMOVED***&file_id=30367929 HTTP/1.1" 200 None
DEBUG: 2026-03-13 11:30:09,028 - Starting new HTTPS connection (1): bulkapi.millionverifier.com:443
DEBUG: 2026-03-13 11:30:09,418 - https://bulkapi.millionverifier.com:443 "GET /bulkapi/v2/fileinfo?key=***REMOVED***&file_id=30368294 HTTP/1.1" 200 None
DEBUG: 2026-03-13 11:30:09,426 - Starting new HTTPS connection (1): bulkapi.millionverifier.com:443
DEBUG: 2026-03-13 11:30:09,699 - https://bulkapi.millionverifier.com:443 "GET /bulkapi/v2/fileinfo?key=***REMOVED***&file_id=30368730 HTTP/1.1" 200 None
INFO: 2026-03-13 11:30:09,702 - FINISHED LOOP

INFO: 2026-03-13 11:40:07,883 - STARTING LOOP
DEBUG: 2026-03-13 11:40:07,982 - Starting new HTTPS connection (1): bulkapi.millionverifier.com:443
DEBUG: 2026-03-13 11:40:08,491 - https://bulkapi.millionverifier.com:443 "GET /bulkapi/v2/fileinfo?key=***REMOVED***&file_id=30367215 HTTP/1.1" 200 None
DEBUG: 2026-03-13 11:40:08,500 - Starting new HTTPS connection (1): bulkapi.millionverifier.com:443
DEBUG: 2026-03-13 11:40:08,979 - https://bulkapi.millionverifier.com:443 "GET /bulkapi/v2/fileinfo?key=***REMOVED***&file_id=30367929 HTTP/1.1" 200 None
DEBUG: 2026-03-13 11:40:08,988 - Starting new HTTPS connection (1): bulkapi.millionverifier.com:443
DEBUG: 2026-03-13 11:40:09,341 - https://bulkapi.millionverifier.com:443 "GET /bulkapi/v2/fileinfo?key=***REMOVED***&file_id=30368294 HTTP/1.1" 200 None
DEBUG: 2026-03-13 11:40:09,370 - Starting new HTTPS connection (1): bulkapi.millionverifier.com:443
DEBUG: 2026-03-13 11:40:09,702 - https://bulkapi.millionverifier.com:443 "GET /bulkapi/v2/fileinfo?key=***REMOVED***&file_id=30368730 HTTP/1.1" 200 None
INFO: 2026-03-13 11:40:09,704 - FINISHED LOOP

INFO: 2026-03-13 11:50:10,731 - STARTING LOOP
DEBUG: 2026-03-13 11:50:10,872 - Starting new HTTPS connection (1): bulkapi.millionverifier.com:443
DEBUG: 2026-03-13 11:50:11,321 - https://bulkapi.millionverifier.com:443 "GET /bulkapi/v2/fileinfo?key=***REMOVED***&file_id=30367215 HTTP/1.1" 200 None
DEBUG: 2026-03-13 11:50:11,331 - Starting new HTTPS connection (1): bulkapi.millionverifier.com:443
DEBUG: 2026-03-13 11:50:11,702 - https://bulkapi.millionverifier.com:443 "GET /bulkapi/v2/fileinfo?key=***REMOVED***&file_id=30367929 HTTP/1.1" 200 None
DEBUG: 2026-03-13 11:50:11,710 - Starting new HTTPS connection (1): bulkapi.millionverifier.com:443
DEBUG: 2026-03-13 11:50:12,185 - https://bulkapi.millionverifier.com:443 "GET /bulkapi/v2/fileinfo?key=***REMOVED***&file_id=30368294 HTTP/1.1" 200 None
DEBUG: 2026-03-13 11:50:12,192 - Starting new HTTPS connection (1): bulkapi.millionverifier.com:443
DEBUG: 2026-03-13 11:50:12,534 - https://bulkapi.millionverifier.com:443 "GET /bulkapi/v2/fileinfo?key=***REMOVED***&file_id=30368730 HTTP/1.1" 200 None
INFO: 2026-03-13 11:50:12,536 - FINISHED LOOP

INFO: 2026-03-13 12:00:12,125 - STARTING LOOP
DEBUG: 2026-03-13 12:00:14,009 - Starting new HTTPS connection (1): bulkapi.millionverifier.com:443
DEBUG: 2026-03-13 12:00:14,636 - https://bulkapi.millionverifier.com:443 "GET /bulkapi/v2/fileinfo?key=***REMOVED***&file_id=30367215 HTTP/1.1" 200 None
DEBUG: 2026-03-13 12:00:14,669 - Starting new HTTPS connection (1): bulkapi.millionverifier.com:443
DEBUG: 2026-03-13 12:00:15,124 - https://bulkapi.millionverifier.com:443 "GET /bulkapi/v2/fileinfo?key=***REMOVED***&file_id=30367929 HTTP/1.1" 200 None
DEBUG: 2026-03-13 12:00:15,381 - Starting new HTTPS connection (1): bulkapi.millionverifier.com:443
DEBUG: 2026-03-13 12:00:15,773 - https://bulkapi.millionverifier.com:443 "GET /bulkapi/v2/fileinfo?key=***REMOVED***&file_id=30368294 HTTP/1.1" 200 None
DEBUG: 2026-03-13 12:00:15,992 - Starting new HTTPS connection (1): bulkapi.millionverifier.com:443
DEBUG: 2026-03-13 12:00:16,462 - https://bulkapi.millionverifier.com:443 "GET /bulkapi/v2/fileinfo?key=***REMOVED***&file_id=30368730 HTTP/1.1" 200 None
INFO: 2026-03-13 12:00:16,465 - FINISHED LOOP

INFO: 2026-03-13 12:10:08,410 - STARTING LOOP
DEBUG: 2026-03-13 12:10:08,473 - Starting new HTTPS connection (1): bulkapi.millionverifier.com:443
DEBUG: 2026-03-13 12:10:08,875 - https://bulkapi.millionverifier.com:443 "GET /bulkapi/v2/fileinfo?key=***REMOVED***&file_id=30367215 HTTP/1.1" 200 None
DEBUG: 2026-03-13 12:10:08,881 - Starting new HTTPS connection (1): bulkapi.millionverifier.com:443
DEBUG: 2026-03-13 12:10:09,359 - https://bulkapi.millionverifier.com:443 "GET /bulkapi/v2/fileinfo?key=***REMOVED***&file_id=30367929 HTTP/1.1" 200 None
DEBUG: 2026-03-13 12:10:09,367 - Starting new HTTPS connection (1): bulkapi.millionverifier.com:443
DEBUG: 2026-03-13 12:10:09,634 - https://bulkapi.millionverifier.com:443 "GET /bulkapi/v2/fileinfo?key=***REMOVED***&file_id=30368294 HTTP/1.1" 200 None
DEBUG: 2026-03-13 12:10:09,642 - Starting new HTTPS connection (1): bulkapi.millionverifier.com:443
DEBUG: 2026-03-13 12:10:10,074 - https://bulkapi.millionverifier.com:443 "GET /bulkapi/v2/fileinfo?key=***REMOVED***&file_id=30368730 HTTP/1.1" 200 None
INFO: 2026-03-13 12:10:10,078 - FINISHED LOOP

INFO: 2026-03-13 12:20:07,915 - STARTING LOOP
DEBUG: 2026-03-13 12:20:07,986 - Starting new HTTPS connection (1): bulkapi.millionverifier.com:443
DEBUG: 2026-03-13 12:20:08,383 - https://bulkapi.millionverifier.com:443 "GET /bulkapi/v2/fileinfo?key=***REMOVED***&file_id=30367215 HTTP/1.1" 200 None
DEBUG: 2026-03-13 12:20:08,391 - Starting new HTTPS connection (1): bulkapi.millionverifier.com:443
DEBUG: 2026-03-13 12:20:08,793 - https://bulkapi.millionverifier.com:443 "GET /bulkapi/v2/fileinfo?key=***REMOVED***&file_id=30367929 HTTP/1.1" 200 None
DEBUG: 2026-03-13 12:20:08,800 - Starting new HTTPS connection (1): bulkapi.millionverifier.com:443
DEBUG: 2026-03-13 12:20:09,193 - https://bulkapi.millionverifier.com:443 "GET /bulkapi/v2/fileinfo?key=***REMOVED***&file_id=30368294 HTTP/1.1" 200 None
DEBUG: 2026-03-13 12:20:09,203 - Starting new HTTPS connection (1): bulkapi.millionverifier.com:443
DEBUG: 2026-03-13 12:20:09,604 - https://bulkapi.millionverifier.com:443 "GET /bulkapi/v2/fileinfo?key=***REMOVED***&file_id=30368730 HTTP/1.1" 200 None
INFO: 2026-03-13 12:20:09,611 - FINISHED LOOP

INFO: 2026-03-13 12:30:09,166 - STARTING LOOP
DEBUG: 2026-03-13 12:30:09,225 - Starting new HTTPS connection (1): bulkapi.millionverifier.com:443
DEBUG: 2026-03-13 12:30:09,688 - https://bulkapi.millionverifier.com:443 "GET /bulkapi/v2/fileinfo?key=***REMOVED***&file_id=30367215 HTTP/1.1" 200 None
DEBUG: 2026-03-13 12:30:09,693 - Starting new HTTPS connection (1): bulkapi.millionverifier.com:443
DEBUG: 2026-03-13 12:30:10,066 - https://bulkapi.millionverifier.com:443 "GET /bulkapi/v2/fileinfo?key=***REMOVED***&file_id=30367929 HTTP/1.1" 200 None
DEBUG: 2026-03-13 12:30:10,071 - Starting new HTTPS connection (1): bulkapi.millionverifier.com:443
DEBUG: 2026-03-13 12:30:10,454 - https://bulkapi.millionverifier.com:443 "GET /bulkapi/v2/fileinfo?key=***REMOVED***&file_id=30368294 HTTP/1.1" 200 None
DEBUG: 2026-03-13 12:30:10,462 - Starting new HTTPS connection (1): bulkapi.millionverifier.com:443
DEBUG: 2026-03-13 12:30:10,738 - https://bulkapi.millionverifier.com:443 "GET /bulkapi/v2/fileinfo?key=***REMOVED***&file_id=30368730 HTTP/1.1" 200 None
INFO: 2026-03-13 12:30:10,741 - FINISHED LOOP

INFO: 2026-03-13 12:40:10,898 - STARTING LOOP
DEBUG: 2026-03-13 12:40:11,035 - Starting new HTTPS connection (1): bulkapi.millionverifier.com:443
DEBUG: 2026-03-13 12:40:11,557 - https://bulkapi.millionverifier.com:443 "GET /bulkapi/v2/fileinfo?key=***REMOVED***&file_id=30367215 HTTP/1.1" 200 None
DEBUG: 2026-03-13 12:40:11,563 - Starting new HTTPS connection (1): bulkapi.millionverifier.com:443
DEBUG: 2026-03-13 12:40:11,941 - https://bulkapi.millionverifier.com:443 "GET /bulkapi/v2/fileinfo?key=***REMOVED***&file_id=30367929 HTTP/1.1" 200 None
DEBUG: 2026-03-13 12:40:11,946 - Starting new HTTPS connection (1): bulkapi.millionverifier.com:443
DEBUG: 2026-03-13 12:40:12,414 - https://bulkapi.millionverifier.com:443 "GET /bulkapi/v2/fileinfo?key=***REMOVED***&file_id=30368294 HTTP/1.1" 200 None
DEBUG: 2026-03-13 12:40:12,424 - Starting new HTTPS connection (1): bulkapi.millionverifier.com:443
DEBUG: 2026-03-13 12:40:12,927 - https://bulkapi.millionverifier.com:443 "GET /bulkapi/v2/fileinfo?key=***REMOVED***&file_id=30368730 HTTP/1.1" 200 None
INFO: 2026-03-13 12:40:12,930 - FINISHED LOOP

INFO: 2026-03-13 12:50:07,851 - STARTING LOOP
DEBUG: 2026-03-13 12:50:07,927 - Starting new HTTPS connection (1): bulkapi.millionverifier.com:443
DEBUG: 2026-03-13 12:50:08,382 - https://bulkapi.millionverifier.com:443 "GET /bulkapi/v2/fileinfo?key=***REMOVED***&file_id=30367215 HTTP/1.1" 200 None
DEBUG: 2026-03-13 12:50:08,389 - Starting new HTTPS connection (1): bulkapi.millionverifier.com:443
DEBUG: 2026-03-13 12:50:08,792 - https://bulkapi.millionverifier.com:443 "GET /bulkapi/v2/fileinfo?key=***REMOVED***&file_id=30367929 HTTP/1.1" 200 None
DEBUG: 2026-03-13 12:50:08,797 - Starting new HTTPS connection (1): bulkapi.millionverifier.com:443
DEBUG: 2026-03-13 12:50:09,166 - https://bulkapi.millionverifier.com:443 "GET /bulkapi/v2/fileinfo?key=***REMOVED***&file_id=30368294 HTTP/1.1" 200 None
DEBUG: 2026-03-13 12:50:09,171 - Starting new HTTPS connection (1): bulkapi.millionverifier.com:443
DEBUG: 2026-03-13 12:50:09,715 - https://bulkapi.millionverifier.com:443 "GET /bulkapi/v2/fileinfo?key=***REMOVED***&file_id=30368730 HTTP/1.1" 200 None
INFO: 2026-03-13 12:50:09,719 - FINISHED LOOP

INFO: 2026-03-13 13:00:08,911 - STARTING LOOP
DEBUG: 2026-03-13 13:00:09,063 - Starting new HTTPS connection (1): bulkapi.millionverifier.com:443
DEBUG: 2026-03-13 13:00:09,484 - https://bulkapi.millionverifier.com:443 "GET /bulkapi/v2/fileinfo?key=***REMOVED***&file_id=30367215 HTTP/1.1" 200 None
DEBUG: 2026-03-13 13:00:09,491 - Starting new HTTPS connection (1): bulkapi.millionverifier.com:443
DEBUG: 2026-03-13 13:00:09,890 - https://bulkapi.millionverifier.com:443 "GET /bulkapi/v2/fileinfo?key=***REMOVED***&file_id=30367929 HTTP/1.1" 200 None
DEBUG: 2026-03-13 13:00:09,899 - Starting new HTTPS connection (1): bulkapi.millionverifier.com:443
DEBUG: 2026-03-13 13:00:10,291 - https://bulkapi.millionverifier.com:443 "GET /bulkapi/v2/fileinfo?key=***REMOVED***&file_id=30368294 HTTP/1.1" 200 None
DEBUG: 2026-03-13 13:00:10,298 - Starting new HTTPS connection (1): bulkapi.millionverifier.com:443
DEBUG: 2026-03-13 13:00:10,679 - https://bulkapi.millionverifier.com:443 "GET /bulkapi/v2/fileinfo?key=***REMOVED***&file_id=30368730 HTTP/1.1" 200 None
INFO: 2026-03-13 13:00:10,685 - FINISHED LOOP

INFO: 2026-03-13 13:10:08,044 - STARTING LOOP
DEBUG: 2026-03-13 13:10:08,169 - Starting new HTTPS connection (1): bulkapi.millionverifier.com:443
DEBUG: 2026-03-13 13:10:08,563 - https://bulkapi.millionverifier.com:443 "GET /bulkapi/v2/fileinfo?key=***REMOVED***&file_id=30367215 HTTP/1.1" 200 None
DEBUG: 2026-03-13 13:10:08,569 - Starting new HTTPS connection (1): bulkapi.millionverifier.com:443
DEBUG: 2026-03-13 13:10:08,970 - https://bulkapi.millionverifier.com:443 "GET /bulkapi/v2/fileinfo?key=***REMOVED***&file_id=30367929 HTTP/1.1" 200 None
DEBUG: 2026-03-13 13:10:08,974 - Starting new HTTPS connection (1): bulkapi.millionverifier.com:443
DEBUG: 2026-03-13 13:10:09,357 - https://bulkapi.millionverifier.com:443 "GET /bulkapi/v2/fileinfo?key=***REMOVED***&file_id=30368294 HTTP/1.1" 200 None
DEBUG: 2026-03-13 13:10:09,362 - Starting new HTTPS connection (1): bulkapi.millionverifier.com:443
DEBUG: 2026-03-13 13:10:09,779 - https://bulkapi.millionverifier.com:443 "GET /bulkapi/v2/fileinfo?key=***REMOVED***&file_id=30368730 HTTP/1.1" 200 None
INFO: 2026-03-13 13:10:09,781 - FINISHED LOOP

INFO: 2026-03-13 13:20:08,752 - STARTING LOOP
DEBUG: 2026-03-13 13:20:08,824 - Starting new HTTPS connection (1): bulkapi.millionverifier.com:443
DEBUG: 2026-03-13 13:20:09,317 - https://bulkapi.millionverifier.com:443 "GET /bulkapi/v2/fileinfo?key=***REMOVED***&file_id=30367215 HTTP/1.1" 200 None
DEBUG: 2026-03-13 13:20:09,323 - Starting new HTTPS connection (1): bulkapi.millionverifier.com:443
DEBUG: 2026-03-13 13:20:09,803 - https://bulkapi.millionverifier.com:443 "GET /bulkapi/v2/fileinfo?key=***REMOVED***&file_id=30367929 HTTP/1.1" 200 None
DEBUG: 2026-03-13 13:20:09,810 - Starting new HTTPS connection (1): bulkapi.millionverifier.com:443
DEBUG: 2026-03-13 13:20:10,201 - https://bulkapi.millionverifier.com:443 "GET /bulkapi/v2/fileinfo?key=***REMOVED***&file_id=30368294 HTTP/1.1" 200 None
DEBUG: 2026-03-13 13:20:10,210 - Starting new HTTPS connection (1): bulkapi.millionverifier.com:443
DEBUG: 2026-03-13 13:20:10,611 - https://bulkapi.millionverifier.com:443 "GET /bulkapi/v2/fileinfo?key=***REMOVED***&file_id=30368730 HTTP/1.1" 200 None
INFO: 2026-03-13 13:20:10,613 - FINISHED LOOP

INFO: 2026-03-13 13:30:14,596 - STARTING LOOP
DEBUG: 2026-03-13 13:30:14,784 - Starting new HTTPS connection (1): bulkapi.millionverifier.com:443
DEBUG: 2026-03-13 13:30:15,196 - https://bulkapi.millionverifier.com:443 "GET /bulkapi/v2/fileinfo?key=***REMOVED***&file_id=30367215 HTTP/1.1" 200 None
DEBUG: 2026-03-13 13:30:15,209 - Starting new HTTPS connection (1): bulkapi.millionverifier.com:443
DEBUG: 2026-03-13 13:30:15,594 - https://bulkapi.millionverifier.com:443 "GET /bulkapi/v2/fileinfo?key=***REMOVED***&file_id=30367929 HTTP/1.1" 200 None
DEBUG: 2026-03-13 13:30:15,599 - Starting new HTTPS connection (1): bulkapi.millionverifier.com:443
DEBUG: 2026-03-13 13:30:15,988 - https://bulkapi.millionverifier.com:443 "GET /bulkapi/v2/fileinfo?key=***REMOVED***&file_id=30368294 HTTP/1.1" 200 None
DEBUG: 2026-03-13 13:30:16,004 - Starting new HTTPS connection (1): bulkapi.millionverifier.com:443
DEBUG: 2026-03-13 13:30:17,368 - https://bulkapi.millionverifier.com:443 "GET /bulkapi/v2/fileinfo?key=***REMOVED***&file_id=30368730 HTTP/1.1" 200 None
INFO: 2026-03-13 13:30:17,384 - FINISHED LOOP

INFO: 2026-03-13 13:40:08,201 - STARTING LOOP
DEBUG: 2026-03-13 13:40:08,288 - Starting new HTTPS connection (1): bulkapi.millionverifier.com:443
DEBUG: 2026-03-13 13:40:08,770 - https://bulkapi.millionverifier.com:443 "GET /bulkapi/v2/fileinfo?key=***REMOVED***&file_id=30367215 HTTP/1.1" 200 None
DEBUG: 2026-03-13 13:40:08,776 - Starting new HTTPS connection (1): bulkapi.millionverifier.com:443
DEBUG: 2026-03-13 13:40:09,209 - https://bulkapi.millionverifier.com:443 "GET /bulkapi/v2/fileinfo?key=***REMOVED***&file_id=30367929 HTTP/1.1" 200 None
DEBUG: 2026-03-13 13:40:09,221 - Starting new HTTPS connection (1): bulkapi.millionverifier.com:443
DEBUG: 2026-03-13 13:40:09,504 - https://bulkapi.millionverifier.com:443 "GET /bulkapi/v2/fileinfo?key=***REMOVED***&file_id=30368294 HTTP/1.1" 200 None
DEBUG: 2026-03-13 13:40:09,512 - Starting new HTTPS connection (1): bulkapi.millionverifier.com:443
DEBUG: 2026-03-13 13:40:09,897 - https://bulkapi.millionverifier.com:443 "GET /bulkapi/v2/fileinfo?key=***REMOVED***&file_id=30368730 HTTP/1.1" 200 None
INFO: 2026-03-13 13:40:09,904 - FINISHED LOOP

INFO: 2026-03-13 13:50:27,601 - STARTING LOOP
DEBUG: 2026-03-13 13:50:27,674 - Starting new HTTPS connection (1): bulkapi.millionverifier.com:443
DEBUG: 2026-03-13 13:50:28,221 - https://bulkapi.millionverifier.com:443 "GET /bulkapi/v2/fileinfo?key=***REMOVED***&file_id=30367215 HTTP/1.1" 200 None
DEBUG: 2026-03-13 13:50:28,226 - Starting new HTTPS connection (1): bulkapi.millionverifier.com:443
DEBUG: 2026-03-13 13:50:28,614 - https://bulkapi.millionverifier.com:443 "GET /bulkapi/v2/fileinfo?key=***REMOVED***&file_id=30367929 HTTP/1.1" 200 None
DEBUG: 2026-03-13 13:50:28,629 - Starting new HTTPS connection (1): bulkapi.millionverifier.com:443
DEBUG: 2026-03-13 13:50:29,021 - https://bulkapi.millionverifier.com:443 "GET /bulkapi/v2/fileinfo?key=***REMOVED***&file_id=30368294 HTTP/1.1" 200 None
DEBUG: 2026-03-13 13:50:29,052 - Starting new HTTPS connection (1): bulkapi.millionverifier.com:443
DEBUG: 2026-03-13 13:50:29,443 - https://bulkapi.millionverifier.com:443 "GET /bulkapi/v2/fileinfo?key=***REMOVED***&file_id=30368730 HTTP/1.1" 200 None
INFO: 2026-03-13 13:50:29,446 - FINISHED LOOP

INFO: 2026-03-13 14:00:19,439 - STARTING LOOP
DEBUG: 2026-03-13 14:00:19,488 - Starting new HTTPS connection (1): bulkapi.millionverifier.com:443
DEBUG: 2026-03-13 14:00:19,967 - https://bulkapi.millionverifier.com:443 "GET /bulkapi/v2/fileinfo?key=***REMOVED***&file_id=30367215 HTTP/1.1" 200 None
DEBUG: 2026-03-13 14:00:19,971 - Starting new HTTPS connection (1): bulkapi.millionverifier.com:443
DEBUG: 2026-03-13 14:00:20,485 - https://bulkapi.millionverifier.com:443 "GET /bulkapi/v2/fileinfo?key=***REMOVED***&file_id=30367929 HTTP/1.1" 200 None
DEBUG: 2026-03-13 14:00:20,516 - Starting new HTTPS connection (1): bulkapi.millionverifier.com:443
DEBUG: 2026-03-13 14:00:20,903 - https://bulkapi.millionverifier.com:443 "GET /bulkapi/v2/fileinfo?key=***REMOVED***&file_id=30368294 HTTP/1.1" 200 None
DEBUG: 2026-03-13 14:00:20,908 - Starting new HTTPS connection (1): bulkapi.millionverifier.com:443
DEBUG: 2026-03-13 14:00:21,419 - https://bulkapi.millionverifier.com:443 "GET /bulkapi/v2/fileinfo?key=***REMOVED***&file_id=30368730 HTTP/1.1" 200 None
INFO: 2026-03-13 14:00:21,421 - FINISHED LOOP

INFO: 2026-03-13 14:10:11,828 - STARTING LOOP
DEBUG: 2026-03-13 14:10:11,914 - Starting new HTTPS connection (1): bulkapi.millionverifier.com:443
DEBUG: 2026-03-13 14:10:12,566 - https://bulkapi.millionverifier.com:443 "GET /bulkapi/v2/fileinfo?key=***REMOVED***&file_id=30367215 HTTP/1.1" 200 None
DEBUG: 2026-03-13 14:10:12,574 - Starting new HTTPS connection (1): bulkapi.millionverifier.com:443
DEBUG: 2026-03-13 14:10:12,851 - https://bulkapi.millionverifier.com:443 "GET /bulkapi/v2/fileinfo?key=***REMOVED***&file_id=30367929 HTTP/1.1" 200 None
DEBUG: 2026-03-13 14:10:12,861 - Starting new HTTPS connection (1): bulkapi.millionverifier.com:443
DEBUG: 2026-03-13 14:10:13,329 - https://bulkapi.millionverifier.com:443 "GET /bulkapi/v2/fileinfo?key=***REMOVED***&file_id=30368294 HTTP/1.1" 200 None
DEBUG: 2026-03-13 14:10:13,338 - Starting new HTTPS connection (1): bulkapi.millionverifier.com:443
DEBUG: 2026-03-13 14:10:13,741 - https://bulkapi.millionverifier.com:443 "GET /bulkapi/v2/fileinfo?key=***REMOVED***&file_id=30368730 HTTP/1.1" 200 None
INFO: 2026-03-13 14:10:13,744 - FINISHED LOOP

INFO: 2026-03-13 14:20:07,860 - STARTING LOOP
DEBUG: 2026-03-13 14:20:07,927 - Starting new HTTPS connection (1): bulkapi.millionverifier.com:443
DEBUG: 2026-03-13 14:20:08,369 - https://bulkapi.millionverifier.com:443 "GET /bulkapi/v2/fileinfo?key=***REMOVED***&file_id=30367215 HTTP/1.1" 200 None
DEBUG: 2026-03-13 14:20:08,377 - Starting new HTTPS connection (1): bulkapi.millionverifier.com:443
DEBUG: 2026-03-13 14:20:08,789 - https://bulkapi.millionverifier.com:443 "GET /bulkapi/v2/fileinfo?key=***REMOVED***&file_id=30367929 HTTP/1.1" 200 None
DEBUG: 2026-03-13 14:20:08,794 - Starting new HTTPS connection (1): bulkapi.millionverifier.com:443
DEBUG: 2026-03-13 14:20:09,257 - https://bulkapi.millionverifier.com:443 "GET /bulkapi/v2/fileinfo?key=***REMOVED***&file_id=30368294 HTTP/1.1" 200 None
DEBUG: 2026-03-13 14:20:09,268 - Starting new HTTPS connection (1): bulkapi.millionverifier.com:443
DEBUG: 2026-03-13 14:20:09,554 - https://bulkapi.millionverifier.com:443 "GET /bulkapi/v2/fileinfo?key=***REMOVED***&file_id=30368730 HTTP/1.1" 200 None
INFO: 2026-03-13 14:20:09,568 - FINISHED LOOP

INFO: 2026-03-13 14:30:11,534 - STARTING LOOP
DEBUG: 2026-03-13 14:30:11,590 - Starting new HTTPS connection (1): bulkapi.millionverifier.com:443
DEBUG: 2026-03-13 14:30:12,006 - https://bulkapi.millionverifier.com:443 "GET /bulkapi/v2/fileinfo?key=***REMOVED***&file_id=30367215 HTTP/1.1" 200 None
DEBUG: 2026-03-13 14:30:12,014 - Starting new HTTPS connection (1): bulkapi.millionverifier.com:443
DEBUG: 2026-03-13 14:30:12,275 - https://bulkapi.millionverifier.com:443 "GET /bulkapi/v2/fileinfo?key=***REMOVED***&file_id=30367929 HTTP/1.1" 200 None
DEBUG: 2026-03-13 14:30:12,284 - Starting new HTTPS connection (1): bulkapi.millionverifier.com:443
DEBUG: 2026-03-13 14:30:12,698 - https://bulkapi.millionverifier.com:443 "GET /bulkapi/v2/fileinfo?key=***REMOVED***&file_id=30368294 HTTP/1.1" 200 None
DEBUG: 2026-03-13 14:30:12,706 - Starting new HTTPS connection (1): bulkapi.millionverifier.com:443
DEBUG: 2026-03-13 14:30:13,211 - https://bulkapi.millionverifier.com:443 "GET /bulkapi/v2/fileinfo?key=***REMOVED***&file_id=30368730 HTTP/1.1" 200 None
INFO: 2026-03-13 14:30:13,217 - FINISHED LOOP

INFO: 2026-03-26 13:20:11,090 - STARTING LOOP
DEBUG: 2026-03-26 13:20:11,168 - Starting new HTTPS connection (1): bulkapi.millionverifier.com:443
DEBUG: 2026-03-26 13:20:12,253 - https://bulkapi.millionverifier.com:443 "GET /bulkapi/v2/fileinfo?key=***REMOVED***&file_id=30367215 HTTP/1.1" 200 None
DEBUG: 2026-03-26 13:20:12,261 - Starting new HTTPS connection (1): bulkapi.millionverifier.com:443
DEBUG: 2026-03-26 13:20:13,184 - https://bulkapi.millionverifier.com:443 "GET /bulkapi/v2/fileinfo?key=***REMOVED***&file_id=30367929 HTTP/1.1" 200 None
DEBUG: 2026-03-26 13:20:13,190 - Starting new HTTPS connection (1): bulkapi.millionverifier.com:443
DEBUG: 2026-03-26 13:20:13,649 - https://bulkapi.millionverifier.com:443 "GET /bulkapi/v2/fileinfo?key=***REMOVED***&file_id=30368294 HTTP/1.1" 200 None
DEBUG: 2026-03-26 13:20:13,661 - Starting new HTTPS connection (1): bulkapi.millionverifier.com:443
DEBUG: 2026-03-26 13:20:13,963 - https://bulkapi.millionverifier.com:443 "GET /bulkapi/v2/fileinfo?key=***REMOVED***&file_id=30368730 HTTP/1.1" 200 None
INFO: 2026-03-26 13:20:13,968 - FINISHED LOOP

INFO: 2026-03-26 13:30:10,924 - STARTING LOOP
DEBUG: 2026-03-26 13:30:10,994 - Starting new HTTPS connection (1): bulkapi.millionverifier.com:443
DEBUG: 2026-03-26 13:30:11,546 - https://bulkapi.millionverifier.com:443 "GET /bulkapi/v2/fileinfo?key=***REMOVED***&file_id=30367215 HTTP/1.1" 200 None
DEBUG: 2026-03-26 13:30:11,556 - Starting new HTTPS connection (1): bulkapi.millionverifier.com:443
DEBUG: 2026-03-26 13:30:11,958 - https://bulkapi.millionverifier.com:443 "GET /bulkapi/v2/fileinfo?key=***REMOVED***&file_id=30367929 HTTP/1.1" 200 None
DEBUG: 2026-03-26 13:30:11,965 - Starting new HTTPS connection (1): bulkapi.millionverifier.com:443
DEBUG: 2026-03-26 13:30:12,402 - https://bulkapi.millionverifier.com:443 "GET /bulkapi/v2/fileinfo?key=***REMOVED***&file_id=30368294 HTTP/1.1" 200 None
DEBUG: 2026-03-26 13:30:12,411 - Starting new HTTPS connection (1): bulkapi.millionverifier.com:443
DEBUG: 2026-03-26 13:30:13,021 - https://bulkapi.millionverifier.com:443 "GET /bulkapi/v2/fileinfo?key=***REMOVED***&file_id=30368730 HTTP/1.1" 200 None
INFO: 2026-03-26 13:30:13,026 - FINISHED LOOP

INFO: 2026-03-26 13:40:04,807 - STARTING LOOP
DEBUG: 2026-03-26 13:40:04,871 - Starting new HTTPS connection (1): bulkapi.millionverifier.com:443
DEBUG: 2026-03-26 13:40:05,271 - https://bulkapi.millionverifier.com:443 "GET /bulkapi/v2/fileinfo?key=***REMOVED***&file_id=30367215 HTTP/1.1" 200 None
DEBUG: 2026-03-26 13:40:05,275 - Starting new HTTPS connection (1): bulkapi.millionverifier.com:443
DEBUG: 2026-03-26 13:40:05,692 - https://bulkapi.millionverifier.com:443 "GET /bulkapi/v2/fileinfo?key=***REMOVED***&file_id=30367929 HTTP/1.1" 200 None
DEBUG: 2026-03-26 13:40:05,699 - Starting new HTTPS connection (1): bulkapi.millionverifier.com:443
DEBUG: 2026-03-26 13:40:06,251 - https://bulkapi.millionverifier.com:443 "GET /bulkapi/v2/fileinfo?key=***REMOVED***&file_id=30368294 HTTP/1.1" 200 None
DEBUG: 2026-03-26 13:40:06,254 - Starting new HTTPS connection (1): bulkapi.millionverifier.com:443
DEBUG: 2026-03-26 13:40:06,517 - https://bulkapi.millionverifier.com:443 "GET /bulkapi/v2/fileinfo?key=***REMOVED***&file_id=30368730 HTTP/1.1" 200 None
DEBUG: 2026-03-26 13:40:06,523 - Starting new HTTPS connection (1): bulkapi.millionverifier.com:443
DEBUG: 2026-03-26 13:40:06,916 - https://bulkapi.millionverifier.com:443 "GET /bulkapi/v2/fileinfo?key=***REMOVED***&file_id=30468327 HTTP/1.1" 200 None
INFO: 2026-03-26 13:40:06,924 - Downloading 2002111 - hlm_prison_research...
DEBUG: 2026-03-26 13:40:06,929 - Starting new HTTPS connection (1): bulkapi.millionverifier.com:443
DEBUG: 2026-03-26 13:40:07,335 - https://bulkapi.millionverifier.com:443 "GET /bulkapi/v2/download?key=***REMOVED***&file_id=30468327&filter=all HTTP/1.1" 200 116
DEBUG: 2026-03-26 13:40:07,340 - Encoding detection: ascii is most likely the one.
INFO: 2026-03-26 13:40:07,344 - Updating validation status... 
INFO: 2026-03-26 13:40:07,363 - DONE!
INFO: 2026-03-26 13:40:07,363 - FINISHED LOOP

INFO: 2026-03-26 13:40:08,576 - STARTING LOOP
DEBUG: 2026-03-26 13:40:08,602 - Starting new HTTPS connection (1): bulkapi.millionverifier.com:443
DEBUG: 2026-03-26 13:40:08,873 - https://bulkapi.millionverifier.com:443 "GET /bulkapi/v2/fileinfo?key=***REMOVED***&file_id=30367215 HTTP/1.1" 200 None
DEBUG: 2026-03-26 13:40:08,877 - Starting new HTTPS connection (1): bulkapi.millionverifier.com:443
DEBUG: 2026-03-26 13:40:10,043 - https://bulkapi.millionverifier.com:443 "GET /bulkapi/v2/fileinfo?key=***REMOVED***&file_id=30367929 HTTP/1.1" 200 None
DEBUG: 2026-03-26 13:40:10,052 - Starting new HTTPS connection (1): bulkapi.millionverifier.com:443
DEBUG: 2026-03-26 13:40:10,460 - https://bulkapi.millionverifier.com:443 "GET /bulkapi/v2/fileinfo?key=***REMOVED***&file_id=30368294 HTTP/1.1" 200 None
DEBUG: 2026-03-26 13:40:10,466 - Starting new HTTPS connection (1): bulkapi.millionverifier.com:443
DEBUG: 2026-03-26 13:40:10,812 - https://bulkapi.millionverifier.com:443 "GET /bulkapi/v2/fileinfo?key=***REMOVED***&file_id=30368730 HTTP/1.1" 200 None
INFO: 2026-03-26 13:40:10,815 - FINISHED LOOP

INFO: 2026-03-26 13:40:56,413 - STARTING LOOP
DEBUG: 2026-03-26 13:40:56,435 - Starting new HTTPS connection (1): bulkapi.millionverifier.com:443
DEBUG: 2026-03-26 13:40:57,509 - https://bulkapi.millionverifier.com:443 "GET /bulkapi/v2/fileinfo?key=***REMOVED***&file_id=30367215 HTTP/1.1" 200 None
DEBUG: 2026-03-26 13:40:57,519 - Starting new HTTPS connection (1): bulkapi.millionverifier.com:443
DEBUG: 2026-03-26 13:40:58,394 - https://bulkapi.millionverifier.com:443 "GET /bulkapi/v2/fileinfo?key=***REMOVED***&file_id=30367929 HTTP/1.1" 200 None
DEBUG: 2026-03-26 13:40:58,401 - Starting new HTTPS connection (1): bulkapi.millionverifier.com:443
DEBUG: 2026-03-26 13:40:58,727 - https://bulkapi.millionverifier.com:443 "GET /bulkapi/v2/fileinfo?key=***REMOVED***&file_id=30368294 HTTP/1.1" 200 None
DEBUG: 2026-03-26 13:40:58,734 - Starting new HTTPS connection (1): bulkapi.millionverifier.com:443
DEBUG: 2026-03-26 13:40:59,014 - https://bulkapi.millionverifier.com:443 "GET /bulkapi/v2/fileinfo?key=***REMOVED***&file_id=30368730 HTTP/1.1" 200 None
INFO: 2026-03-26 13:40:59,019 - FINISHED LOOP

INFO: 2026-03-26 13:50:09,033 - STARTING LOOP
DEBUG: 2026-03-26 13:50:09,111 - Starting new HTTPS connection (1): bulkapi.millionverifier.com:443
DEBUG: 2026-03-26 13:50:09,642 - https://bulkapi.millionverifier.com:443 "GET /bulkapi/v2/fileinfo?key=***REMOVED***&file_id=30367215 HTTP/1.1" 200 None
DEBUG: 2026-03-26 13:50:09,647 - Starting new HTTPS connection (1): bulkapi.millionverifier.com:443
DEBUG: 2026-03-26 13:50:10,153 - https://bulkapi.millionverifier.com:443 "GET /bulkapi/v2/fileinfo?key=***REMOVED***&file_id=30367929 HTTP/1.1" 200 None
DEBUG: 2026-03-26 13:50:10,162 - Starting new HTTPS connection (1): bulkapi.millionverifier.com:443
DEBUG: 2026-03-26 13:50:10,665 - https://bulkapi.millionverifier.com:443 "GET /bulkapi/v2/fileinfo?key=***REMOVED***&file_id=30368294 HTTP/1.1" 200 None
DEBUG: 2026-03-26 13:50:10,672 - Starting new HTTPS connection (1): bulkapi.millionverifier.com:443
DEBUG: 2026-03-26 13:50:11,066 - https://bulkapi.millionverifier.com:443 "GET /bulkapi/v2/fileinfo?key=***REMOVED***&file_id=30368730 HTTP/1.1" 200 None
DEBUG: 2026-03-26 13:50:11,074 - Starting new HTTPS connection (1): bulkapi.millionverifier.com:443
DEBUG: 2026-03-26 13:50:12,406 - https://bulkapi.millionverifier.com:443 "GET /bulkapi/v2/fileinfo?key=***REMOVED***&file_id=30468446 HTTP/1.1" 200 None
INFO: 2026-03-26 13:50:12,412 - Downloading 2002111 - hlm_prison_research...
DEBUG: 2026-03-26 13:50:12,417 - Starting new HTTPS connection (1): bulkapi.millionverifier.com:443
DEBUG: 2026-03-26 13:50:12,917 - https://bulkapi.millionverifier.com:443 "GET /bulkapi/v2/download?key=***REMOVED***&file_id=30468446&filter=all HTTP/1.1" 200 166
DEBUG: 2026-03-26 13:50:12,924 - Encoding detection: ascii is most likely the one.
INFO: 2026-03-26 13:50:12,927 - Updating validation status... 
INFO: 2026-03-26 13:50:12,957 - DONE!
INFO: 2026-03-26 13:50:12,957 - FINISHED LOOP

success!
INFO: 2026-03-26 14:00:08,195 - STARTING LOOP
DEBUG: 2026-03-26 14:00:08,245 - Starting new HTTPS connection (1): bulkapi.millionverifier.com:443
DEBUG: 2026-03-26 14:00:08,664 - https://bulkapi.millionverifier.com:443 "GET /bulkapi/v2/fileinfo?key=***REMOVED***&file_id=30367215 HTTP/1.1" 200 None
DEBUG: 2026-03-26 14:00:08,669 - Starting new HTTPS connection (1): bulkapi.millionverifier.com:443
DEBUG: 2026-03-26 14:00:09,090 - https://bulkapi.millionverifier.com:443 "GET /bulkapi/v2/fileinfo?key=***REMOVED***&file_id=30367929 HTTP/1.1" 200 None
DEBUG: 2026-03-26 14:00:09,095 - Starting new HTTPS connection (1): bulkapi.millionverifier.com:443
DEBUG: 2026-03-26 14:00:09,380 - https://bulkapi.millionverifier.com:443 "GET /bulkapi/v2/fileinfo?key=***REMOVED***&file_id=30368294 HTTP/1.1" 200 None
DEBUG: 2026-03-26 14:00:09,388 - Starting new HTTPS connection (1): bulkapi.millionverifier.com:443
DEBUG: 2026-03-26 14:00:09,785 - https://bulkapi.millionverifier.com:443 "GET /bulkapi/v2/fileinfo?key=***REMOVED***&file_id=30368730 HTTP/1.1" 200 None
INFO: 2026-03-26 14:00:09,790 - FINISHED LOOP

INFO: 2026-03-26 14:10:07,052 - STARTING LOOP
DEBUG: 2026-03-26 14:10:07,134 - Starting new HTTPS connection (1): bulkapi.millionverifier.com:443
DEBUG: 2026-03-26 14:10:07,654 - https://bulkapi.millionverifier.com:443 "GET /bulkapi/v2/fileinfo?key=***REMOVED***&file_id=30367215 HTTP/1.1" 200 None
DEBUG: 2026-03-26 14:10:07,660 - Starting new HTTPS connection (1): bulkapi.millionverifier.com:443
DEBUG: 2026-03-26 14:10:08,061 - https://bulkapi.millionverifier.com:443 "GET /bulkapi/v2/fileinfo?key=***REMOVED***&file_id=30367929 HTTP/1.1" 200 None
DEBUG: 2026-03-26 14:10:08,070 - Starting new HTTPS connection (1): bulkapi.millionverifier.com:443
DEBUG: 2026-03-26 14:10:08,500 - https://bulkapi.millionverifier.com:443 "GET /bulkapi/v2/fileinfo?key=***REMOVED***&file_id=30368294 HTTP/1.1" 200 None
DEBUG: 2026-03-26 14:10:08,508 - Starting new HTTPS connection (1): bulkapi.millionverifier.com:443
DEBUG: 2026-03-26 14:10:08,807 - https://bulkapi.millionverifier.com:443 "GET /bulkapi/v2/fileinfo?key=***REMOVED***&file_id=30368730 HTTP/1.1" 200 None
INFO: 2026-03-26 14:10:08,809 - FINISHED LOOP

INFO: 2026-03-26 14:20:08,486 - STARTING LOOP
DEBUG: 2026-03-26 14:20:08,576 - Starting new HTTPS connection (1): bulkapi.millionverifier.com:443
DEBUG: 2026-03-26 14:20:09,522 - https://bulkapi.millionverifier.com:443 "GET /bulkapi/v2/fileinfo?key=***REMOVED***&file_id=30367215 HTTP/1.1" 200 None
DEBUG: 2026-03-26 14:20:09,528 - Starting new HTTPS connection (1): bulkapi.millionverifier.com:443
DEBUG: 2026-03-26 14:20:09,983 - https://bulkapi.millionverifier.com:443 "GET /bulkapi/v2/fileinfo?key=***REMOVED***&file_id=30367929 HTTP/1.1" 200 None
DEBUG: 2026-03-26 14:20:09,992 - Starting new HTTPS connection (1): bulkapi.millionverifier.com:443
DEBUG: 2026-03-26 14:20:10,390 - https://bulkapi.millionverifier.com:443 "GET /bulkapi/v2/fileinfo?key=***REMOVED***&file_id=30368294 HTTP/1.1" 200 None
DEBUG: 2026-03-26 14:20:10,399 - Starting new HTTPS connection (1): bulkapi.millionverifier.com:443
DEBUG: 2026-03-26 14:20:10,679 - https://bulkapi.millionverifier.com:443 "GET /bulkapi/v2/fileinfo?key=***REMOVED***&file_id=30368730 HTTP/1.1" 200 None
INFO: 2026-03-26 14:20:10,683 - FINISHED LOOP

INFO: 2026-03-26 14:30:07,177 - STARTING LOOP
DEBUG: 2026-03-26 14:30:07,255 - Starting new HTTPS connection (1): bulkapi.millionverifier.com:443
DEBUG: 2026-03-26 14:30:07,742 - https://bulkapi.millionverifier.com:443 "GET /bulkapi/v2/fileinfo?key=***REMOVED***&file_id=30367215 HTTP/1.1" 200 None
DEBUG: 2026-03-26 14:30:07,751 - Starting new HTTPS connection (1): bulkapi.millionverifier.com:443
DEBUG: 2026-03-26 14:30:08,156 - https://bulkapi.millionverifier.com:443 "GET /bulkapi/v2/fileinfo?key=***REMOVED***&file_id=30367929 HTTP/1.1" 200 None
DEBUG: 2026-03-26 14:30:08,170 - Starting new HTTPS connection (1): bulkapi.millionverifier.com:443
DEBUG: 2026-03-26 14:30:08,664 - https://bulkapi.millionverifier.com:443 "GET /bulkapi/v2/fileinfo?key=***REMOVED***&file_id=30368294 HTTP/1.1" 200 None
DEBUG: 2026-03-26 14:30:08,677 - Starting new HTTPS connection (1): bulkapi.millionverifier.com:443
DEBUG: 2026-03-26 14:30:09,096 - https://bulkapi.millionverifier.com:443 "GET /bulkapi/v2/fileinfo?key=***REMOVED***&file_id=30368730 HTTP/1.1" 200 None
INFO: 2026-03-26 14:30:09,101 - FINISHED LOOP

INFO: 2026-03-26 14:40:10,425 - STARTING LOOP
DEBUG: 2026-03-26 14:40:10,483 - Starting new HTTPS connection (1): bulkapi.millionverifier.com:443
DEBUG: 2026-03-26 14:40:10,887 - https://bulkapi.millionverifier.com:443 "GET /bulkapi/v2/fileinfo?key=***REMOVED***&file_id=30367215 HTTP/1.1" 200 None
DEBUG: 2026-03-26 14:40:10,895 - Starting new HTTPS connection (1): bulkapi.millionverifier.com:443
DEBUG: 2026-03-26 14:40:11,302 - https://bulkapi.millionverifier.com:443 "GET /bulkapi/v2/fileinfo?key=***REMOVED***&file_id=30367929 HTTP/1.1" 200 None
DEBUG: 2026-03-26 14:40:11,307 - Starting new HTTPS connection (1): bulkapi.millionverifier.com:443
DEBUG: 2026-03-26 14:40:12,098 - https://bulkapi.millionverifier.com:443 "GET /bulkapi/v2/fileinfo?key=***REMOVED***&file_id=30368294 HTTP/1.1" 200 None
DEBUG: 2026-03-26 14:40:12,112 - Starting new HTTPS connection (1): bulkapi.millionverifier.com:443
DEBUG: 2026-03-26 14:40:12,381 - https://bulkapi.millionverifier.com:443 "GET /bulkapi/v2/fileinfo?key=***REMOVED***&file_id=30368730 HTTP/1.1" 200 None
DEBUG: 2026-03-26 14:40:12,385 - Starting new HTTPS connection (1): bulkapi.millionverifier.com:443
DEBUG: 2026-03-26 14:40:12,824 - https://bulkapi.millionverifier.com:443 "GET /bulkapi/v2/fileinfo?key=***REMOVED***&file_id=30468838 HTTP/1.1" 200 None
INFO: 2026-03-26 14:40:12,842 - Downloading 2002111 - hlm_prison_research...
DEBUG: 2026-03-26 14:40:12,845 - Starting new HTTPS connection (1): bulkapi.millionverifier.com:443
DEBUG: 2026-03-26 14:40:14,108 - https://bulkapi.millionverifier.com:443 "GET /bulkapi/v2/download?key=***REMOVED***&file_id=30468838&filter=all HTTP/1.1" 200 927
DEBUG: 2026-03-26 14:40:14,120 - Encoding detection: ascii is most likely the one.
INFO: 2026-03-26 14:40:14,124 - Updating validation status... 
INFO: 2026-03-26 14:40:14,231 - DONE!
INFO: 2026-03-26 14:40:14,231 - FINISHED LOOP

success!
INFO: 2026-03-26 14:50:14,756 - STARTING LOOP
DEBUG: 2026-03-26 14:50:14,816 - Starting new HTTPS connection (1): bulkapi.millionverifier.com:443
DEBUG: 2026-03-26 14:50:15,652 - https://bulkapi.millionverifier.com:443 "GET /bulkapi/v2/fileinfo?key=***REMOVED***&file_id=30367215 HTTP/1.1" 200 None
DEBUG: 2026-03-26 14:50:15,660 - Starting new HTTPS connection (1): bulkapi.millionverifier.com:443
DEBUG: 2026-03-26 14:50:16,267 - https://bulkapi.millionverifier.com:443 "GET /bulkapi/v2/fileinfo?key=***REMOVED***&file_id=30367929 HTTP/1.1" 200 None
DEBUG: 2026-03-26 14:50:16,276 - Starting new HTTPS connection (1): bulkapi.millionverifier.com:443
DEBUG: 2026-03-26 14:50:16,725 - https://bulkapi.millionverifier.com:443 "GET /bulkapi/v2/fileinfo?key=***REMOVED***&file_id=30368294 HTTP/1.1" 200 None
DEBUG: 2026-03-26 14:50:16,755 - Starting new HTTPS connection (1): bulkapi.millionverifier.com:443
DEBUG: 2026-03-26 14:50:17,230 - https://bulkapi.millionverifier.com:443 "GET /bulkapi/v2/fileinfo?key=***REMOVED***&file_id=30368730 HTTP/1.1" 200 None
DEBUG: 2026-03-26 14:50:17,239 - Starting new HTTPS connection (1): bulkapi.millionverifier.com:443
DEBUG: 2026-03-26 14:50:17,749 - https://bulkapi.millionverifier.com:443 "GET /bulkapi/v2/fileinfo?key=***REMOVED***&file_id=30468990 HTTP/1.1" 200 None
INFO: 2026-03-26 14:50:17,753 - FINISHED LOOP

INFO: 2026-03-26 15:00:08,337 - STARTING LOOP
DEBUG: 2026-03-26 15:00:08,398 - Starting new HTTPS connection (1): bulkapi.millionverifier.com:443
DEBUG: 2026-03-26 15:00:09,442 - https://bulkapi.millionverifier.com:443 "GET /bulkapi/v2/fileinfo?key=***REMOVED***&file_id=30367215 HTTP/1.1" 200 None
DEBUG: 2026-03-26 15:00:09,451 - Starting new HTTPS connection (1): bulkapi.millionverifier.com:443
DEBUG: 2026-03-26 15:00:10,052 - https://bulkapi.millionverifier.com:443 "GET /bulkapi/v2/fileinfo?key=***REMOVED***&file_id=30367929 HTTP/1.1" 200 None
DEBUG: 2026-03-26 15:00:10,065 - Starting new HTTPS connection (1): bulkapi.millionverifier.com:443
DEBUG: 2026-03-26 15:00:10,660 - https://bulkapi.millionverifier.com:443 "GET /bulkapi/v2/fileinfo?key=***REMOVED***&file_id=30368294 HTTP/1.1" 200 None
DEBUG: 2026-03-26 15:00:10,672 - Starting new HTTPS connection (1): bulkapi.millionverifier.com:443
DEBUG: 2026-03-26 15:00:11,213 - https://bulkapi.millionverifier.com:443 "GET /bulkapi/v2/fileinfo?key=***REMOVED***&file_id=30368730 HTTP/1.1" 200 None
DEBUG: 2026-03-26 15:00:11,224 - Starting new HTTPS connection (1): bulkapi.millionverifier.com:443
DEBUG: 2026-03-26 15:00:13,053 - https://bulkapi.millionverifier.com:443 "GET /bulkapi/v2/fileinfo?key=***REMOVED***&file_id=30468990 HTTP/1.1" 200 None
INFO: 2026-03-26 15:00:13,058 - Downloading 2002111 - hlm_prison_research...
DEBUG: 2026-03-26 15:00:13,062 - Starting new HTTPS connection (1): bulkapi.millionverifier.com:443
DEBUG: 2026-03-26 15:00:14,283 - https://bulkapi.millionverifier.com:443 "GET /bulkapi/v2/download?key=***REMOVED***&file_id=30468990&filter=all HTTP/1.1" 200 4269
DEBUG: 2026-03-26 15:00:14,311 - Encoding detection: ascii is most likely the one.
INFO: 2026-03-26 15:00:14,316 - Updating validation status... 
INFO: 2026-03-26 15:00:14,694 - DONE!
INFO: 2026-03-26 15:00:14,695 - FINISHED LOOP

success!
INFO: 2026-03-26 15:10:10,221 - STARTING LOOP
DEBUG: 2026-03-26 15:10:10,300 - Starting new HTTPS connection (1): bulkapi.millionverifier.com:443
DEBUG: 2026-03-26 15:10:10,863 - https://bulkapi.millionverifier.com:443 "GET /bulkapi/v2/fileinfo?key=***REMOVED***&file_id=30367215 HTTP/1.1" 200 None
DEBUG: 2026-03-26 15:10:10,872 - Starting new HTTPS connection (1): bulkapi.millionverifier.com:443
DEBUG: 2026-03-26 15:10:11,682 - https://bulkapi.millionverifier.com:443 "GET /bulkapi/v2/fileinfo?key=***REMOVED***&file_id=30367929 HTTP/1.1" 200 None
DEBUG: 2026-03-26 15:10:11,690 - Starting new HTTPS connection (1): bulkapi.millionverifier.com:443
DEBUG: 2026-03-26 15:10:12,389 - https://bulkapi.millionverifier.com:443 "GET /bulkapi/v2/fileinfo?key=***REMOVED***&file_id=30368294 HTTP/1.1" 200 None
DEBUG: 2026-03-26 15:10:12,395 - Starting new HTTPS connection (1): bulkapi.millionverifier.com:443
DEBUG: 2026-03-26 15:10:13,045 - https://bulkapi.millionverifier.com:443 "GET /bulkapi/v2/fileinfo?key=***REMOVED***&file_id=30368730 HTTP/1.1" 200 None
INFO: 2026-03-26 15:10:13,048 - FINISHED LOOP

INFO: 2026-03-26 15:20:07,537 - STARTING LOOP
DEBUG: 2026-03-26 15:20:07,596 - Starting new HTTPS connection (1): bulkapi.millionverifier.com:443
DEBUG: 2026-03-26 15:20:09,804 - https://bulkapi.millionverifier.com:443 "GET /bulkapi/v2/fileinfo?key=***REMOVED***&file_id=30367215 HTTP/1.1" 200 None
DEBUG: 2026-03-26 15:20:09,816 - Starting new HTTPS connection (1): bulkapi.millionverifier.com:443
DEBUG: 2026-03-26 15:20:10,277 - https://bulkapi.millionverifier.com:443 "GET /bulkapi/v2/fileinfo?key=***REMOVED***&file_id=30367929 HTTP/1.1" 200 None
DEBUG: 2026-03-26 15:20:10,289 - Starting new HTTPS connection (1): bulkapi.millionverifier.com:443
DEBUG: 2026-03-26 15:20:10,912 - https://bulkapi.millionverifier.com:443 "GET /bulkapi/v2/fileinfo?key=***REMOVED***&file_id=30368294 HTTP/1.1" 200 None
DEBUG: 2026-03-26 15:20:10,924 - Starting new HTTPS connection (1): bulkapi.millionverifier.com:443
DEBUG: 2026-03-26 15:20:11,620 - https://bulkapi.millionverifier.com:443 "GET /bulkapi/v2/fileinfo?key=***REMOVED***&file_id=30368730 HTTP/1.1" 200 None
INFO: 2026-03-26 15:20:11,625 - FINISHED LOOP

INFO: 2026-03-26 15:30:11,971 - STARTING LOOP
DEBUG: 2026-03-26 15:30:12,053 - Starting new HTTPS connection (1): bulkapi.millionverifier.com:443
DEBUG: 2026-03-26 15:30:12,498 - https://bulkapi.millionverifier.com:443 "GET /bulkapi/v2/fileinfo?key=***REMOVED***&file_id=30367215 HTTP/1.1" 200 None
DEBUG: 2026-03-26 15:30:12,505 - Starting new HTTPS connection (1): bulkapi.millionverifier.com:443
DEBUG: 2026-03-26 15:30:12,957 - https://bulkapi.millionverifier.com:443 "GET /bulkapi/v2/fileinfo?key=***REMOVED***&file_id=30367929 HTTP/1.1" 200 None
DEBUG: 2026-03-26 15:30:12,962 - Starting new HTTPS connection (1): bulkapi.millionverifier.com:443
DEBUG: 2026-03-26 15:30:13,654 - https://bulkapi.millionverifier.com:443 "GET /bulkapi/v2/fileinfo?key=***REMOVED***&file_id=30368294 HTTP/1.1" 200 None
DEBUG: 2026-03-26 15:30:13,662 - Starting new HTTPS connection (1): bulkapi.millionverifier.com:443
DEBUG: 2026-03-26 15:30:14,152 - https://bulkapi.millionverifier.com:443 "GET /bulkapi/v2/fileinfo?key=***REMOVED***&file_id=30368730 HTTP/1.1" 200 None
DEBUG: 2026-03-26 15:30:14,169 - Starting new HTTPS connection (1): bulkapi.millionverifier.com:443
DEBUG: 2026-03-26 15:30:14,729 - https://bulkapi.millionverifier.com:443 "GET /bulkapi/v2/fileinfo?key=***REMOVED***&file_id=30469239 HTTP/1.1" 200 None
DEBUG: 2026-03-26 15:30:14,738 - Starting new HTTPS connection (1): bulkapi.millionverifier.com:443
DEBUG: 2026-03-26 15:30:15,284 - https://bulkapi.millionverifier.com:443 "GET /bulkapi/v2/fileinfo?key=***REMOVED***&file_id=30469240 HTTP/1.1" 200 None
DEBUG: 2026-03-26 15:30:15,295 - Starting new HTTPS connection (1): bulkapi.millionverifier.com:443
DEBUG: 2026-03-26 15:30:16,636 - https://bulkapi.millionverifier.com:443 "GET /bulkapi/v2/fileinfo?key=***REMOVED***&file_id=30469243 HTTP/1.1" 200 None
DEBUG: 2026-03-26 15:30:16,644 - Starting new HTTPS connection (1): bulkapi.millionverifier.com:443
DEBUG: 2026-03-26 15:30:17,763 - https://bulkapi.millionverifier.com:443 "GET /bulkapi/v2/fileinfo?key=***REMOVED***&file_id=30469244 HTTP/1.1" 200 None
INFO: 2026-03-26 15:30:17,777 - FINISHED LOOP

INFO: 2026-03-26 15:40:10,669 - STARTING LOOP
DEBUG: 2026-03-26 15:40:10,876 - Starting new HTTPS connection (1): bulkapi.millionverifier.com:443
DEBUG: 2026-03-26 15:40:11,751 - https://bulkapi.millionverifier.com:443 "GET /bulkapi/v2/fileinfo?key=***REMOVED***&file_id=30367215 HTTP/1.1" 200 None
DEBUG: 2026-03-26 15:40:11,758 - Starting new HTTPS connection (1): bulkapi.millionverifier.com:443
DEBUG: 2026-03-26 15:40:12,584 - https://bulkapi.millionverifier.com:443 "GET /bulkapi/v2/fileinfo?key=***REMOVED***&file_id=30367929 HTTP/1.1" 200 None
DEBUG: 2026-03-26 15:40:12,593 - Starting new HTTPS connection (1): bulkapi.millionverifier.com:443
DEBUG: 2026-03-26 15:40:13,094 - https://bulkapi.millionverifier.com:443 "GET /bulkapi/v2/fileinfo?key=***REMOVED***&file_id=30368294 HTTP/1.1" 200 None
DEBUG: 2026-03-26 15:40:13,101 - Starting new HTTPS connection (1): bulkapi.millionverifier.com:443
DEBUG: 2026-03-26 15:40:13,544 - https://bulkapi.millionverifier.com:443 "GET /bulkapi/v2/fileinfo?key=***REMOVED***&file_id=30368730 HTTP/1.1" 200 None
DEBUG: 2026-03-26 15:40:13,552 - Starting new HTTPS connection (1): bulkapi.millionverifier.com:443
DEBUG: 2026-03-26 15:40:14,188 - https://bulkapi.millionverifier.com:443 "GET /bulkapi/v2/fileinfo?key=***REMOVED***&file_id=30469239 HTTP/1.1" 200 None
INFO: 2026-03-26 15:40:14,196 - Downloading 2010041 - tra_usa...
DEBUG: 2026-03-26 15:40:14,201 - Starting new HTTPS connection (1): bulkapi.millionverifier.com:443
DEBUG: 2026-03-26 15:40:14,751 - https://bulkapi.millionverifier.com:443 "GET /bulkapi/v2/download?key=***REMOVED***&file_id=30469239&filter=all HTTP/1.1" 200 3403
DEBUG: 2026-03-26 15:40:14,777 - Encoding detection: ascii is most likely the one.
INFO: 2026-03-26 15:40:14,782 - Updating validation status... 
INFO: 2026-03-26 15:40:15,330 - DONE!
DEBUG: 2026-03-26 15:40:15,334 - Starting new HTTPS connection (1): bulkapi.millionverifier.com:443
DEBUG: 2026-03-26 15:40:15,872 - https://bulkapi.millionverifier.com:443 "GET /bulkapi/v2/fileinfo?key=***REMOVED***&file_id=30469240 HTTP/1.1" 200 None
INFO: 2026-03-26 15:40:15,894 - Downloading 1995973 - vanguardcharitable_quant...
DEBUG: 2026-03-26 15:40:15,900 - Starting new HTTPS connection (1): bulkapi.millionverifier.com:443
DEBUG: 2026-03-26 15:40:17,348 - https://bulkapi.millionverifier.com:443 "GET /bulkapi/v2/download?key=***REMOVED***&file_id=30469240&filter=all HTTP/1.1" 200 2714
DEBUG: 2026-03-26 15:40:17,374 - Encoding detection: ascii is most likely the one.
INFO: 2026-03-26 15:40:17,402 - Updating validation status... 
INFO: 2026-03-26 15:40:19,122 - DONE!
DEBUG: 2026-03-26 15:40:19,135 - Starting new HTTPS connection (1): bulkapi.millionverifier.com:443
DEBUG: 2026-03-26 15:40:20,167 - https://bulkapi.millionverifier.com:443 "GET /bulkapi/v2/fileinfo?key=***REMOVED***&file_id=30469243 HTTP/1.1" 200 None
DEBUG: 2026-03-26 15:40:20,191 - Starting new HTTPS connection (1): bulkapi.millionverifier.com:443
DEBUG: 2026-03-26 15:40:20,545 - https://bulkapi.millionverifier.com:443 "GET /bulkapi/v2/fileinfo?key=***REMOVED***&file_id=30469244 HTTP/1.1" 200 None
INFO: 2026-03-26 15:40:20,547 - FINISHED LOOP

success!
success!
INFO: 2026-03-26 15:50:08,006 - STARTING LOOP
DEBUG: 2026-03-26 15:50:08,076 - Starting new HTTPS connection (1): bulkapi.millionverifier.com:443
DEBUG: 2026-03-26 15:50:08,698 - https://bulkapi.millionverifier.com:443 "GET /bulkapi/v2/fileinfo?key=***REMOVED***&file_id=30367215 HTTP/1.1" 200 None
DEBUG: 2026-03-26 15:50:08,709 - Starting new HTTPS connection (1): bulkapi.millionverifier.com:443
DEBUG: 2026-03-26 15:50:09,373 - https://bulkapi.millionverifier.com:443 "GET /bulkapi/v2/fileinfo?key=***REMOVED***&file_id=30367929 HTTP/1.1" 200 None
DEBUG: 2026-03-26 15:50:09,382 - Starting new HTTPS connection (1): bulkapi.millionverifier.com:443
DEBUG: 2026-03-26 15:50:10,135 - https://bulkapi.millionverifier.com:443 "GET /bulkapi/v2/fileinfo?key=***REMOVED***&file_id=30368294 HTTP/1.1" 200 None
DEBUG: 2026-03-26 15:50:10,145 - Starting new HTTPS connection (1): bulkapi.millionverifier.com:443
DEBUG: 2026-03-26 15:50:10,845 - https://bulkapi.millionverifier.com:443 "GET /bulkapi/v2/fileinfo?key=***REMOVED***&file_id=30368730 HTTP/1.1" 200 None
DEBUG: 2026-03-26 15:50:10,853 - Starting new HTTPS connection (1): bulkapi.millionverifier.com:443
DEBUG: 2026-03-26 15:50:11,463 - https://bulkapi.millionverifier.com:443 "GET /bulkapi/v2/fileinfo?key=***REMOVED***&file_id=30469243 HTTP/1.1" 200 None
DEBUG: 2026-03-26 15:50:11,476 - Starting new HTTPS connection (1): bulkapi.millionverifier.com:443
DEBUG: 2026-03-26 15:50:12,139 - https://bulkapi.millionverifier.com:443 "GET /bulkapi/v2/fileinfo?key=***REMOVED***&file_id=30469244 HTTP/1.1" 200 None
INFO: 2026-03-26 15:50:12,143 - FINISHED LOOP

INFO: 2026-03-26 16:00:09,086 - STARTING LOOP
DEBUG: 2026-03-26 16:00:09,261 - Starting new HTTPS connection (1): bulkapi.millionverifier.com:443
DEBUG: 2026-03-26 16:00:09,987 - https://bulkapi.millionverifier.com:443 "GET /bulkapi/v2/fileinfo?key=***REMOVED***&file_id=30367215 HTTP/1.1" 200 None
DEBUG: 2026-03-26 16:00:09,995 - Starting new HTTPS connection (1): bulkapi.millionverifier.com:443
DEBUG: 2026-03-26 16:00:10,567 - https://bulkapi.millionverifier.com:443 "GET /bulkapi/v2/fileinfo?key=***REMOVED***&file_id=30367929 HTTP/1.1" 200 None
DEBUG: 2026-03-26 16:00:10,575 - Starting new HTTPS connection (1): bulkapi.millionverifier.com:443
DEBUG: 2026-03-26 16:00:11,177 - https://bulkapi.millionverifier.com:443 "GET /bulkapi/v2/fileinfo?key=***REMOVED***&file_id=30368294 HTTP/1.1" 200 None
DEBUG: 2026-03-26 16:00:11,187 - Starting new HTTPS connection (1): bulkapi.millionverifier.com:443
DEBUG: 2026-03-26 16:00:11,692 - https://bulkapi.millionverifier.com:443 "GET /bulkapi/v2/fileinfo?key=***REMOVED***&file_id=30368730 HTTP/1.1" 200 None
DEBUG: 2026-03-26 16:00:11,700 - Starting new HTTPS connection (1): bulkapi.millionverifier.com:443
DEBUG: 2026-03-26 16:00:12,303 - https://bulkapi.millionverifier.com:443 "GET /bulkapi/v2/fileinfo?key=***REMOVED***&file_id=30469243 HTTP/1.1" 200 None
INFO: 2026-03-26 16:00:12,308 - Downloading 1150717 - red_associates_cancer_spain_referrals...
DEBUG: 2026-03-26 16:00:12,312 - Starting new HTTPS connection (1): bulkapi.millionverifier.com:443
DEBUG: 2026-03-26 16:00:12,778 - https://bulkapi.millionverifier.com:443 "GET /bulkapi/v2/download?key=***REMOVED***&file_id=30469243&filter=all HTTP/1.1" 200 105
DEBUG: 2026-03-26 16:00:12,782 - Encoding detection: ascii is most likely the one.
INFO: 2026-03-26 16:00:12,785 - Updating validation status... 
INFO: 2026-03-26 16:00:12,792 - DONE!
DEBUG: 2026-03-26 16:00:12,796 - Starting new HTTPS connection (1): bulkapi.millionverifier.com:443
DEBUG: 2026-03-26 16:00:14,192 - https://bulkapi.millionverifier.com:443 "GET /bulkapi/v2/fileinfo?key=***REMOVED***&file_id=30469244 HTTP/1.1" 200 None
INFO: 2026-03-26 16:00:14,207 - Downloading 1150716 - red_associates_cancer_canada_referrals...
DEBUG: 2026-03-26 16:00:14,211 - Starting new HTTPS connection (1): bulkapi.millionverifier.com:443
DEBUG: 2026-03-26 16:00:15,171 - https://bulkapi.millionverifier.com:443 "GET /bulkapi/v2/download?key=***REMOVED***&file_id=30469244&filter=all HTTP/1.1" 200 436
DEBUG: 2026-03-26 16:00:15,174 - Encoding detection: ascii is most likely the one.
INFO: 2026-03-26 16:00:15,178 - Updating validation status... 
INFO: 2026-03-26 16:00:15,231 - DONE!
DEBUG: 2026-03-26 16:00:15,239 - Starting new HTTPS connection (1): bulkapi.millionverifier.com:443
DEBUG: 2026-03-26 16:00:15,784 - https://bulkapi.millionverifier.com:443 "GET /bulkapi/v2/fileinfo?key=***REMOVED***&file_id=30469351 HTTP/1.1" 200 None
INFO: 2026-03-26 16:00:15,791 - Downloading 1995973 - vanguardcharitable_quant...
DEBUG: 2026-03-26 16:00:15,795 - Starting new HTTPS connection (1): bulkapi.millionverifier.com:443
DEBUG: 2026-03-26 16:00:16,121 - https://bulkapi.millionverifier.com:443 "GET /bulkapi/v2/download?key=***REMOVED***&file_id=30469351&filter=all HTTP/1.1" 200 2648
DEBUG: 2026-03-26 16:00:16,134 - Encoding detection: ascii is most likely the one.
INFO: 2026-03-26 16:00:16,138 - Updating validation status... 
INFO: 2026-03-26 16:00:16,432 - DONE!
INFO: 2026-03-26 16:00:16,432 - FINISHED LOOP

success!
success!
success!
INFO: 2026-03-26 16:10:09,978 - STARTING LOOP
DEBUG: 2026-03-26 16:10:10,098 - Starting new HTTPS connection (1): bulkapi.millionverifier.com:443
DEBUG: 2026-03-26 16:10:10,647 - https://bulkapi.millionverifier.com:443 "GET /bulkapi/v2/fileinfo?key=***REMOVED***&file_id=30367215 HTTP/1.1" 200 None
DEBUG: 2026-03-26 16:10:10,656 - Starting new HTTPS connection (1): bulkapi.millionverifier.com:443
DEBUG: 2026-03-26 16:10:11,122 - https://bulkapi.millionverifier.com:443 "GET /bulkapi/v2/fileinfo?key=***REMOVED***&file_id=30367929 HTTP/1.1" 200 None
DEBUG: 2026-03-26 16:10:11,132 - Starting new HTTPS connection (1): bulkapi.millionverifier.com:443
DEBUG: 2026-03-26 16:10:12,044 - https://bulkapi.millionverifier.com:443 "GET /bulkapi/v2/fileinfo?key=***REMOVED***&file_id=30368294 HTTP/1.1" 200 None
DEBUG: 2026-03-26 16:10:12,053 - Starting new HTTPS connection (1): bulkapi.millionverifier.com:443
DEBUG: 2026-03-26 16:10:12,571 - https://bulkapi.millionverifier.com:443 "GET /bulkapi/v2/fileinfo?key=***REMOVED***&file_id=30368730 HTTP/1.1" 200 None
DEBUG: 2026-03-26 16:10:12,580 - Starting new HTTPS connection (1): bulkapi.millionverifier.com:443
DEBUG: 2026-03-26 16:10:12,860 - https://bulkapi.millionverifier.com:443 "GET /bulkapi/v2/fileinfo?key=***REMOVED***&file_id=30469406 HTTP/1.1" 200 None
INFO: 2026-03-26 16:10:12,865 - Downloading 1150717 - red_associates_cancer_spain_referrals...
DEBUG: 2026-03-26 16:10:12,869 - Starting new HTTPS connection (1): bulkapi.millionverifier.com:443
DEBUG: 2026-03-26 16:10:13,379 - https://bulkapi.millionverifier.com:443 "GET /bulkapi/v2/download?key=***REMOVED***&file_id=30469406&filter=all HTTP/1.1" 200 105
DEBUG: 2026-03-26 16:10:13,387 - Encoding detection: ascii is most likely the one.
INFO: 2026-03-26 16:10:13,391 - Updating validation status... 
INFO: 2026-03-26 16:10:13,397 - DONE!
DEBUG: 2026-03-26 16:10:13,402 - Starting new HTTPS connection (1): bulkapi.millionverifier.com:443
DEBUG: 2026-03-26 16:10:13,904 - https://bulkapi.millionverifier.com:443 "GET /bulkapi/v2/fileinfo?key=***REMOVED***&file_id=30469408 HTTP/1.1" 200 None
INFO: 2026-03-26 16:10:13,911 - Downloading 1150716 - red_associates_cancer_canada_referrals...
DEBUG: 2026-03-26 16:10:13,918 - Starting new HTTPS connection (1): bulkapi.millionverifier.com:443
DEBUG: 2026-03-26 16:10:14,240 - https://bulkapi.millionverifier.com:443 "GET /bulkapi/v2/download?key=***REMOVED***&file_id=30469408&filter=all HTTP/1.1" 200 424
DEBUG: 2026-03-26 16:10:14,245 - Encoding detection: ascii is most likely the one.
INFO: 2026-03-26 16:10:14,250 - Updating validation status... 
INFO: 2026-03-26 16:10:14,285 - DONE!
INFO: 2026-03-26 16:10:14,286 - FINISHED LOOP

success!
success!
INFO: 2026-03-26 16:20:08,947 - STARTING LOOP
DEBUG: 2026-03-26 16:20:09,023 - Starting new HTTPS connection (1): bulkapi.millionverifier.com:443
DEBUG: 2026-03-26 16:20:09,720 - https://bulkapi.millionverifier.com:443 "GET /bulkapi/v2/fileinfo?key=***REMOVED***&file_id=30367215 HTTP/1.1" 200 None
DEBUG: 2026-03-26 16:20:09,733 - Starting new HTTPS connection (1): bulkapi.millionverifier.com:443
DEBUG: 2026-03-26 16:20:10,348 - https://bulkapi.millionverifier.com:443 "GET /bulkapi/v2/fileinfo?key=***REMOVED***&file_id=30367929 HTTP/1.1" 200 None
DEBUG: 2026-03-26 16:20:10,357 - Starting new HTTPS connection (1): bulkapi.millionverifier.com:443
DEBUG: 2026-03-26 16:20:10,903 - https://bulkapi.millionverifier.com:443 "GET /bulkapi/v2/fileinfo?key=***REMOVED***&file_id=30368294 HTTP/1.1" 200 None
DEBUG: 2026-03-26 16:20:10,911 - Starting new HTTPS connection (1): bulkapi.millionverifier.com:443
DEBUG: 2026-03-26 16:20:11,506 - https://bulkapi.millionverifier.com:443 "GET /bulkapi/v2/fileinfo?key=***REMOVED***&file_id=30368730 HTTP/1.1" 200 None
DEBUG: 2026-03-26 16:20:11,514 - Starting new HTTPS connection (1): bulkapi.millionverifier.com:443
DEBUG: 2026-03-26 16:20:11,950 - https://bulkapi.millionverifier.com:443 "GET /bulkapi/v2/fileinfo?key=***REMOVED***&file_id=30469456 HTTP/1.1" 200 None
INFO: 2026-03-26 16:20:11,960 - Downloading 1995973 - vanguardcharitable_quant...
DEBUG: 2026-03-26 16:20:11,964 - Starting new HTTPS connection (1): bulkapi.millionverifier.com:443
DEBUG: 2026-03-26 16:20:12,532 - https://bulkapi.millionverifier.com:443 "GET /bulkapi/v2/download?key=***REMOVED***&file_id=30469456&filter=all HTTP/1.1" 200 2850
DEBUG: 2026-03-26 16:20:12,565 - Encoding detection: ascii is most likely the one.
INFO: 2026-03-26 16:20:12,569 - Updating validation status... 
INFO: 2026-03-26 16:20:12,962 - DONE!
DEBUG: 2026-03-26 16:20:12,973 - Starting new HTTPS connection (1): bulkapi.millionverifier.com:443
DEBUG: 2026-03-26 16:20:13,657 - https://bulkapi.millionverifier.com:443 "GET /bulkapi/v2/fileinfo?key=***REMOVED***&file_id=30469460 HTTP/1.1" 200 None
INFO: 2026-03-26 16:20:13,665 - Downloading 1150717 - red_associates_cancer_spain_referrals...
DEBUG: 2026-03-26 16:20:13,671 - Starting new HTTPS connection (1): bulkapi.millionverifier.com:443
DEBUG: 2026-03-26 16:20:14,346 - https://bulkapi.millionverifier.com:443 "GET /bulkapi/v2/download?key=***REMOVED***&file_id=30469460&filter=all HTTP/1.1" 200 105
DEBUG: 2026-03-26 16:20:14,348 - Encoding detection: ascii is most likely the one.
INFO: 2026-03-26 16:20:14,353 - Updating validation status... 
INFO: 2026-03-26 16:20:14,359 - DONE!
DEBUG: 2026-03-26 16:20:14,366 - Starting new HTTPS connection (1): bulkapi.millionverifier.com:443
DEBUG: 2026-03-26 16:20:14,994 - https://bulkapi.millionverifier.com:443 "GET /bulkapi/v2/fileinfo?key=***REMOVED***&file_id=30469462 HTTP/1.1" 200 None
INFO: 2026-03-26 16:20:15,001 - Downloading 1150716 - red_associates_cancer_canada_referrals...
DEBUG: 2026-03-26 16:20:15,007 - Starting new HTTPS connection (1): bulkapi.millionverifier.com:443
DEBUG: 2026-03-26 16:20:15,548 - https://bulkapi.millionverifier.com:443 "GET /bulkapi/v2/download?key=***REMOVED***&file_id=30469462&filter=all HTTP/1.1" 200 409
DEBUG: 2026-03-26 16:20:15,551 - Encoding detection: ascii is most likely the one.
INFO: 2026-03-26 16:20:15,556 - Updating validation status... 
INFO: 2026-03-26 16:20:15,598 - DONE!
INFO: 2026-03-26 16:20:15,598 - FINISHED LOOP

success!
success!
success!
INFO: 2026-03-26 16:30:11,368 - STARTING LOOP
DEBUG: 2026-03-26 16:30:11,443 - Starting new HTTPS connection (1): bulkapi.millionverifier.com:443
DEBUG: 2026-03-26 16:30:12,080 - https://bulkapi.millionverifier.com:443 "GET /bulkapi/v2/fileinfo?key=***REMOVED***&file_id=30367215 HTTP/1.1" 200 None
DEBUG: 2026-03-26 16:30:12,085 - Starting new HTTPS connection (1): bulkapi.millionverifier.com:443
DEBUG: 2026-03-26 16:30:12,694 - https://bulkapi.millionverifier.com:443 "GET /bulkapi/v2/fileinfo?key=***REMOVED***&file_id=30367929 HTTP/1.1" 200 None
DEBUG: 2026-03-26 16:30:12,699 - Starting new HTTPS connection (1): bulkapi.millionverifier.com:443
DEBUG: 2026-03-26 16:30:13,231 - https://bulkapi.millionverifier.com:443 "GET /bulkapi/v2/fileinfo?key=***REMOVED***&file_id=30368294 HTTP/1.1" 200 None
DEBUG: 2026-03-26 16:30:13,238 - Starting new HTTPS connection (1): bulkapi.millionverifier.com:443
DEBUG: 2026-03-26 16:30:13,883 - https://bulkapi.millionverifier.com:443 "GET /bulkapi/v2/fileinfo?key=***REMOVED***&file_id=30368730 HTTP/1.1" 200 None
DEBUG: 2026-03-26 16:30:13,891 - Starting new HTTPS connection (1): bulkapi.millionverifier.com:443
DEBUG: 2026-03-26 16:30:14,648 - https://bulkapi.millionverifier.com:443 "GET /bulkapi/v2/fileinfo?key=***REMOVED***&file_id=30469518 HTTP/1.1" 200 None
INFO: 2026-03-26 16:30:14,680 - Downloading 1150717 - red_associates_cancer_spain_referrals...
DEBUG: 2026-03-26 16:30:14,684 - Starting new HTTPS connection (1): bulkapi.millionverifier.com:443
DEBUG: 2026-03-26 16:30:15,259 - https://bulkapi.millionverifier.com:443 "GET /bulkapi/v2/download?key=***REMOVED***&file_id=30469518&filter=all HTTP/1.1" 200 105
DEBUG: 2026-03-26 16:30:15,272 - Encoding detection: ascii is most likely the one.
INFO: 2026-03-26 16:30:15,275 - Updating validation status... 
INFO: 2026-03-26 16:30:15,289 - DONE!
DEBUG: 2026-03-26 16:30:15,295 - Starting new HTTPS connection (1): bulkapi.millionverifier.com:443
DEBUG: 2026-03-26 16:30:15,826 - https://bulkapi.millionverifier.com:443 "GET /bulkapi/v2/fileinfo?key=***REMOVED***&file_id=30469519 HTTP/1.1" 200 None
INFO: 2026-03-26 16:30:15,830 - Downloading 1150716 - red_associates_cancer_canada_referrals...
DEBUG: 2026-03-26 16:30:15,834 - Starting new HTTPS connection (1): bulkapi.millionverifier.com:443
DEBUG: 2026-03-26 16:30:16,589 - https://bulkapi.millionverifier.com:443 "GET /bulkapi/v2/download?key=***REMOVED***&file_id=30469519&filter=all HTTP/1.1" 200 396
DEBUG: 2026-03-26 16:30:16,591 - Encoding detection: ascii is most likely the one.
INFO: 2026-03-26 16:30:16,595 - Updating validation status... 
INFO: 2026-03-26 16:30:16,643 - DONE!
INFO: 2026-03-26 16:30:16,644 - FINISHED LOOP

success!
success!
INFO: 2026-03-26 16:40:11,368 - STARTING LOOP
DEBUG: 2026-03-26 16:40:11,439 - Starting new HTTPS connection (1): bulkapi.millionverifier.com:443
DEBUG: 2026-03-26 16:40:11,937 - https://bulkapi.millionverifier.com:443 "GET /bulkapi/v2/fileinfo?key=***REMOVED***&file_id=30367215 HTTP/1.1" 200 None
DEBUG: 2026-03-26 16:40:11,946 - Starting new HTTPS connection (1): bulkapi.millionverifier.com:443
DEBUG: 2026-03-26 16:40:12,395 - https://bulkapi.millionverifier.com:443 "GET /bulkapi/v2/fileinfo?key=***REMOVED***&file_id=30367929 HTTP/1.1" 200 None
DEBUG: 2026-03-26 16:40:12,407 - Starting new HTTPS connection (1): bulkapi.millionverifier.com:443
DEBUG: 2026-03-26 16:40:12,858 - https://bulkapi.millionverifier.com:443 "GET /bulkapi/v2/fileinfo?key=***REMOVED***&file_id=30368294 HTTP/1.1" 200 None
DEBUG: 2026-03-26 16:40:12,864 - Starting new HTTPS connection (1): bulkapi.millionverifier.com:443
DEBUG: 2026-03-26 16:40:13,156 - https://bulkapi.millionverifier.com:443 "GET /bulkapi/v2/fileinfo?key=***REMOVED***&file_id=30368730 HTTP/1.1" 200 None
DEBUG: 2026-03-26 16:40:13,164 - Starting new HTTPS connection (1): bulkapi.millionverifier.com:443
DEBUG: 2026-03-26 16:40:13,497 - https://bulkapi.millionverifier.com:443 "GET /bulkapi/v2/fileinfo?key=***REMOVED***&file_id=30469590 HTTP/1.1" 200 None
INFO: 2026-03-26 16:40:13,502 - Downloading 1995973 - vanguardcharitable_quant...
DEBUG: 2026-03-26 16:40:13,505 - Starting new HTTPS connection (1): bulkapi.millionverifier.com:443
DEBUG: 2026-03-26 16:40:14,088 - https://bulkapi.millionverifier.com:443 "GET /bulkapi/v2/download?key=***REMOVED***&file_id=30469590&filter=all HTTP/1.1" 200 2901
DEBUG: 2026-03-26 16:40:14,102 - Encoding detection: ascii is most likely the one.
INFO: 2026-03-26 16:40:14,105 - Updating validation status... 
INFO: 2026-03-26 16:40:14,323 - DONE!
DEBUG: 2026-03-26 16:40:14,329 - Starting new HTTPS connection (1): bulkapi.millionverifier.com:443
DEBUG: 2026-03-26 16:40:14,612 - https://bulkapi.millionverifier.com:443 "GET /bulkapi/v2/fileinfo?key=***REMOVED***&file_id=30469594 HTTP/1.1" 200 None
INFO: 2026-03-26 16:40:14,618 - Downloading 1150717 - red_associates_cancer_spain_referrals...
DEBUG: 2026-03-26 16:40:14,625 - Starting new HTTPS connection (1): bulkapi.millionverifier.com:443
DEBUG: 2026-03-26 16:40:14,960 - https://bulkapi.millionverifier.com:443 "GET /bulkapi/v2/download?key=***REMOVED***&file_id=30469594&filter=all HTTP/1.1" 200 105
DEBUG: 2026-03-26 16:40:14,961 - Encoding detection: ascii is most likely the one.
INFO: 2026-03-26 16:40:14,964 - Updating validation status... 
INFO: 2026-03-26 16:40:14,973 - DONE!
DEBUG: 2026-03-26 16:40:14,979 - Starting new HTTPS connection (1): bulkapi.millionverifier.com:443
DEBUG: 2026-03-26 16:40:15,521 - https://bulkapi.millionverifier.com:443 "GET /bulkapi/v2/fileinfo?key=***REMOVED***&file_id=30469597 HTTP/1.1" 200 None
INFO: 2026-03-26 16:40:15,528 - Downloading 1150716 - red_associates_cancer_canada_referrals...
DEBUG: 2026-03-26 16:40:15,532 - Starting new HTTPS connection (1): bulkapi.millionverifier.com:443
DEBUG: 2026-03-26 16:40:15,961 - https://bulkapi.millionverifier.com:443 "GET /bulkapi/v2/download?key=***REMOVED***&file_id=30469597&filter=all HTTP/1.1" 200 111
DEBUG: 2026-03-26 16:40:15,963 - Encoding detection: ascii is most likely the one.
INFO: 2026-03-26 16:40:15,967 - Updating validation status... 
INFO: 2026-03-26 16:40:15,990 - DONE!
INFO: 2026-03-26 16:40:15,990 - FINISHED LOOP

success!
success!
success!
INFO: 2026-03-26 16:50:08,468 - STARTING LOOP
DEBUG: 2026-03-26 16:50:08,605 - Starting new HTTPS connection (1): bulkapi.millionverifier.com:443
DEBUG: 2026-03-26 16:50:08,913 - https://bulkapi.millionverifier.com:443 "GET /bulkapi/v2/fileinfo?key=***REMOVED***&file_id=30367215 HTTP/1.1" 200 None
DEBUG: 2026-03-26 16:50:08,919 - Starting new HTTPS connection (1): bulkapi.millionverifier.com:443
DEBUG: 2026-03-26 16:50:09,338 - https://bulkapi.millionverifier.com:443 "GET /bulkapi/v2/fileinfo?key=***REMOVED***&file_id=30367929 HTTP/1.1" 200 None
DEBUG: 2026-03-26 16:50:09,348 - Starting new HTTPS connection (1): bulkapi.millionverifier.com:443
DEBUG: 2026-03-26 16:50:09,631 - https://bulkapi.millionverifier.com:443 "GET /bulkapi/v2/fileinfo?key=***REMOVED***&file_id=30368294 HTTP/1.1" 200 None
DEBUG: 2026-03-26 16:50:09,639 - Starting new HTTPS connection (1): bulkapi.millionverifier.com:443
DEBUG: 2026-03-26 16:50:10,136 - https://bulkapi.millionverifier.com:443 "GET /bulkapi/v2/fileinfo?key=***REMOVED***&file_id=30368730 HTTP/1.1" 200 None
DEBUG: 2026-03-26 16:50:10,144 - Starting new HTTPS connection (1): bulkapi.millionverifier.com:443
DEBUG: 2026-03-26 16:50:10,455 - https://bulkapi.millionverifier.com:443 "GET /bulkapi/v2/fileinfo?key=***REMOVED***&file_id=30469647 HTTP/1.1" 200 None
INFO: 2026-03-26 16:50:10,460 - Downloading 1150717 - red_associates_cancer_spain_referrals...
DEBUG: 2026-03-26 16:50:10,465 - Starting new HTTPS connection (1): bulkapi.millionverifier.com:443
DEBUG: 2026-03-26 16:50:10,772 - https://bulkapi.millionverifier.com:443 "GET /bulkapi/v2/download?key=***REMOVED***&file_id=30469647&filter=all HTTP/1.1" 200 105
DEBUG: 2026-03-26 16:50:10,782 - Encoding detection: ascii is most likely the one.
INFO: 2026-03-26 16:50:10,784 - Updating validation status... 
INFO: 2026-03-26 16:50:10,791 - DONE!
INFO: 2026-03-26 16:50:10,791 - FINISHED LOOP

success!
INFO: 2026-03-26 17:00:10,526 - STARTING LOOP
DEBUG: 2026-03-26 17:00:10,595 - Starting new HTTPS connection (1): bulkapi.millionverifier.com:443
DEBUG: 2026-03-26 17:00:11,003 - https://bulkapi.millionverifier.com:443 "GET /bulkapi/v2/fileinfo?key=***REMOVED***&file_id=30367215 HTTP/1.1" 200 None
DEBUG: 2026-03-26 17:00:11,011 - Starting new HTTPS connection (1): bulkapi.millionverifier.com:443
DEBUG: 2026-03-26 17:00:11,294 - https://bulkapi.millionverifier.com:443 "GET /bulkapi/v2/fileinfo?key=***REMOVED***&file_id=30367929 HTTP/1.1" 200 None
DEBUG: 2026-03-26 17:00:11,304 - Starting new HTTPS connection (1): bulkapi.millionverifier.com:443
DEBUG: 2026-03-26 17:00:11,691 - https://bulkapi.millionverifier.com:443 "GET /bulkapi/v2/fileinfo?key=***REMOVED***&file_id=30368294 HTTP/1.1" 200 None
DEBUG: 2026-03-26 17:00:11,702 - Starting new HTTPS connection (1): bulkapi.millionverifier.com:443
DEBUG: 2026-03-26 17:00:12,021 - https://bulkapi.millionverifier.com:443 "GET /bulkapi/v2/fileinfo?key=***REMOVED***&file_id=30368730 HTTP/1.1" 200 None
DEBUG: 2026-03-26 17:00:12,030 - Starting new HTTPS connection (1): bulkapi.millionverifier.com:443
DEBUG: 2026-03-26 17:00:12,473 - https://bulkapi.millionverifier.com:443 "GET /bulkapi/v2/fileinfo?key=***REMOVED***&file_id=30469692 HTTP/1.1" 200 None
INFO: 2026-03-26 17:00:12,478 - Downloading 1995973 - vanguardcharitable_quant...
DEBUG: 2026-03-26 17:00:12,483 - Starting new HTTPS connection (1): bulkapi.millionverifier.com:443
DEBUG: 2026-03-26 17:00:12,922 - https://bulkapi.millionverifier.com:443 "GET /bulkapi/v2/download?key=***REMOVED***&file_id=30469692&filter=all HTTP/1.1" 200 2839
DEBUG: 2026-03-26 17:00:12,938 - Encoding detection: ascii is most likely the one.
INFO: 2026-03-26 17:00:12,944 - Updating validation status... 
INFO: 2026-03-26 17:00:13,300 - DONE!
DEBUG: 2026-03-26 17:00:13,305 - Starting new HTTPS connection (1): bulkapi.millionverifier.com:443
DEBUG: 2026-03-26 17:00:13,693 - https://bulkapi.millionverifier.com:443 "GET /bulkapi/v2/fileinfo?key=***REMOVED***&file_id=30469696 HTTP/1.1" 200 None
INFO: 2026-03-26 17:00:13,697 - Downloading 1150717 - red_associates_cancer_spain_referrals...
DEBUG: 2026-03-26 17:00:13,703 - Starting new HTTPS connection (1): bulkapi.millionverifier.com:443
DEBUG: 2026-03-26 17:00:14,212 - https://bulkapi.millionverifier.com:443 "GET /bulkapi/v2/download?key=***REMOVED***&file_id=30469696&filter=all HTTP/1.1" 200 105
DEBUG: 2026-03-26 17:00:14,213 - Encoding detection: ascii is most likely the one.
INFO: 2026-03-26 17:00:14,217 - Updating validation status... 
INFO: 2026-03-26 17:00:14,221 - DONE!
INFO: 2026-03-26 17:00:14,221 - FINISHED LOOP

success!
success!
INFO: 2026-03-26 17:10:12,024 - STARTING LOOP
DEBUG: 2026-03-26 17:10:12,116 - Starting new HTTPS connection (1): bulkapi.millionverifier.com:443
DEBUG: 2026-03-26 17:10:12,638 - https://bulkapi.millionverifier.com:443 "GET /bulkapi/v2/fileinfo?key=***REMOVED***&file_id=30367215 HTTP/1.1" 200 None
DEBUG: 2026-03-26 17:10:12,645 - Starting new HTTPS connection (1): bulkapi.millionverifier.com:443
DEBUG: 2026-03-26 17:10:13,150 - https://bulkapi.millionverifier.com:443 "GET /bulkapi/v2/fileinfo?key=***REMOVED***&file_id=30367929 HTTP/1.1" 200 None
DEBUG: 2026-03-26 17:10:13,159 - Starting new HTTPS connection (1): bulkapi.millionverifier.com:443
DEBUG: 2026-03-26 17:10:13,664 - https://bulkapi.millionverifier.com:443 "GET /bulkapi/v2/fileinfo?key=***REMOVED***&file_id=30368294 HTTP/1.1" 200 None
DEBUG: 2026-03-26 17:10:13,674 - Starting new HTTPS connection (1): bulkapi.millionverifier.com:443
DEBUG: 2026-03-26 17:10:14,175 - https://bulkapi.millionverifier.com:443 "GET /bulkapi/v2/fileinfo?key=***REMOVED***&file_id=30368730 HTTP/1.1" 200 None
DEBUG: 2026-03-26 17:10:14,184 - Starting new HTTPS connection (1): bulkapi.millionverifier.com:443
DEBUG: 2026-03-26 17:10:14,487 - https://bulkapi.millionverifier.com:443 "GET /bulkapi/v2/fileinfo?key=***REMOVED***&file_id=30469726 HTTP/1.1" 200 None
INFO: 2026-03-26 17:10:14,509 - Downloading 1995973 - vanguardcharitable_quant...
DEBUG: 2026-03-26 17:10:14,513 - Starting new HTTPS connection (1): bulkapi.millionverifier.com:443
DEBUG: 2026-03-26 17:10:14,822 - https://bulkapi.millionverifier.com:443 "GET /bulkapi/v2/download?key=***REMOVED***&file_id=30469726&filter=all HTTP/1.1" 200 2879
DEBUG: 2026-03-26 17:10:14,849 - Encoding detection: ascii is most likely the one.
INFO: 2026-03-26 17:10:14,853 - Updating validation status... 
INFO: 2026-03-26 17:10:15,118 - DONE!
DEBUG: 2026-03-26 17:10:15,125 - Starting new HTTPS connection (1): bulkapi.millionverifier.com:443
DEBUG: 2026-03-26 17:10:15,523 - https://bulkapi.millionverifier.com:443 "GET /bulkapi/v2/fileinfo?key=***REMOVED***&file_id=30469731 HTTP/1.1" 200 None
INFO: 2026-03-26 17:10:15,527 - Downloading 1150717 - red_associates_cancer_spain_referrals...
DEBUG: 2026-03-26 17:10:15,532 - Starting new HTTPS connection (1): bulkapi.millionverifier.com:443
DEBUG: 2026-03-26 17:10:15,815 - https://bulkapi.millionverifier.com:443 "GET /bulkapi/v2/download?key=***REMOVED***&file_id=30469731&filter=all HTTP/1.1" 200 105
DEBUG: 2026-03-26 17:10:15,817 - Encoding detection: ascii is most likely the one.
INFO: 2026-03-26 17:10:15,820 - Updating validation status... 
INFO: 2026-03-26 17:10:15,827 - DONE!
INFO: 2026-03-26 17:10:15,827 - FINISHED LOOP

success!
success!
INFO: 2026-03-26 17:20:10,908 - STARTING LOOP
DEBUG: 2026-03-26 17:20:10,984 - Starting new HTTPS connection (1): bulkapi.millionverifier.com:443
DEBUG: 2026-03-26 17:20:11,472 - https://bulkapi.millionverifier.com:443 "GET /bulkapi/v2/fileinfo?key=***REMOVED***&file_id=30367215 HTTP/1.1" 200 None
DEBUG: 2026-03-26 17:20:11,478 - Starting new HTTPS connection (1): bulkapi.millionverifier.com:443
DEBUG: 2026-03-26 17:20:11,881 - https://bulkapi.millionverifier.com:443 "GET /bulkapi/v2/fileinfo?key=***REMOVED***&file_id=30367929 HTTP/1.1" 200 None
DEBUG: 2026-03-26 17:20:11,888 - Starting new HTTPS connection (1): bulkapi.millionverifier.com:443
DEBUG: 2026-03-26 17:20:12,340 - https://bulkapi.millionverifier.com:443 "GET /bulkapi/v2/fileinfo?key=***REMOVED***&file_id=30368294 HTTP/1.1" 200 None
DEBUG: 2026-03-26 17:20:12,347 - Starting new HTTPS connection (1): bulkapi.millionverifier.com:443
DEBUG: 2026-03-26 17:20:12,802 - https://bulkapi.millionverifier.com:443 "GET /bulkapi/v2/fileinfo?key=***REMOVED***&file_id=30368730 HTTP/1.1" 200 None
DEBUG: 2026-03-26 17:20:12,812 - Starting new HTTPS connection (1): bulkapi.millionverifier.com:443
DEBUG: 2026-03-26 17:20:13,085 - https://bulkapi.millionverifier.com:443 "GET /bulkapi/v2/fileinfo?key=***REMOVED***&file_id=30469783 HTTP/1.1" 200 None
INFO: 2026-03-26 17:20:13,096 - Downloading 1995973 - vanguardcharitable_quant...
DEBUG: 2026-03-26 17:20:13,101 - Starting new HTTPS connection (1): bulkapi.millionverifier.com:443
DEBUG: 2026-03-26 17:20:13,398 - https://bulkapi.millionverifier.com:443 "GET /bulkapi/v2/download?key=***REMOVED***&file_id=30469783&filter=all HTTP/1.1" 200 2876
DEBUG: 2026-03-26 17:20:13,416 - Encoding detection: ascii is most likely the one.
INFO: 2026-03-26 17:20:13,420 - Updating validation status... 
INFO: 2026-03-26 17:20:13,609 - DONE!
DEBUG: 2026-03-26 17:20:13,614 - Starting new HTTPS connection (1): bulkapi.millionverifier.com:443
DEBUG: 2026-03-26 17:20:13,888 - https://bulkapi.millionverifier.com:443 "GET /bulkapi/v2/fileinfo?key=***REMOVED***&file_id=30469787 HTTP/1.1" 200 None
INFO: 2026-03-26 17:20:13,894 - Downloading 1150717 - red_associates_cancer_spain_referrals...
DEBUG: 2026-03-26 17:20:13,898 - Starting new HTTPS connection (1): bulkapi.millionverifier.com:443
DEBUG: 2026-03-26 17:20:14,234 - https://bulkapi.millionverifier.com:443 "GET /bulkapi/v2/download?key=***REMOVED***&file_id=30469787&filter=all HTTP/1.1" 200 105
DEBUG: 2026-03-26 17:20:14,236 - Encoding detection: ascii is most likely the one.
INFO: 2026-03-26 17:20:14,240 - Updating validation status... 
INFO: 2026-03-26 17:20:14,246 - DONE!
INFO: 2026-03-26 17:20:14,246 - FINISHED LOOP

success!
success!
INFO: 2026-03-26 17:30:10,809 - STARTING LOOP
DEBUG: 2026-03-26 17:30:10,881 - Starting new HTTPS connection (1): bulkapi.millionverifier.com:443
DEBUG: 2026-03-26 17:30:11,431 - https://bulkapi.millionverifier.com:443 "GET /bulkapi/v2/fileinfo?key=***REMOVED***&file_id=30367215 HTTP/1.1" 200 None
DEBUG: 2026-03-26 17:30:11,439 - Starting new HTTPS connection (1): bulkapi.millionverifier.com:443
DEBUG: 2026-03-26 17:30:11,856 - https://bulkapi.millionverifier.com:443 "GET /bulkapi/v2/fileinfo?key=***REMOVED***&file_id=30367929 HTTP/1.1" 200 None
DEBUG: 2026-03-26 17:30:11,866 - Starting new HTTPS connection (1): bulkapi.millionverifier.com:443
DEBUG: 2026-03-26 17:30:12,259 - https://bulkapi.millionverifier.com:443 "GET /bulkapi/v2/fileinfo?key=***REMOVED***&file_id=30368294 HTTP/1.1" 200 None
DEBUG: 2026-03-26 17:30:12,268 - Starting new HTTPS connection (1): bulkapi.millionverifier.com:443
DEBUG: 2026-03-26 17:30:12,668 - https://bulkapi.millionverifier.com:443 "GET /bulkapi/v2/fileinfo?key=***REMOVED***&file_id=30368730 HTTP/1.1" 200 None
DEBUG: 2026-03-26 17:30:12,674 - Starting new HTTPS connection (1): bulkapi.millionverifier.com:443
DEBUG: 2026-03-26 17:30:12,954 - https://bulkapi.millionverifier.com:443 "GET /bulkapi/v2/fileinfo?key=***REMOVED***&file_id=30469844 HTTP/1.1" 200 None
INFO: 2026-03-26 17:30:12,960 - Downloading 1995973 - vanguardcharitable_quant...
DEBUG: 2026-03-26 17:30:12,966 - Starting new HTTPS connection (1): bulkapi.millionverifier.com:443
DEBUG: 2026-03-26 17:30:13,261 - https://bulkapi.millionverifier.com:443 "GET /bulkapi/v2/download?key=***REMOVED***&file_id=30469844&filter=all HTTP/1.1" 200 2861
DEBUG: 2026-03-26 17:30:13,279 - Encoding detection: ascii is most likely the one.
INFO: 2026-03-26 17:30:13,283 - Updating validation status... 
INFO: 2026-03-26 17:30:13,505 - DONE!
DEBUG: 2026-03-26 17:30:13,510 - Starting new HTTPS connection (1): bulkapi.millionverifier.com:443
DEBUG: 2026-03-26 17:30:13,787 - https://bulkapi.millionverifier.com:443 "GET /bulkapi/v2/fileinfo?key=***REMOVED***&file_id=30469847 HTTP/1.1" 200 None
INFO: 2026-03-26 17:30:13,793 - Downloading 1150717 - red_associates_cancer_spain_referrals...
DEBUG: 2026-03-26 17:30:13,798 - Starting new HTTPS connection (1): bulkapi.millionverifier.com:443
DEBUG: 2026-03-26 17:30:14,299 - https://bulkapi.millionverifier.com:443 "GET /bulkapi/v2/download?key=***REMOVED***&file_id=30469847&filter=all HTTP/1.1" 200 105
DEBUG: 2026-03-26 17:30:14,300 - Encoding detection: ascii is most likely the one.
INFO: 2026-03-26 17:30:14,303 - Updating validation status... 
INFO: 2026-03-26 17:30:14,308 - DONE!
INFO: 2026-03-26 17:30:14,308 - FINISHED LOOP

success!
success!
INFO: 2026-03-26 17:40:07,418 - STARTING LOOP
DEBUG: 2026-03-26 17:40:07,459 - Starting new HTTPS connection (1): bulkapi.millionverifier.com:443
DEBUG: 2026-03-26 17:40:07,910 - https://bulkapi.millionverifier.com:443 "GET /bulkapi/v2/fileinfo?key=***REMOVED***&file_id=30367215 HTTP/1.1" 200 None
DEBUG: 2026-03-26 17:40:07,918 - Starting new HTTPS connection (1): bulkapi.millionverifier.com:443
DEBUG: 2026-03-26 17:40:08,304 - https://bulkapi.millionverifier.com:443 "GET /bulkapi/v2/fileinfo?key=***REMOVED***&file_id=30367929 HTTP/1.1" 200 None
DEBUG: 2026-03-26 17:40:08,309 - Starting new HTTPS connection (1): bulkapi.millionverifier.com:443
DEBUG: 2026-03-26 17:40:08,589 - https://bulkapi.millionverifier.com:443 "GET /bulkapi/v2/fileinfo?key=***REMOVED***&file_id=30368294 HTTP/1.1" 200 None
DEBUG: 2026-03-26 17:40:08,597 - Starting new HTTPS connection (1): bulkapi.millionverifier.com:443
DEBUG: 2026-03-26 17:40:08,856 - https://bulkapi.millionverifier.com:443 "GET /bulkapi/v2/fileinfo?key=***REMOVED***&file_id=30368730 HTTP/1.1" 200 None
DEBUG: 2026-03-26 17:40:08,864 - Starting new HTTPS connection (1): bulkapi.millionverifier.com:443
DEBUG: 2026-03-26 17:40:09,309 - https://bulkapi.millionverifier.com:443 "GET /bulkapi/v2/fileinfo?key=***REMOVED***&file_id=30469891 HTTP/1.1" 200 None
INFO: 2026-03-26 17:40:09,314 - Downloading 1995973 - vanguardcharitable_quant...
DEBUG: 2026-03-26 17:40:09,318 - Starting new HTTPS connection (1): bulkapi.millionverifier.com:443
DEBUG: 2026-03-26 17:40:09,608 - https://bulkapi.millionverifier.com:443 "GET /bulkapi/v2/download?key=***REMOVED***&file_id=30469891&filter=all HTTP/1.1" 200 2848
DEBUG: 2026-03-26 17:40:09,620 - Encoding detection: ascii is most likely the one.
INFO: 2026-03-26 17:40:09,624 - Updating validation status... 
INFO: 2026-03-26 17:40:09,752 - DONE!
DEBUG: 2026-03-26 17:40:09,757 - Starting new HTTPS connection (1): bulkapi.millionverifier.com:443
DEBUG: 2026-03-26 17:40:10,027 - https://bulkapi.millionverifier.com:443 "GET /bulkapi/v2/fileinfo?key=***REMOVED***&file_id=30469893 HTTP/1.1" 200 None
INFO: 2026-03-26 17:40:10,031 - Downloading 1150717 - red_associates_cancer_spain_referrals...
DEBUG: 2026-03-26 17:40:10,035 - Starting new HTTPS connection (1): bulkapi.millionverifier.com:443
DEBUG: 2026-03-26 17:40:10,449 - https://bulkapi.millionverifier.com:443 "GET /bulkapi/v2/download?key=***REMOVED***&file_id=30469893&filter=all HTTP/1.1" 200 105
DEBUG: 2026-03-26 17:40:10,451 - Encoding detection: ascii is most likely the one.
INFO: 2026-03-26 17:40:10,454 - Updating validation status... 
INFO: 2026-03-26 17:40:10,460 - DONE!
DEBUG: 2026-03-26 17:40:10,464 - Starting new HTTPS connection (1): bulkapi.millionverifier.com:443
DEBUG: 2026-03-26 17:40:10,744 - https://bulkapi.millionverifier.com:443 "GET /bulkapi/v2/fileinfo?key=***REMOVED***&file_id=30469932 HTTP/1.1" 200 None
INFO: 2026-03-26 17:40:11,279 - Downloading 2010273 - auran_nyc...
DEBUG: 2026-03-26 17:40:11,285 - Starting new HTTPS connection (1): bulkapi.millionverifier.com:443
DEBUG: 2026-03-26 17:40:11,583 - https://bulkapi.millionverifier.com:443 "GET /bulkapi/v2/download?key=***REMOVED***&file_id=30469932&filter=all HTTP/1.1" 200 9711
DEBUG: 2026-03-26 17:40:11,597 - Encoding detection: ascii is most likely the one.
INFO: 2026-03-26 17:40:11,602 - Updating validation status... 
INFO: 2026-03-26 17:40:11,948 - DONE!
INFO: 2026-03-26 17:40:11,948 - FINISHED LOOP

success!
success!
success!
INFO: 2026-03-26 17:50:09,642 - STARTING LOOP
DEBUG: 2026-03-26 17:50:09,718 - Starting new HTTPS connection (1): bulkapi.millionverifier.com:443
DEBUG: 2026-03-26 17:50:10,112 - https://bulkapi.millionverifier.com:443 "GET /bulkapi/v2/fileinfo?key=***REMOVED***&file_id=30367215 HTTP/1.1" 200 None
DEBUG: 2026-03-26 17:50:10,120 - Starting new HTTPS connection (1): bulkapi.millionverifier.com:443
DEBUG: 2026-03-26 17:50:10,504 - https://bulkapi.millionverifier.com:443 "GET /bulkapi/v2/fileinfo?key=***REMOVED***&file_id=30367929 HTTP/1.1" 200 None
DEBUG: 2026-03-26 17:50:10,512 - Starting new HTTPS connection (1): bulkapi.millionverifier.com:443
DEBUG: 2026-03-26 17:50:10,777 - https://bulkapi.millionverifier.com:443 "GET /bulkapi/v2/fileinfo?key=***REMOVED***&file_id=30368294 HTTP/1.1" 200 None
DEBUG: 2026-03-26 17:50:10,781 - Starting new HTTPS connection (1): bulkapi.millionverifier.com:443
DEBUG: 2026-03-26 17:50:11,168 - https://bulkapi.millionverifier.com:443 "GET /bulkapi/v2/fileinfo?key=***REMOVED***&file_id=30368730 HTTP/1.1" 200 None
DEBUG: 2026-03-26 17:50:11,175 - Starting new HTTPS connection (1): bulkapi.millionverifier.com:443
DEBUG: 2026-03-26 17:50:11,562 - https://bulkapi.millionverifier.com:443 "GET /bulkapi/v2/fileinfo?key=***REMOVED***&file_id=30469935 HTTP/1.1" 200 None
INFO: 2026-03-26 17:50:11,567 - Downloading 1150717 - red_associates_cancer_spain_referrals...
DEBUG: 2026-03-26 17:50:11,571 - Starting new HTTPS connection (1): bulkapi.millionverifier.com:443
DEBUG: 2026-03-26 17:50:11,986 - https://bulkapi.millionverifier.com:443 "GET /bulkapi/v2/download?key=***REMOVED***&file_id=30469935&filter=all HTTP/1.1" 200 105
DEBUG: 2026-03-26 17:50:11,993 - Encoding detection: ascii is most likely the one.
INFO: 2026-03-26 17:50:11,997 - Updating validation status... 
INFO: 2026-03-26 17:50:12,002 - DONE!
DEBUG: 2026-03-26 17:50:12,007 - Starting new HTTPS connection (1): bulkapi.millionverifier.com:443
DEBUG: 2026-03-26 17:50:12,284 - https://bulkapi.millionverifier.com:443 "GET /bulkapi/v2/fileinfo?key=***REMOVED***&file_id=30469936 HTTP/1.1" 200 None
INFO: 2026-03-26 17:50:12,288 - Downloading 2010273 - auran_nyc...
DEBUG: 2026-03-26 17:50:12,292 - Starting new HTTPS connection (1): bulkapi.millionverifier.com:443
DEBUG: 2026-03-26 17:50:12,735 - https://bulkapi.millionverifier.com:443 "GET /bulkapi/v2/download?key=***REMOVED***&file_id=30469936&filter=all HTTP/1.1" 200 9582
DEBUG: 2026-03-26 17:50:12,761 - Encoding detection: utf_8 is most likely the one.
INFO: 2026-03-26 17:50:12,766 - Updating validation status... 
INFO: 2026-03-26 17:50:13,280 - DONE!
DEBUG: 2026-03-26 17:50:13,287 - Starting new HTTPS connection (1): bulkapi.millionverifier.com:443
DEBUG: 2026-03-26 17:50:13,678 - https://bulkapi.millionverifier.com:443 "GET /bulkapi/v2/fileinfo?key=***REMOVED***&file_id=30469938 HTTP/1.1" 200 None
INFO: 2026-03-26 17:50:13,683 - FINISHED LOOP

success!
success!
INFO: 2026-03-26 18:00:09,177 - STARTING LOOP
DEBUG: 2026-03-26 18:00:09,231 - Starting new HTTPS connection (1): bulkapi.millionverifier.com:443
DEBUG: 2026-03-26 18:00:09,655 - https://bulkapi.millionverifier.com:443 "GET /bulkapi/v2/fileinfo?key=***REMOVED***&file_id=30367215 HTTP/1.1" 200 None
DEBUG: 2026-03-26 18:00:09,664 - Starting new HTTPS connection (1): bulkapi.millionverifier.com:443
DEBUG: 2026-03-26 18:00:09,956 - https://bulkapi.millionverifier.com:443 "GET /bulkapi/v2/fileinfo?key=***REMOVED***&file_id=30367929 HTTP/1.1" 200 None
DEBUG: 2026-03-26 18:00:09,964 - Starting new HTTPS connection (1): bulkapi.millionverifier.com:443
DEBUG: 2026-03-26 18:00:10,440 - https://bulkapi.millionverifier.com:443 "GET /bulkapi/v2/fileinfo?key=***REMOVED***&file_id=30368294 HTTP/1.1" 200 None
DEBUG: 2026-03-26 18:00:10,446 - Starting new HTTPS connection (1): bulkapi.millionverifier.com:443
DEBUG: 2026-03-26 18:00:10,845 - https://bulkapi.millionverifier.com:443 "GET /bulkapi/v2/fileinfo?key=***REMOVED***&file_id=30368730 HTTP/1.1" 200 None
DEBUG: 2026-03-26 18:00:10,861 - Starting new HTTPS connection (1): bulkapi.millionverifier.com:443
DEBUG: 2026-03-26 18:00:11,250 - https://bulkapi.millionverifier.com:443 "GET /bulkapi/v2/fileinfo?key=***REMOVED***&file_id=30469938 HTTP/1.1" 200 None
INFO: 2026-03-26 18:00:11,288 - Downloading 1995973 - vanguardcharitable_quant...
DEBUG: 2026-03-26 18:00:11,294 - Starting new HTTPS connection (1): bulkapi.millionverifier.com:443
DEBUG: 2026-03-26 18:00:11,695 - https://bulkapi.millionverifier.com:443 "GET /bulkapi/v2/download?key=***REMOVED***&file_id=30469938&filter=all HTTP/1.1" 200 2815
DEBUG: 2026-03-26 18:00:11,711 - Encoding detection: ascii is most likely the one.
INFO: 2026-03-26 18:00:11,714 - Updating validation status... 
INFO: 2026-03-26 18:00:11,954 - DONE!
DEBUG: 2026-03-26 18:00:11,958 - Starting new HTTPS connection (1): bulkapi.millionverifier.com:443
DEBUG: 2026-03-26 18:00:12,443 - https://bulkapi.millionverifier.com:443 "GET /bulkapi/v2/fileinfo?key=***REMOVED***&file_id=30469953 HTTP/1.1" 200 None
INFO: 2026-03-26 18:00:12,448 - Downloading 1150717 - red_associates_cancer_spain_referrals...
DEBUG: 2026-03-26 18:00:12,453 - Starting new HTTPS connection (1): bulkapi.millionverifier.com:443
DEBUG: 2026-03-26 18:00:12,748 - https://bulkapi.millionverifier.com:443 "GET /bulkapi/v2/download?key=***REMOVED***&file_id=30469953&filter=all HTTP/1.1" 200 105
DEBUG: 2026-03-26 18:00:12,749 - Encoding detection: ascii is most likely the one.
INFO: 2026-03-26 18:00:12,752 - Updating validation status... 
INFO: 2026-03-26 18:00:12,756 - DONE!
DEBUG: 2026-03-26 18:00:12,759 - Starting new HTTPS connection (1): bulkapi.millionverifier.com:443
DEBUG: 2026-03-26 18:00:13,133 - https://bulkapi.millionverifier.com:443 "GET /bulkapi/v2/fileinfo?key=***REMOVED***&file_id=30469956 HTTP/1.1" 200 None
INFO: 2026-03-26 18:00:13,141 - Downloading 2010273 - auran_nyc...
DEBUG: 2026-03-26 18:00:13,148 - Starting new HTTPS connection (1): bulkapi.millionverifier.com:443
DEBUG: 2026-03-26 18:00:13,624 - https://bulkapi.millionverifier.com:443 "GET /bulkapi/v2/download?key=***REMOVED***&file_id=30469956&filter=all HTTP/1.1" 200 9738
DEBUG: 2026-03-26 18:00:13,635 - Encoding detection: ascii is most likely the one.
INFO: 2026-03-26 18:00:13,640 - Updating validation status... 
INFO: 2026-03-26 18:00:14,101 - DONE!
INFO: 2026-03-26 18:00:14,101 - FINISHED LOOP

success!
success!
success!
INFO: 2026-03-26 18:10:10,976 - STARTING LOOP
DEBUG: 2026-03-26 18:10:11,047 - Starting new HTTPS connection (1): bulkapi.millionverifier.com:443
DEBUG: 2026-03-26 18:10:11,475 - https://bulkapi.millionverifier.com:443 "GET /bulkapi/v2/fileinfo?key=***REMOVED***&file_id=30367215 HTTP/1.1" 200 None
DEBUG: 2026-03-26 18:10:11,483 - Starting new HTTPS connection (1): bulkapi.millionverifier.com:443
DEBUG: 2026-03-26 18:10:11,967 - https://bulkapi.millionverifier.com:443 "GET /bulkapi/v2/fileinfo?key=***REMOVED***&file_id=30367929 HTTP/1.1" 200 None
DEBUG: 2026-03-26 18:10:11,978 - Starting new HTTPS connection (1): bulkapi.millionverifier.com:443
DEBUG: 2026-03-26 18:10:12,378 - https://bulkapi.millionverifier.com:443 "GET /bulkapi/v2/fileinfo?key=***REMOVED***&file_id=30368294 HTTP/1.1" 200 None
DEBUG: 2026-03-26 18:10:12,383 - Starting new HTTPS connection (1): bulkapi.millionverifier.com:443
DEBUG: 2026-03-26 18:10:12,810 - https://bulkapi.millionverifier.com:443 "GET /bulkapi/v2/fileinfo?key=***REMOVED***&file_id=30368730 HTTP/1.1" 200 None
INFO: 2026-03-26 18:10:12,813 - FINISHED LOOP

INFO: 2026-03-26 18:20:07,976 - STARTING LOOP
DEBUG: 2026-03-26 18:20:08,055 - Starting new HTTPS connection (1): bulkapi.millionverifier.com:443
DEBUG: 2026-03-26 18:20:08,576 - https://bulkapi.millionverifier.com:443 "GET /bulkapi/v2/fileinfo?key=***REMOVED***&file_id=30367215 HTTP/1.1" 200 None
DEBUG: 2026-03-26 18:20:08,599 - Starting new HTTPS connection (1): bulkapi.millionverifier.com:443
DEBUG: 2026-03-26 18:20:09,086 - https://bulkapi.millionverifier.com:443 "GET /bulkapi/v2/fileinfo?key=***REMOVED***&file_id=30367929 HTTP/1.1" 200 None
DEBUG: 2026-03-26 18:20:09,098 - Starting new HTTPS connection (1): bulkapi.millionverifier.com:443
DEBUG: 2026-03-26 18:20:09,597 - https://bulkapi.millionverifier.com:443 "GET /bulkapi/v2/fileinfo?key=***REMOVED***&file_id=30368294 HTTP/1.1" 200 None
DEBUG: 2026-03-26 18:20:09,610 - Starting new HTTPS connection (1): bulkapi.millionverifier.com:443
DEBUG: 2026-03-26 18:20:09,887 - https://bulkapi.millionverifier.com:443 "GET /bulkapi/v2/fileinfo?key=***REMOVED***&file_id=30368730 HTTP/1.1" 200 None
INFO: 2026-03-26 18:20:09,890 - FINISHED LOOP

INFO: 2026-03-26 18:30:09,528 - STARTING LOOP
DEBUG: 2026-03-26 18:30:09,683 - Starting new HTTPS connection (1): bulkapi.millionverifier.com:443
DEBUG: 2026-03-26 18:30:10,135 - https://bulkapi.millionverifier.com:443 "GET /bulkapi/v2/fileinfo?key=***REMOVED***&file_id=30367215 HTTP/1.1" 200 None
DEBUG: 2026-03-26 18:30:10,142 - Starting new HTTPS connection (1): bulkapi.millionverifier.com:443
DEBUG: 2026-03-26 18:30:10,540 - https://bulkapi.millionverifier.com:443 "GET /bulkapi/v2/fileinfo?key=***REMOVED***&file_id=30367929 HTTP/1.1" 200 None
DEBUG: 2026-03-26 18:30:10,547 - Starting new HTTPS connection (1): bulkapi.millionverifier.com:443
DEBUG: 2026-03-26 18:30:10,819 - https://bulkapi.millionverifier.com:443 "GET /bulkapi/v2/fileinfo?key=***REMOVED***&file_id=30368294 HTTP/1.1" 200 None
DEBUG: 2026-03-26 18:30:10,830 - Starting new HTTPS connection (1): bulkapi.millionverifier.com:443
DEBUG: 2026-03-26 18:30:11,233 - https://bulkapi.millionverifier.com:443 "GET /bulkapi/v2/fileinfo?key=***REMOVED***&file_id=30368730 HTTP/1.1" 200 None
INFO: 2026-03-26 18:30:11,236 - FINISHED LOOP

INFO: 2026-03-26 18:40:09,068 - STARTING LOOP
DEBUG: 2026-03-26 18:40:09,157 - Starting new HTTPS connection (1): bulkapi.millionverifier.com:443
DEBUG: 2026-03-26 18:40:09,619 - https://bulkapi.millionverifier.com:443 "GET /bulkapi/v2/fileinfo?key=***REMOVED***&file_id=30367215 HTTP/1.1" 200 None
DEBUG: 2026-03-26 18:40:09,625 - Starting new HTTPS connection (1): bulkapi.millionverifier.com:443
DEBUG: 2026-03-26 18:40:10,015 - https://bulkapi.millionverifier.com:443 "GET /bulkapi/v2/fileinfo?key=***REMOVED***&file_id=30367929 HTTP/1.1" 200 None
DEBUG: 2026-03-26 18:40:10,022 - Starting new HTTPS connection (1): bulkapi.millionverifier.com:443
DEBUG: 2026-03-26 18:40:10,291 - https://bulkapi.millionverifier.com:443 "GET /bulkapi/v2/fileinfo?key=***REMOVED***&file_id=30368294 HTTP/1.1" 200 None
DEBUG: 2026-03-26 18:40:10,297 - Starting new HTTPS connection (1): bulkapi.millionverifier.com:443
DEBUG: 2026-03-26 18:40:10,745 - https://bulkapi.millionverifier.com:443 "GET /bulkapi/v2/fileinfo?key=***REMOVED***&file_id=30368730 HTTP/1.1" 200 None
INFO: 2026-03-26 18:40:10,748 - FINISHED LOOP

INFO: 2026-03-26 18:50:08,442 - STARTING LOOP
DEBUG: 2026-03-26 18:50:08,525 - Starting new HTTPS connection (1): bulkapi.millionverifier.com:443
DEBUG: 2026-03-26 18:50:08,965 - https://bulkapi.millionverifier.com:443 "GET /bulkapi/v2/fileinfo?key=***REMOVED***&file_id=30367215 HTTP/1.1" 200 None
DEBUG: 2026-03-26 18:50:08,977 - Starting new HTTPS connection (1): bulkapi.millionverifier.com:443
DEBUG: 2026-03-26 18:50:09,375 - https://bulkapi.millionverifier.com:443 "GET /bulkapi/v2/fileinfo?key=***REMOVED***&file_id=30367929 HTTP/1.1" 200 None
DEBUG: 2026-03-26 18:50:09,387 - Starting new HTTPS connection (1): bulkapi.millionverifier.com:443
DEBUG: 2026-03-26 18:50:09,886 - https://bulkapi.millionverifier.com:443 "GET /bulkapi/v2/fileinfo?key=***REMOVED***&file_id=30368294 HTTP/1.1" 200 None
DEBUG: 2026-03-26 18:50:09,895 - Starting new HTTPS connection (1): bulkapi.millionverifier.com:443
DEBUG: 2026-03-26 18:50:10,376 - https://bulkapi.millionverifier.com:443 "GET /bulkapi/v2/fileinfo?key=***REMOVED***&file_id=30368730 HTTP/1.1" 200 None
INFO: 2026-03-26 18:50:10,380 - FINISHED LOOP

INFO: 2026-03-26 19:00:08,091 - STARTING LOOP
DEBUG: 2026-03-26 19:00:08,149 - Starting new HTTPS connection (1): bulkapi.millionverifier.com:443
DEBUG: 2026-03-26 19:00:08,616 - https://bulkapi.millionverifier.com:443 "GET /bulkapi/v2/fileinfo?key=***REMOVED***&file_id=30367215 HTTP/1.1" 200 None
DEBUG: 2026-03-26 19:00:08,622 - Starting new HTTPS connection (1): bulkapi.millionverifier.com:443
DEBUG: 2026-03-26 19:00:09,129 - https://bulkapi.millionverifier.com:443 "GET /bulkapi/v2/fileinfo?key=***REMOVED***&file_id=30367929 HTTP/1.1" 200 None
DEBUG: 2026-03-26 19:00:09,139 - Starting new HTTPS connection (1): bulkapi.millionverifier.com:443
DEBUG: 2026-03-26 19:00:09,596 - https://bulkapi.millionverifier.com:443 "GET /bulkapi/v2/fileinfo?key=***REMOVED***&file_id=30368294 HTTP/1.1" 200 None
DEBUG: 2026-03-26 19:00:09,601 - Starting new HTTPS connection (1): bulkapi.millionverifier.com:443
DEBUG: 2026-03-26 19:00:09,996 - https://bulkapi.millionverifier.com:443 "GET /bulkapi/v2/fileinfo?key=***REMOVED***&file_id=30368730 HTTP/1.1" 200 None
INFO: 2026-03-26 19:00:09,998 - FINISHED LOOP

INFO: 2026-03-26 19:10:07,931 - STARTING LOOP
DEBUG: 2026-03-26 19:10:08,012 - Starting new HTTPS connection (1): bulkapi.millionverifier.com:443
DEBUG: 2026-03-26 19:10:08,415 - https://bulkapi.millionverifier.com:443 "GET /bulkapi/v2/fileinfo?key=***REMOVED***&file_id=30367215 HTTP/1.1" 200 None
DEBUG: 2026-03-26 19:10:08,421 - Starting new HTTPS connection (1): bulkapi.millionverifier.com:443
DEBUG: 2026-03-26 19:10:08,688 - https://bulkapi.millionverifier.com:443 "GET /bulkapi/v2/fileinfo?key=***REMOVED***&file_id=30367929 HTTP/1.1" 200 None
DEBUG: 2026-03-26 19:10:08,692 - Starting new HTTPS connection (1): bulkapi.millionverifier.com:443
DEBUG: 2026-03-26 19:10:09,094 - https://bulkapi.millionverifier.com:443 "GET /bulkapi/v2/fileinfo?key=***REMOVED***&file_id=30368294 HTTP/1.1" 200 None
DEBUG: 2026-03-26 19:10:09,101 - Starting new HTTPS connection (1): bulkapi.millionverifier.com:443
DEBUG: 2026-03-26 19:10:09,372 - https://bulkapi.millionverifier.com:443 "GET /bulkapi/v2/fileinfo?key=***REMOVED***&file_id=30368730 HTTP/1.1" 200 None
INFO: 2026-03-26 19:10:09,375 - FINISHED LOOP

INFO: 2026-03-26 19:20:06,473 - STARTING LOOP
DEBUG: 2026-03-26 19:20:06,574 - Starting new HTTPS connection (1): bulkapi.millionverifier.com:443
DEBUG: 2026-03-26 19:20:07,106 - https://bulkapi.millionverifier.com:443 "GET /bulkapi/v2/fileinfo?key=***REMOVED***&file_id=30367215 HTTP/1.1" 200 None
DEBUG: 2026-03-26 19:20:07,113 - Starting new HTTPS connection (1): bulkapi.millionverifier.com:443
DEBUG: 2026-03-26 19:20:07,494 - https://bulkapi.millionverifier.com:443 "GET /bulkapi/v2/fileinfo?key=***REMOVED***&file_id=30367929 HTTP/1.1" 200 None
DEBUG: 2026-03-26 19:20:07,502 - Starting new HTTPS connection (1): bulkapi.millionverifier.com:443
DEBUG: 2026-03-26 19:20:07,923 - https://bulkapi.millionverifier.com:443 "GET /bulkapi/v2/fileinfo?key=***REMOVED***&file_id=30368294 HTTP/1.1" 200 None
DEBUG: 2026-03-26 19:20:07,932 - Starting new HTTPS connection (1): bulkapi.millionverifier.com:443
DEBUG: 2026-03-26 19:20:08,219 - https://bulkapi.millionverifier.com:443 "GET /bulkapi/v2/fileinfo?key=***REMOVED***&file_id=30368730 HTTP/1.1" 200 None
INFO: 2026-03-26 19:20:08,225 - FINISHED LOOP

INFO: 2026-03-26 19:30:07,469 - STARTING LOOP
DEBUG: 2026-03-26 19:30:07,529 - Starting new HTTPS connection (1): bulkapi.millionverifier.com:443
DEBUG: 2026-03-26 19:30:07,986 - https://bulkapi.millionverifier.com:443 "GET /bulkapi/v2/fileinfo?key=***REMOVED***&file_id=30367215 HTTP/1.1" 200 None
DEBUG: 2026-03-26 19:30:07,994 - Starting new HTTPS connection (1): bulkapi.millionverifier.com:443
DEBUG: 2026-03-26 19:30:08,267 - https://bulkapi.millionverifier.com:443 "GET /bulkapi/v2/fileinfo?key=***REMOVED***&file_id=30367929 HTTP/1.1" 200 None
DEBUG: 2026-03-26 19:30:08,278 - Starting new HTTPS connection (1): bulkapi.millionverifier.com:443
DEBUG: 2026-03-26 19:30:08,703 - https://bulkapi.millionverifier.com:443 "GET /bulkapi/v2/fileinfo?key=***REMOVED***&file_id=30368294 HTTP/1.1" 200 None
DEBUG: 2026-03-26 19:30:08,715 - Starting new HTTPS connection (1): bulkapi.millionverifier.com:443
DEBUG: 2026-03-26 19:30:08,997 - https://bulkapi.millionverifier.com:443 "GET /bulkapi/v2/fileinfo?key=***REMOVED***&file_id=30368730 HTTP/1.1" 200 None
INFO: 2026-03-26 19:30:09,001 - FINISHED LOOP

INFO: 2026-03-26 20:02:45,271 - STARTING LOOP
DEBUG: 2026-03-26 20:02:45,322 - Starting new HTTPS connection (1): bulkapi.millionverifier.com:443
DEBUG: 2026-03-26 20:02:45,730 - https://bulkapi.millionverifier.com:443 "GET /bulkapi/v2/fileinfo?key=***REMOVED***&file_id=30367215 HTTP/1.1" 200 None
DEBUG: 2026-03-26 20:02:45,738 - Starting new HTTPS connection (1): bulkapi.millionverifier.com:443
DEBUG: 2026-03-26 20:02:46,121 - https://bulkapi.millionverifier.com:443 "GET /bulkapi/v2/fileinfo?key=***REMOVED***&file_id=30367929 HTTP/1.1" 200 None
DEBUG: 2026-03-26 20:02:46,130 - Starting new HTTPS connection (1): bulkapi.millionverifier.com:443
DEBUG: 2026-03-26 20:02:46,583 - https://bulkapi.millionverifier.com:443 "GET /bulkapi/v2/fileinfo?key=***REMOVED***&file_id=30368294 HTTP/1.1" 200 None
DEBUG: 2026-03-26 20:02:46,590 - Starting new HTTPS connection (1): bulkapi.millionverifier.com:443
DEBUG: 2026-03-26 20:02:47,000 - https://bulkapi.millionverifier.com:443 "GET /bulkapi/v2/fileinfo?key=***REMOVED***&file_id=30368730 HTTP/1.1" 200 None
INFO: 2026-03-26 20:02:47,004 - FINISHED LOOP

INFO: 2026-03-26 20:52:24,617 - STARTING LOOP
DEBUG: 2026-03-26 20:52:24,685 - Starting new HTTPS connection (1): bulkapi.millionverifier.com:443
DEBUG: 2026-03-26 20:52:25,196 - https://bulkapi.millionverifier.com:443 "GET /bulkapi/v2/fileinfo?key=***REMOVED***&file_id=30367215 HTTP/1.1" 200 None
DEBUG: 2026-03-26 20:52:25,207 - Starting new HTTPS connection (1): bulkapi.millionverifier.com:443
DEBUG: 2026-03-26 20:52:25,600 - https://bulkapi.millionverifier.com:443 "GET /bulkapi/v2/fileinfo?key=***REMOVED***&file_id=30367929 HTTP/1.1" 200 None
DEBUG: 2026-03-26 20:52:25,611 - Starting new HTTPS connection (1): bulkapi.millionverifier.com:443
DEBUG: 2026-03-26 20:52:26,019 - https://bulkapi.millionverifier.com:443 "GET /bulkapi/v2/fileinfo?key=***REMOVED***&file_id=30368294 HTTP/1.1" 200 None
DEBUG: 2026-03-26 20:52:26,029 - Starting new HTTPS connection (1): bulkapi.millionverifier.com:443
DEBUG: 2026-03-26 20:52:26,532 - https://bulkapi.millionverifier.com:443 "GET /bulkapi/v2/fileinfo?key=***REMOVED***&file_id=30368730 HTTP/1.1" 200 None
INFO: 2026-03-26 20:52:26,537 - FINISHED LOOP

INFO: 2026-03-26 21:00:09,110 - STARTING LOOP
DEBUG: 2026-03-26 21:00:09,161 - Starting new HTTPS connection (1): bulkapi.millionverifier.com:443
DEBUG: 2026-03-26 21:00:09,572 - https://bulkapi.millionverifier.com:443 "GET /bulkapi/v2/fileinfo?key=***REMOVED***&file_id=30367215 HTTP/1.1" 200 None
DEBUG: 2026-03-26 21:00:09,579 - Starting new HTTPS connection (1): bulkapi.millionverifier.com:443
DEBUG: 2026-03-26 21:00:09,971 - https://bulkapi.millionverifier.com:443 "GET /bulkapi/v2/fileinfo?key=***REMOVED***&file_id=30367929 HTTP/1.1" 200 None
DEBUG: 2026-03-26 21:00:09,979 - Starting new HTTPS connection (1): bulkapi.millionverifier.com:443
DEBUG: 2026-03-26 21:00:10,409 - https://bulkapi.millionverifier.com:443 "GET /bulkapi/v2/fileinfo?key=***REMOVED***&file_id=30368294 HTTP/1.1" 200 None
DEBUG: 2026-03-26 21:00:10,615 - Starting new HTTPS connection (1): bulkapi.millionverifier.com:443
DEBUG: 2026-03-26 21:00:11,068 - https://bulkapi.millionverifier.com:443 "GET /bulkapi/v2/fileinfo?key=***REMOVED***&file_id=30368730 HTTP/1.1" 200 None
INFO: 2026-03-26 21:00:11,093 - FINISHED LOOP

INFO: 2026-03-27 03:20:07,565 - STARTING LOOP
DEBUG: 2026-03-27 03:20:07,799 - Starting new HTTPS connection (1): bulkapi.millionverifier.com:443
DEBUG: 2026-03-27 03:20:08,352 - https://bulkapi.millionverifier.com:443 "GET /bulkapi/v2/fileinfo?key=***REMOVED***&file_id=30367215 HTTP/1.1" 200 None
DEBUG: 2026-03-27 03:20:08,364 - Starting new HTTPS connection (1): bulkapi.millionverifier.com:443
DEBUG: 2026-03-27 03:20:08,760 - https://bulkapi.millionverifier.com:443 "GET /bulkapi/v2/fileinfo?key=***REMOVED***&file_id=30367929 HTTP/1.1" 200 None
DEBUG: 2026-03-27 03:20:08,771 - Starting new HTTPS connection (1): bulkapi.millionverifier.com:443
DEBUG: 2026-03-27 03:20:09,175 - https://bulkapi.millionverifier.com:443 "GET /bulkapi/v2/fileinfo?key=***REMOVED***&file_id=30368294 HTTP/1.1" 200 None
DEBUG: 2026-03-27 03:20:09,182 - Starting new HTTPS connection (1): bulkapi.millionverifier.com:443
DEBUG: 2026-03-27 03:20:09,498 - https://bulkapi.millionverifier.com:443 "GET /bulkapi/v2/fileinfo?key=***REMOVED***&file_id=30368730 HTTP/1.1" 200 None
INFO: 2026-03-27 03:20:09,503 - FINISHED LOOP

INFO: 2026-03-27 06:10:08,379 - STARTING LOOP
DEBUG: 2026-03-27 06:10:08,434 - Starting new HTTPS connection (1): bulkapi.millionverifier.com:443
DEBUG: 2026-03-27 06:10:08,841 - https://bulkapi.millionverifier.com:443 "GET /bulkapi/v2/fileinfo?key=***REMOVED***&file_id=30367215 HTTP/1.1" 200 None
DEBUG: 2026-03-27 06:10:08,851 - Starting new HTTPS connection (1): bulkapi.millionverifier.com:443
DEBUG: 2026-03-27 06:10:09,264 - https://bulkapi.millionverifier.com:443 "GET /bulkapi/v2/fileinfo?key=***REMOVED***&file_id=30367929 HTTP/1.1" 200 None
DEBUG: 2026-03-27 06:10:09,275 - Starting new HTTPS connection (1): bulkapi.millionverifier.com:443
DEBUG: 2026-03-27 06:10:09,666 - https://bulkapi.millionverifier.com:443 "GET /bulkapi/v2/fileinfo?key=***REMOVED***&file_id=30368294 HTTP/1.1" 200 None
DEBUG: 2026-03-27 06:10:09,678 - Starting new HTTPS connection (1): bulkapi.millionverifier.com:443
DEBUG: 2026-03-27 06:10:10,075 - https://bulkapi.millionverifier.com:443 "GET /bulkapi/v2/fileinfo?key=***REMOVED***&file_id=30368730 HTTP/1.1" 200 None
INFO: 2026-03-27 06:10:10,078 - FINISHED LOOP

INFO: 2026-03-27 06:28:51,732 - STARTING LOOP
DEBUG: 2026-03-27 06:28:51,790 - Starting new HTTPS connection (1): bulkapi.millionverifier.com:443
DEBUG: 2026-03-27 06:28:52,222 - https://bulkapi.millionverifier.com:443 "GET /bulkapi/v2/fileinfo?key=***REMOVED***&file_id=30367215 HTTP/1.1" 200 None
DEBUG: 2026-03-27 06:28:52,233 - Starting new HTTPS connection (1): bulkapi.millionverifier.com:443
DEBUG: 2026-03-27 06:28:52,622 - https://bulkapi.millionverifier.com:443 "GET /bulkapi/v2/fileinfo?key=***REMOVED***&file_id=30367929 HTTP/1.1" 200 None
DEBUG: 2026-03-27 06:28:52,633 - Starting new HTTPS connection (1): bulkapi.millionverifier.com:443
DEBUG: 2026-03-27 06:28:53,019 - https://bulkapi.millionverifier.com:443 "GET /bulkapi/v2/fileinfo?key=***REMOVED***&file_id=30368294 HTTP/1.1" 200 None
DEBUG: 2026-03-27 06:28:53,027 - Starting new HTTPS connection (1): bulkapi.millionverifier.com:443
DEBUG: 2026-03-27 06:28:53,418 - https://bulkapi.millionverifier.com:443 "GET /bulkapi/v2/fileinfo?key=***REMOVED***&file_id=30368730 HTTP/1.1" 200 None
INFO: 2026-03-27 06:28:53,423 - FINISHED LOOP

INFO: 2026-03-27 06:59:12,269 - STARTING LOOP
DEBUG: 2026-03-27 06:59:12,327 - Starting new HTTPS connection (1): bulkapi.millionverifier.com:443
DEBUG: 2026-03-27 06:59:12,717 - https://bulkapi.millionverifier.com:443 "GET /bulkapi/v2/fileinfo?key=***REMOVED***&file_id=30367215 HTTP/1.1" 200 None
DEBUG: 2026-03-27 06:59:12,726 - Starting new HTTPS connection (1): bulkapi.millionverifier.com:443
DEBUG: 2026-03-27 06:59:13,114 - https://bulkapi.millionverifier.com:443 "GET /bulkapi/v2/fileinfo?key=***REMOVED***&file_id=30367929 HTTP/1.1" 200 None
DEBUG: 2026-03-27 06:59:13,126 - Starting new HTTPS connection (1): bulkapi.millionverifier.com:443
DEBUG: 2026-03-27 06:59:13,530 - https://bulkapi.millionverifier.com:443 "GET /bulkapi/v2/fileinfo?key=***REMOVED***&file_id=30368294 HTTP/1.1" 200 None
DEBUG: 2026-03-27 06:59:13,542 - Starting new HTTPS connection (1): bulkapi.millionverifier.com:443
DEBUG: 2026-03-27 06:59:13,944 - https://bulkapi.millionverifier.com:443 "GET /bulkapi/v2/fileinfo?key=***REMOVED***&file_id=30368730 HTTP/1.1" 200 None
INFO: 2026-03-27 06:59:13,949 - FINISHED LOOP

INFO: 2026-03-27 07:05:29,997 - STARTING LOOP
DEBUG: 2026-03-27 07:05:30,050 - Starting new HTTPS connection (1): bulkapi.millionverifier.com:443
DEBUG: 2026-03-27 07:05:30,463 - https://bulkapi.millionverifier.com:443 "GET /bulkapi/v2/fileinfo?key=***REMOVED***&file_id=30367215 HTTP/1.1" 200 None
DEBUG: 2026-03-27 07:05:30,469 - Starting new HTTPS connection (1): bulkapi.millionverifier.com:443
DEBUG: 2026-03-27 07:05:30,867 - https://bulkapi.millionverifier.com:443 "GET /bulkapi/v2/fileinfo?key=***REMOVED***&file_id=30367929 HTTP/1.1" 200 None
DEBUG: 2026-03-27 07:05:30,876 - Starting new HTTPS connection (1): bulkapi.millionverifier.com:443
DEBUG: 2026-03-27 07:05:31,148 - https://bulkapi.millionverifier.com:443 "GET /bulkapi/v2/fileinfo?key=***REMOVED***&file_id=30368294 HTTP/1.1" 200 None
DEBUG: 2026-03-27 07:05:31,155 - Starting new HTTPS connection (1): bulkapi.millionverifier.com:443
DEBUG: 2026-03-27 07:05:31,883 - https://bulkapi.millionverifier.com:443 "GET /bulkapi/v2/fileinfo?key=***REMOVED***&file_id=30368730 HTTP/1.1" 200 None
INFO: 2026-03-27 07:05:31,887 - FINISHED LOOP

INFO: 2026-03-27 07:23:39,588 - STARTING LOOP
DEBUG: 2026-03-27 07:23:39,682 - Starting new HTTPS connection (1): bulkapi.millionverifier.com:443
DEBUG: 2026-03-27 07:23:40,163 - https://bulkapi.millionverifier.com:443 "GET /bulkapi/v2/fileinfo?key=***REMOVED***&file_id=30367215 HTTP/1.1" 200 None
DEBUG: 2026-03-27 07:23:40,168 - Starting new HTTPS connection (1): bulkapi.millionverifier.com:443
DEBUG: 2026-03-27 07:23:40,554 - https://bulkapi.millionverifier.com:443 "GET /bulkapi/v2/fileinfo?key=***REMOVED***&file_id=30367929 HTTP/1.1" 200 None
DEBUG: 2026-03-27 07:23:40,563 - Starting new HTTPS connection (1): bulkapi.millionverifier.com:443
DEBUG: 2026-03-27 07:23:40,832 - https://bulkapi.millionverifier.com:443 "GET /bulkapi/v2/fileinfo?key=***REMOVED***&file_id=30368294 HTTP/1.1" 200 None
DEBUG: 2026-03-27 07:23:40,841 - Starting new HTTPS connection (1): bulkapi.millionverifier.com:443
DEBUG: 2026-03-27 07:23:41,104 - https://bulkapi.millionverifier.com:443 "GET /bulkapi/v2/fileinfo?key=***REMOVED***&file_id=30368730 HTTP/1.1" 200 None
INFO: 2026-03-27 07:23:41,109 - FINISHED LOOP

INFO: 2026-03-27 07:23:43,906 - STARTING LOOP
DEBUG: 2026-03-27 07:23:43,925 - Starting new HTTPS connection (1): bulkapi.millionverifier.com:443
DEBUG: 2026-03-27 07:23:44,318 - https://bulkapi.millionverifier.com:443 "GET /bulkapi/v2/fileinfo?key=***REMOVED***&file_id=30367215 HTTP/1.1" 200 None
DEBUG: 2026-03-27 07:23:44,326 - Starting new HTTPS connection (1): bulkapi.millionverifier.com:443
DEBUG: 2026-03-27 07:23:44,727 - https://bulkapi.millionverifier.com:443 "GET /bulkapi/v2/fileinfo?key=***REMOVED***&file_id=30367929 HTTP/1.1" 200 None
DEBUG: 2026-03-27 07:23:44,738 - Starting new HTTPS connection (1): bulkapi.millionverifier.com:443
DEBUG: 2026-03-27 07:23:45,036 - https://bulkapi.millionverifier.com:443 "GET /bulkapi/v2/fileinfo?key=***REMOVED***&file_id=30368294 HTTP/1.1" 200 None
DEBUG: 2026-03-27 07:23:45,046 - Starting new HTTPS connection (1): bulkapi.millionverifier.com:443
DEBUG: 2026-03-27 07:23:45,431 - https://bulkapi.millionverifier.com:443 "GET /bulkapi/v2/fileinfo?key=***REMOVED***&file_id=30368730 HTTP/1.1" 200 None
INFO: 2026-03-27 07:23:45,434 - FINISHED LOOP

INFO: 2026-03-27 07:33:10,103 - STARTING LOOP
DEBUG: 2026-03-27 07:33:10,155 - Starting new HTTPS connection (1): bulkapi.millionverifier.com:443
DEBUG: 2026-03-27 07:33:10,546 - https://bulkapi.millionverifier.com:443 "GET /bulkapi/v2/fileinfo?key=***REMOVED***&file_id=30367215 HTTP/1.1" 200 None
DEBUG: 2026-03-27 07:33:10,553 - Starting new HTTPS connection (1): bulkapi.millionverifier.com:443
DEBUG: 2026-03-27 07:33:10,848 - https://bulkapi.millionverifier.com:443 "GET /bulkapi/v2/fileinfo?key=***REMOVED***&file_id=30367929 HTTP/1.1" 200 None
DEBUG: 2026-03-27 07:33:10,859 - Starting new HTTPS connection (1): bulkapi.millionverifier.com:443
DEBUG: 2026-03-27 07:33:11,190 - https://bulkapi.millionverifier.com:443 "GET /bulkapi/v2/fileinfo?key=***REMOVED***&file_id=30368294 HTTP/1.1" 200 None
DEBUG: 2026-03-27 07:33:11,202 - Starting new HTTPS connection (1): bulkapi.millionverifier.com:443
DEBUG: 2026-03-27 07:33:11,496 - https://bulkapi.millionverifier.com:443 "GET /bulkapi/v2/fileinfo?key=***REMOVED***&file_id=30368730 HTTP/1.1" 200 None
INFO: 2026-03-27 07:33:11,501 - FINISHED LOOP

INFO: 2026-03-27 07:43:30,342 - STARTING LOOP
DEBUG: 2026-03-27 07:43:30,408 - Starting new HTTPS connection (1): bulkapi.millionverifier.com:443
DEBUG: 2026-03-27 07:43:30,799 - https://bulkapi.millionverifier.com:443 "GET /bulkapi/v2/fileinfo?key=***REMOVED***&file_id=30367215 HTTP/1.1" 200 None
DEBUG: 2026-03-27 07:43:30,810 - Starting new HTTPS connection (1): bulkapi.millionverifier.com:443
DEBUG: 2026-03-27 07:43:31,092 - https://bulkapi.millionverifier.com:443 "GET /bulkapi/v2/fileinfo?key=***REMOVED***&file_id=30367929 HTTP/1.1" 200 None
DEBUG: 2026-03-27 07:43:31,104 - Starting new HTTPS connection (1): bulkapi.millionverifier.com:443
DEBUG: 2026-03-27 07:43:31,388 - https://bulkapi.millionverifier.com:443 "GET /bulkapi/v2/fileinfo?key=***REMOVED***&file_id=30368294 HTTP/1.1" 200 None
DEBUG: 2026-03-27 07:43:31,399 - Starting new HTTPS connection (1): bulkapi.millionverifier.com:443
DEBUG: 2026-03-27 07:43:31,809 - https://bulkapi.millionverifier.com:443 "GET /bulkapi/v2/fileinfo?key=***REMOVED***&file_id=30368730 HTTP/1.1" 200 None
INFO: 2026-03-27 07:43:31,814 - FINISHED LOOP

INFO: 2026-03-27 07:50:19,822 - STARTING LOOP
DEBUG: 2026-03-27 07:50:19,890 - Starting new HTTPS connection (1): bulkapi.millionverifier.com:443
DEBUG: 2026-03-27 07:50:20,303 - https://bulkapi.millionverifier.com:443 "GET /bulkapi/v2/fileinfo?key=***REMOVED***&file_id=30367215 HTTP/1.1" 200 None
DEBUG: 2026-03-27 07:50:20,317 - Starting new HTTPS connection (1): bulkapi.millionverifier.com:443
DEBUG: 2026-03-27 07:50:20,601 - https://bulkapi.millionverifier.com:443 "GET /bulkapi/v2/fileinfo?key=***REMOVED***&file_id=30367929 HTTP/1.1" 200 None
DEBUG: 2026-03-27 07:50:20,612 - Starting new HTTPS connection (1): bulkapi.millionverifier.com:443
DEBUG: 2026-03-27 07:50:21,019 - https://bulkapi.millionverifier.com:443 "GET /bulkapi/v2/fileinfo?key=***REMOVED***&file_id=30368294 HTTP/1.1" 200 None
DEBUG: 2026-03-27 07:50:21,031 - Starting new HTTPS connection (1): bulkapi.millionverifier.com:443
DEBUG: 2026-03-27 07:50:21,313 - https://bulkapi.millionverifier.com:443 "GET /bulkapi/v2/fileinfo?key=***REMOVED***&file_id=30368730 HTTP/1.1" 200 None
INFO: 2026-03-27 07:50:21,317 - FINISHED LOOP

INFO: 2026-03-27 08:00:08,581 - STARTING LOOP
DEBUG: 2026-03-27 08:00:08,680 - Starting new HTTPS connection (1): bulkapi.millionverifier.com:443
DEBUG: 2026-03-27 08:00:09,085 - https://bulkapi.millionverifier.com:443 "GET /bulkapi/v2/fileinfo?key=***REMOVED***&file_id=30367215 HTTP/1.1" 200 None
DEBUG: 2026-03-27 08:00:09,091 - Starting new HTTPS connection (1): bulkapi.millionverifier.com:443
DEBUG: 2026-03-27 08:00:09,480 - https://bulkapi.millionverifier.com:443 "GET /bulkapi/v2/fileinfo?key=***REMOVED***&file_id=30367929 HTTP/1.1" 200 None
DEBUG: 2026-03-27 08:00:09,489 - Starting new HTTPS connection (1): bulkapi.millionverifier.com:443
DEBUG: 2026-03-27 08:00:09,920 - https://bulkapi.millionverifier.com:443 "GET /bulkapi/v2/fileinfo?key=***REMOVED***&file_id=30368294 HTTP/1.1" 200 None
DEBUG: 2026-03-27 08:00:09,926 - Starting new HTTPS connection (1): bulkapi.millionverifier.com:443
DEBUG: 2026-03-27 08:00:10,223 - https://bulkapi.millionverifier.com:443 "GET /bulkapi/v2/fileinfo?key=***REMOVED***&file_id=30368730 HTTP/1.1" 200 None
INFO: 2026-03-27 08:00:10,225 - FINISHED LOOP

INFO: 2026-03-27 08:10:08,312 - STARTING LOOP
DEBUG: 2026-03-27 08:10:08,383 - Starting new HTTPS connection (1): bulkapi.millionverifier.com:443
DEBUG: 2026-03-27 08:10:08,668 - https://bulkapi.millionverifier.com:443 "GET /bulkapi/v2/fileinfo?key=***REMOVED***&file_id=30367215 HTTP/1.1" 200 None
DEBUG: 2026-03-27 08:10:08,677 - Starting new HTTPS connection (1): bulkapi.millionverifier.com:443
DEBUG: 2026-03-27 08:10:09,161 - https://bulkapi.millionverifier.com:443 "GET /bulkapi/v2/fileinfo?key=***REMOVED***&file_id=30367929 HTTP/1.1" 200 None
DEBUG: 2026-03-27 08:10:09,170 - Starting new HTTPS connection (1): bulkapi.millionverifier.com:443
DEBUG: 2026-03-27 08:10:09,460 - https://bulkapi.millionverifier.com:443 "GET /bulkapi/v2/fileinfo?key=***REMOVED***&file_id=30368294 HTTP/1.1" 200 None
DEBUG: 2026-03-27 08:10:09,470 - Starting new HTTPS connection (1): bulkapi.millionverifier.com:443
DEBUG: 2026-03-27 08:10:09,753 - https://bulkapi.millionverifier.com:443 "GET /bulkapi/v2/fileinfo?key=***REMOVED***&file_id=30368730 HTTP/1.1" 200 None
INFO: 2026-03-27 08:10:09,757 - FINISHED LOOP

INFO: 2026-03-27 08:36:20,539 - STARTING LOOP
DEBUG: 2026-03-27 08:36:20,602 - Starting new HTTPS connection (1): bulkapi.millionverifier.com:443
DEBUG: 2026-03-27 08:36:20,917 - https://bulkapi.millionverifier.com:443 "GET /bulkapi/v2/fileinfo?key=***REMOVED***&file_id=30367215 HTTP/1.1" 200 None
DEBUG: 2026-03-27 08:36:20,924 - Starting new HTTPS connection (1): bulkapi.millionverifier.com:443
DEBUG: 2026-03-27 08:36:21,316 - https://bulkapi.millionverifier.com:443 "GET /bulkapi/v2/fileinfo?key=***REMOVED***&file_id=30367929 HTTP/1.1" 200 None
DEBUG: 2026-03-27 08:36:21,324 - Starting new HTTPS connection (1): bulkapi.millionverifier.com:443
DEBUG: 2026-03-27 08:36:21,723 - https://bulkapi.millionverifier.com:443 "GET /bulkapi/v2/fileinfo?key=***REMOVED***&file_id=30368294 HTTP/1.1" 200 None
DEBUG: 2026-03-27 08:36:21,730 - Starting new HTTPS connection (1): bulkapi.millionverifier.com:443
DEBUG: 2026-03-27 08:36:22,126 - https://bulkapi.millionverifier.com:443 "GET /bulkapi/v2/fileinfo?key=***REMOVED***&file_id=30368730 HTTP/1.1" 200 None
INFO: 2026-03-27 08:36:22,129 - FINISHED LOOP

INFO: 2026-03-27 08:42:37,788 - STARTING LOOP
DEBUG: 2026-03-27 08:42:37,842 - Starting new HTTPS connection (1): bulkapi.millionverifier.com:443
DEBUG: 2026-03-27 08:42:38,251 - https://bulkapi.millionverifier.com:443 "GET /bulkapi/v2/fileinfo?key=***REMOVED***&file_id=30367215 HTTP/1.1" 200 None
DEBUG: 2026-03-27 08:42:38,262 - Starting new HTTPS connection (1): bulkapi.millionverifier.com:443
DEBUG: 2026-03-27 08:44:47,057 - https://bulkapi.millionverifier.com:443 "GET /bulkapi/v2/fileinfo?key=***REMOVED***&file_id=30367929 HTTP/1.1" 200 None
DEBUG: 2026-03-27 08:44:47,068 - Starting new HTTPS connection (1): bulkapi.millionverifier.com:443
DEBUG: 2026-03-27 08:44:47,571 - https://bulkapi.millionverifier.com:443 "GET /bulkapi/v2/fileinfo?key=***REMOVED***&file_id=30368294 HTTP/1.1" 200 None
DEBUG: 2026-03-27 08:44:47,583 - Starting new HTTPS connection (1): bulkapi.millionverifier.com:443
DEBUG: 2026-03-27 08:44:48,084 - https://bulkapi.millionverifier.com:443 "GET /bulkapi/v2/fileinfo?key=***REMOVED***&file_id=30368730 HTTP/1.1" 200 None
INFO: 2026-03-27 08:44:48,089 - FINISHED LOOP

INFO: 2026-03-27 08:50:08,187 - STARTING LOOP
DEBUG: 2026-03-27 08:50:08,249 - Starting new HTTPS connection (1): bulkapi.millionverifier.com:443
DEBUG: 2026-03-27 08:50:08,548 - https://bulkapi.millionverifier.com:443 "GET /bulkapi/v2/fileinfo?key=***REMOVED***&file_id=30367215 HTTP/1.1" 200 None
DEBUG: 2026-03-27 08:50:08,555 - Starting new HTTPS connection (1): bulkapi.millionverifier.com:443
DEBUG: 2026-03-27 08:50:08,837 - https://bulkapi.millionverifier.com:443 "GET /bulkapi/v2/fileinfo?key=***REMOVED***&file_id=30367929 HTTP/1.1" 200 None
DEBUG: 2026-03-27 08:50:08,849 - Starting new HTTPS connection (1): bulkapi.millionverifier.com:443
DEBUG: 2026-03-27 08:50:09,311 - https://bulkapi.millionverifier.com:443 "GET /bulkapi/v2/fileinfo?key=***REMOVED***&file_id=30368294 HTTP/1.1" 200 None
DEBUG: 2026-03-27 08:50:09,321 - Starting new HTTPS connection (1): bulkapi.millionverifier.com:443
DEBUG: 2026-03-27 08:50:09,707 - https://bulkapi.millionverifier.com:443 "GET /bulkapi/v2/fileinfo?key=***REMOVED***&file_id=30368730 HTTP/1.1" 200 None
INFO: 2026-03-27 08:50:09,711 - FINISHED LOOP

INFO: 2026-03-27 09:00:10,938 - STARTING LOOP
DEBUG: 2026-03-27 09:00:11,014 - Starting new HTTPS connection (1): bulkapi.millionverifier.com:443
DEBUG: 2026-03-27 09:00:11,526 - https://bulkapi.millionverifier.com:443 "GET /bulkapi/v2/fileinfo?key=***REMOVED***&file_id=30367215 HTTP/1.1" 200 None
DEBUG: 2026-03-27 09:00:11,531 - Starting new HTTPS connection (1): bulkapi.millionverifier.com:443
DEBUG: 2026-03-27 09:00:11,916 - https://bulkapi.millionverifier.com:443 "GET /bulkapi/v2/fileinfo?key=***REMOVED***&file_id=30367929 HTTP/1.1" 200 None
DEBUG: 2026-03-27 09:00:11,927 - Starting new HTTPS connection (1): bulkapi.millionverifier.com:443
DEBUG: 2026-03-27 09:00:12,209 - https://bulkapi.millionverifier.com:443 "GET /bulkapi/v2/fileinfo?key=***REMOVED***&file_id=30368294 HTTP/1.1" 200 None
DEBUG: 2026-03-27 09:00:12,222 - Starting new HTTPS connection (1): bulkapi.millionverifier.com:443
DEBUG: 2026-03-27 09:00:12,490 - https://bulkapi.millionverifier.com:443 "GET /bulkapi/v2/fileinfo?key=***REMOVED***&file_id=30368730 HTTP/1.1" 200 None
INFO: 2026-03-27 09:00:12,495 - FINISHED LOOP

INFO: 2026-03-27 09:10:06,039 - STARTING LOOP
DEBUG: 2026-03-27 09:10:06,151 - Starting new HTTPS connection (1): bulkapi.millionverifier.com:443
DEBUG: 2026-03-27 09:10:06,550 - https://bulkapi.millionverifier.com:443 "GET /bulkapi/v2/fileinfo?key=***REMOVED***&file_id=30367215 HTTP/1.1" 200 None
DEBUG: 2026-03-27 09:10:06,562 - Starting new HTTPS connection (1): bulkapi.millionverifier.com:443
DEBUG: 2026-03-27 09:10:07,008 - https://bulkapi.millionverifier.com:443 "GET /bulkapi/v2/fileinfo?key=***REMOVED***&file_id=30367929 HTTP/1.1" 200 None
DEBUG: 2026-03-27 09:10:07,019 - Starting new HTTPS connection (1): bulkapi.millionverifier.com:443
DEBUG: 2026-03-27 09:10:07,567 - https://bulkapi.millionverifier.com:443 "GET /bulkapi/v2/fileinfo?key=***REMOVED***&file_id=30368294 HTTP/1.1" 200 None
DEBUG: 2026-03-27 09:10:07,575 - Starting new HTTPS connection (1): bulkapi.millionverifier.com:443
DEBUG: 2026-03-27 09:10:07,976 - https://bulkapi.millionverifier.com:443 "GET /bulkapi/v2/fileinfo?key=***REMOVED***&file_id=30368730 HTTP/1.1" 200 None
INFO: 2026-03-27 09:10:07,978 - FINISHED LOOP

INFO: 2026-03-27 09:20:05,921 - STARTING LOOP
DEBUG: 2026-03-27 09:20:05,982 - Starting new HTTPS connection (1): bulkapi.millionverifier.com:443
DEBUG: 2026-03-27 09:20:06,403 - https://bulkapi.millionverifier.com:443 "GET /bulkapi/v2/fileinfo?key=***REMOVED***&file_id=30367215 HTTP/1.1" 200 None
DEBUG: 2026-03-27 09:20:06,414 - Starting new HTTPS connection (1): bulkapi.millionverifier.com:443
DEBUG: 2026-03-27 09:20:06,706 - https://bulkapi.millionverifier.com:443 "GET /bulkapi/v2/fileinfo?key=***REMOVED***&file_id=30367929 HTTP/1.1" 200 None
DEBUG: 2026-03-27 09:20:06,718 - Starting new HTTPS connection (1): bulkapi.millionverifier.com:443
DEBUG: 2026-03-27 09:20:07,041 - https://bulkapi.millionverifier.com:443 "GET /bulkapi/v2/fileinfo?key=***REMOVED***&file_id=30368294 HTTP/1.1" 200 None
DEBUG: 2026-03-27 09:20:07,053 - Starting new HTTPS connection (1): bulkapi.millionverifier.com:443
DEBUG: 2026-03-27 09:20:07,568 - https://bulkapi.millionverifier.com:443 "GET /bulkapi/v2/fileinfo?key=***REMOVED***&file_id=30368730 HTTP/1.1" 200 None
INFO: 2026-03-27 09:20:07,572 - FINISHED LOOP

INFO: 2026-03-27 09:30:07,380 - STARTING LOOP
DEBUG: 2026-03-27 09:30:07,449 - Starting new HTTPS connection (1): bulkapi.millionverifier.com:443
DEBUG: 2026-03-27 09:30:07,860 - https://bulkapi.millionverifier.com:443 "GET /bulkapi/v2/fileinfo?key=***REMOVED***&file_id=30367215 HTTP/1.1" 200 None
DEBUG: 2026-03-27 09:30:07,864 - Starting new HTTPS connection (1): bulkapi.millionverifier.com:443
DEBUG: 2026-03-27 09:30:08,154 - https://bulkapi.millionverifier.com:443 "GET /bulkapi/v2/fileinfo?key=***REMOVED***&file_id=30367929 HTTP/1.1" 200 None
DEBUG: 2026-03-27 09:30:08,163 - Starting new HTTPS connection (1): bulkapi.millionverifier.com:443
DEBUG: 2026-03-27 09:30:08,644 - https://bulkapi.millionverifier.com:443 "GET /bulkapi/v2/fileinfo?key=***REMOVED***&file_id=30368294 HTTP/1.1" 200 None
DEBUG: 2026-03-27 09:30:08,652 - Starting new HTTPS connection (1): bulkapi.millionverifier.com:443
DEBUG: 2026-03-27 09:30:09,049 - https://bulkapi.millionverifier.com:443 "GET /bulkapi/v2/fileinfo?key=***REMOVED***&file_id=30368730 HTTP/1.1" 200 None
INFO: 2026-03-27 09:30:09,051 - FINISHED LOOP

INFO: 2026-03-27 09:40:08,597 - STARTING LOOP
DEBUG: 2026-03-27 09:40:08,673 - Starting new HTTPS connection (1): bulkapi.millionverifier.com:443
DEBUG: 2026-03-27 09:40:09,318 - https://bulkapi.millionverifier.com:443 "GET /bulkapi/v2/fileinfo?key=***REMOVED***&file_id=30367215 HTTP/1.1" 200 None
DEBUG: 2026-03-27 09:40:09,327 - Starting new HTTPS connection (1): bulkapi.millionverifier.com:443
DEBUG: 2026-03-27 09:40:09,832 - https://bulkapi.millionverifier.com:443 "GET /bulkapi/v2/fileinfo?key=***REMOVED***&file_id=30367929 HTTP/1.1" 200 None
DEBUG: 2026-03-27 09:40:09,839 - Starting new HTTPS connection (1): bulkapi.millionverifier.com:443
DEBUG: 2026-03-27 09:40:10,232 - https://bulkapi.millionverifier.com:443 "GET /bulkapi/v2/fileinfo?key=***REMOVED***&file_id=30368294 HTTP/1.1" 200 None
DEBUG: 2026-03-27 09:40:10,240 - Starting new HTTPS connection (1): bulkapi.millionverifier.com:443
DEBUG: 2026-03-27 09:40:10,507 - https://bulkapi.millionverifier.com:443 "GET /bulkapi/v2/fileinfo?key=***REMOVED***&file_id=30368730 HTTP/1.1" 200 None
INFO: 2026-03-27 09:40:10,511 - FINISHED LOOP

INFO: 2026-03-27 09:50:08,158 - STARTING LOOP
DEBUG: 2026-03-27 09:50:08,221 - Starting new HTTPS connection (1): bulkapi.millionverifier.com:443
DEBUG: 2026-03-27 09:50:08,493 - https://bulkapi.millionverifier.com:443 "GET /bulkapi/v2/fileinfo?key=***REMOVED***&file_id=30367215 HTTP/1.1" 200 None
DEBUG: 2026-03-27 09:50:08,498 - Starting new HTTPS connection (1): bulkapi.millionverifier.com:443
DEBUG: 2026-03-27 09:50:08,936 - https://bulkapi.millionverifier.com:443 "GET /bulkapi/v2/fileinfo?key=***REMOVED***&file_id=30367929 HTTP/1.1" 200 None
DEBUG: 2026-03-27 09:50:08,943 - Starting new HTTPS connection (1): bulkapi.millionverifier.com:443
DEBUG: 2026-03-27 09:50:09,356 - https://bulkapi.millionverifier.com:443 "GET /bulkapi/v2/fileinfo?key=***REMOVED***&file_id=30368294 HTTP/1.1" 200 None
DEBUG: 2026-03-27 09:50:09,364 - Starting new HTTPS connection (1): bulkapi.millionverifier.com:443
DEBUG: 2026-03-27 09:50:09,772 - https://bulkapi.millionverifier.com:443 "GET /bulkapi/v2/fileinfo?key=***REMOVED***&file_id=30368730 HTTP/1.1" 200 None
INFO: 2026-03-27 09:50:09,774 - FINISHED LOOP

INFO: 2026-03-27 10:00:10,120 - STARTING LOOP
DEBUG: 2026-03-27 10:00:10,341 - Starting new HTTPS connection (1): bulkapi.millionverifier.com:443
DEBUG: 2026-03-27 10:00:10,751 - https://bulkapi.millionverifier.com:443 "GET /bulkapi/v2/fileinfo?key=***REMOVED***&file_id=30367215 HTTP/1.1" 200 None
DEBUG: 2026-03-27 10:00:10,774 - Starting new HTTPS connection (1): bulkapi.millionverifier.com:443
DEBUG: 2026-03-27 10:00:11,165 - https://bulkapi.millionverifier.com:443 "GET /bulkapi/v2/fileinfo?key=***REMOVED***&file_id=30367929 HTTP/1.1" 200 None
DEBUG: 2026-03-27 10:00:11,180 - Starting new HTTPS connection (1): bulkapi.millionverifier.com:443
DEBUG: 2026-03-27 10:00:11,594 - https://bulkapi.millionverifier.com:443 "GET /bulkapi/v2/fileinfo?key=***REMOVED***&file_id=30368294 HTTP/1.1" 200 None
DEBUG: 2026-03-27 10:00:11,602 - Starting new HTTPS connection (1): bulkapi.millionverifier.com:443
DEBUG: 2026-03-27 10:00:11,873 - https://bulkapi.millionverifier.com:443 "GET /bulkapi/v2/fileinfo?key=***REMOVED***&file_id=30368730 HTTP/1.1" 200 None
INFO: 2026-03-27 10:00:11,877 - FINISHED LOOP

INFO: 2026-03-27 10:10:07,808 - STARTING LOOP
DEBUG: 2026-03-27 10:10:07,936 - Starting new HTTPS connection (1): bulkapi.millionverifier.com:443
DEBUG: 2026-03-27 10:10:08,329 - https://bulkapi.millionverifier.com:443 "GET /bulkapi/v2/fileinfo?key=***REMOVED***&file_id=30367215 HTTP/1.1" 200 None
DEBUG: 2026-03-27 10:10:08,338 - Starting new HTTPS connection (1): bulkapi.millionverifier.com:443
DEBUG: 2026-03-27 10:10:08,789 - https://bulkapi.millionverifier.com:443 "GET /bulkapi/v2/fileinfo?key=***REMOVED***&file_id=30367929 HTTP/1.1" 200 None
DEBUG: 2026-03-27 10:10:08,798 - Starting new HTTPS connection (1): bulkapi.millionverifier.com:443
DEBUG: 2026-03-27 10:10:09,071 - https://bulkapi.millionverifier.com:443 "GET /bulkapi/v2/fileinfo?key=***REMOVED***&file_id=30368294 HTTP/1.1" 200 None
DEBUG: 2026-03-27 10:10:09,079 - Starting new HTTPS connection (1): bulkapi.millionverifier.com:443
DEBUG: 2026-03-27 10:10:09,384 - https://bulkapi.millionverifier.com:443 "GET /bulkapi/v2/fileinfo?key=***REMOVED***&file_id=30368730 HTTP/1.1" 200 None
INFO: 2026-03-27 10:10:09,387 - FINISHED LOOP

INFO: 2026-03-27 10:20:08,885 - STARTING LOOP
DEBUG: 2026-03-27 10:20:08,958 - Starting new HTTPS connection (1): bulkapi.millionverifier.com:443
DEBUG: 2026-03-27 10:20:09,364 - https://bulkapi.millionverifier.com:443 "GET /bulkapi/v2/fileinfo?key=***REMOVED***&file_id=30367215 HTTP/1.1" 200 None
DEBUG: 2026-03-27 10:20:09,373 - Starting new HTTPS connection (1): bulkapi.millionverifier.com:443
DEBUG: 2026-03-27 10:20:09,877 - https://bulkapi.millionverifier.com:443 "GET /bulkapi/v2/fileinfo?key=***REMOVED***&file_id=30367929 HTTP/1.1" 200 None
DEBUG: 2026-03-27 10:20:09,889 - Starting new HTTPS connection (1): bulkapi.millionverifier.com:443
DEBUG: 2026-03-27 10:20:10,389 - https://bulkapi.millionverifier.com:443 "GET /bulkapi/v2/fileinfo?key=***REMOVED***&file_id=30368294 HTTP/1.1" 200 None
DEBUG: 2026-03-27 10:20:10,401 - Starting new HTTPS connection (1): bulkapi.millionverifier.com:443
DEBUG: 2026-03-27 10:20:10,673 - https://bulkapi.millionverifier.com:443 "GET /bulkapi/v2/fileinfo?key=***REMOVED***&file_id=30368730 HTTP/1.1" 200 None
INFO: 2026-03-27 10:20:10,677 - FINISHED LOOP

INFO: 2026-03-27 10:30:07,663 - STARTING LOOP
DEBUG: 2026-03-27 10:30:07,710 - Starting new HTTPS connection (1): bulkapi.millionverifier.com:443
DEBUG: 2026-03-27 10:30:08,199 - https://bulkapi.millionverifier.com:443 "GET /bulkapi/v2/fileinfo?key=***REMOVED***&file_id=30367215 HTTP/1.1" 200 None
DEBUG: 2026-03-27 10:30:08,211 - Starting new HTTPS connection (1): bulkapi.millionverifier.com:443
DEBUG: 2026-03-27 10:30:08,609 - https://bulkapi.millionverifier.com:443 "GET /bulkapi/v2/fileinfo?key=***REMOVED***&file_id=30367929 HTTP/1.1" 200 None
DEBUG: 2026-03-27 10:30:08,620 - Starting new HTTPS connection (1): bulkapi.millionverifier.com:443
DEBUG: 2026-03-27 10:30:09,087 - https://bulkapi.millionverifier.com:443 "GET /bulkapi/v2/fileinfo?key=***REMOVED***&file_id=30368294 HTTP/1.1" 200 None
DEBUG: 2026-03-27 10:30:09,098 - Starting new HTTPS connection (1): bulkapi.millionverifier.com:443
DEBUG: 2026-03-27 10:30:09,370 - https://bulkapi.millionverifier.com:443 "GET /bulkapi/v2/fileinfo?key=***REMOVED***&file_id=30368730 HTTP/1.1" 200 None
INFO: 2026-03-27 10:30:09,374 - FINISHED LOOP

INFO: 2026-03-27 10:40:08,377 - STARTING LOOP
DEBUG: 2026-03-27 10:40:08,439 - Starting new HTTPS connection (1): bulkapi.millionverifier.com:443
DEBUG: 2026-03-27 10:40:09,392 - https://bulkapi.millionverifier.com:443 "GET /bulkapi/v2/fileinfo?key=***REMOVED***&file_id=30367215 HTTP/1.1" 200 None
DEBUG: 2026-03-27 10:40:09,404 - Starting new HTTPS connection (1): bulkapi.millionverifier.com:443
DEBUG: 2026-03-27 10:40:10,209 - https://bulkapi.millionverifier.com:443 "GET /bulkapi/v2/fileinfo?key=***REMOVED***&file_id=30367929 HTTP/1.1" 200 None
DEBUG: 2026-03-27 10:40:10,221 - Starting new HTTPS connection (1): bulkapi.millionverifier.com:443
DEBUG: 2026-03-27 10:40:10,556 - https://bulkapi.millionverifier.com:443 "GET /bulkapi/v2/fileinfo?key=***REMOVED***&file_id=30368294 HTTP/1.1" 200 None
DEBUG: 2026-03-27 10:40:10,569 - Starting new HTTPS connection (1): bulkapi.millionverifier.com:443
DEBUG: 2026-03-27 10:40:10,856 - https://bulkapi.millionverifier.com:443 "GET /bulkapi/v2/fileinfo?key=***REMOVED***&file_id=30368730 HTTP/1.1" 200 None
INFO: 2026-03-27 10:40:10,860 - FINISHED LOOP

INFO: 2026-03-27 10:50:08,132 - STARTING LOOP
DEBUG: 2026-03-27 10:50:08,205 - Starting new HTTPS connection (1): bulkapi.millionverifier.com:443
DEBUG: 2026-03-27 10:50:08,632 - https://bulkapi.millionverifier.com:443 "GET /bulkapi/v2/fileinfo?key=***REMOVED***&file_id=30367215 HTTP/1.1" 200 None
DEBUG: 2026-03-27 10:50:08,643 - Starting new HTTPS connection (1): bulkapi.millionverifier.com:443
DEBUG: 2026-03-27 10:50:08,935 - https://bulkapi.millionverifier.com:443 "GET /bulkapi/v2/fileinfo?key=***REMOVED***&file_id=30367929 HTTP/1.1" 200 None
DEBUG: 2026-03-27 10:50:08,947 - Starting new HTTPS connection (1): bulkapi.millionverifier.com:443
DEBUG: 2026-03-27 10:50:09,247 - https://bulkapi.millionverifier.com:443 "GET /bulkapi/v2/fileinfo?key=***REMOVED***&file_id=30368294 HTTP/1.1" 200 None
DEBUG: 2026-03-27 10:50:09,257 - Starting new HTTPS connection (1): bulkapi.millionverifier.com:443
DEBUG: 2026-03-27 10:50:09,668 - https://bulkapi.millionverifier.com:443 "GET /bulkapi/v2/fileinfo?key=***REMOVED***&file_id=30368730 HTTP/1.1" 200 None
INFO: 2026-03-27 10:50:09,672 - FINISHED LOOP

INFO: 2026-03-27 11:00:10,392 - STARTING LOOP
DEBUG: 2026-03-27 11:00:10,459 - Starting new HTTPS connection (1): bulkapi.millionverifier.com:443
DEBUG: 2026-03-27 11:00:10,947 - https://bulkapi.millionverifier.com:443 "GET /bulkapi/v2/fileinfo?key=***REMOVED***&file_id=30367215 HTTP/1.1" 200 None
DEBUG: 2026-03-27 11:00:10,952 - Starting new HTTPS connection (1): bulkapi.millionverifier.com:443
DEBUG: 2026-03-27 11:00:11,357 - https://bulkapi.millionverifier.com:443 "GET /bulkapi/v2/fileinfo?key=***REMOVED***&file_id=30367929 HTTP/1.1" 200 None
DEBUG: 2026-03-27 11:00:11,365 - Starting new HTTPS connection (1): bulkapi.millionverifier.com:443
DEBUG: 2026-03-27 11:00:11,872 - https://bulkapi.millionverifier.com:443 "GET /bulkapi/v2/fileinfo?key=***REMOVED***&file_id=30368294 HTTP/1.1" 200 None
DEBUG: 2026-03-27 11:00:11,880 - Starting new HTTPS connection (1): bulkapi.millionverifier.com:443
DEBUG: 2026-03-27 11:00:12,287 - https://bulkapi.millionverifier.com:443 "GET /bulkapi/v2/fileinfo?key=***REMOVED***&file_id=30368730 HTTP/1.1" 200 None
INFO: 2026-03-27 11:00:12,291 - FINISHED LOOP

INFO: 2026-03-27 11:10:06,963 - STARTING LOOP
DEBUG: 2026-03-27 11:10:07,031 - Starting new HTTPS connection (1): bulkapi.millionverifier.com:443
DEBUG: 2026-03-27 11:10:07,464 - https://bulkapi.millionverifier.com:443 "GET /bulkapi/v2/fileinfo?key=***REMOVED***&file_id=30367215 HTTP/1.1" 200 None
DEBUG: 2026-03-27 11:10:07,475 - Starting new HTTPS connection (1): bulkapi.millionverifier.com:443
DEBUG: 2026-03-27 11:10:07,878 - https://bulkapi.millionverifier.com:443 "GET /bulkapi/v2/fileinfo?key=***REMOVED***&file_id=30367929 HTTP/1.1" 200 None
DEBUG: 2026-03-27 11:10:07,889 - Starting new HTTPS connection (1): bulkapi.millionverifier.com:443
DEBUG: 2026-03-27 11:10:08,348 - https://bulkapi.millionverifier.com:443 "GET /bulkapi/v2/fileinfo?key=***REMOVED***&file_id=30368294 HTTP/1.1" 200 None
DEBUG: 2026-03-27 11:10:08,357 - Starting new HTTPS connection (1): bulkapi.millionverifier.com:443
DEBUG: 2026-03-27 11:10:08,759 - https://bulkapi.millionverifier.com:443 "GET /bulkapi/v2/fileinfo?key=***REMOVED***&file_id=30368730 HTTP/1.1" 200 None
INFO: 2026-03-27 11:10:08,763 - FINISHED LOOP

INFO: 2026-03-27 11:20:07,594 - STARTING LOOP
DEBUG: 2026-03-27 11:20:07,679 - Starting new HTTPS connection (1): bulkapi.millionverifier.com:443
DEBUG: 2026-03-27 11:20:08,104 - https://bulkapi.millionverifier.com:443 "GET /bulkapi/v2/fileinfo?key=***REMOVED***&file_id=30367215 HTTP/1.1" 200 None
DEBUG: 2026-03-27 11:20:08,113 - Starting new HTTPS connection (1): bulkapi.millionverifier.com:443
DEBUG: 2026-03-27 11:20:08,505 - https://bulkapi.millionverifier.com:443 "GET /bulkapi/v2/fileinfo?key=***REMOVED***&file_id=30367929 HTTP/1.1" 200 None
DEBUG: 2026-03-27 11:20:08,516 - Starting new HTTPS connection (1): bulkapi.millionverifier.com:443
DEBUG: 2026-03-27 11:20:08,809 - https://bulkapi.millionverifier.com:443 "GET /bulkapi/v2/fileinfo?key=***REMOVED***&file_id=30368294 HTTP/1.1" 200 None
DEBUG: 2026-03-27 11:20:08,820 - Starting new HTTPS connection (1): bulkapi.millionverifier.com:443
DEBUG: 2026-03-27 11:20:09,220 - https://bulkapi.millionverifier.com:443 "GET /bulkapi/v2/fileinfo?key=***REMOVED***&file_id=30368730 HTTP/1.1" 200 None
INFO: 2026-03-27 11:20:09,222 - FINISHED LOOP

INFO: 2026-03-27 11:30:07,580 - STARTING LOOP
DEBUG: 2026-03-27 11:30:07,639 - Starting new HTTPS connection (1): bulkapi.millionverifier.com:443
DEBUG: 2026-03-27 11:30:07,926 - https://bulkapi.millionverifier.com:443 "GET /bulkapi/v2/fileinfo?key=***REMOVED***&file_id=30367215 HTTP/1.1" 200 None
DEBUG: 2026-03-27 11:30:07,933 - Starting new HTTPS connection (1): bulkapi.millionverifier.com:443
DEBUG: 2026-03-27 11:30:08,332 - https://bulkapi.millionverifier.com:443 "GET /bulkapi/v2/fileinfo?key=***REMOVED***&file_id=30367929 HTTP/1.1" 200 None
DEBUG: 2026-03-27 11:30:08,343 - Starting new HTTPS connection (1): bulkapi.millionverifier.com:443
DEBUG: 2026-03-27 11:30:08,779 - https://bulkapi.millionverifier.com:443 "GET /bulkapi/v2/fileinfo?key=***REMOVED***&file_id=30368294 HTTP/1.1" 200 None
DEBUG: 2026-03-27 11:30:08,791 - Starting new HTTPS connection (1): bulkapi.millionverifier.com:443
DEBUG: 2026-03-27 11:30:09,222 - https://bulkapi.millionverifier.com:443 "GET /bulkapi/v2/fileinfo?key=***REMOVED***&file_id=30368730 HTTP/1.1" 200 None
INFO: 2026-03-27 11:30:09,225 - FINISHED LOOP

INFO: 2026-03-27 11:40:25,051 - STARTING LOOP
DEBUG: 2026-03-27 11:40:25,136 - Starting new HTTPS connection (1): bulkapi.millionverifier.com:443
DEBUG: 2026-03-27 11:40:25,561 - https://bulkapi.millionverifier.com:443 "GET /bulkapi/v2/fileinfo?key=***REMOVED***&file_id=30367215 HTTP/1.1" 200 None
DEBUG: 2026-03-27 11:40:25,569 - Starting new HTTPS connection (1): bulkapi.millionverifier.com:443
DEBUG: 2026-03-27 11:40:25,966 - https://bulkapi.millionverifier.com:443 "GET /bulkapi/v2/fileinfo?key=***REMOVED***&file_id=30367929 HTTP/1.1" 200 None
DEBUG: 2026-03-27 11:40:25,986 - Starting new HTTPS connection (1): bulkapi.millionverifier.com:443
DEBUG: 2026-03-27 11:40:26,376 - https://bulkapi.millionverifier.com:443 "GET /bulkapi/v2/fileinfo?key=***REMOVED***&file_id=30368294 HTTP/1.1" 200 None
DEBUG: 2026-03-27 11:40:26,407 - Starting new HTTPS connection (1): bulkapi.millionverifier.com:443
DEBUG: 2026-03-27 11:40:26,683 - https://bulkapi.millionverifier.com:443 "GET /bulkapi/v2/fileinfo?key=***REMOVED***&file_id=30368730 HTTP/1.1" 200 None
INFO: 2026-03-27 11:40:26,685 - FINISHED LOOP

INFO: 2026-03-27 11:50:08,570 - STARTING LOOP
DEBUG: 2026-03-27 11:50:08,666 - Starting new HTTPS connection (1): bulkapi.millionverifier.com:443
DEBUG: 2026-03-27 11:50:09,221 - https://bulkapi.millionverifier.com:443 "GET /bulkapi/v2/fileinfo?key=***REMOVED***&file_id=30367215 HTTP/1.1" 200 None
DEBUG: 2026-03-27 11:50:09,235 - Starting new HTTPS connection (1): bulkapi.millionverifier.com:443
DEBUG: 2026-03-27 11:50:09,689 - https://bulkapi.millionverifier.com:443 "GET /bulkapi/v2/fileinfo?key=***REMOVED***&file_id=30367929 HTTP/1.1" 200 None
DEBUG: 2026-03-27 11:50:09,698 - Starting new HTTPS connection (1): bulkapi.millionverifier.com:443
DEBUG: 2026-03-27 11:50:10,141 - https://bulkapi.millionverifier.com:443 "GET /bulkapi/v2/fileinfo?key=***REMOVED***&file_id=30368294 HTTP/1.1" 200 None
DEBUG: 2026-03-27 11:50:10,149 - Starting new HTTPS connection (1): bulkapi.millionverifier.com:443
DEBUG: 2026-03-27 11:50:10,426 - https://bulkapi.millionverifier.com:443 "GET /bulkapi/v2/fileinfo?key=***REMOVED***&file_id=30368730 HTTP/1.1" 200 None
INFO: 2026-03-27 11:50:10,428 - FINISHED LOOP

INFO: 2026-03-27 12:00:11,880 - STARTING LOOP
DEBUG: 2026-03-27 12:00:11,955 - Starting new HTTPS connection (1): bulkapi.millionverifier.com:443
DEBUG: 2026-03-27 12:00:12,401 - https://bulkapi.millionverifier.com:443 "GET /bulkapi/v2/fileinfo?key=***REMOVED***&file_id=30367215 HTTP/1.1" 200 None
DEBUG: 2026-03-27 12:00:12,409 - Starting new HTTPS connection (1): bulkapi.millionverifier.com:443
DEBUG: 2026-03-27 12:00:12,870 - https://bulkapi.millionverifier.com:443 "GET /bulkapi/v2/fileinfo?key=***REMOVED***&file_id=30367929 HTTP/1.1" 200 None
DEBUG: 2026-03-27 12:00:12,878 - Starting new HTTPS connection (1): bulkapi.millionverifier.com:443
DEBUG: 2026-03-27 12:00:13,180 - https://bulkapi.millionverifier.com:443 "GET /bulkapi/v2/fileinfo?key=***REMOVED***&file_id=30368294 HTTP/1.1" 200 None
DEBUG: 2026-03-27 12:00:13,189 - Starting new HTTPS connection (1): bulkapi.millionverifier.com:443
DEBUG: 2026-03-27 12:00:13,605 - https://bulkapi.millionverifier.com:443 "GET /bulkapi/v2/fileinfo?key=***REMOVED***&file_id=30368730 HTTP/1.1" 200 None
INFO: 2026-03-27 12:00:13,607 - FINISHED LOOP

INFO: 2026-03-27 12:10:33,305 - STARTING LOOP
DEBUG: 2026-03-27 12:10:33,380 - Starting new HTTPS connection (1): bulkapi.millionverifier.com:443
DEBUG: 2026-03-27 12:10:35,753 - https://bulkapi.millionverifier.com:443 "GET /bulkapi/v2/fileinfo?key=***REMOVED***&file_id=30367215 HTTP/1.1" 200 None
DEBUG: 2026-03-27 12:10:35,765 - Starting new HTTPS connection (1): bulkapi.millionverifier.com:443
DEBUG: 2026-03-27 12:10:37,228 - https://bulkapi.millionverifier.com:443 "GET /bulkapi/v2/fileinfo?key=***REMOVED***&file_id=30367929 HTTP/1.1" 200 None
DEBUG: 2026-03-27 12:10:37,236 - Starting new HTTPS connection (1): bulkapi.millionverifier.com:443
DEBUG: 2026-03-27 12:10:37,817 - https://bulkapi.millionverifier.com:443 "GET /bulkapi/v2/fileinfo?key=***REMOVED***&file_id=30368294 HTTP/1.1" 200 None
DEBUG: 2026-03-27 12:10:37,824 - Starting new HTTPS connection (1): bulkapi.millionverifier.com:443
DEBUG: 2026-03-27 12:10:38,277 - https://bulkapi.millionverifier.com:443 "GET /bulkapi/v2/fileinfo?key=***REMOVED***&file_id=30368730 HTTP/1.1" 200 None
INFO: 2026-03-27 12:10:38,282 - FINISHED LOOP

INFO: 2026-03-27 12:20:08,329 - STARTING LOOP
DEBUG: 2026-03-27 12:20:08,400 - Starting new HTTPS connection (1): bulkapi.millionverifier.com:443
DEBUG: 2026-03-27 12:20:08,920 - https://bulkapi.millionverifier.com:443 "GET /bulkapi/v2/fileinfo?key=***REMOVED***&file_id=30367215 HTTP/1.1" 200 None
DEBUG: 2026-03-27 12:20:08,924 - Starting new HTTPS connection (1): bulkapi.millionverifier.com:443
DEBUG: 2026-03-27 12:20:09,409 - https://bulkapi.millionverifier.com:443 "GET /bulkapi/v2/fileinfo?key=***REMOVED***&file_id=30367929 HTTP/1.1" 200 None
DEBUG: 2026-03-27 12:20:09,417 - Starting new HTTPS connection (1): bulkapi.millionverifier.com:443
DEBUG: 2026-03-27 12:20:09,923 - https://bulkapi.millionverifier.com:443 "GET /bulkapi/v2/fileinfo?key=***REMOVED***&file_id=30368294 HTTP/1.1" 200 None
DEBUG: 2026-03-27 12:20:09,936 - Starting new HTTPS connection (1): bulkapi.millionverifier.com:443
DEBUG: 2026-03-27 12:20:10,505 - https://bulkapi.millionverifier.com:443 "GET /bulkapi/v2/fileinfo?key=***REMOVED***&file_id=30368730 HTTP/1.1" 200 None
DEBUG: 2026-03-27 12:20:10,515 - Starting new HTTPS connection (1): bulkapi.millionverifier.com:443
DEBUG: 2026-03-27 12:20:11,229 - https://bulkapi.millionverifier.com:443 "GET /bulkapi/v2/fileinfo?key=***REMOVED***&file_id=30476970 HTTP/1.1" 200 None
INFO: 2026-03-27 12:20:11,232 - FINISHED LOOP

INFO: 2026-03-27 12:30:07,997 - STARTING LOOP
DEBUG: 2026-03-27 12:30:08,057 - Starting new HTTPS connection (1): bulkapi.millionverifier.com:443
DEBUG: 2026-03-27 12:30:08,547 - https://bulkapi.millionverifier.com:443 "GET /bulkapi/v2/fileinfo?key=***REMOVED***&file_id=30367215 HTTP/1.1" 200 None
DEBUG: 2026-03-27 12:30:08,555 - Starting new HTTPS connection (1): bulkapi.millionverifier.com:443
DEBUG: 2026-03-27 12:30:08,946 - https://bulkapi.millionverifier.com:443 "GET /bulkapi/v2/fileinfo?key=***REMOVED***&file_id=30367929 HTTP/1.1" 200 None
DEBUG: 2026-03-27 12:30:08,953 - Starting new HTTPS connection (1): bulkapi.millionverifier.com:443
DEBUG: 2026-03-27 12:30:09,439 - https://bulkapi.millionverifier.com:443 "GET /bulkapi/v2/fileinfo?key=***REMOVED***&file_id=30368294 HTTP/1.1" 200 None
DEBUG: 2026-03-27 12:30:09,447 - Starting new HTTPS connection (1): bulkapi.millionverifier.com:443
DEBUG: 2026-03-27 12:30:09,881 - https://bulkapi.millionverifier.com:443 "GET /bulkapi/v2/fileinfo?key=***REMOVED***&file_id=30368730 HTTP/1.1" 200 None
DEBUG: 2026-03-27 12:30:09,887 - Starting new HTTPS connection (1): bulkapi.millionverifier.com:443
DEBUG: 2026-03-27 12:30:10,500 - https://bulkapi.millionverifier.com:443 "GET /bulkapi/v2/fileinfo?key=***REMOVED***&file_id=30476970 HTTP/1.1" 200 None
INFO: 2026-03-27 12:30:10,506 - Downloading 2002111 - hlm_prison_research...
DEBUG: 2026-03-27 12:30:10,511 - Starting new HTTPS connection (1): bulkapi.millionverifier.com:443
DEBUG: 2026-03-27 12:30:10,908 - https://bulkapi.millionverifier.com:443 "GET /bulkapi/v2/download?key=***REMOVED***&file_id=30476970&filter=all HTTP/1.1" 200 9453
DEBUG: 2026-03-27 12:30:10,952 - Encoding detection: utf_8 is most likely the one.
INFO: 2026-03-27 12:30:10,956 - Updating validation status... 
INFO: 2026-03-27 12:30:11,475 - DONE!
INFO: 2026-03-27 12:30:11,475 - FINISHED LOOP

success!
INFO: 2026-03-27 12:40:07,326 - STARTING LOOP
DEBUG: 2026-03-27 12:40:07,379 - Starting new HTTPS connection (1): bulkapi.millionverifier.com:443
DEBUG: 2026-03-27 12:40:07,795 - https://bulkapi.millionverifier.com:443 "GET /bulkapi/v2/fileinfo?key=***REMOVED***&file_id=30367215 HTTP/1.1" 200 None
DEBUG: 2026-03-27 12:40:07,803 - Starting new HTTPS connection (1): bulkapi.millionverifier.com:443
DEBUG: 2026-03-27 12:40:08,194 - https://bulkapi.millionverifier.com:443 "GET /bulkapi/v2/fileinfo?key=***REMOVED***&file_id=30367929 HTTP/1.1" 200 None
DEBUG: 2026-03-27 12:40:08,203 - Starting new HTTPS connection (1): bulkapi.millionverifier.com:443
DEBUG: 2026-03-27 12:40:08,588 - https://bulkapi.millionverifier.com:443 "GET /bulkapi/v2/fileinfo?key=***REMOVED***&file_id=30368294 HTTP/1.1" 200 None
DEBUG: 2026-03-27 12:40:08,596 - Starting new HTTPS connection (1): bulkapi.millionverifier.com:443
DEBUG: 2026-03-27 12:40:09,023 - https://bulkapi.millionverifier.com:443 "GET /bulkapi/v2/fileinfo?key=***REMOVED***&file_id=30368730 HTTP/1.1" 200 None
INFO: 2026-03-27 12:40:09,027 - FINISHED LOOP

INFO: 2026-03-27 12:50:08,153 - STARTING LOOP
DEBUG: 2026-03-27 12:50:08,219 - Starting new HTTPS connection (1): bulkapi.millionverifier.com:443
DEBUG: 2026-03-27 12:50:08,716 - https://bulkapi.millionverifier.com:443 "GET /bulkapi/v2/fileinfo?key=***REMOVED***&file_id=30367215 HTTP/1.1" 200 None
DEBUG: 2026-03-27 12:50:08,723 - Starting new HTTPS connection (1): bulkapi.millionverifier.com:443
DEBUG: 2026-03-27 12:50:09,115 - https://bulkapi.millionverifier.com:443 "GET /bulkapi/v2/fileinfo?key=***REMOVED***&file_id=30367929 HTTP/1.1" 200 None
DEBUG: 2026-03-27 12:50:09,122 - Starting new HTTPS connection (1): bulkapi.millionverifier.com:443
DEBUG: 2026-03-27 12:50:09,599 - https://bulkapi.millionverifier.com:443 "GET /bulkapi/v2/fileinfo?key=***REMOVED***&file_id=30368294 HTTP/1.1" 200 None
DEBUG: 2026-03-27 12:50:09,611 - Starting new HTTPS connection (1): bulkapi.millionverifier.com:443
DEBUG: 2026-03-27 12:50:10,067 - https://bulkapi.millionverifier.com:443 "GET /bulkapi/v2/fileinfo?key=***REMOVED***&file_id=30368730 HTTP/1.1" 200 None
DEBUG: 2026-03-27 12:50:10,079 - Starting new HTTPS connection (1): bulkapi.millionverifier.com:443
DEBUG: 2026-03-27 12:50:10,357 - https://bulkapi.millionverifier.com:443 "GET /bulkapi/v2/fileinfo?key=***REMOVED***&file_id=30477209 HTTP/1.1" 200 None
INFO: 2026-03-27 12:50:10,363 - Downloading 2002111 - hlm_prison_research...
DEBUG: 2026-03-27 12:50:10,366 - Starting new HTTPS connection (1): bulkapi.millionverifier.com:443
DEBUG: 2026-03-27 12:50:10,666 - https://bulkapi.millionverifier.com:443 "GET /bulkapi/v2/download?key=***REMOVED***&file_id=30477209&filter=all HTTP/1.1" 200 426
DEBUG: 2026-03-27 12:50:10,677 - Encoding detection: utf_8 is most likely the one.
INFO: 2026-03-27 12:50:10,681 - Updating validation status... 
INFO: 2026-03-27 12:50:10,756 - DONE!
INFO: 2026-03-27 12:50:10,757 - FINISHED LOOP

success!
INFO: 2026-03-27 13:00:11,724 - STARTING LOOP
DEBUG: 2026-03-27 13:00:11,818 - Starting new HTTPS connection (1): bulkapi.millionverifier.com:443
DEBUG: 2026-03-27 13:00:12,241 - https://bulkapi.millionverifier.com:443 "GET /bulkapi/v2/fileinfo?key=***REMOVED***&file_id=30367215 HTTP/1.1" 200 None
DEBUG: 2026-03-27 13:00:12,250 - Starting new HTTPS connection (1): bulkapi.millionverifier.com:443
DEBUG: 2026-03-27 13:00:12,530 - https://bulkapi.millionverifier.com:443 "GET /bulkapi/v2/fileinfo?key=***REMOVED***&file_id=30367929 HTTP/1.1" 200 None
DEBUG: 2026-03-27 13:00:12,538 - Starting new HTTPS connection (1): bulkapi.millionverifier.com:443
DEBUG: 2026-03-27 13:00:12,820 - https://bulkapi.millionverifier.com:443 "GET /bulkapi/v2/fileinfo?key=***REMOVED***&file_id=30368294 HTTP/1.1" 200 None
DEBUG: 2026-03-27 13:00:12,828 - Starting new HTTPS connection (1): bulkapi.millionverifier.com:443
DEBUG: 2026-03-27 13:00:13,206 - https://bulkapi.millionverifier.com:443 "GET /bulkapi/v2/fileinfo?key=***REMOVED***&file_id=30368730 HTTP/1.1" 200 None
INFO: 2026-03-27 13:00:13,208 - FINISHED LOOP

INFO: 2026-03-27 13:10:07,327 - STARTING LOOP
DEBUG: 2026-03-27 13:10:07,390 - Starting new HTTPS connection (1): bulkapi.millionverifier.com:443
DEBUG: 2026-03-27 13:10:07,848 - https://bulkapi.millionverifier.com:443 "GET /bulkapi/v2/fileinfo?key=***REMOVED***&file_id=30367215 HTTP/1.1" 200 None
DEBUG: 2026-03-27 13:10:07,854 - Starting new HTTPS connection (1): bulkapi.millionverifier.com:443
DEBUG: 2026-03-27 13:10:08,128 - https://bulkapi.millionverifier.com:443 "GET /bulkapi/v2/fileinfo?key=***REMOVED***&file_id=30367929 HTTP/1.1" 200 None
DEBUG: 2026-03-27 13:10:08,136 - Starting new HTTPS connection (1): bulkapi.millionverifier.com:443
DEBUG: 2026-03-27 13:10:08,407 - https://bulkapi.millionverifier.com:443 "GET /bulkapi/v2/fileinfo?key=***REMOVED***&file_id=30368294 HTTP/1.1" 200 None
DEBUG: 2026-03-27 13:10:08,416 - Starting new HTTPS connection (1): bulkapi.millionverifier.com:443
DEBUG: 2026-03-27 13:10:08,809 - https://bulkapi.millionverifier.com:443 "GET /bulkapi/v2/fileinfo?key=***REMOVED***&file_id=30368730 HTTP/1.1" 200 None
INFO: 2026-03-27 13:10:08,812 - FINISHED LOOP

INFO: 2026-03-27 13:20:10,322 - STARTING LOOP
DEBUG: 2026-03-27 13:20:10,388 - Starting new HTTPS connection (1): bulkapi.millionverifier.com:443
DEBUG: 2026-03-27 13:20:10,812 - https://bulkapi.millionverifier.com:443 "GET /bulkapi/v2/fileinfo?key=***REMOVED***&file_id=30367215 HTTP/1.1" 200 None
DEBUG: 2026-03-27 13:20:10,816 - Starting new HTTPS connection (1): bulkapi.millionverifier.com:443
DEBUG: 2026-03-27 13:20:11,224 - https://bulkapi.millionverifier.com:443 "GET /bulkapi/v2/fileinfo?key=***REMOVED***&file_id=30367929 HTTP/1.1" 200 None
DEBUG: 2026-03-27 13:20:11,232 - Starting new HTTPS connection (1): bulkapi.millionverifier.com:443
DEBUG: 2026-03-27 13:20:11,631 - https://bulkapi.millionverifier.com:443 "GET /bulkapi/v2/fileinfo?key=***REMOVED***&file_id=30368294 HTTP/1.1" 200 None
DEBUG: 2026-03-27 13:20:11,640 - Starting new HTTPS connection (1): bulkapi.millionverifier.com:443
DEBUG: 2026-03-27 13:20:12,089 - https://bulkapi.millionverifier.com:443 "GET /bulkapi/v2/fileinfo?key=***REMOVED***&file_id=30368730 HTTP/1.1" 200 None
INFO: 2026-03-27 13:20:12,091 - FINISHED LOOP

INFO: 2026-03-27 13:26:34,989 - STARTING LOOP
DEBUG: 2026-03-27 13:26:35,037 - Starting new HTTPS connection (1): bulkapi.millionverifier.com:443
DEBUG: 2026-03-27 13:26:35,419 - https://bulkapi.millionverifier.com:443 "GET /bulkapi/v2/fileinfo?key=***REMOVED***&file_id=30367215 HTTP/1.1" 200 None
DEBUG: 2026-03-27 13:26:35,422 - Starting new HTTPS connection (1): bulkapi.millionverifier.com:443
DEBUG: 2026-03-27 13:26:35,808 - https://bulkapi.millionverifier.com:443 "GET /bulkapi/v2/fileinfo?key=***REMOVED***&file_id=30367929 HTTP/1.1" 200 None
DEBUG: 2026-03-27 13:26:35,817 - Starting new HTTPS connection (1): bulkapi.millionverifier.com:443
DEBUG: 2026-03-27 13:26:36,199 - https://bulkapi.millionverifier.com:443 "GET /bulkapi/v2/fileinfo?key=***REMOVED***&file_id=30368294 HTTP/1.1" 200 None
DEBUG: 2026-03-27 13:26:36,202 - Starting new HTTPS connection (1): bulkapi.millionverifier.com:443
DEBUG: 2026-03-27 13:26:36,596 - https://bulkapi.millionverifier.com:443 "GET /bulkapi/v2/fileinfo?key=***REMOVED***&file_id=30368730 HTTP/1.1" 200 None
INFO: 2026-03-27 13:26:36,598 - FINISHED LOOP

INFO: 2026-03-27 13:30:07,409 - STARTING LOOP
DEBUG: 2026-03-27 13:30:07,440 - Starting new HTTPS connection (1): bulkapi.millionverifier.com:443
DEBUG: 2026-03-27 13:30:07,912 - https://bulkapi.millionverifier.com:443 "GET /bulkapi/v2/fileinfo?key=***REMOVED***&file_id=30367215 HTTP/1.1" 200 None
DEBUG: 2026-03-27 13:30:07,918 - Starting new HTTPS connection (1): bulkapi.millionverifier.com:443
DEBUG: 2026-03-27 13:30:08,419 - https://bulkapi.millionverifier.com:443 "GET /bulkapi/v2/fileinfo?key=***REMOVED***&file_id=30367929 HTTP/1.1" 200 None
DEBUG: 2026-03-27 13:30:08,431 - Starting new HTTPS connection (1): bulkapi.millionverifier.com:443
DEBUG: 2026-03-27 13:30:08,931 - https://bulkapi.millionverifier.com:443 "GET /bulkapi/v2/fileinfo?key=***REMOVED***&file_id=30368294 HTTP/1.1" 200 None
DEBUG: 2026-03-27 13:30:08,938 - Starting new HTTPS connection (1): bulkapi.millionverifier.com:443
DEBUG: 2026-03-27 13:30:09,202 - https://bulkapi.millionverifier.com:443 "GET /bulkapi/v2/fileinfo?key=***REMOVED***&file_id=30368730 HTTP/1.1" 200 None
INFO: 2026-03-27 13:30:09,208 - FINISHED LOOP

INFO: 2026-03-27 13:37:05,625 - STARTING LOOP
DEBUG: 2026-03-27 13:37:05,649 - Starting new HTTPS connection (1): bulkapi.millionverifier.com:443
DEBUG: 2026-03-27 13:37:06,192 - https://bulkapi.millionverifier.com:443 "GET /bulkapi/v2/fileinfo?key=***REMOVED***&file_id=30367215 HTTP/1.1" 200 None
DEBUG: 2026-03-27 13:37:06,197 - Starting new HTTPS connection (1): bulkapi.millionverifier.com:443
DEBUG: 2026-03-27 13:37:06,581 - https://bulkapi.millionverifier.com:443 "GET /bulkapi/v2/fileinfo?key=***REMOVED***&file_id=30367929 HTTP/1.1" 200 None
DEBUG: 2026-03-27 13:37:06,591 - Starting new HTTPS connection (1): bulkapi.millionverifier.com:443
DEBUG: 2026-03-27 13:37:07,033 - https://bulkapi.millionverifier.com:443 "GET /bulkapi/v2/fileinfo?key=***REMOVED***&file_id=30368294 HTTP/1.1" 200 None
DEBUG: 2026-03-27 13:37:07,043 - Starting new HTTPS connection (1): bulkapi.millionverifier.com:443
DEBUG: 2026-03-27 13:37:07,310 - https://bulkapi.millionverifier.com:443 "GET /bulkapi/v2/fileinfo?key=***REMOVED***&file_id=30368730 HTTP/1.1" 200 None
DEBUG: 2026-03-27 13:37:07,321 - Starting new HTTPS connection (1): bulkapi.millionverifier.com:443
DEBUG: 2026-03-27 13:37:07,713 - https://bulkapi.millionverifier.com:443 "GET /bulkapi/v2/fileinfo?key=***REMOVED***&file_id=30477576 HTTP/1.1" 200 None
INFO: 2026-03-27 13:37:07,722 - Downloading 1546582 - bigalli_hats_2...
DEBUG: 2026-03-27 13:37:07,726 - Starting new HTTPS connection (1): bulkapi.millionverifier.com:443
DEBUG: 2026-03-27 13:37:08,255 - https://bulkapi.millionverifier.com:443 "GET /bulkapi/v2/download?key=***REMOVED***&file_id=30477576&filter=all HTTP/1.1" 200 4122
DEBUG: 2026-03-27 13:37:08,269 - Encoding detection: ascii is most likely the one.
INFO: 2026-03-27 13:37:08,271 - Updating validation status... 
INFO: 2026-03-27 13:37:08,383 - DONE!
INFO: 2026-03-27 13:37:08,383 - FINISHED LOOP

INFO: 2026-03-27 13:41:08,904 - STARTING LOOP
DEBUG: 2026-03-27 13:41:08,959 - Starting new HTTPS connection (1): bulkapi.millionverifier.com:443
DEBUG: 2026-03-27 13:41:09,407 - https://bulkapi.millionverifier.com:443 "GET /bulkapi/v2/fileinfo?key=***REMOVED***&file_id=30367215 HTTP/1.1" 200 None
DEBUG: 2026-03-27 13:41:09,415 - Starting new HTTPS connection (1): bulkapi.millionverifier.com:443
DEBUG: 2026-03-27 13:41:09,817 - https://bulkapi.millionverifier.com:443 "GET /bulkapi/v2/fileinfo?key=***REMOVED***&file_id=30367929 HTTP/1.1" 200 None
DEBUG: 2026-03-27 13:41:09,824 - Starting new HTTPS connection (1): bulkapi.millionverifier.com:443
DEBUG: 2026-03-27 13:41:10,226 - https://bulkapi.millionverifier.com:443 "GET /bulkapi/v2/fileinfo?key=***REMOVED***&file_id=30368294 HTTP/1.1" 200 None
DEBUG: 2026-03-27 13:41:10,251 - Starting new HTTPS connection (1): bulkapi.millionverifier.com:443
DEBUG: 2026-03-27 13:41:10,739 - https://bulkapi.millionverifier.com:443 "GET /bulkapi/v2/fileinfo?key=***REMOVED***&file_id=30368730 HTTP/1.1" 200 None
INFO: 2026-03-27 13:41:10,744 - FINISHED LOOP

INFO: 2026-03-27 13:50:08,188 - STARTING LOOP
DEBUG: 2026-03-27 13:50:08,259 - Starting new HTTPS connection (1): bulkapi.millionverifier.com:443
DEBUG: 2026-03-27 13:50:08,703 - https://bulkapi.millionverifier.com:443 "GET /bulkapi/v2/fileinfo?key=***REMOVED***&file_id=30367215 HTTP/1.1" 200 None
DEBUG: 2026-03-27 13:50:08,711 - Starting new HTTPS connection (1): bulkapi.millionverifier.com:443
DEBUG: 2026-03-27 13:50:09,090 - https://bulkapi.millionverifier.com:443 "GET /bulkapi/v2/fileinfo?key=***REMOVED***&file_id=30367929 HTTP/1.1" 200 None
DEBUG: 2026-03-27 13:50:09,099 - Starting new HTTPS connection (1): bulkapi.millionverifier.com:443
DEBUG: 2026-03-27 13:50:09,534 - https://bulkapi.millionverifier.com:443 "GET /bulkapi/v2/fileinfo?key=***REMOVED***&file_id=30368294 HTTP/1.1" 200 None
DEBUG: 2026-03-27 13:50:09,545 - Starting new HTTPS connection (1): bulkapi.millionverifier.com:443
DEBUG: 2026-03-27 13:50:09,965 - https://bulkapi.millionverifier.com:443 "GET /bulkapi/v2/fileinfo?key=***REMOVED***&file_id=30368730 HTTP/1.1" 200 None
INFO: 2026-03-27 13:50:09,991 - FINISHED LOOP

INFO: 2026-03-27 14:00:08,109 - STARTING LOOP
DEBUG: 2026-03-27 14:00:08,184 - Starting new HTTPS connection (1): bulkapi.millionverifier.com:443
DEBUG: 2026-03-27 14:00:10,073 - https://bulkapi.millionverifier.com:443 "GET /bulkapi/v2/fileinfo?key=***REMOVED***&file_id=30367215 HTTP/1.1" 200 None
DEBUG: 2026-03-27 14:00:10,082 - Starting new HTTPS connection (1): bulkapi.millionverifier.com:443
DEBUG: 2026-03-27 14:00:10,471 - https://bulkapi.millionverifier.com:443 "GET /bulkapi/v2/fileinfo?key=***REMOVED***&file_id=30367929 HTTP/1.1" 200 None
DEBUG: 2026-03-27 14:00:10,486 - Starting new HTTPS connection (1): bulkapi.millionverifier.com:443
DEBUG: 2026-03-27 14:00:10,980 - https://bulkapi.millionverifier.com:443 "GET /bulkapi/v2/fileinfo?key=***REMOVED***&file_id=30368294 HTTP/1.1" 200 None
DEBUG: 2026-03-27 14:00:10,997 - Starting new HTTPS connection (1): bulkapi.millionverifier.com:443
DEBUG: 2026-03-27 14:00:11,393 - https://bulkapi.millionverifier.com:443 "GET /bulkapi/v2/fileinfo?key=***REMOVED***&file_id=30368730 HTTP/1.1" 200 None
INFO: 2026-03-27 14:00:11,396 - FINISHED LOOP

INFO: 2026-03-27 14:10:07,257 - STARTING LOOP
DEBUG: 2026-03-27 14:10:07,326 - Starting new HTTPS connection (1): bulkapi.millionverifier.com:443
DEBUG: 2026-03-27 14:10:07,731 - https://bulkapi.millionverifier.com:443 "GET /bulkapi/v2/fileinfo?key=***REMOVED***&file_id=30367215 HTTP/1.1" 200 None
DEBUG: 2026-03-27 14:10:07,738 - Starting new HTTPS connection (1): bulkapi.millionverifier.com:443
DEBUG: 2026-03-27 14:10:08,157 - https://bulkapi.millionverifier.com:443 "GET /bulkapi/v2/fileinfo?key=***REMOVED***&file_id=30367929 HTTP/1.1" 200 None
DEBUG: 2026-03-27 14:10:08,165 - Starting new HTTPS connection (1): bulkapi.millionverifier.com:443
DEBUG: 2026-03-27 14:10:08,581 - https://bulkapi.millionverifier.com:443 "GET /bulkapi/v2/fileinfo?key=***REMOVED***&file_id=30368294 HTTP/1.1" 200 None
DEBUG: 2026-03-27 14:10:08,607 - Starting new HTTPS connection (1): bulkapi.millionverifier.com:443
DEBUG: 2026-03-27 14:10:08,873 - https://bulkapi.millionverifier.com:443 "GET /bulkapi/v2/fileinfo?key=***REMOVED***&file_id=30368730 HTTP/1.1" 200 None
INFO: 2026-03-27 14:10:08,877 - FINISHED LOOP

INFO: 2026-03-27 14:20:07,793 - STARTING LOOP
DEBUG: 2026-03-27 14:20:07,892 - Starting new HTTPS connection (1): bulkapi.millionverifier.com:443
DEBUG: 2026-03-27 14:20:08,321 - https://bulkapi.millionverifier.com:443 "GET /bulkapi/v2/fileinfo?key=***REMOVED***&file_id=30367215 HTTP/1.1" 200 None
DEBUG: 2026-03-27 14:20:08,329 - Starting new HTTPS connection (1): bulkapi.millionverifier.com:443
DEBUG: 2026-03-27 14:20:08,597 - https://bulkapi.millionverifier.com:443 "GET /bulkapi/v2/fileinfo?key=***REMOVED***&file_id=30367929 HTTP/1.1" 200 None
DEBUG: 2026-03-27 14:20:08,606 - Starting new HTTPS connection (1): bulkapi.millionverifier.com:443
DEBUG: 2026-03-27 14:20:09,036 - https://bulkapi.millionverifier.com:443 "GET /bulkapi/v2/fileinfo?key=***REMOVED***&file_id=30368294 HTTP/1.1" 200 None
DEBUG: 2026-03-27 14:20:09,046 - Starting new HTTPS connection (1): bulkapi.millionverifier.com:443
DEBUG: 2026-03-27 14:20:09,437 - https://bulkapi.millionverifier.com:443 "GET /bulkapi/v2/fileinfo?key=***REMOVED***&file_id=30368730 HTTP/1.1" 200 None
INFO: 2026-03-27 14:20:09,439 - FINISHED LOOP

INFO: 2026-03-27 14:30:05,989 - STARTING LOOP
DEBUG: 2026-03-27 14:30:06,056 - Starting new HTTPS connection (1): bulkapi.millionverifier.com:443
DEBUG: 2026-03-27 14:30:06,540 - https://bulkapi.millionverifier.com:443 "GET /bulkapi/v2/fileinfo?key=***REMOVED***&file_id=30367215 HTTP/1.1" 200 None
DEBUG: 2026-03-27 14:30:06,548 - Starting new HTTPS connection (1): bulkapi.millionverifier.com:443
DEBUG: 2026-03-27 14:30:07,053 - https://bulkapi.millionverifier.com:443 "GET /bulkapi/v2/fileinfo?key=***REMOVED***&file_id=30367929 HTTP/1.1" 200 None
DEBUG: 2026-03-27 14:30:07,060 - Starting new HTTPS connection (1): bulkapi.millionverifier.com:443
DEBUG: 2026-03-27 14:30:07,462 - https://bulkapi.millionverifier.com:443 "GET /bulkapi/v2/fileinfo?key=***REMOVED***&file_id=30368294 HTTP/1.1" 200 None
DEBUG: 2026-03-27 14:30:07,470 - Starting new HTTPS connection (1): bulkapi.millionverifier.com:443
DEBUG: 2026-03-27 14:30:07,865 - https://bulkapi.millionverifier.com:443 "GET /bulkapi/v2/fileinfo?key=***REMOVED***&file_id=30368730 HTTP/1.1" 200 None
INFO: 2026-03-27 14:30:07,868 - FINISHED LOOP

INFO: 2026-03-27 14:40:06,178 - STARTING LOOP
DEBUG: 2026-03-27 14:40:06,238 - Starting new HTTPS connection (1): bulkapi.millionverifier.com:443
DEBUG: 2026-03-27 14:40:06,706 - https://bulkapi.millionverifier.com:443 "GET /bulkapi/v2/fileinfo?key=***REMOVED***&file_id=30367215 HTTP/1.1" 200 None
DEBUG: 2026-03-27 14:40:06,715 - Starting new HTTPS connection (1): bulkapi.millionverifier.com:443
DEBUG: 2026-03-27 14:40:07,115 - https://bulkapi.millionverifier.com:443 "GET /bulkapi/v2/fileinfo?key=***REMOVED***&file_id=30367929 HTTP/1.1" 200 None
DEBUG: 2026-03-27 14:40:07,123 - Starting new HTTPS connection (1): bulkapi.millionverifier.com:443
DEBUG: 2026-03-27 14:40:07,388 - https://bulkapi.millionverifier.com:443 "GET /bulkapi/v2/fileinfo?key=***REMOVED***&file_id=30368294 HTTP/1.1" 200 None
DEBUG: 2026-03-27 14:40:07,396 - Starting new HTTPS connection (1): bulkapi.millionverifier.com:443
DEBUG: 2026-03-27 14:40:07,832 - https://bulkapi.millionverifier.com:443 "GET /bulkapi/v2/fileinfo?key=***REMOVED***&file_id=30368730 HTTP/1.1" 200 None
INFO: 2026-03-27 14:40:07,836 - FINISHED LOOP

INFO: 2026-03-27 14:50:07,933 - STARTING LOOP
DEBUG: 2026-03-27 14:50:08,095 - Starting new HTTPS connection (1): bulkapi.millionverifier.com:443
DEBUG: 2026-03-27 14:50:08,534 - https://bulkapi.millionverifier.com:443 "GET /bulkapi/v2/fileinfo?key=***REMOVED***&file_id=30367215 HTTP/1.1" 200 None
DEBUG: 2026-03-27 14:50:08,544 - Starting new HTTPS connection (1): bulkapi.millionverifier.com:443
DEBUG: 2026-03-27 14:50:09,023 - https://bulkapi.millionverifier.com:443 "GET /bulkapi/v2/fileinfo?key=***REMOVED***&file_id=30367929 HTTP/1.1" 200 None
DEBUG: 2026-03-27 14:50:09,038 - Starting new HTTPS connection (1): bulkapi.millionverifier.com:443
DEBUG: 2026-03-27 14:50:09,319 - https://bulkapi.millionverifier.com:443 "GET /bulkapi/v2/fileinfo?key=***REMOVED***&file_id=30368294 HTTP/1.1" 200 None
DEBUG: 2026-03-27 14:50:09,330 - Starting new HTTPS connection (1): bulkapi.millionverifier.com:443
DEBUG: 2026-03-27 14:50:09,742 - https://bulkapi.millionverifier.com:443 "GET /bulkapi/v2/fileinfo?key=***REMOVED***&file_id=30368730 HTTP/1.1" 200 None
INFO: 2026-03-27 14:50:09,745 - FINISHED LOOP

INFO: 2026-03-27 15:00:08,546 - STARTING LOOP
DEBUG: 2026-03-27 15:00:08,604 - Starting new HTTPS connection (1): bulkapi.millionverifier.com:443
DEBUG: 2026-03-27 15:00:09,003 - https://bulkapi.millionverifier.com:443 "GET /bulkapi/v2/fileinfo?key=***REMOVED***&file_id=30367215 HTTP/1.1" 200 None
DEBUG: 2026-03-27 15:00:09,010 - Starting new HTTPS connection (1): bulkapi.millionverifier.com:443
DEBUG: 2026-03-27 15:00:09,293 - https://bulkapi.millionverifier.com:443 "GET /bulkapi/v2/fileinfo?key=***REMOVED***&file_id=30367929 HTTP/1.1" 200 None
DEBUG: 2026-03-27 15:00:09,301 - Starting new HTTPS connection (1): bulkapi.millionverifier.com:443
DEBUG: 2026-03-27 15:00:09,916 - https://bulkapi.millionverifier.com:443 "GET /bulkapi/v2/fileinfo?key=***REMOVED***&file_id=30368294 HTTP/1.1" 200 None
DEBUG: 2026-03-27 15:00:09,927 - Starting new HTTPS connection (1): bulkapi.millionverifier.com:443
DEBUG: 2026-03-27 15:00:10,316 - https://bulkapi.millionverifier.com:443 "GET /bulkapi/v2/fileinfo?key=***REMOVED***&file_id=30368730 HTTP/1.1" 200 None
INFO: 2026-03-27 15:00:10,320 - FINISHED LOOP

INFO: 2026-03-27 15:10:07,493 - STARTING LOOP
DEBUG: 2026-03-27 15:10:07,565 - Starting new HTTPS connection (1): bulkapi.millionverifier.com:443
DEBUG: 2026-03-27 15:10:08,266 - https://bulkapi.millionverifier.com:443 "GET /bulkapi/v2/fileinfo?key=***REMOVED***&file_id=30367215 HTTP/1.1" 200 None
DEBUG: 2026-03-27 15:10:08,272 - Starting new HTTPS connection (1): bulkapi.millionverifier.com:443
DEBUG: 2026-03-27 15:10:08,664 - https://bulkapi.millionverifier.com:443 "GET /bulkapi/v2/fileinfo?key=***REMOVED***&file_id=30367929 HTTP/1.1" 200 None
DEBUG: 2026-03-27 15:10:08,670 - Starting new HTTPS connection (1): bulkapi.millionverifier.com:443
DEBUG: 2026-03-27 15:10:08,945 - https://bulkapi.millionverifier.com:443 "GET /bulkapi/v2/fileinfo?key=***REMOVED***&file_id=30368294 HTTP/1.1" 200 None
DEBUG: 2026-03-27 15:10:08,954 - Starting new HTTPS connection (1): bulkapi.millionverifier.com:443
DEBUG: 2026-03-27 15:10:09,229 - https://bulkapi.millionverifier.com:443 "GET /bulkapi/v2/fileinfo?key=***REMOVED***&file_id=30368730 HTTP/1.1" 200 None
INFO: 2026-03-27 15:10:09,231 - FINISHED LOOP

INFO: 2026-03-27 15:20:08,906 - STARTING LOOP
DEBUG: 2026-03-27 15:20:09,050 - Starting new HTTPS connection (1): bulkapi.millionverifier.com:443
DEBUG: 2026-03-27 15:20:10,054 - https://bulkapi.millionverifier.com:443 "GET /bulkapi/v2/fileinfo?key=***REMOVED***&file_id=30367215 HTTP/1.1" 200 None
DEBUG: 2026-03-27 15:20:10,061 - Starting new HTTPS connection (1): bulkapi.millionverifier.com:443
DEBUG: 2026-03-27 15:20:10,448 - https://bulkapi.millionverifier.com:443 "GET /bulkapi/v2/fileinfo?key=***REMOVED***&file_id=30367929 HTTP/1.1" 200 None
DEBUG: 2026-03-27 15:20:10,453 - Starting new HTTPS connection (1): bulkapi.millionverifier.com:443
DEBUG: 2026-03-27 15:20:10,838 - https://bulkapi.millionverifier.com:443 "GET /bulkapi/v2/fileinfo?key=***REMOVED***&file_id=30368294 HTTP/1.1" 200 None
DEBUG: 2026-03-27 15:20:10,844 - Starting new HTTPS connection (1): bulkapi.millionverifier.com:443
DEBUG: 2026-03-27 15:20:11,239 - https://bulkapi.millionverifier.com:443 "GET /bulkapi/v2/fileinfo?key=***REMOVED***&file_id=30368730 HTTP/1.1" 200 None
INFO: 2026-03-27 15:20:11,244 - FINISHED LOOP

INFO: 2026-03-27 15:30:08,905 - STARTING LOOP
DEBUG: 2026-03-27 15:30:08,966 - Starting new HTTPS connection (1): bulkapi.millionverifier.com:443
DEBUG: 2026-03-27 15:30:09,371 - https://bulkapi.millionverifier.com:443 "GET /bulkapi/v2/fileinfo?key=***REMOVED***&file_id=30367215 HTTP/1.1" 200 None
DEBUG: 2026-03-27 15:30:09,376 - Starting new HTTPS connection (1): bulkapi.millionverifier.com:443
DEBUG: 2026-03-27 15:30:09,758 - https://bulkapi.millionverifier.com:443 "GET /bulkapi/v2/fileinfo?key=***REMOVED***&file_id=30367929 HTTP/1.1" 200 None
DEBUG: 2026-03-27 15:30:09,763 - Starting new HTTPS connection (1): bulkapi.millionverifier.com:443
DEBUG: 2026-03-27 15:30:10,062 - https://bulkapi.millionverifier.com:443 "GET /bulkapi/v2/fileinfo?key=***REMOVED***&file_id=30368294 HTTP/1.1" 200 None
DEBUG: 2026-03-27 15:30:10,071 - Starting new HTTPS connection (1): bulkapi.millionverifier.com:443
DEBUG: 2026-03-27 15:30:11,364 - https://bulkapi.millionverifier.com:443 "GET /bulkapi/v2/fileinfo?key=***REMOVED***&file_id=30368730 HTTP/1.1" 200 None
INFO: 2026-03-27 15:30:11,368 - FINISHED LOOP

INFO: 2026-03-27 15:40:08,553 - STARTING LOOP
DEBUG: 2026-03-27 15:40:08,626 - Starting new HTTPS connection (1): bulkapi.millionverifier.com:443
DEBUG: 2026-03-27 15:40:09,057 - https://bulkapi.millionverifier.com:443 "GET /bulkapi/v2/fileinfo?key=***REMOVED***&file_id=30367215 HTTP/1.1" 200 None
DEBUG: 2026-03-27 15:40:09,064 - Starting new HTTPS connection (1): bulkapi.millionverifier.com:443
DEBUG: 2026-03-27 15:40:09,443 - https://bulkapi.millionverifier.com:443 "GET /bulkapi/v2/fileinfo?key=***REMOVED***&file_id=30367929 HTTP/1.1" 200 None
DEBUG: 2026-03-27 15:40:09,449 - Starting new HTTPS connection (1): bulkapi.millionverifier.com:443
DEBUG: 2026-03-27 15:40:09,847 - https://bulkapi.millionverifier.com:443 "GET /bulkapi/v2/fileinfo?key=***REMOVED***&file_id=30368294 HTTP/1.1" 200 None
DEBUG: 2026-03-27 15:40:09,852 - Starting new HTTPS connection (1): bulkapi.millionverifier.com:443
DEBUG: 2026-03-27 15:40:10,117 - https://bulkapi.millionverifier.com:443 "GET /bulkapi/v2/fileinfo?key=***REMOVED***&file_id=30368730 HTTP/1.1" 200 None
INFO: 2026-03-27 15:40:10,120 - FINISHED LOOP

INFO: 2026-03-27 15:50:11,558 - STARTING LOOP
DEBUG: 2026-03-27 15:50:11,655 - Starting new HTTPS connection (1): bulkapi.millionverifier.com:443
DEBUG: 2026-03-27 15:50:12,168 - https://bulkapi.millionverifier.com:443 "GET /bulkapi/v2/fileinfo?key=***REMOVED***&file_id=30367215 HTTP/1.1" 200 None
DEBUG: 2026-03-27 15:50:12,176 - Starting new HTTPS connection (1): bulkapi.millionverifier.com:443
DEBUG: 2026-03-27 15:50:12,578 - https://bulkapi.millionverifier.com:443 "GET /bulkapi/v2/fileinfo?key=***REMOVED***&file_id=30367929 HTTP/1.1" 200 None
DEBUG: 2026-03-27 15:50:12,585 - Starting new HTTPS connection (1): bulkapi.millionverifier.com:443
DEBUG: 2026-03-27 15:50:12,973 - https://bulkapi.millionverifier.com:443 "GET /bulkapi/v2/fileinfo?key=***REMOVED***&file_id=30368294 HTTP/1.1" 200 None
DEBUG: 2026-03-27 15:50:12,989 - Starting new HTTPS connection (1): bulkapi.millionverifier.com:443
DEBUG: 2026-03-27 15:50:13,370 - https://bulkapi.millionverifier.com:443 "GET /bulkapi/v2/fileinfo?key=***REMOVED***&file_id=30368730 HTTP/1.1" 200 None
INFO: 2026-03-27 15:50:13,372 - FINISHED LOOP

INFO: 2026-03-27 16:00:09,025 - STARTING LOOP
DEBUG: 2026-03-27 16:00:09,083 - Starting new HTTPS connection (1): bulkapi.millionverifier.com:443
DEBUG: 2026-03-27 16:00:10,311 - https://bulkapi.millionverifier.com:443 "GET /bulkapi/v2/fileinfo?key=***REMOVED***&file_id=30367215 HTTP/1.1" 200 None
DEBUG: 2026-03-27 16:00:10,323 - Starting new HTTPS connection (1): bulkapi.millionverifier.com:443
DEBUG: 2026-03-27 16:00:10,706 - https://bulkapi.millionverifier.com:443 "GET /bulkapi/v2/fileinfo?key=***REMOVED***&file_id=30367929 HTTP/1.1" 200 None
DEBUG: 2026-03-27 16:00:10,716 - Starting new HTTPS connection (1): bulkapi.millionverifier.com:443
DEBUG: 2026-03-27 16:00:11,103 - https://bulkapi.millionverifier.com:443 "GET /bulkapi/v2/fileinfo?key=***REMOVED***&file_id=30368294 HTTP/1.1" 200 None
DEBUG: 2026-03-27 16:00:11,114 - Starting new HTTPS connection (1): bulkapi.millionverifier.com:443
DEBUG: 2026-03-27 16:00:11,379 - https://bulkapi.millionverifier.com:443 "GET /bulkapi/v2/fileinfo?key=***REMOVED***&file_id=30368730 HTTP/1.1" 200 None
INFO: 2026-03-27 16:00:11,385 - FINISHED LOOP

INFO: 2026-03-27 16:10:38,325 - STARTING LOOP
DEBUG: 2026-03-27 16:10:38,486 - Starting new HTTPS connection (1): bulkapi.millionverifier.com:443
DEBUG: 2026-03-27 16:10:38,949 - https://bulkapi.millionverifier.com:443 "GET /bulkapi/v2/fileinfo?key=***REMOVED***&file_id=30367215 HTTP/1.1" 200 None
DEBUG: 2026-03-27 16:10:38,956 - Starting new HTTPS connection (1): bulkapi.millionverifier.com:443
DEBUG: 2026-03-27 16:10:39,420 - https://bulkapi.millionverifier.com:443 "GET /bulkapi/v2/fileinfo?key=***REMOVED***&file_id=30367929 HTTP/1.1" 200 None
DEBUG: 2026-03-27 16:10:39,427 - Starting new HTTPS connection (1): bulkapi.millionverifier.com:443
DEBUG: 2026-03-27 16:10:39,830 - https://bulkapi.millionverifier.com:443 "GET /bulkapi/v2/fileinfo?key=***REMOVED***&file_id=30368294 HTTP/1.1" 200 None
DEBUG: 2026-03-27 16:10:39,837 - Starting new HTTPS connection (1): bulkapi.millionverifier.com:443
DEBUG: 2026-03-27 16:10:40,104 - https://bulkapi.millionverifier.com:443 "GET /bulkapi/v2/fileinfo?key=***REMOVED***&file_id=30368730 HTTP/1.1" 200 None
INFO: 2026-03-27 16:10:40,107 - FINISHED LOOP

INFO: 2026-03-27 16:20:07,454 - STARTING LOOP
DEBUG: 2026-03-27 16:20:07,530 - Starting new HTTPS connection (1): bulkapi.millionverifier.com:443
DEBUG: 2026-03-27 16:20:07,935 - https://bulkapi.millionverifier.com:443 "GET /bulkapi/v2/fileinfo?key=***REMOVED***&file_id=30367215 HTTP/1.1" 200 None
DEBUG: 2026-03-27 16:20:07,942 - Starting new HTTPS connection (1): bulkapi.millionverifier.com:443
DEBUG: 2026-03-27 16:20:08,352 - https://bulkapi.millionverifier.com:443 "GET /bulkapi/v2/fileinfo?key=***REMOVED***&file_id=30367929 HTTP/1.1" 200 None
DEBUG: 2026-03-27 16:20:08,360 - Starting new HTTPS connection (1): bulkapi.millionverifier.com:443
DEBUG: 2026-03-27 16:20:09,371 - https://bulkapi.millionverifier.com:443 "GET /bulkapi/v2/fileinfo?key=***REMOVED***&file_id=30368294 HTTP/1.1" 200 None
DEBUG: 2026-03-27 16:20:09,384 - Starting new HTTPS connection (1): bulkapi.millionverifier.com:443
DEBUG: 2026-03-27 16:20:09,775 - https://bulkapi.millionverifier.com:443 "GET /bulkapi/v2/fileinfo?key=***REMOVED***&file_id=30368730 HTTP/1.1" 200 None
INFO: 2026-03-27 16:20:09,778 - FINISHED LOOP

INFO: 2026-03-27 16:30:08,511 - STARTING LOOP
DEBUG: 2026-03-27 16:30:08,584 - Starting new HTTPS connection (1): bulkapi.millionverifier.com:443
DEBUG: 2026-03-27 16:30:09,012 - https://bulkapi.millionverifier.com:443 "GET /bulkapi/v2/fileinfo?key=***REMOVED***&file_id=30367215 HTTP/1.1" 200 None
DEBUG: 2026-03-27 16:30:09,016 - Starting new HTTPS connection (1): bulkapi.millionverifier.com:443
DEBUG: 2026-03-27 16:30:09,398 - https://bulkapi.millionverifier.com:443 "GET /bulkapi/v2/fileinfo?key=***REMOVED***&file_id=30367929 HTTP/1.1" 200 None
DEBUG: 2026-03-27 16:30:09,404 - Starting new HTTPS connection (1): bulkapi.millionverifier.com:443
DEBUG: 2026-03-27 16:30:09,678 - https://bulkapi.millionverifier.com:443 "GET /bulkapi/v2/fileinfo?key=***REMOVED***&file_id=30368294 HTTP/1.1" 200 None
DEBUG: 2026-03-27 16:30:09,686 - Starting new HTTPS connection (1): bulkapi.millionverifier.com:443
DEBUG: 2026-03-27 16:30:09,968 - https://bulkapi.millionverifier.com:443 "GET /bulkapi/v2/fileinfo?key=***REMOVED***&file_id=30368730 HTTP/1.1" 200 None
INFO: 2026-03-27 16:30:09,972 - FINISHED LOOP

INFO: 2026-03-27 16:40:34,139 - STARTING LOOP
DEBUG: 2026-03-27 16:40:34,400 - Starting new HTTPS connection (1): bulkapi.millionverifier.com:443
DEBUG: 2026-03-27 16:40:35,054 - https://bulkapi.millionverifier.com:443 "GET /bulkapi/v2/fileinfo?key=***REMOVED***&file_id=30367215 HTTP/1.1" 200 None
DEBUG: 2026-03-27 16:40:35,064 - Starting new HTTPS connection (1): bulkapi.millionverifier.com:443
DEBUG: 2026-03-27 16:40:35,677 - https://bulkapi.millionverifier.com:443 "GET /bulkapi/v2/fileinfo?key=***REMOVED***&file_id=30367929 HTTP/1.1" 200 None
DEBUG: 2026-03-27 16:40:35,685 - Starting new HTTPS connection (1): bulkapi.millionverifier.com:443
DEBUG: 2026-03-27 16:40:36,399 - https://bulkapi.millionverifier.com:443 "GET /bulkapi/v2/fileinfo?key=***REMOVED***&file_id=30368294 HTTP/1.1" 200 None
DEBUG: 2026-03-27 16:40:36,408 - Starting new HTTPS connection (1): bulkapi.millionverifier.com:443
DEBUG: 2026-03-27 16:40:37,096 - https://bulkapi.millionverifier.com:443 "GET /bulkapi/v2/fileinfo?key=***REMOVED***&file_id=30368730 HTTP/1.1" 200 None
INFO: 2026-03-27 16:40:37,100 - FINISHED LOOP

INFO: 2026-03-27 17:47:17,821 - STARTING LOOP
DEBUG: 2026-03-27 17:47:17,892 - Starting new HTTPS connection (1): bulkapi.millionverifier.com:443
DEBUG: 2026-03-27 17:47:18,397 - https://bulkapi.millionverifier.com:443 "GET /bulkapi/v2/fileinfo?key=***REMOVED***&file_id=30367215 HTTP/1.1" 200 None
DEBUG: 2026-03-27 17:47:18,405 - Starting new HTTPS connection (1): bulkapi.millionverifier.com:443
DEBUG: 2026-03-27 17:47:18,788 - https://bulkapi.millionverifier.com:443 "GET /bulkapi/v2/fileinfo?key=***REMOVED***&file_id=30367929 HTTP/1.1" 200 None
DEBUG: 2026-03-27 17:47:18,796 - Starting new HTTPS connection (1): bulkapi.millionverifier.com:443
DEBUG: 2026-03-27 17:47:19,175 - https://bulkapi.millionverifier.com:443 "GET /bulkapi/v2/fileinfo?key=***REMOVED***&file_id=30368294 HTTP/1.1" 200 None
DEBUG: 2026-03-27 17:47:19,185 - Starting new HTTPS connection (1): bulkapi.millionverifier.com:443
DEBUG: 2026-03-27 17:47:19,568 - https://bulkapi.millionverifier.com:443 "GET /bulkapi/v2/fileinfo?key=***REMOVED***&file_id=30368730 HTTP/1.1" 200 None
INFO: 2026-03-27 17:47:19,572 - FINISHED LOOP

INFO: 2026-03-27 17:50:46,029 - STARTING LOOP
DEBUG: 2026-03-27 17:50:46,078 - Starting new HTTPS connection (1): bulkapi.millionverifier.com:443
DEBUG: 2026-03-27 17:50:46,378 - https://bulkapi.millionverifier.com:443 "GET /bulkapi/v2/fileinfo?key=***REMOVED***&file_id=30367215 HTTP/1.1" 200 None
DEBUG: 2026-03-27 17:50:46,386 - Starting new HTTPS connection (1): bulkapi.millionverifier.com:443
DEBUG: 2026-03-27 17:50:46,793 - https://bulkapi.millionverifier.com:443 "GET /bulkapi/v2/fileinfo?key=***REMOVED***&file_id=30367929 HTTP/1.1" 200 None
DEBUG: 2026-03-27 17:50:46,800 - Starting new HTTPS connection (1): bulkapi.millionverifier.com:443
DEBUG: 2026-03-27 17:50:47,127 - https://bulkapi.millionverifier.com:443 "GET /bulkapi/v2/fileinfo?key=***REMOVED***&file_id=30368294 HTTP/1.1" 200 None
DEBUG: 2026-03-27 17:50:47,134 - Starting new HTTPS connection (1): bulkapi.millionverifier.com:443
DEBUG: 2026-03-27 17:50:47,537 - https://bulkapi.millionverifier.com:443 "GET /bulkapi/v2/fileinfo?key=***REMOVED***&file_id=30368730 HTTP/1.1" 200 None
INFO: 2026-03-27 17:50:47,541 - FINISHED LOOP

INFO: 2026-03-27 18:00:08,371 - STARTING LOOP
DEBUG: 2026-03-27 18:00:08,436 - Starting new HTTPS connection (1): bulkapi.millionverifier.com:443
DEBUG: 2026-03-27 18:00:08,887 - https://bulkapi.millionverifier.com:443 "GET /bulkapi/v2/fileinfo?key=***REMOVED***&file_id=30367215 HTTP/1.1" 200 None
DEBUG: 2026-03-27 18:00:08,898 - Starting new HTTPS connection (1): bulkapi.millionverifier.com:443
DEBUG: 2026-03-27 18:00:09,286 - https://bulkapi.millionverifier.com:443 "GET /bulkapi/v2/fileinfo?key=***REMOVED***&file_id=30367929 HTTP/1.1" 200 None
DEBUG: 2026-03-27 18:00:09,295 - Starting new HTTPS connection (1): bulkapi.millionverifier.com:443
DEBUG: 2026-03-27 18:00:09,809 - https://bulkapi.millionverifier.com:443 "GET /bulkapi/v2/fileinfo?key=***REMOVED***&file_id=30368294 HTTP/1.1" 200 None
DEBUG: 2026-03-27 18:00:09,818 - Starting new HTTPS connection (1): bulkapi.millionverifier.com:443
DEBUG: 2026-03-27 18:00:10,324 - https://bulkapi.millionverifier.com:443 "GET /bulkapi/v2/fileinfo?key=***REMOVED***&file_id=30368730 HTTP/1.1" 200 None
INFO: 2026-03-27 18:00:10,329 - FINISHED LOOP

INFO: 2026-03-27 18:10:08,129 - STARTING LOOP
DEBUG: 2026-03-27 18:10:08,193 - Starting new HTTPS connection (1): bulkapi.millionverifier.com:443
DEBUG: 2026-03-27 18:10:08,611 - https://bulkapi.millionverifier.com:443 "GET /bulkapi/v2/fileinfo?key=***REMOVED***&file_id=30367215 HTTP/1.1" 200 None
DEBUG: 2026-03-27 18:10:08,622 - Starting new HTTPS connection (1): bulkapi.millionverifier.com:443
DEBUG: 2026-03-27 18:10:09,024 - https://bulkapi.millionverifier.com:443 "GET /bulkapi/v2/fileinfo?key=***REMOVED***&file_id=30367929 HTTP/1.1" 200 None
DEBUG: 2026-03-27 18:10:09,035 - Starting new HTTPS connection (1): bulkapi.millionverifier.com:443
DEBUG: 2026-03-27 18:10:09,325 - https://bulkapi.millionverifier.com:443 "GET /bulkapi/v2/fileinfo?key=***REMOVED***&file_id=30368294 HTTP/1.1" 200 None
DEBUG: 2026-03-27 18:10:09,335 - Starting new HTTPS connection (1): bulkapi.millionverifier.com:443
DEBUG: 2026-03-27 18:10:09,768 - https://bulkapi.millionverifier.com:443 "GET /bulkapi/v2/fileinfo?key=***REMOVED***&file_id=30368730 HTTP/1.1" 200 None
INFO: 2026-03-27 18:10:09,773 - FINISHED LOOP

INFO: 2026-03-27 18:20:06,246 - STARTING LOOP
DEBUG: 2026-03-27 18:20:06,305 - Starting new HTTPS connection (1): bulkapi.millionverifier.com:443
DEBUG: 2026-03-27 18:20:06,760 - https://bulkapi.millionverifier.com:443 "GET /bulkapi/v2/fileinfo?key=***REMOVED***&file_id=30367215 HTTP/1.1" 200 None
DEBUG: 2026-03-27 18:20:06,771 - Starting new HTTPS connection (1): bulkapi.millionverifier.com:443
DEBUG: 2026-03-27 18:20:07,157 - https://bulkapi.millionverifier.com:443 "GET /bulkapi/v2/fileinfo?key=***REMOVED***&file_id=30367929 HTTP/1.1" 200 None
DEBUG: 2026-03-27 18:20:07,169 - Starting new HTTPS connection (1): bulkapi.millionverifier.com:443
DEBUG: 2026-03-27 18:20:07,445 - https://bulkapi.millionverifier.com:443 "GET /bulkapi/v2/fileinfo?key=***REMOVED***&file_id=30368294 HTTP/1.1" 200 None
DEBUG: 2026-03-27 18:20:07,452 - Starting new HTTPS connection (1): bulkapi.millionverifier.com:443
DEBUG: 2026-03-27 18:20:07,885 - https://bulkapi.millionverifier.com:443 "GET /bulkapi/v2/fileinfo?key=***REMOVED***&file_id=30368730 HTTP/1.1" 200 None
INFO: 2026-03-27 18:20:07,889 - FINISHED LOOP

INFO: 2026-03-27 18:30:09,866 - STARTING LOOP
DEBUG: 2026-03-27 18:30:09,940 - Starting new HTTPS connection (1): bulkapi.millionverifier.com:443
DEBUG: 2026-03-27 18:30:10,406 - https://bulkapi.millionverifier.com:443 "GET /bulkapi/v2/fileinfo?key=***REMOVED***&file_id=30367215 HTTP/1.1" 200 None
DEBUG: 2026-03-27 18:30:10,417 - Starting new HTTPS connection (1): bulkapi.millionverifier.com:443
DEBUG: 2026-03-27 18:30:10,831 - https://bulkapi.millionverifier.com:443 "GET /bulkapi/v2/fileinfo?key=***REMOVED***&file_id=30367929 HTTP/1.1" 200 None
DEBUG: 2026-03-27 18:30:10,843 - Starting new HTTPS connection (1): bulkapi.millionverifier.com:443
DEBUG: 2026-03-27 18:30:11,259 - https://bulkapi.millionverifier.com:443 "GET /bulkapi/v2/fileinfo?key=***REMOVED***&file_id=30368294 HTTP/1.1" 200 None
DEBUG: 2026-03-27 18:30:11,269 - Starting new HTTPS connection (1): bulkapi.millionverifier.com:443
DEBUG: 2026-03-27 18:30:11,736 - https://bulkapi.millionverifier.com:443 "GET /bulkapi/v2/fileinfo?key=***REMOVED***&file_id=30368730 HTTP/1.1" 200 None
INFO: 2026-03-27 18:30:11,741 - FINISHED LOOP

INFO: 2026-03-27 18:40:09,993 - STARTING LOOP
DEBUG: 2026-03-27 18:40:10,041 - Starting new HTTPS connection (1): bulkapi.millionverifier.com:443
DEBUG: 2026-03-27 18:40:10,422 - https://bulkapi.millionverifier.com:443 "GET /bulkapi/v2/fileinfo?key=***REMOVED***&file_id=30367215 HTTP/1.1" 200 None
DEBUG: 2026-03-27 18:40:10,430 - Starting new HTTPS connection (1): bulkapi.millionverifier.com:443
DEBUG: 2026-03-27 18:40:10,816 - https://bulkapi.millionverifier.com:443 "GET /bulkapi/v2/fileinfo?key=***REMOVED***&file_id=30367929 HTTP/1.1" 200 None
DEBUG: 2026-03-27 18:40:10,826 - Starting new HTTPS connection (1): bulkapi.millionverifier.com:443
DEBUG: 2026-03-27 18:40:11,214 - https://bulkapi.millionverifier.com:443 "GET /bulkapi/v2/fileinfo?key=***REMOVED***&file_id=30368294 HTTP/1.1" 200 None
DEBUG: 2026-03-27 18:40:11,224 - Starting new HTTPS connection (1): bulkapi.millionverifier.com:443
DEBUG: 2026-03-27 18:40:11,697 - https://bulkapi.millionverifier.com:443 "GET /bulkapi/v2/fileinfo?key=***REMOVED***&file_id=30368730 HTTP/1.1" 200 None
INFO: 2026-03-27 18:40:11,701 - FINISHED LOOP

INFO: 2026-03-27 18:50:07,457 - STARTING LOOP
DEBUG: 2026-03-27 18:50:07,512 - Starting new HTTPS connection (1): bulkapi.millionverifier.com:443
DEBUG: 2026-03-27 18:50:07,968 - https://bulkapi.millionverifier.com:443 "GET /bulkapi/v2/fileinfo?key=***REMOVED***&file_id=30367215 HTTP/1.1" 200 None
DEBUG: 2026-03-27 18:50:07,980 - Starting new HTTPS connection (1): bulkapi.millionverifier.com:443
DEBUG: 2026-03-27 18:50:08,481 - https://bulkapi.millionverifier.com:443 "GET /bulkapi/v2/fileinfo?key=***REMOVED***&file_id=30367929 HTTP/1.1" 200 None
DEBUG: 2026-03-27 18:50:08,492 - Starting new HTTPS connection (1): bulkapi.millionverifier.com:443
DEBUG: 2026-03-27 18:50:08,992 - https://bulkapi.millionverifier.com:443 "GET /bulkapi/v2/fileinfo?key=***REMOVED***&file_id=30368294 HTTP/1.1" 200 None
DEBUG: 2026-03-27 18:50:09,002 - Starting new HTTPS connection (1): bulkapi.millionverifier.com:443
DEBUG: 2026-03-27 18:50:09,401 - https://bulkapi.millionverifier.com:443 "GET /bulkapi/v2/fileinfo?key=***REMOVED***&file_id=30368730 HTTP/1.1" 200 None
INFO: 2026-03-27 18:50:09,406 - FINISHED LOOP

INFO: 2026-03-27 19:00:07,841 - STARTING LOOP
DEBUG: 2026-03-27 19:00:07,906 - Starting new HTTPS connection (1): bulkapi.millionverifier.com:443
DEBUG: 2026-03-27 19:00:08,328 - https://bulkapi.millionverifier.com:443 "GET /bulkapi/v2/fileinfo?key=***REMOVED***&file_id=30367215 HTTP/1.1" 200 None
DEBUG: 2026-03-27 19:00:08,340 - Starting new HTTPS connection (1): bulkapi.millionverifier.com:443
DEBUG: 2026-03-27 19:00:08,841 - https://bulkapi.millionverifier.com:443 "GET /bulkapi/v2/fileinfo?key=***REMOVED***&file_id=30367929 HTTP/1.1" 200 None
DEBUG: 2026-03-27 19:00:08,854 - Starting new HTTPS connection (1): bulkapi.millionverifier.com:443
DEBUG: 2026-03-27 19:00:09,353 - https://bulkapi.millionverifier.com:443 "GET /bulkapi/v2/fileinfo?key=***REMOVED***&file_id=30368294 HTTP/1.1" 200 None
DEBUG: 2026-03-27 19:00:09,365 - Starting new HTTPS connection (1): bulkapi.millionverifier.com:443
DEBUG: 2026-03-27 19:00:09,865 - https://bulkapi.millionverifier.com:443 "GET /bulkapi/v2/fileinfo?key=***REMOVED***&file_id=30368730 HTTP/1.1" 200 None
INFO: 2026-03-27 19:00:09,870 - FINISHED LOOP

INFO: 2026-03-27 19:10:07,653 - STARTING LOOP
DEBUG: 2026-03-27 19:10:07,712 - Starting new HTTPS connection (1): bulkapi.millionverifier.com:443
DEBUG: 2026-03-27 19:10:08,186 - https://bulkapi.millionverifier.com:443 "GET /bulkapi/v2/fileinfo?key=***REMOVED***&file_id=30367215 HTTP/1.1" 200 None
DEBUG: 2026-03-27 19:10:08,194 - Starting new HTTPS connection (1): bulkapi.millionverifier.com:443
DEBUG: 2026-03-27 19:10:08,595 - https://bulkapi.millionverifier.com:443 "GET /bulkapi/v2/fileinfo?key=***REMOVED***&file_id=30367929 HTTP/1.1" 200 None
DEBUG: 2026-03-27 19:10:08,603 - Starting new HTTPS connection (1): bulkapi.millionverifier.com:443
DEBUG: 2026-03-27 19:10:09,003 - https://bulkapi.millionverifier.com:443 "GET /bulkapi/v2/fileinfo?key=***REMOVED***&file_id=30368294 HTTP/1.1" 200 None
DEBUG: 2026-03-27 19:10:09,009 - Starting new HTTPS connection (1): bulkapi.millionverifier.com:443
DEBUG: 2026-03-27 19:10:09,413 - https://bulkapi.millionverifier.com:443 "GET /bulkapi/v2/fileinfo?key=***REMOVED***&file_id=30368730 HTTP/1.1" 200 None
INFO: 2026-03-27 19:10:09,417 - FINISHED LOOP

INFO: 2026-03-27 19:20:07,528 - STARTING LOOP
DEBUG: 2026-03-27 19:20:07,591 - Starting new HTTPS connection (1): bulkapi.millionverifier.com:443
DEBUG: 2026-03-27 19:20:07,981 - https://bulkapi.millionverifier.com:443 "GET /bulkapi/v2/fileinfo?key=***REMOVED***&file_id=30367215 HTTP/1.1" 200 None
DEBUG: 2026-03-27 19:20:07,992 - Starting new HTTPS connection (1): bulkapi.millionverifier.com:443
DEBUG: 2026-03-27 19:20:08,453 - https://bulkapi.millionverifier.com:443 "GET /bulkapi/v2/fileinfo?key=***REMOVED***&file_id=30367929 HTTP/1.1" 200 None
DEBUG: 2026-03-27 19:20:08,459 - Starting new HTTPS connection (1): bulkapi.millionverifier.com:443
DEBUG: 2026-03-27 19:20:08,964 - https://bulkapi.millionverifier.com:443 "GET /bulkapi/v2/fileinfo?key=***REMOVED***&file_id=30368294 HTTP/1.1" 200 None
DEBUG: 2026-03-27 19:20:08,970 - Starting new HTTPS connection (1): bulkapi.millionverifier.com:443
DEBUG: 2026-03-27 19:20:09,243 - https://bulkapi.millionverifier.com:443 "GET /bulkapi/v2/fileinfo?key=***REMOVED***&file_id=30368730 HTTP/1.1" 200 None
DEBUG: 2026-03-27 19:20:09,255 - Starting new HTTPS connection (1): bulkapi.millionverifier.com:443
DEBUG: 2026-03-27 19:20:09,527 - https://bulkapi.millionverifier.com:443 "GET /bulkapi/v2/fileinfo?key=***REMOVED***&file_id=30478283 HTTP/1.1" 200 None
INFO: 2026-03-27 19:20:09,530 - FINISHED LOOP

INFO: 2026-03-27 19:30:07,966 - STARTING LOOP
DEBUG: 2026-03-27 19:30:08,023 - Starting new HTTPS connection (1): bulkapi.millionverifier.com:443
DEBUG: 2026-03-27 19:30:08,519 - https://bulkapi.millionverifier.com:443 "GET /bulkapi/v2/fileinfo?key=***REMOVED***&file_id=30367215 HTTP/1.1" 200 None
DEBUG: 2026-03-27 19:30:08,527 - Starting new HTTPS connection (1): bulkapi.millionverifier.com:443
DEBUG: 2026-03-27 19:30:09,030 - https://bulkapi.millionverifier.com:443 "GET /bulkapi/v2/fileinfo?key=***REMOVED***&file_id=30367929 HTTP/1.1" 200 None
DEBUG: 2026-03-27 19:30:09,038 - Starting new HTTPS connection (1): bulkapi.millionverifier.com:443
DEBUG: 2026-03-27 19:30:09,438 - https://bulkapi.millionverifier.com:443 "GET /bulkapi/v2/fileinfo?key=***REMOVED***&file_id=30368294 HTTP/1.1" 200 None
DEBUG: 2026-03-27 19:30:09,447 - Starting new HTTPS connection (1): bulkapi.millionverifier.com:443
DEBUG: 2026-03-27 19:30:09,711 - https://bulkapi.millionverifier.com:443 "GET /bulkapi/v2/fileinfo?key=***REMOVED***&file_id=30368730 HTTP/1.1" 200 None
DEBUG: 2026-03-27 19:30:09,718 - Starting new HTTPS connection (1): bulkapi.millionverifier.com:443
DEBUG: 2026-03-27 19:30:10,158 - https://bulkapi.millionverifier.com:443 "GET /bulkapi/v2/fileinfo?key=***REMOVED***&file_id=30478283 HTTP/1.1" 200 None
INFO: 2026-03-27 19:30:10,164 - FINISHED LOOP

INFO: 2026-03-27 19:40:07,540 - STARTING LOOP
DEBUG: 2026-03-27 19:40:07,599 - Starting new HTTPS connection (1): bulkapi.millionverifier.com:443
DEBUG: 2026-03-27 19:40:08,022 - https://bulkapi.millionverifier.com:443 "GET /bulkapi/v2/fileinfo?key=***REMOVED***&file_id=30367215 HTTP/1.1" 200 None
DEBUG: 2026-03-27 19:40:08,033 - Starting new HTTPS connection (1): bulkapi.millionverifier.com:443
DEBUG: 2026-03-27 19:40:08,291 - https://bulkapi.millionverifier.com:443 "GET /bulkapi/v2/fileinfo?key=***REMOVED***&file_id=30367929 HTTP/1.1" 200 None
DEBUG: 2026-03-27 19:40:08,298 - Starting new HTTPS connection (1): bulkapi.millionverifier.com:443
DEBUG: 2026-03-27 19:40:08,690 - https://bulkapi.millionverifier.com:443 "GET /bulkapi/v2/fileinfo?key=***REMOVED***&file_id=30368294 HTTP/1.1" 200 None
DEBUG: 2026-03-27 19:40:08,703 - Starting new HTTPS connection (1): bulkapi.millionverifier.com:443
DEBUG: 2026-03-27 19:40:09,072 - https://bulkapi.millionverifier.com:443 "GET /bulkapi/v2/fileinfo?key=***REMOVED***&file_id=30368730 HTTP/1.1" 200 None
DEBUG: 2026-03-27 19:40:09,082 - Starting new HTTPS connection (1): bulkapi.millionverifier.com:443
DEBUG: 2026-03-27 19:40:09,501 - https://bulkapi.millionverifier.com:443 "GET /bulkapi/v2/fileinfo?key=***REMOVED***&file_id=30478283 HTTP/1.1" 200 None
INFO: 2026-03-27 19:40:09,505 - FINISHED LOOP

INFO: 2026-03-27 19:57:40,835 - STARTING LOOP
DEBUG: 2026-03-27 19:57:40,896 - Starting new HTTPS connection (1): bulkapi.millionverifier.com:443
DEBUG: 2026-03-27 19:57:41,313 - https://bulkapi.millionverifier.com:443 "GET /bulkapi/v2/fileinfo?key=***REMOVED***&file_id=30367215 HTTP/1.1" 200 None
DEBUG: 2026-03-27 19:57:41,322 - Starting new HTTPS connection (1): bulkapi.millionverifier.com:443
DEBUG: 2026-03-27 19:57:41,583 - https://bulkapi.millionverifier.com:443 "GET /bulkapi/v2/fileinfo?key=***REMOVED***&file_id=30367929 HTTP/1.1" 200 None
DEBUG: 2026-03-27 19:57:41,590 - Starting new HTTPS connection (1): bulkapi.millionverifier.com:443
DEBUG: 2026-03-27 19:57:42,071 - https://bulkapi.millionverifier.com:443 "GET /bulkapi/v2/fileinfo?key=***REMOVED***&file_id=30368294 HTTP/1.1" 200 None
DEBUG: 2026-03-27 19:57:42,080 - Starting new HTTPS connection (1): bulkapi.millionverifier.com:443
DEBUG: 2026-03-27 19:57:42,365 - https://bulkapi.millionverifier.com:443 "GET /bulkapi/v2/fileinfo?key=***REMOVED***&file_id=30368730 HTTP/1.1" 200 None
DEBUG: 2026-03-27 19:57:42,375 - Starting new HTTPS connection (1): bulkapi.millionverifier.com:443
DEBUG: 2026-03-27 19:57:42,776 - https://bulkapi.millionverifier.com:443 "GET /bulkapi/v2/fileinfo?key=***REMOVED***&file_id=30478283 HTTP/1.1" 200 None
INFO: 2026-03-27 19:57:42,781 - Downloading 2010273 - auran_nyc...
DEBUG: 2026-03-27 19:57:42,787 - Starting new HTTPS connection (1): bulkapi.millionverifier.com:443
DEBUG: 2026-03-27 19:57:43,548 - https://bulkapi.millionverifier.com:443 "GET /bulkapi/v2/download?key=***REMOVED***&file_id=30478283&filter=all HTTP/1.1" 200 975884
DEBUG: 2026-03-27 19:57:46,428 - Encoding detection: utf_8 is most likely the one.
INFO: 2026-03-27 19:57:46,508 - Updating validation status... 
INFO: 2026-03-27 19:58:02,664 - DONE!
INFO: 2026-03-27 19:58:02,664 - FINISHED LOOP

success!
INFO: 2026-03-27 20:00:06,969 - STARTING LOOP
DEBUG: 2026-03-27 20:00:06,996 - Starting new HTTPS connection (1): bulkapi.millionverifier.com:443
DEBUG: 2026-03-27 20:00:07,271 - https://bulkapi.millionverifier.com:443 "GET /bulkapi/v2/fileinfo?key=***REMOVED***&file_id=30367215 HTTP/1.1" 200 None
DEBUG: 2026-03-27 20:00:07,280 - Starting new HTTPS connection (1): bulkapi.millionverifier.com:443
DEBUG: 2026-03-27 20:00:07,687 - https://bulkapi.millionverifier.com:443 "GET /bulkapi/v2/fileinfo?key=***REMOVED***&file_id=30367929 HTTP/1.1" 200 None
DEBUG: 2026-03-27 20:00:07,696 - Starting new HTTPS connection (1): bulkapi.millionverifier.com:443
DEBUG: 2026-03-27 20:00:08,098 - https://bulkapi.millionverifier.com:443 "GET /bulkapi/v2/fileinfo?key=***REMOVED***&file_id=30368294 HTTP/1.1" 200 None
DEBUG: 2026-03-27 20:00:08,107 - Starting new HTTPS connection (1): bulkapi.millionverifier.com:443
DEBUG: 2026-03-27 20:00:08,374 - https://bulkapi.millionverifier.com:443 "GET /bulkapi/v2/fileinfo?key=***REMOVED***&file_id=30368730 HTTP/1.1" 200 None
INFO: 2026-03-27 20:00:08,377 - FINISHED LOOP

INFO: 2026-03-27 20:10:07,919 - STARTING LOOP
DEBUG: 2026-03-27 20:10:07,958 - Starting new HTTPS connection (1): bulkapi.millionverifier.com:443
DEBUG: 2026-03-27 20:10:08,470 - https://bulkapi.millionverifier.com:443 "GET /bulkapi/v2/fileinfo?key=***REMOVED***&file_id=30367215 HTTP/1.1" 200 None
DEBUG: 2026-03-27 20:10:08,478 - Starting new HTTPS connection (1): bulkapi.millionverifier.com:443
DEBUG: 2026-03-27 20:10:08,878 - https://bulkapi.millionverifier.com:443 "GET /bulkapi/v2/fileinfo?key=***REMOVED***&file_id=30367929 HTTP/1.1" 200 None
DEBUG: 2026-03-27 20:10:08,886 - Starting new HTTPS connection (1): bulkapi.millionverifier.com:443
DEBUG: 2026-03-27 20:10:09,391 - https://bulkapi.millionverifier.com:443 "GET /bulkapi/v2/fileinfo?key=***REMOVED***&file_id=30368294 HTTP/1.1" 200 None
DEBUG: 2026-03-27 20:10:09,401 - Starting new HTTPS connection (1): bulkapi.millionverifier.com:443
DEBUG: 2026-03-27 20:10:09,802 - https://bulkapi.millionverifier.com:443 "GET /bulkapi/v2/fileinfo?key=***REMOVED***&file_id=30368730 HTTP/1.1" 200 None
DEBUG: 2026-03-27 20:10:09,813 - Starting new HTTPS connection (1): bulkapi.millionverifier.com:443
DEBUG: 2026-03-27 20:10:10,314 - https://bulkapi.millionverifier.com:443 "GET /bulkapi/v2/fileinfo?key=***REMOVED***&file_id=30478335 HTTP/1.1" 200 None
INFO: 2026-03-27 20:10:10,319 - FINISHED LOOP

INFO: 2026-03-27 20:21:37,020 - STARTING LOOP
DEBUG: 2026-03-27 20:21:37,084 - Starting new HTTPS connection (1): bulkapi.millionverifier.com:443
DEBUG: 2026-03-27 20:21:37,517 - https://bulkapi.millionverifier.com:443 "GET /bulkapi/v2/fileinfo?key=***REMOVED***&file_id=30367215 HTTP/1.1" 200 None
DEBUG: 2026-03-27 20:21:37,524 - Starting new HTTPS connection (1): bulkapi.millionverifier.com:443
DEBUG: 2026-03-27 20:21:37,917 - https://bulkapi.millionverifier.com:443 "GET /bulkapi/v2/fileinfo?key=***REMOVED***&file_id=30367929 HTTP/1.1" 200 None
DEBUG: 2026-03-27 20:21:37,926 - Starting new HTTPS connection (1): bulkapi.millionverifier.com:443
DEBUG: 2026-03-27 20:21:38,320 - https://bulkapi.millionverifier.com:443 "GET /bulkapi/v2/fileinfo?key=***REMOVED***&file_id=30368294 HTTP/1.1" 200 None
DEBUG: 2026-03-27 20:21:38,330 - Starting new HTTPS connection (1): bulkapi.millionverifier.com:443
DEBUG: 2026-03-27 20:21:38,607 - https://bulkapi.millionverifier.com:443 "GET /bulkapi/v2/fileinfo?key=***REMOVED***&file_id=30368730 HTTP/1.1" 200 None
DEBUG: 2026-03-27 20:21:38,616 - Starting new HTTPS connection (1): bulkapi.millionverifier.com:443
DEBUG: 2026-03-27 20:21:39,010 - https://bulkapi.millionverifier.com:443 "GET /bulkapi/v2/fileinfo?key=***REMOVED***&file_id=30478335 HTTP/1.1" 200 None
INFO: 2026-03-27 20:21:39,012 - FINISHED LOOP

INFO: 2026-03-27 20:30:42,693 - STARTING LOOP
DEBUG: 2026-03-27 20:30:42,756 - Starting new HTTPS connection (1): bulkapi.millionverifier.com:443
DEBUG: 2026-03-27 20:30:43,169 - https://bulkapi.millionverifier.com:443 "GET /bulkapi/v2/fileinfo?key=***REMOVED***&file_id=30367215 HTTP/1.1" 200 None
DEBUG: 2026-03-27 20:30:43,178 - Starting new HTTPS connection (1): bulkapi.millionverifier.com:443
DEBUG: 2026-03-27 20:30:43,591 - https://bulkapi.millionverifier.com:443 "GET /bulkapi/v2/fileinfo?key=***REMOVED***&file_id=30367929 HTTP/1.1" 200 None
DEBUG: 2026-03-27 20:30:43,600 - Starting new HTTPS connection (1): bulkapi.millionverifier.com:443
DEBUG: 2026-03-27 20:30:44,024 - https://bulkapi.millionverifier.com:443 "GET /bulkapi/v2/fileinfo?key=***REMOVED***&file_id=30368294 HTTP/1.1" 200 None
DEBUG: 2026-03-27 20:30:44,029 - Starting new HTTPS connection (1): bulkapi.millionverifier.com:443
DEBUG: 2026-03-27 20:30:44,294 - https://bulkapi.millionverifier.com:443 "GET /bulkapi/v2/fileinfo?key=***REMOVED***&file_id=30368730 HTTP/1.1" 200 None
DEBUG: 2026-03-27 20:30:44,301 - Starting new HTTPS connection (1): bulkapi.millionverifier.com:443
DEBUG: 2026-03-27 20:30:44,689 - https://bulkapi.millionverifier.com:443 "GET /bulkapi/v2/fileinfo?key=***REMOVED***&file_id=30478335 HTTP/1.1" 200 None
INFO: 2026-03-27 20:30:44,691 - FINISHED LOOP

INFO: 2026-03-27 20:40:26,584 - STARTING LOOP
DEBUG: 2026-03-27 20:40:26,643 - Starting new HTTPS connection (1): bulkapi.millionverifier.com:443
DEBUG: 2026-03-27 20:40:27,052 - https://bulkapi.millionverifier.com:443 "GET /bulkapi/v2/fileinfo?key=***REMOVED***&file_id=30367215 HTTP/1.1" 200 None
DEBUG: 2026-03-27 20:40:27,059 - Starting new HTTPS connection (1): bulkapi.millionverifier.com:443
DEBUG: 2026-03-27 20:40:27,499 - https://bulkapi.millionverifier.com:443 "GET /bulkapi/v2/fileinfo?key=***REMOVED***&file_id=30367929 HTTP/1.1" 200 None
DEBUG: 2026-03-27 20:40:27,506 - Starting new HTTPS connection (1): bulkapi.millionverifier.com:443
DEBUG: 2026-03-27 20:40:27,906 - https://bulkapi.millionverifier.com:443 "GET /bulkapi/v2/fileinfo?key=***REMOVED***&file_id=30368294 HTTP/1.1" 200 None
DEBUG: 2026-03-27 20:40:27,919 - Starting new HTTPS connection (1): bulkapi.millionverifier.com:443
DEBUG: 2026-03-27 20:40:28,201 - https://bulkapi.millionverifier.com:443 "GET /bulkapi/v2/fileinfo?key=***REMOVED***&file_id=30368730 HTTP/1.1" 200 None
DEBUG: 2026-03-27 20:40:28,209 - Starting new HTTPS connection (1): bulkapi.millionverifier.com:443
DEBUG: 2026-03-27 20:40:28,487 - https://bulkapi.millionverifier.com:443 "GET /bulkapi/v2/fileinfo?key=***REMOVED***&file_id=30478335 HTTP/1.1" 200 None
INFO: 2026-03-27 20:40:28,490 - FINISHED LOOP

INFO: 2026-03-27 20:50:07,523 - STARTING LOOP
DEBUG: 2026-03-27 20:50:07,578 - Starting new HTTPS connection (1): bulkapi.millionverifier.com:443
DEBUG: 2026-03-27 20:50:08,004 - https://bulkapi.millionverifier.com:443 "GET /bulkapi/v2/fileinfo?key=***REMOVED***&file_id=30367215 HTTP/1.1" 200 None
DEBUG: 2026-03-27 20:50:08,013 - Starting new HTTPS connection (1): bulkapi.millionverifier.com:443
DEBUG: 2026-03-27 20:50:08,518 - https://bulkapi.millionverifier.com:443 "GET /bulkapi/v2/fileinfo?key=***REMOVED***&file_id=30367929 HTTP/1.1" 200 None
DEBUG: 2026-03-27 20:50:08,527 - Starting new HTTPS connection (1): bulkapi.millionverifier.com:443
DEBUG: 2026-03-27 20:50:08,794 - https://bulkapi.millionverifier.com:443 "GET /bulkapi/v2/fileinfo?key=***REMOVED***&file_id=30368294 HTTP/1.1" 200 None
DEBUG: 2026-03-27 20:50:08,799 - Starting new HTTPS connection (1): bulkapi.millionverifier.com:443
DEBUG: 2026-03-27 20:50:09,071 - https://bulkapi.millionverifier.com:443 "GET /bulkapi/v2/fileinfo?key=***REMOVED***&file_id=30368730 HTTP/1.1" 200 None
DEBUG: 2026-03-27 20:50:09,080 - Starting new HTTPS connection (1): bulkapi.millionverifier.com:443
DEBUG: 2026-03-27 20:50:09,540 - https://bulkapi.millionverifier.com:443 "GET /bulkapi/v2/fileinfo?key=***REMOVED***&file_id=30478335 HTTP/1.1" 200 None
INFO: 2026-03-27 20:50:09,544 - FINISHED LOOP

INFO: 2026-03-27 21:00:08,310 - STARTING LOOP
DEBUG: 2026-03-27 21:00:08,368 - Starting new HTTPS connection (1): bulkapi.millionverifier.com:443
DEBUG: 2026-03-27 21:00:08,754 - https://bulkapi.millionverifier.com:443 "GET /bulkapi/v2/fileinfo?key=***REMOVED***&file_id=30367215 HTTP/1.1" 200 None
DEBUG: 2026-03-27 21:00:08,760 - Starting new HTTPS connection (1): bulkapi.millionverifier.com:443
DEBUG: 2026-03-27 21:00:09,194 - https://bulkapi.millionverifier.com:443 "GET /bulkapi/v2/fileinfo?key=***REMOVED***&file_id=30367929 HTTP/1.1" 200 None
DEBUG: 2026-03-27 21:00:09,203 - Starting new HTTPS connection (1): bulkapi.millionverifier.com:443
DEBUG: 2026-03-27 21:00:09,600 - https://bulkapi.millionverifier.com:443 "GET /bulkapi/v2/fileinfo?key=***REMOVED***&file_id=30368294 HTTP/1.1" 200 None
DEBUG: 2026-03-27 21:00:09,608 - Starting new HTTPS connection (1): bulkapi.millionverifier.com:443
DEBUG: 2026-03-27 21:00:10,013 - https://bulkapi.millionverifier.com:443 "GET /bulkapi/v2/fileinfo?key=***REMOVED***&file_id=30368730 HTTP/1.1" 200 None
DEBUG: 2026-03-27 21:00:10,022 - Starting new HTTPS connection (1): bulkapi.millionverifier.com:443
DEBUG: 2026-03-27 21:00:10,528 - https://bulkapi.millionverifier.com:443 "GET /bulkapi/v2/fileinfo?key=***REMOVED***&file_id=30478335 HTTP/1.1" 200 None
INFO: 2026-03-27 21:00:10,532 - Downloading 2010273 - auran_nyc...
DEBUG: 2026-03-27 21:00:10,536 - Starting new HTTPS connection (1): bulkapi.millionverifier.com:443
DEBUG: 2026-03-27 21:00:10,827 - https://bulkapi.millionverifier.com:443 "GET /bulkapi/v2/download?key=***REMOVED***&file_id=30478335&filter=all HTTP/1.1" 200 987906
DEBUG: 2026-03-27 21:00:11,559 - Encoding detection: utf_8 is most likely the one.
INFO: 2026-03-27 21:00:11,643 - Updating validation status... 
INFO: 2026-03-27 21:00:25,641 - DONE!
INFO: 2026-03-27 21:00:25,641 - FINISHED LOOP

success!
