INFO: 2026-02-28 10:26:43,186 - there's no mailmerge list. Skipping for now...
INFO: 2026-02-28 10:26:43,186 - FINISHED LOOP

INFO: 2026-02-28 10:27:00,445 - there's no mailmerge list. Skipping for now...
INFO: 2026-02-28 10:27:00,445 - FINISHED LOOP

INFO: 2026-02-28 16:02:53,652 - STARTING LOOP
INFO: 2026-02-28 16:02:53,652 - Getting blasts quota...
INFO: 2026-02-28 16:09:15,979 - STARTING LOOP
INFO: 2026-02-28 16:09:15,980 - Getting blasts quota...
INFO: 2026-02-28 16:09:15,986 - DONE!
WARNING: 2026-02-28 16:09:15,986 - No projects to work on!
INFO: 2026-02-28 16:09:15,986 - FINISHED LOOP

INFO: 2026-02-28 16:09:53,587 - STARTING LOOP
INFO: 2026-02-28 16:09:53,587 - Getting blasts quota...
INFO: 2026-02-28 16:09:53,590 - DONE!
WARNING: 2026-02-28 16:09:53,590 - No projects to work on!
INFO: 2026-02-28 16:09:53,590 - FINISHED LOOP

INFO: 2026-02-28 16:10:09,058 - STARTING LOOP
INFO: 2026-02-28 16:10:09,058 - Getting blasts quota...
INFO: 2026-02-28 16:10:09,059 - DONE!
WARNING: 2026-02-28 16:10:09,059 - No projects to work on!
INFO: 2026-02-28 16:10:09,059 - FINISHED LOOP

INFO: 2026-02-28 16:14:05,421 - STARTING LOOP
INFO: 2026-02-28 16:14:05,421 - Getting blasts quota...
INFO: 2026-02-28 16:14:05,422 - DONE!
INFO: 2026-02-28 16:14:29,674 - STARTING LOOP
INFO: 2026-02-28 16:14:29,674 - Getting blasts quota...
INFO: 2026-02-28 16:14:29,675 - DONE!
INFO: 2026-02-28 16:52:56,138 - STARTING LOOP
INFO: 2026-02-28 16:52:56,138 - Getting blasts quota...
INFO: 2026-02-28 16:52:56,142 - DONE!
INFO: 2026-02-28 16:54:16,069 - STARTING LOOP
INFO: 2026-02-28 16:54:16,069 - Getting blasts quota...
INFO: 2026-02-28 16:54:16,073 - DONE!
INFO: 2026-02-28 16:54:54,548 - STARTING LOOP
INFO: 2026-02-28 16:54:54,548 - Getting blasts quota...
INFO: 2026-02-28 16:54:54,549 - DONE!
INFO: 2026-02-28 16:55:27,313 - STARTING LOOP
INFO: 2026-02-28 16:55:27,313 - Getting blasts quota...
INFO: 2026-02-28 16:55:27,314 - DONE!
INFO: 2026-02-28 16:55:57,701 - STARTING LOOP
INFO: 2026-02-28 16:55:57,701 - Getting blasts quota...
INFO: 2026-02-28 16:55:57,703 - DONE!
INFO: 2026-02-28 16:56:38,103 - STARTING LOOP
INFO: 2026-02-28 16:56:38,103 - Getting blasts quota...
INFO: 2026-02-28 16:56:38,105 - DONE!
INFO: 2026-02-28 16:57:17,021 - STARTING LOOP
INFO: 2026-02-28 16:57:17,022 - Getting blasts quota...
INFO: 2026-02-28 16:57:17,023 - DONE!
INFO: 2026-02-28 16:58:02,746 - STARTING LOOP
INFO: 2026-02-28 16:58:02,747 - Getting blasts quota...
INFO: 2026-02-28 16:58:02,748 - DONE!
INFO: 2026-02-28 16:58:11,292 - STARTING LOOP
INFO: 2026-02-28 16:58:11,293 - Getting blasts quota...
INFO: 2026-02-28 16:58:11,293 - DONE!
INFO: 2026-02-28 16:58:43,040 - STARTING LOOP
INFO: 2026-02-28 16:58:43,040 - Getting blasts quota...
INFO: 2026-02-28 16:58:43,044 - DONE!
INFO: 2026-02-28 16:59:06,232 - STARTING LOOP
INFO: 2026-02-28 16:59:06,232 - Getting blasts quota...
INFO: 2026-02-28 16:59:06,234 - DONE!
INFO: 2026-02-28 16:59:17,766 - STARTING LOOP
INFO: 2026-02-28 16:59:17,766 - Getting blasts quota...
INFO: 2026-02-28 16:59:17,767 - DONE!
INFO: 2026-02-28 16:59:30,648 - STARTING LOOP
INFO: 2026-02-28 16:59:30,648 - Getting blasts quota...
INFO: 2026-02-28 16:59:30,651 - DONE!
INFO: 2026-02-28 16:59:44,905 - STARTING LOOP
INFO: 2026-02-28 16:59:44,905 - Getting blasts quota...
INFO: 2026-02-28 16:59:44,906 - DONE!
INFO: 2026-02-28 17:00:16,420 - STARTING LOOP
INFO: 2026-02-28 17:00:16,420 - Getting blasts quota...
INFO: 2026-02-28 17:00:16,420 - DONE!
INFO: 2026-02-28 17:01:29,278 - STARTING LOOP
INFO: 2026-02-28 17:01:29,279 - Getting blasts quota...
INFO: 2026-02-28 17:01:29,281 - DONE!
INFO: 2026-02-28 17:02:09,877 - STARTING LOOP
INFO: 2026-02-28 17:02:09,877 - Getting blasts quota...
INFO: 2026-02-28 17:02:09,879 - DONE!
INFO: 2026-02-28 21:45:53,762 - STARTING LOOP
INFO: 2026-02-28 21:45:53,762 - Getting blasts quota...
INFO: 2026-02-28 21:45:53,767 - DONE!
WARNING: 2026-02-28 21:45:53,767 - No projects to work on!
INFO: 2026-02-28 21:45:53,767 - FINISHED LOOP

INFO: 2026-02-28 21:52:02,008 - STARTING LOOP
INFO: 2026-02-28 21:52:02,008 - Getting blasts quota...
INFO: 2026-02-28 21:52:02,010 - DONE!
WARNING: 2026-02-28 21:52:02,011 - No projects to work on!
INFO: 2026-02-28 21:52:02,011 - FINISHED LOOP

INFO: 2026-02-28 21:53:38,740 - STARTING LOOP
INFO: 2026-02-28 21:53:38,740 - Getting blasts quota...
INFO: 2026-02-28 21:53:38,743 - DONE!
INFO: 2026-02-28 21:53:39,435 - Processing project 1993742 - hcr_usa_parents...
INFO: 2026-02-28 21:53:39,435 - Getting records for Mailmerge...
INFO: 2026-02-28 21:53:39,455 - Got 100 records!
INFO: 2026-02-28 21:53:39,455 - FINISHED LOOP

INFO: 2026-02-28 21:55:02,258 - STARTING LOOP
INFO: 2026-02-28 21:55:02,258 - Getting blasts quota...
INFO: 2026-02-28 21:55:02,260 - DONE!
INFO: 2026-02-28 21:55:02,770 - Processing project 1993742 - hcr_usa_parents...
INFO: 2026-02-28 21:55:02,770 - Getting records for Mailmerge...
INFO: 2026-02-28 21:55:02,790 - Got 100 records!
INFO: 2026-02-28 21:55:02,790 - FINISHED LOOP

INFO: 2026-02-28 21:58:38,931 - STARTING LOOP
INFO: 2026-02-28 21:58:38,931 - Getting blasts quota...
INFO: 2026-02-28 21:58:38,935 - DONE!
INFO: 2026-02-28 21:58:39,443 - Processing project 1993742 - hcr_usa_parents...
INFO: 2026-02-28 21:58:39,443 - Getting records for Mailmerge...
INFO: 2026-02-28 21:58:39,463 - Got 100 records!
INFO: 2026-02-28 21:58:39,463 - FINISHED LOOP

INFO: 2026-02-28 21:59:58,240 - STARTING LOOP
INFO: 2026-02-28 21:59:58,240 - Getting blasts quota...
INFO: 2026-02-28 21:59:58,242 - DONE!
INFO: 2026-02-28 21:59:58,751 - Processing project 1993742 - hcr_usa_parents...
INFO: 2026-02-28 21:59:58,751 - Getting records for Mailmerge...
INFO: 2026-02-28 21:59:58,771 - Got 100 records!
INFO: 2026-02-28 22:01:29,627 - STARTING LOOP
INFO: 2026-02-28 22:01:29,627 - Getting blasts quota...
INFO: 2026-02-28 22:01:29,633 - DONE!
INFO: 2026-02-28 22:01:30,151 - Processing project 1993742 - hcr_usa_parents...
INFO: 2026-02-28 22:01:30,152 - Getting records for Mailmerge...
INFO: 2026-02-28 22:01:30,172 - Got 100 records!
INFO: 2026-02-28 22:01:30,172 - FINISHED LOOP

INFO: 2026-02-28 22:01:40,078 - STARTING LOOP
INFO: 2026-02-28 22:01:40,078 - Getting blasts quota...
INFO: 2026-02-28 22:01:40,080 - DONE!
INFO: 2026-02-28 22:01:40,580 - Processing project 1993742 - hcr_usa_parents...
INFO: 2026-02-28 22:01:40,580 - Getting records for Mailmerge...
INFO: 2026-02-28 22:01:40,595 - Got 100 records!
INFO: 2026-02-28 22:01:40,596 - FINISHED LOOP

INFO: 2026-02-28 22:02:38,717 - STARTING LOOP
INFO: 2026-02-28 22:02:38,717 - Getting blasts quota...
INFO: 2026-02-28 22:02:38,722 - DONE!
INFO: 2026-02-28 22:02:39,246 - Processing project 1993742 - hcr_usa_parents...
INFO: 2026-02-28 22:02:39,246 - Getting records for Mailmerge...
INFO: 2026-02-28 22:02:39,266 - Got 100 records!
INFO: 2026-02-28 22:02:39,266 - FINISHED LOOP

INFO: 2026-02-28 22:03:34,566 - STARTING LOOP
INFO: 2026-02-28 22:03:34,566 - Getting blasts quota...
INFO: 2026-02-28 22:03:34,571 - DONE!
INFO: 2026-02-28 22:03:35,112 - Processing project 1993742 - hcr_usa_parents...
INFO: 2026-02-28 22:03:35,112 - Getting records for Mailmerge...
INFO: 2026-02-28 22:03:35,132 - Got 100 records!
INFO: 2026-02-28 22:03:35,132 - FINISHED LOOP

INFO: 2026-02-28 22:04:17,447 - STARTING LOOP
INFO: 2026-02-28 22:04:17,447 - Getting blasts quota...
INFO: 2026-02-28 22:04:17,449 - DONE!
INFO: 2026-02-28 22:04:17,960 - Processing project 1993742 - hcr_usa_parents...
INFO: 2026-02-28 22:04:17,960 - Getting records for Mailmerge...
INFO: 2026-02-28 22:04:17,980 - Got 100 records!
INFO: 2026-02-28 22:04:17,980 - FINISHED LOOP

INFO: 2026-02-28 22:04:26,176 - STARTING LOOP
INFO: 2026-02-28 22:04:26,176 - Getting blasts quota...
INFO: 2026-02-28 22:04:26,180 - DONE!
INFO: 2026-02-28 22:04:26,661 - Processing project 1993742 - hcr_usa_parents...
INFO: 2026-02-28 22:04:26,661 - Getting records for Mailmerge...
INFO: 2026-02-28 22:04:26,677 - Got 100 records!
INFO: 2026-02-28 22:04:26,677 - FINISHED LOOP

INFO: 2026-02-28 22:15:31,814 - STARTING LOOP
INFO: 2026-02-28 22:15:31,814 - Getting blasts quota...
INFO: 2026-02-28 22:15:31,817 - DONE!
INFO: 2026-02-28 22:15:32,334 - Processing project 1993742 - hcr_usa_parents...
INFO: 2026-02-28 22:15:32,334 - Getting records for Mailmerge...
INFO: 2026-02-28 22:15:32,336 - Got 1 records!
INFO: 2026-02-28 22:15:32,336 - FINISHED LOOP

INFO: 2026-02-28 22:15:35,022 - DONE!
INFO: 2026-02-28 22:30:12,779 - STARTING LOOP
INFO: 2026-02-28 22:30:12,780 - Getting blasts quota...
INFO: 2026-02-28 22:30:12,781 - DONE!
INFO: 2026-02-28 22:30:13,399 - Processing project 1993742 - hcr_usa_parents...
INFO: 2026-02-28 22:30:13,399 - Getting records for Mailmerge...
INFO: 2026-02-28 22:30:13,401 - Got 1 records!
INFO: 2026-02-28 22:30:13,401 - FINISHED LOOP

INFO: 2026-02-28 22:34:23,960 - STARTING LOOP
INFO: 2026-02-28 22:34:23,960 - Getting blasts quota...
INFO: 2026-02-28 22:34:23,966 - DONE!
INFO: 2026-02-28 22:34:24,487 - Processing project 1993742 - hcr_usa_parents...
INFO: 2026-02-28 22:34:24,488 - Getting records for Mailmerge...
INFO: 2026-02-28 22:34:24,489 - Got 1 records!
INFO: 2026-02-28 22:34:24,489 - FINISHED LOOP

INFO: 2026-02-28 22:34:28,734 - STARTING LOOP
INFO: 2026-02-28 22:34:28,734 - Getting blasts quota...
INFO: 2026-02-28 22:34:28,735 - DONE!
INFO: 2026-02-28 22:34:28,888 - Processing project 1993742 - hcr_usa_parents...
INFO: 2026-02-28 22:34:28,888 - Getting records for Mailmerge...
INFO: 2026-02-28 22:34:28,889 - Got 1 records!
INFO: 2026-02-28 22:34:28,889 - FINISHED LOOP

INFO: 2026-02-28 22:34:36,163 - STARTING LOOP
INFO: 2026-02-28 22:34:36,163 - Getting blasts quota...
INFO: 2026-02-28 22:34:36,163 - DONE!
INFO: 2026-02-28 22:34:36,529 - Processing project 1993742 - hcr_usa_parents...
INFO: 2026-02-28 22:34:36,529 - Getting records for Mailmerge...
INFO: 2026-02-28 22:34:36,530 - Got 1 records!
INFO: 2026-02-28 22:34:36,530 - FINISHED LOOP

INFO: 2026-02-28 22:47:59,908 - STARTING LOOP
INFO: 2026-02-28 22:47:59,908 - Getting blasts quota...
INFO: 2026-02-28 22:47:59,913 - DONE!
INFO: 2026-02-28 22:48:00,434 - Processing project 1993742 - hcr_usa_parents...
INFO: 2026-02-28 22:48:00,434 - Getting records for Mailmerge...
INFO: 2026-02-28 22:48:00,435 - Got 1 records!
INFO: 2026-02-28 22:48:00,435 - FINISHED LOOP

INFO: 2026-02-28 22:48:11,753 - STARTING LOOP
INFO: 2026-02-28 22:48:11,753 - Getting blasts quota...
INFO: 2026-02-28 22:48:11,754 - DONE!
INFO: 2026-02-28 22:48:12,253 - Processing project 1993742 - hcr_usa_parents...
INFO: 2026-02-28 22:48:12,253 - Getting records for Mailmerge...
INFO: 2026-02-28 22:48:12,254 - Got 1 records!
INFO: 2026-02-28 22:48:12,254 - FINISHED LOOP

INFO: 2026-02-28 22:48:15,819 - DONE!
INFO: 2026-02-28 22:55:01,111 - STARTING LOOP
INFO: 2026-02-28 22:55:01,111 - Getting blasts quota...
INFO: 2026-02-28 22:55:01,115 - DONE!
INFO: 2026-02-28 22:55:01,646 - Processing project 1993742 - hcr_usa_parents...
INFO: 2026-02-28 22:55:01,647 - Getting records for Mailmerge...
INFO: 2026-02-28 22:55:01,648 - Got 1 records!
INFO: 2026-02-28 22:55:01,648 - FINISHED LOOP

INFO: 2026-02-28 22:55:15,979 - DONE!
INFO: 2026-02-28 23:03:28,269 - STARTING LOOP
INFO: 2026-02-28 23:03:28,270 - Getting blasts quota...
INFO: 2026-02-28 23:03:28,275 - DONE!
INFO: 2026-02-28 23:03:28,798 - Processing project 1993742 - hcr_usa_parents...
INFO: 2026-02-28 23:03:28,798 - Getting records for Mailmerge...
INFO: 2026-02-28 23:03:28,800 - Got 1 records!
INFO: 2026-02-28 23:03:28,800 - FINISHED LOOP

INFO: 2026-02-28 23:03:29,795 - DONE!
INFO: 2026-02-28 23:10:35,075 - STARTING LOOP
INFO: 2026-02-28 23:10:35,076 - Getting blasts quota...
INFO: 2026-02-28 23:10:35,077 - DONE!
INFO: 2026-02-28 23:10:35,593 - Processing project 1993742 - hcr_usa_parents...
INFO: 2026-02-28 23:10:35,593 - Getting records for Mailmerge...
INFO: 2026-02-28 23:10:35,594 - Got 1 records!
INFO: 2026-02-28 23:10:35,594 - FINISHED LOOP

INFO: 2026-02-28 23:10:36,511 - DONE!
INFO: 2026-02-28 23:13:45,959 - STARTING LOOP
INFO: 2026-02-28 23:13:45,960 - Getting blasts quota...
INFO: 2026-02-28 23:13:45,965 - DONE!
INFO: 2026-02-28 23:13:46,475 - Processing project 1993742 - hcr_usa_parents...
INFO: 2026-02-28 23:13:46,475 - Getting records for Mailmerge...
INFO: 2026-02-28 23:13:46,477 - Got 1 records!
INFO: 2026-02-28 23:13:46,477 - FINISHED LOOP

INFO: 2026-02-28 23:13:48,409 - DONE!
INFO: 2026-02-28 23:13:54,563 - STARTING LOOP
INFO: 2026-02-28 23:13:54,563 - Getting blasts quota...
INFO: 2026-02-28 23:13:54,564 - DONE!
INFO: 2026-02-28 23:13:55,036 - Processing project 1993742 - hcr_usa_parents...
INFO: 2026-02-28 23:13:55,036 - Getting records for Mailmerge...
INFO: 2026-02-28 23:13:55,038 - Got 1 records!
INFO: 2026-02-28 23:13:55,038 - FINISHED LOOP

INFO: 2026-02-28 23:14:54,336 - STARTING LOOP
INFO: 2026-02-28 23:14:54,336 - Getting blasts quota...
INFO: 2026-02-28 23:14:54,337 - DONE!
INFO: 2026-02-28 23:14:54,857 - Processing project 1993742 - hcr_usa_parents...
INFO: 2026-02-28 23:14:54,857 - Getting records for Mailmerge...
INFO: 2026-02-28 23:14:54,859 - Got 1 records!
INFO: 2026-02-28 23:14:54,859 - FINISHED LOOP

INFO: 2026-02-28 23:15:15,857 - STARTING LOOP
INFO: 2026-02-28 23:15:15,857 - Getting blasts quota...
INFO: 2026-02-28 23:15:15,858 - DONE!
INFO: 2026-02-28 23:15:16,357 - Processing project 1993742 - hcr_usa_parents...
INFO: 2026-02-28 23:15:16,357 - Getting records for Mailmerge...
INFO: 2026-02-28 23:15:16,358 - Got 1 records!
INFO: 2026-02-28 23:15:16,358 - FINISHED LOOP

INFO: 2026-02-28 23:17:16,661 - STARTING LOOP
INFO: 2026-02-28 23:17:16,661 - Getting blasts quota...
INFO: 2026-02-28 23:17:16,665 - DONE!
INFO: 2026-02-28 23:17:17,178 - Processing project 1993742 - hcr_usa_parents...
INFO: 2026-02-28 23:17:17,178 - Getting records for Mailmerge...
INFO: 2026-02-28 23:17:17,180 - Got 1 records!
INFO: 2026-02-28 23:17:17,180 - FINISHED LOOP

INFO: 2026-02-28 23:17:47,470 - STARTING LOOP
INFO: 2026-02-28 23:17:47,470 - Getting blasts quota...
INFO: 2026-02-28 23:17:47,474 - DONE!
INFO: 2026-02-28 23:17:47,995 - Processing project 1993742 - hcr_usa_parents...
INFO: 2026-02-28 23:17:47,995 - Getting records for Mailmerge...
INFO: 2026-02-28 23:17:47,996 - Got 1 records!
INFO: 2026-02-28 23:17:47,996 - FINISHED LOOP

INFO: 2026-02-28 23:17:55,822 - STARTING LOOP
INFO: 2026-02-28 23:17:55,822 - Getting blasts quota...
INFO: 2026-02-28 23:17:55,822 - DONE!
INFO: 2026-02-28 23:17:56,300 - Processing project 1993742 - hcr_usa_parents...
INFO: 2026-02-28 23:17:56,300 - Getting records for Mailmerge...
INFO: 2026-02-28 23:17:56,301 - Got 1 records!
INFO: 2026-02-28 23:17:56,302 - FINISHED LOOP

INFO: 2026-02-28 23:19:37,999 - STARTING LOOP
INFO: 2026-02-28 23:19:37,999 - Getting blasts quota...
INFO: 2026-02-28 23:19:38,003 - DONE!
INFO: 2026-02-28 23:19:38,517 - Processing project 1993742 - hcr_usa_parents...
INFO: 2026-02-28 23:19:38,517 - Getting records for Mailmerge...
INFO: 2026-02-28 23:19:38,519 - Got 1 records!
INFO: 2026-02-28 23:19:38,519 - FINISHED LOOP

INFO: 2026-02-28 23:22:35,006 - STARTING LOOP
INFO: 2026-02-28 23:22:35,006 - Getting blasts quota...
INFO: 2026-02-28 23:22:35,008 - DONE!
INFO: 2026-02-28 23:22:35,531 - Processing project 1993742 - hcr_usa_parents...
INFO: 2026-02-28 23:22:35,531 - Getting records for Mailmerge...
INFO: 2026-02-28 23:22:35,532 - Got 1 records!
INFO: 2026-02-28 23:22:35,532 - FINISHED LOOP

INFO: 2026-02-28 23:23:57,212 - STARTING LOOP
INFO: 2026-02-28 23:23:57,213 - Getting blasts quota...
INFO: 2026-02-28 23:23:57,215 - DONE!
INFO: 2026-02-28 23:23:57,739 - Processing project 1993742 - hcr_usa_parents...
INFO: 2026-02-28 23:23:57,739 - Getting records for Mailmerge...
INFO: 2026-02-28 23:23:57,741 - Got 1 records!
INFO: 2026-02-28 23:23:57,741 - FINISHED LOOP

INFO: 2026-02-28 23:24:01,234 - STARTING LOOP
INFO: 2026-02-28 23:24:01,234 - Getting blasts quota...
INFO: 2026-02-28 23:24:01,235 - DONE!
INFO: 2026-02-28 23:24:01,390 - Processing project 1993742 - hcr_usa_parents...
INFO: 2026-02-28 23:24:01,390 - Getting records for Mailmerge...
INFO: 2026-02-28 23:24:01,391 - Got 1 records!
INFO: 2026-02-28 23:24:01,391 - FINISHED LOOP

INFO: 2026-02-28 23:24:03,785 - DONE!
INFO: 2026-02-28 23:25:29,533 - STARTING LOOP
INFO: 2026-02-28 23:25:29,534 - Getting blasts quota...
INFO: 2026-02-28 23:25:29,538 - DONE!
INFO: 2026-02-28 23:25:30,054 - Processing project 1993742 - hcr_usa_parents...
INFO: 2026-02-28 23:25:30,054 - Getting records for Mailmerge...
INFO: 2026-02-28 23:25:30,056 - Got 1 records!
INFO: 2026-02-28 23:25:30,056 - FINISHED LOOP

INFO: 2026-02-28 23:26:02,926 - STARTING LOOP
INFO: 2026-02-28 23:26:02,926 - Getting blasts quota...
INFO: 2026-02-28 23:26:02,929 - DONE!
INFO: 2026-02-28 23:26:03,445 - Processing project 1993742 - hcr_usa_parents...
INFO: 2026-02-28 23:26:03,446 - Getting records for Mailmerge...
INFO: 2026-02-28 23:26:03,447 - Got 1 records!
INFO: 2026-02-28 23:26:03,447 - FINISHED LOOP

INFO: 2026-02-28 23:26:46,818 - STARTING LOOP
INFO: 2026-02-28 23:26:46,819 - Getting blasts quota...
INFO: 2026-02-28 23:26:46,824 - DONE!
INFO: 2026-02-28 23:26:47,383 - Processing project 1993742 - hcr_usa_parents...
INFO: 2026-02-28 23:26:47,383 - Getting records for Mailmerge...
INFO: 2026-02-28 23:26:47,385 - Got 1 records!
INFO: 2026-02-28 23:26:47,385 - FINISHED LOOP

INFO: 2026-02-28 23:26:49,531 - DONE!
INFO: 2026-02-28 23:28:49,075 - STARTING LOOP
INFO: 2026-02-28 23:28:49,076 - Getting blasts quota...
INFO: 2026-02-28 23:28:49,081 - DONE!
INFO: 2026-02-28 23:28:49,609 - Processing project 1993742 - hcr_usa_parents...
INFO: 2026-02-28 23:28:49,609 - Getting records for Mailmerge...
INFO: 2026-02-28 23:28:49,609 - Got 0 records!
INFO: 2026-02-28 23:28:49,609 - FINISHED LOOP

INFO: 2026-02-28 23:29:11,803 - STARTING LOOP
INFO: 2026-02-28 23:29:11,803 - Getting blasts quota...
INFO: 2026-02-28 23:29:11,807 - DONE!
INFO: 2026-02-28 23:29:12,317 - Processing project 1993742 - hcr_usa_parents...
INFO: 2026-02-28 23:29:12,317 - Getting records for Mailmerge...
INFO: 2026-02-28 23:29:12,318 - Got 0 records!
INFO: 2026-02-28 23:29:12,318 - FINISHED LOOP

INFO: 2026-02-28 23:29:13,435 - DONE!
INFO: 2026-02-28 23:30:39,686 - STARTING LOOP
INFO: 2026-02-28 23:30:39,686 - Getting blasts quota...
INFO: 2026-02-28 23:30:39,688 - DONE!
INFO: 2026-02-28 23:30:40,204 - Processing project 1993742 - hcr_usa_parents...
INFO: 2026-02-28 23:30:40,204 - Getting records for Mailmerge...
INFO: 2026-02-28 23:30:40,207 - Got 1 records!
INFO: 2026-02-28 23:30:40,207 - FINISHED LOOP

INFO: 2026-02-28 23:31:24,062 - STARTING LOOP
INFO: 2026-02-28 23:31:24,062 - Getting blasts quota...
INFO: 2026-02-28 23:31:24,063 - DONE!
INFO: 2026-02-28 23:31:24,582 - Processing project 1993742 - hcr_usa_parents...
INFO: 2026-02-28 23:31:24,582 - Getting records for Mailmerge...
INFO: 2026-02-28 23:31:24,589 - Got 9 records!
INFO: 2026-02-28 23:31:24,589 - FINISHED LOOP

INFO: 2026-02-28 23:31:37,163 - STARTING LOOP
INFO: 2026-02-28 23:31:37,163 - Getting blasts quota...
INFO: 2026-02-28 23:31:37,164 - DONE!
INFO: 2026-02-28 23:31:37,668 - Processing project 1993742 - hcr_usa_parents...
INFO: 2026-02-28 23:31:37,668 - Getting records for Mailmerge...
INFO: 2026-02-28 23:31:37,673 - Got 9 records!
INFO: 2026-02-28 23:31:37,673 - FINISHED LOOP

INFO: 2026-02-28 23:32:09,859 - DONE!
INFO: 2026-02-28 23:32:20,843 - STARTING LOOP
INFO: 2026-02-28 23:32:20,843 - Getting blasts quota...
INFO: 2026-02-28 23:32:20,844 - DONE!
INFO: 2026-02-28 23:32:21,367 - Processing project 1993742 - hcr_usa_parents...
INFO: 2026-02-28 23:32:21,367 - Getting records for Mailmerge...
INFO: 2026-02-28 23:32:21,367 - Got 0 records!
INFO: 2026-02-28 23:32:21,367 - FINISHED LOOP

INFO: 2026-02-28 23:32:22,630 - DONE!
INFO: 2026-02-28 23:32:32,568 - STARTING LOOP
INFO: 2026-02-28 23:32:32,569 - Getting blasts quota...
INFO: 2026-02-28 23:32:32,569 - DONE!
INFO: 2026-02-28 23:32:33,043 - Processing project 1993742 - hcr_usa_parents...
INFO: 2026-02-28 23:32:33,043 - Getting records for Mailmerge...
INFO: 2026-02-28 23:32:33,049 - Got 1 records!
INFO: 2026-02-28 23:32:33,049 - FINISHED LOOP

INFO: 2026-02-28 23:32:37,390 - DONE!
INFO: 2026-02-28 23:33:28,558 - STARTING LOOP
INFO: 2026-02-28 23:33:28,559 - Getting blasts quota...
INFO: 2026-02-28 23:33:28,566 - DONE!
INFO: 2026-02-28 23:33:29,081 - Processing project 1993742 - hcr_usa_parents...
INFO: 2026-02-28 23:33:29,081 - Getting records for Mailmerge...
INFO: 2026-02-28 23:33:29,082 - Got 0 records!
INFO: 2026-02-28 23:33:29,082 - FINISHED LOOP

INFO: 2026-02-28 23:33:30,339 - DONE!
INFO: 2026-02-28 23:33:42,085 - STARTING LOOP
INFO: 2026-02-28 23:33:42,085 - Getting blasts quota...
INFO: 2026-02-28 23:33:42,086 - DONE!
INFO: 2026-02-28 23:33:42,571 - Processing project 1993742 - hcr_usa_parents...
INFO: 2026-02-28 23:33:42,571 - Getting records for Mailmerge...
INFO: 2026-02-28 23:33:42,577 - Got 1 records!
INFO: 2026-02-28 23:33:42,577 - FINISHED LOOP

INFO: 2026-02-28 23:33:48,145 - DONE!
INFO: 2026-02-28 23:34:11,297 - STARTING LOOP
INFO: 2026-02-28 23:34:11,297 - Getting blasts quota...
INFO: 2026-02-28 23:34:11,302 - DONE!
INFO: 2026-02-28 23:34:11,837 - Processing project 1993742 - hcr_usa_parents...
INFO: 2026-02-28 23:34:11,837 - Getting records for Mailmerge...
INFO: 2026-02-28 23:34:11,842 - Got 1 records!
INFO: 2026-02-28 23:34:11,842 - FINISHED LOOP

INFO: 2026-02-28 23:34:19,819 - DONE!
INFO: 2026-02-28 23:34:40,994 - STARTING LOOP
INFO: 2026-02-28 23:34:40,994 - Getting blasts quota...
INFO: 2026-02-28 23:34:40,994 - DONE!
INFO: 2026-02-28 23:34:41,508 - Processing project 1993742 - hcr_usa_parents...
INFO: 2026-02-28 23:34:41,508 - Getting records for Mailmerge...
INFO: 2026-02-28 23:34:41,514 - Got 1 records!
INFO: 2026-02-28 23:34:41,514 - FINISHED LOOP

INFO: 2026-02-28 23:34:47,400 - DONE!
INFO: 2026-02-28 23:37:50,805 - STARTING LOOP
INFO: 2026-02-28 23:37:50,805 - Getting blasts quota...
INFO: 2026-02-28 23:37:50,806 - DONE!
INFO: 2026-02-28 23:37:51,326 - Processing project 1993742 - hcr_usa_parents...
INFO: 2026-02-28 23:37:51,326 - Getting records for Mailmerge...
INFO: 2026-02-28 23:37:51,334 - Got 5 records!
INFO: 2026-02-28 23:37:51,334 - FINISHED LOOP

INFO: 2026-02-28 23:38:15,018 - DONE!
INFO: 2026-02-28 23:38:52,427 - STARTING LOOP
INFO: 2026-02-28 23:38:52,427 - Getting blasts quota...
INFO: 2026-02-28 23:38:52,428 - DONE!
INFO: 2026-02-28 23:38:52,941 - Processing project 1993742 - hcr_usa_parents...
INFO: 2026-02-28 23:38:52,941 - Getting records for Mailmerge...
INFO: 2026-02-28 23:38:52,948 - Got 1 records!
INFO: 2026-02-28 23:38:52,948 - FINISHED LOOP

INFO: 2026-02-28 23:38:55,560 - DONE!
INFO: 2026-02-28 23:41:04,850 - STARTING LOOP
INFO: 2026-02-28 23:41:04,850 - Getting blasts quota...
INFO: 2026-02-28 23:41:04,853 - DONE!
INFO: 2026-02-28 23:41:05,380 - Processing project 1993742 - hcr_usa_parents...
INFO: 2026-02-28 23:41:05,380 - Getting records for Mailmerge...
INFO: 2026-02-28 23:41:05,387 - Got 1 records!
INFO: 2026-02-28 23:41:05,420 - Processing project 1993741 - hcr_usa_teachers...
INFO: 2026-02-28 23:41:05,420 - Getting records for Mailmerge...
INFO: 2026-02-28 23:41:06,490 - Got 1 records!
INFO: 2026-02-28 23:41:06,490 - FINISHED LOOP

INFO: 2026-02-28 23:41:46,905 - STARTING LOOP
INFO: 2026-02-28 23:41:46,905 - Getting blasts quota...
INFO: 2026-02-28 23:41:46,909 - DONE!
INFO: 2026-02-28 23:41:47,529 - Processing project 1993742 - hcr_usa_parents...
INFO: 2026-02-28 23:41:47,529 - Getting records for Mailmerge...
INFO: 2026-02-28 23:41:47,535 - Got 1 records!
INFO: 2026-02-28 23:41:47,571 - Processing project 1993741 - hcr_usa_teachers...
INFO: 2026-02-28 23:41:47,571 - Getting records for Mailmerge...
INFO: 2026-02-28 23:41:48,636 - Got 1 records!
INFO: 2026-02-28 23:41:48,651 - Processing project 1432181 - reputation_leaders_csuite...
INFO: 2026-02-28 23:41:48,651 - Getting records for Mailmerge...
INFO: 2026-02-28 23:41:52,048 - Got 1 records!
INFO: 2026-02-28 23:41:52,048 - FINISHED LOOP

INFO: 2026-02-28 23:42:51,541 - STARTING LOOP
INFO: 2026-02-28 23:42:51,541 - Getting blasts quota...
INFO: 2026-02-28 23:42:51,545 - DONE!
INFO: 2026-02-28 23:42:52,066 - Processing project 1993742 - hcr_usa_parents...
INFO: 2026-02-28 23:42:52,066 - Getting records for Mailmerge...
INFO: 2026-02-28 23:42:52,072 - Got 1 records!
INFO: 2026-02-28 23:42:52,106 - Processing project 1993741 - hcr_usa_teachers...
INFO: 2026-02-28 23:42:52,106 - Getting records for Mailmerge...
INFO: 2026-02-28 23:42:53,153 - Got 1 records!
INFO: 2026-02-28 23:42:53,167 - Processing project 1432181 - reputation_leaders_csuite...
INFO: 2026-02-28 23:42:53,167 - Getting records for Mailmerge...
INFO: 2026-02-28 23:42:56,503 - Got 1 records!
INFO: 2026-02-28 23:42:56,503 - FINISHED LOOP

INFO: 2026-02-28 23:43:44,665 - STARTING LOOP
INFO: 2026-02-28 23:43:44,665 - Getting blasts quota...
INFO: 2026-02-28 23:43:44,666 - DONE!
INFO: 2026-02-28 23:43:45,176 - Processing project 1993742 - hcr_usa_parents...
INFO: 2026-02-28 23:43:45,176 - Getting records for Mailmerge...
INFO: 2026-02-28 23:43:45,182 - Got 1 records!
INFO: 2026-02-28 23:43:45,216 - Processing project 1993741 - hcr_usa_teachers...
INFO: 2026-02-28 23:43:45,216 - Getting records for Mailmerge...
INFO: 2026-02-28 23:43:46,258 - Got 1 records!
INFO: 2026-02-28 23:43:46,273 - Processing project 1432181 - reputation_leaders_csuite...
INFO: 2026-02-28 23:43:46,273 - Getting records for Mailmerge...
INFO: 2026-02-28 23:43:49,701 - Got 1 records!
INFO: 2026-02-28 23:43:49,701 - FINISHED LOOP

INFO: 2026-02-28 23:44:16,668 - STARTING LOOP
INFO: 2026-02-28 23:44:16,668 - Getting blasts quota...
INFO: 2026-02-28 23:44:16,670 - DONE!
INFO: 2026-02-28 23:44:17,188 - Processing project 1993742 - hcr_usa_parents...
INFO: 2026-02-28 23:44:17,188 - Getting records for Mailmerge...
INFO: 2026-02-28 23:44:17,194 - Got 1 records!
INFO: 2026-02-28 23:44:17,232 - Processing project 1993741 - hcr_usa_teachers...
INFO: 2026-02-28 23:44:17,232 - Getting records for Mailmerge...
INFO: 2026-02-28 23:44:18,381 - Got 1 records!
INFO: 2026-02-28 23:44:18,395 - Processing project 1432181 - reputation_leaders_csuite...
INFO: 2026-02-28 23:44:18,395 - Getting records for Mailmerge...
INFO: 2026-02-28 23:44:21,642 - Got 1 records!
INFO: 2026-02-28 23:44:21,642 - FINISHED LOOP

INFO: 2026-02-28 23:44:37,798 - DONE!
INFO: 2026-02-28 23:47:01,034 - STARTING LOOP
INFO: 2026-02-28 23:47:01,034 - Getting blasts quota...
INFO: 2026-02-28 23:47:01,039 - DONE!
INFO: 2026-02-28 23:47:01,561 - Processing project 1993742 - hcr_usa_parents...
INFO: 2026-02-28 23:47:01,561 - Getting records for Mailmerge...
INFO: 2026-02-28 23:47:01,567 - Got 1 records!
INFO: 2026-02-28 23:47:01,601 - Processing project 1993741 - hcr_usa_teachers...
INFO: 2026-02-28 23:47:01,601 - Getting records for Mailmerge...
INFO: 2026-02-28 23:47:16,504 - Got 0 records!
INFO: 2026-02-28 23:47:16,520 - Processing project 1432181 - reputation_leaders_csuite...
INFO: 2026-02-28 23:47:16,520 - Getting records for Mailmerge...
INFO: 2026-02-28 23:47:19,958 - Got 0 records!
INFO: 2026-02-28 23:47:19,958 - FINISHED LOOP

INFO: 2026-02-28 23:47:19,966 - Sending out mailerge list...
INFO: 2026-02-28 23:49:46,352 - STARTING LOOP
INFO: 2026-02-28 23:49:46,352 - Getting blasts quota...
INFO: 2026-02-28 23:49:46,354 - DONE!
INFO: 2026-02-28 23:49:46,864 - Processing project 1993742 - hcr_usa_parents...
INFO: 2026-02-28 23:49:46,865 - Getting records for Mailmerge...
INFO: 2026-02-28 23:49:46,865 - Got 0 records!
INFO: 2026-02-28 23:49:46,900 - Processing project 1993741 - hcr_usa_teachers...
INFO: 2026-02-28 23:49:46,900 - Getting records for Mailmerge...
INFO: 2026-02-28 23:50:02,060 - Got 0 records!
INFO: 2026-02-28 23:50:02,085 - Processing project 1432181 - reputation_leaders_csuite...
INFO: 2026-02-28 23:50:02,085 - Getting records for Mailmerge...
INFO: 2026-02-28 23:50:05,545 - Got 0 records!
INFO: 2026-02-28 23:50:05,545 - FINISHED LOOP

INFO: 2026-02-28 23:50:05,547 - STARTING LOOP
INFO: 2026-02-28 23:50:05,547 - Sending out mailerge list...
INFO: 2026-02-28 23:50:06,616 - DONE!
INFO: 2026-02-28 23:50:06,617 - FINISHED LOOP

INFO: 2026-02-28 23:50:44,874 - STARTING LOOP
INFO: 2026-02-28 23:50:44,874 - Getting blasts quota...
INFO: 2026-02-28 23:50:44,876 - DONE!
INFO: 2026-02-28 23:50:45,391 - Processing project 1993742 - hcr_usa_parents...
INFO: 2026-02-28 23:50:45,391 - Getting records for Mailmerge...
INFO: 2026-02-28 23:50:45,391 - Got 0 records!
INFO: 2026-02-28 23:50:45,423 - Processing project 1993741 - hcr_usa_teachers...
INFO: 2026-02-28 23:50:45,423 - Getting records for Mailmerge...
INFO: 2026-02-28 23:50:58,436 - Got 0 records!
INFO: 2026-02-28 23:50:58,452 - Processing project 1432181 - reputation_leaders_csuite...
INFO: 2026-02-28 23:50:58,452 - Getting records for Mailmerge...
INFO: 2026-02-28 23:51:01,883 - Got 0 records!
INFO: 2026-02-28 23:51:01,883 - FINISHED LOOP

INFO: 2026-02-28 23:51:01,884 - STARTING LOOP
INFO: 2026-02-28 23:51:01,884 - Sending out mailerge list...
INFO: 2026-02-28 23:51:03,349 - DONE!
INFO: 2026-02-28 23:51:03,349 - FINISHED LOOP

INFO: 2026-02-28 23:51:18,404 - STARTING LOOP
INFO: 2026-02-28 23:51:18,404 - Getting blasts quota...
INFO: 2026-02-28 23:51:18,406 - DONE!
INFO: 2026-02-28 23:51:18,904 - Processing project 1993742 - hcr_usa_parents...
INFO: 2026-02-28 23:51:18,904 - Getting records for Mailmerge...
INFO: 2026-02-28 23:51:18,905 - Got 0 records!
INFO: 2026-02-28 23:51:18,944 - Processing project 1993741 - hcr_usa_teachers...
INFO: 2026-02-28 23:51:18,944 - Getting records for Mailmerge...
INFO: 2026-02-28 23:51:32,438 - Got 0 records!
INFO: 2026-02-28 23:51:32,454 - Processing project 1432181 - reputation_leaders_csuite...
INFO: 2026-02-28 23:51:32,454 - Getting records for Mailmerge...
INFO: 2026-02-28 23:51:35,621 - Got 0 records!
INFO: 2026-02-28 23:51:35,621 - FINISHED LOOP

INFO: 2026-02-28 23:51:35,621 - STARTING LOOP
INFO: 2026-02-28 23:51:35,621 - there's no mailmerge list. Skipping for now...
INFO: 2026-02-28 23:51:35,621 - FINISHED LOOP

INFO: 2026-02-28 23:53:27,401 - STARTING LOOP
INFO: 2026-02-28 23:53:27,401 - Getting blasts quota...
INFO: 2026-02-28 23:53:27,406 - DONE!
INFO: 2026-02-28 23:53:27,936 - Processing project 1993742 - hcr_usa_parents...
INFO: 2026-02-28 23:53:27,937 - Getting records for Mailmerge...
INFO: 2026-02-28 23:53:27,937 - Got 0 records!
INFO: 2026-02-28 23:53:27,972 - Processing project 1993741 - hcr_usa_teachers...
INFO: 2026-02-28 23:53:27,972 - Getting records for Mailmerge...
INFO: 2026-02-28 23:53:42,423 - Got 0 records!
INFO: 2026-02-28 23:53:42,442 - Processing project 1432181 - reputation_leaders_csuite...
INFO: 2026-02-28 23:53:42,442 - Getting records for Mailmerge...
INFO: 2026-02-28 23:53:45,822 - Got 0 records!
INFO: 2026-02-28 23:53:45,823 - FINISHED LOOP

INFO: 2026-02-28 23:53:45,823 - STARTING LOOP
INFO: 2026-02-28 23:53:45,823 - there's no mailmerge list. Skipping for now...
INFO: 2026-02-28 23:53:45,823 - FINISHED LOOP

INFO: 2026-02-28 23:54:29,346 - STARTING LOOP
INFO: 2026-02-28 23:54:29,346 - Getting blasts quota...
INFO: 2026-02-28 23:54:29,347 - DONE!
INFO: 2026-02-28 23:54:29,849 - Processing project 1993742 - hcr_usa_parents...
INFO: 2026-02-28 23:54:29,849 - Getting records for Mailmerge...
INFO: 2026-02-28 23:54:29,849 - Got 0 records!
INFO: 2026-02-28 23:54:29,882 - Processing project 1993741 - hcr_usa_teachers...
INFO: 2026-02-28 23:54:29,882 - Getting records for Mailmerge...
INFO: 2026-02-28 23:54:45,407 - Got 0 records!
INFO: 2026-02-28 23:54:45,425 - Processing project 1432181 - reputation_leaders_csuite...
INFO: 2026-02-28 23:54:45,425 - Getting records for Mailmerge...
INFO: 2026-02-28 23:54:48,844 - Got 0 records!
INFO: 2026-02-28 23:54:48,845 - FINISHED LOOP

INFO: 2026-02-28 23:54:48,847 - STARTING LOOP
INFO: 2026-02-28 23:54:48,847 - there's no mailmerge list. Skipping for now...
INFO: 2026-02-28 23:54:48,847 - FINISHED LOOP

INFO: 2026-02-28 23:55:20,624 - STARTING LOOP
INFO: 2026-02-28 23:55:20,624 - Getting blasts quota...
INFO: 2026-02-28 23:55:20,627 - DONE!
INFO: 2026-02-28 23:55:21,149 - Processing project 1993742 - hcr_usa_parents...
INFO: 2026-02-28 23:55:21,149 - Getting records for Mailmerge...
INFO: 2026-02-28 23:55:21,155 - Got 1 records!
INFO: 2026-02-28 23:55:21,187 - Processing project 1993741 - hcr_usa_teachers...
INFO: 2026-02-28 23:55:21,187 - Getting records for Mailmerge...
INFO: 2026-02-28 23:55:34,945 - Got 0 records!
INFO: 2026-02-28 23:55:34,961 - Processing project 1432181 - reputation_leaders_csuite...
INFO: 2026-02-28 23:55:34,961 - Getting records for Mailmerge...
INFO: 2026-02-28 23:55:38,339 - Got 0 records!
INFO: 2026-02-28 23:55:38,339 - FINISHED LOOP

INFO: 2026-02-28 23:55:38,340 - STARTING LOOP
INFO: 2026-02-28 23:55:38,340 - Sending out mailerge list...
INFO: 2026-02-28 23:55:43,833 - DONE!
INFO: 2026-02-28 23:55:43,835 - FINISHED LOOP

INFO: 2026-02-28 23:56:21,046 - STARTING LOOP
INFO: 2026-02-28 23:56:21,046 - Getting blasts quota...
INFO: 2026-02-28 23:56:21,048 - DONE!
INFO: 2026-02-28 23:56:21,566 - Processing project 1993742 - hcr_usa_parents...
INFO: 2026-02-28 23:56:21,566 - Getting records for Mailmerge...
INFO: 2026-02-28 23:56:21,567 - Got 0 records!
INFO: 2026-02-28 23:56:21,604 - Processing project 1993741 - hcr_usa_teachers...
INFO: 2026-02-28 23:56:21,604 - Getting records for Mailmerge...
INFO: 2026-02-28 23:56:35,388 - Got 0 records!
INFO: 2026-02-28 23:56:35,403 - Processing project 1432181 - reputation_leaders_csuite...
INFO: 2026-02-28 23:56:35,403 - Getting records for Mailmerge...
INFO: 2026-02-28 23:56:38,753 - Got 0 records!
INFO: 2026-02-28 23:56:38,753 - FINISHED LOOP

INFO: 2026-02-28 23:56:38,753 - STARTING LOOP
INFO: 2026-02-28 23:56:38,753 - there's no mailmerge list. Skipping for now...
INFO: 2026-02-28 23:56:38,753 - FINISHED LOOP

INFO: 2026-03-01 00:00:09,355 - STARTING LOOP
INFO: 2026-03-01 00:00:09,356 - Getting blasts quota...
INFO: 2026-03-01 00:00:09,364 - DONE!
INFO: 2026-03-01 00:00:23,825 - Processing project 1993742 - hcr_usa_parents...
INFO: 2026-03-01 00:00:23,825 - Getting records for Mailmerge...
INFO: 2026-03-01 00:00:23,829 - Got 0 records!
INFO: 2026-03-01 00:00:23,897 - Processing project 1993741 - hcr_usa_teachers...
INFO: 2026-03-01 00:00:23,898 - Getting records for Mailmerge...
INFO: 2026-03-01 00:00:42,872 - Got 0 records!
INFO: 2026-03-01 00:00:42,924 - Processing project 1432181 - reputation_leaders_csuite...
INFO: 2026-03-01 00:00:42,924 - Getting records for Mailmerge...
INFO: 2026-03-01 00:00:47,316 - Got 0 records!
INFO: 2026-03-01 00:00:47,317 - FINISHED LOOP

INFO: 2026-03-01 00:00:47,318 - STARTING LOOP
INFO: 2026-03-01 00:00:47,318 - there's no mailmerge list. Skipping for now...
INFO: 2026-03-01 00:00:47,318 - FINISHED LOOP

INFO: 2026-03-01 00:30:08,684 - STARTING LOOP
INFO: 2026-03-01 00:30:08,684 - Getting blasts quota...
INFO: 2026-03-01 00:30:08,691 - DONE!
INFO: 2026-03-01 00:30:11,130 - Processing project 1993742 - hcr_usa_parents...
INFO: 2026-03-01 00:30:11,131 - Getting records for Mailmerge...
INFO: 2026-03-01 00:30:11,135 - Got 0 records!
INFO: 2026-03-01 00:30:11,277 - Processing project 1993741 - hcr_usa_teachers...
INFO: 2026-03-01 00:30:11,277 - Getting records for Mailmerge...
INFO: 2026-03-01 00:30:30,966 - Got 0 records!
INFO: 2026-03-01 00:30:31,010 - Processing project 1432181 - reputation_leaders_csuite...
INFO: 2026-03-01 00:30:31,010 - Getting records for Mailmerge...
INFO: 2026-03-01 00:30:36,025 - Got 0 records!
INFO: 2026-03-01 00:30:36,026 - FINISHED LOOP

INFO: 2026-03-01 00:30:36,028 - STARTING LOOP
INFO: 2026-03-01 00:30:36,034 - there's no mailmerge list. Skipping for now...
INFO: 2026-03-01 00:30:36,034 - FINISHED LOOP

INFO: 2026-03-01 01:00:08,600 - STARTING LOOP
INFO: 2026-03-01 01:00:08,601 - Getting blasts quota...
INFO: 2026-03-01 01:00:08,615 - DONE!
INFO: 2026-03-01 01:00:09,803 - Processing project 1993742 - hcr_usa_parents...
INFO: 2026-03-01 01:00:09,803 - Getting records for Mailmerge...
INFO: 2026-03-01 01:00:09,804 - Got 0 records!
INFO: 2026-03-01 01:00:09,932 - Processing project 1993741 - hcr_usa_teachers...
INFO: 2026-03-01 01:00:09,932 - Getting records for Mailmerge...
INFO: 2026-03-01 01:00:29,637 - Got 0 records!
INFO: 2026-03-01 01:00:29,682 - Processing project 1432181 - reputation_leaders_csuite...
INFO: 2026-03-01 01:00:29,682 - Getting records for Mailmerge...
INFO: 2026-03-01 01:00:35,476 - Got 0 records!
INFO: 2026-03-01 01:00:35,477 - FINISHED LOOP

INFO: 2026-03-01 01:00:35,479 - STARTING LOOP
INFO: 2026-03-01 01:00:35,481 - there's no mailmerge list. Skipping for now...
INFO: 2026-03-01 01:00:35,481 - FINISHED LOOP

INFO: 2026-03-01 07:07:13,078 - STARTING LOOP
INFO: 2026-03-01 07:07:13,079 - Getting blasts quota...
INFO: 2026-03-01 07:07:13,085 - DONE!
INFO: 2026-03-01 07:07:14,153 - Processing project 1993742 - hcr_usa_parents...
INFO: 2026-03-01 07:07:14,153 - Getting records for Mailmerge...
INFO: 2026-03-01 07:07:14,154 - Got 0 records!
INFO: 2026-03-01 07:07:14,212 - Processing project 1993741 - hcr_usa_teachers...
INFO: 2026-03-01 07:07:14,212 - Getting records for Mailmerge...
INFO: 2026-03-01 07:07:32,096 - Got 0 records!
INFO: 2026-03-01 07:07:32,135 - Processing project 1432181 - reputation_leaders_csuite...
INFO: 2026-03-01 07:07:32,135 - Getting records for Mailmerge...
INFO: 2026-03-01 07:07:36,767 - Got 0 records!
INFO: 2026-03-01 07:07:36,767 - FINISHED LOOP

INFO: 2026-03-01 07:07:36,768 - STARTING LOOP
INFO: 2026-03-01 07:07:36,768 - there's no mailmerge list. Skipping for now...
INFO: 2026-03-01 07:07:36,768 - FINISHED LOOP

INFO: 2026-03-01 08:03:18,900 - STARTING LOOP
INFO: 2026-03-01 08:03:18,901 - Getting blasts quota...
INFO: 2026-03-01 08:03:18,908 - DONE!
INFO: 2026-03-01 08:03:19,931 - Processing project 1993742 - hcr_usa_parents...
INFO: 2026-03-01 08:03:19,932 - Getting records for Mailmerge...
INFO: 2026-03-01 08:03:19,934 - Got 0 records!
INFO: 2026-03-01 08:03:20,028 - Processing project 1993741 - hcr_usa_teachers...
INFO: 2026-03-01 08:03:20,028 - Getting records for Mailmerge...
INFO: 2026-03-01 08:08:10,957 - Got 0 records!
INFO: 2026-03-01 08:08:11,003 - Processing project 1432181 - reputation_leaders_csuite...
INFO: 2026-03-01 08:08:11,003 - Getting records for Mailmerge...
INFO: 2026-03-01 08:08:15,760 - Got 0 records!
INFO: 2026-03-01 08:08:15,760 - FINISHED LOOP

INFO: 2026-03-01 08:08:15,761 - STARTING LOOP
INFO: 2026-03-01 08:08:15,761 - there's no mailmerge list. Skipping for now...
INFO: 2026-03-01 08:08:15,761 - FINISHED LOOP

INFO: 2026-03-01 10:36:33,002 - STARTING LOOP
INFO: 2026-03-01 10:36:33,002 - Getting blasts quota...
INFO: 2026-03-01 10:36:33,010 - DONE!
INFO: 2026-03-01 10:36:34,063 - Processing project 1993742 - hcr_usa_parents...
INFO: 2026-03-01 10:36:34,063 - Getting records for Mailmerge...
INFO: 2026-03-01 10:36:34,065 - Got 0 records!
INFO: 2026-03-01 10:36:34,131 - Processing project 1993741 - hcr_usa_teachers...
INFO: 2026-03-01 10:36:34,131 - Getting records for Mailmerge...
INFO: 2026-03-01 10:37:55,406 - Got 0 records!
INFO: 2026-03-01 10:37:55,446 - Processing project 1432181 - reputation_leaders_csuite...
INFO: 2026-03-01 10:37:55,446 - Getting records for Mailmerge...
INFO: 2026-03-01 10:37:59,557 - Got 0 records!
INFO: 2026-03-01 10:37:59,558 - FINISHED LOOP

INFO: 2026-03-01 10:37:59,558 - STARTING LOOP
INFO: 2026-03-01 10:37:59,559 - there's no mailmerge list. Skipping for now...
INFO: 2026-03-01 10:37:59,559 - FINISHED LOOP

INFO: 2026-03-01 15:00:14,203 - STARTING LOOP
INFO: 2026-03-01 15:00:14,203 - Getting blasts quota...
INFO: 2026-03-01 15:00:14,210 - DONE!
INFO: 2026-03-01 15:00:15,289 - Processing project 1993742 - hcr_usa_parents...
INFO: 2026-03-01 15:00:15,289 - Getting records for Mailmerge...
INFO: 2026-03-01 15:00:15,291 - Got 0 records!
INFO: 2026-03-01 15:00:15,355 - Processing project 1993741 - hcr_usa_teachers...
INFO: 2026-03-01 15:00:15,355 - Getting records for Mailmerge...
INFO: 2026-03-01 15:05:56,820 - Got 0 records!
INFO: 2026-03-01 15:05:56,859 - Processing project 1432181 - reputation_leaders_csuite...
INFO: 2026-03-01 15:05:56,860 - Getting records for Mailmerge...
INFO: 2026-03-01 15:06:01,759 - Got 0 records!
INFO: 2026-03-01 15:06:01,760 - FINISHED LOOP

INFO: 2026-03-01 15:06:01,761 - STARTING LOOP
INFO: 2026-03-01 15:06:01,762 - there's no mailmerge list. Skipping for now...
INFO: 2026-03-01 15:06:01,762 - FINISHED LOOP

INFO: 2026-03-01 17:00:05,074 - STARTING LOOP
INFO: 2026-03-01 17:00:05,075 - Getting blasts quota...
INFO: 2026-03-01 17:00:05,082 - DONE!
INFO: 2026-03-01 17:00:06,147 - Processing project 1993742 - hcr_usa_parents...
INFO: 2026-03-01 17:00:06,147 - Getting records for Mailmerge...
INFO: 2026-03-01 17:00:06,149 - Got 0 records!
INFO: 2026-03-01 17:00:06,213 - Processing project 1993741 - hcr_usa_teachers...
INFO: 2026-03-01 17:00:06,213 - Getting records for Mailmerge...
INFO: 2026-03-01 17:14:39,896 - Got 0 records!
INFO: 2026-03-01 17:14:39,938 - Processing project 1432181 - reputation_leaders_csuite...
INFO: 2026-03-01 17:14:39,938 - Getting records for Mailmerge...
INFO: 2026-03-01 17:14:44,414 - Got 0 records!
INFO: 2026-03-01 17:14:44,415 - FINISHED LOOP

INFO: 2026-03-01 17:14:44,416 - STARTING LOOP
INFO: 2026-03-01 17:14:44,416 - there's no mailmerge list. Skipping for now...
INFO: 2026-03-01 17:14:44,416 - FINISHED LOOP

INFO: 2026-03-01 18:30:05,380 - STARTING LOOP
INFO: 2026-03-01 18:30:05,381 - Getting blasts quota...
INFO: 2026-03-01 18:30:05,392 - DONE!
WARNING: 2026-03-01 18:30:05,392 - No projects to work on!
INFO: 2026-03-01 18:30:05,393 - FINISHED LOOP

INFO: 2026-03-01 18:30:05,393 - STARTING LOOP
INFO: 2026-03-01 18:30:05,393 - there's no mailmerge list. Skipping for now...
INFO: 2026-03-01 18:30:05,393 - FINISHED LOOP

INFO: 2026-03-01 19:34:10,495 - STARTING LOOP
INFO: 2026-03-01 19:34:10,495 - Getting blasts quota...
INFO: 2026-03-01 19:34:10,498 - DONE!
WARNING: 2026-03-01 19:34:10,498 - No projects to work on!
INFO: 2026-03-01 19:34:10,498 - FINISHED LOOP

INFO: 2026-03-01 19:34:10,498 - STARTING LOOP
INFO: 2026-03-01 19:34:10,498 - there's no mailmerge list. Skipping for now...
INFO: 2026-03-01 19:34:10,498 - FINISHED LOOP

INFO: 2026-03-02 06:38:42,086 - STARTING LOOP
INFO: 2026-03-02 06:38:42,087 - Getting blasts quota...
INFO: 2026-03-02 06:38:42,094 - DONE!
WARNING: 2026-03-02 06:38:42,094 - No projects to work on!
INFO: 2026-03-02 06:38:42,094 - FINISHED LOOP

INFO: 2026-03-02 06:38:42,094 - STARTING LOOP
INFO: 2026-03-02 06:38:42,095 - there's no mailmerge list. Skipping for now...
INFO: 2026-03-02 06:38:42,095 - FINISHED LOOP

INFO: 2026-03-02 07:05:31,478 - STARTING LOOP
INFO: 2026-03-02 07:05:31,479 - Getting blasts quota...
INFO: 2026-03-02 07:05:31,481 - DONE!
WARNING: 2026-03-02 07:05:31,481 - No projects to work on!
INFO: 2026-03-02 07:05:31,481 - FINISHED LOOP

INFO: 2026-03-02 07:05:31,481 - STARTING LOOP
INFO: 2026-03-02 07:05:31,481 - there's no mailmerge list. Skipping for now...
INFO: 2026-03-02 07:05:31,481 - FINISHED LOOP

INFO: 2026-03-02 07:35:58,438 - STARTING LOOP
INFO: 2026-03-02 07:35:58,438 - Getting blasts quota...
INFO: 2026-03-02 07:35:58,442 - DONE!
WARNING: 2026-03-02 07:35:58,443 - No projects to work on!
INFO: 2026-03-02 07:35:58,443 - FINISHED LOOP

INFO: 2026-03-02 07:35:58,443 - STARTING LOOP
INFO: 2026-03-02 07:35:58,443 - there's no mailmerge list. Skipping for now...
INFO: 2026-03-02 07:35:58,443 - FINISHED LOOP

INFO: 2026-03-02 09:34:29,390 - STARTING LOOP
INFO: 2026-03-02 09:34:29,390 - Getting blasts quota...
INFO: 2026-03-02 09:34:29,394 - DONE!
WARNING: 2026-03-02 09:34:29,394 - No projects to work on!
INFO: 2026-03-02 09:34:29,394 - FINISHED LOOP

INFO: 2026-03-02 09:34:29,394 - STARTING LOOP
INFO: 2026-03-02 09:34:29,395 - there's no mailmerge list. Skipping for now...
INFO: 2026-03-02 09:34:29,395 - FINISHED LOOP

INFO: 2026-03-02 10:00:11,920 - STARTING LOOP
INFO: 2026-03-02 10:00:11,922 - Getting blasts quota...
INFO: 2026-03-02 10:00:11,931 - DONE!
WARNING: 2026-03-02 10:00:11,931 - No projects to work on!
INFO: 2026-03-02 10:00:11,931 - FINISHED LOOP

INFO: 2026-03-02 10:00:11,931 - STARTING LOOP
INFO: 2026-03-02 10:00:11,931 - there's no mailmerge list. Skipping for now...
INFO: 2026-03-02 10:00:11,932 - FINISHED LOOP

INFO: 2026-03-02 10:30:10,248 - STARTING LOOP
INFO: 2026-03-02 10:30:10,249 - Getting blasts quota...
INFO: 2026-03-02 10:30:10,262 - DONE!
INFO: 2026-03-02 10:30:11,355 - Processing project 1993742 - hcr_usa_parents...
INFO: 2026-03-02 10:30:11,355 - Getting records for Mailmerge...
INFO: 2026-03-02 10:30:11,414 - Got 160 records!
INFO: 2026-03-02 10:30:11,478 - Processing project 1993973 - intralink_realtors_florida_melissa...
INFO: 2026-03-02 10:30:11,479 - Getting records for Mailmerge...
INFO: 2026-03-02 10:30:19,779 - Got 60 records!
INFO: 2026-03-02 10:30:19,883 - Processing project 1993974 - intralink_realtors_california...
INFO: 2026-03-02 10:30:19,883 - Getting records for Mailmerge...
INFO: 2026-03-02 10:30:27,387 - Got 89 records!
INFO: 2026-03-02 10:30:27,489 - Processing project 1994141 - luminare_health...
INFO: 2026-03-02 10:30:27,489 - Getting records for Mailmerge...
INFO: 2026-03-02 10:30:29,697 - Got 0 records!
INFO: 2026-03-02 10:30:29,760 - Processing project 1949181 - northwestel...
INFO: 2026-03-02 10:30:29,760 - Getting records for Mailmerge...
INFO: 2026-03-02 10:30:30,053 - Got 5 records!
INFO: 2026-03-02 10:30:30,076 - Processing project 1467231 - hsj_medical_sis_lists...
INFO: 2026-03-02 10:30:30,076 - Getting records for Mailmerge...
INFO: 2026-03-02 10:30:30,626 - Got 3 records!
INFO: 2026-03-02 10:30:32,819 - Processing project 1150716 - red_associates_cancer_canada_referrals...
INFO: 2026-03-02 10:30:32,820 - Getting records for Mailmerge...
INFO: 2026-03-02 10:31:08,759 - Got 38 records!
INFO: 2026-03-02 10:31:14,817 - Processing project 1150717 - red_associates_cancer_spain_referrals...
INFO: 2026-03-02 10:31:14,819 - Getting records for Mailmerge...
INFO: 2026-03-02 10:31:47,656 - Got 8 records!
Traceback (most recent call last):
  File "/Users/albertoruizcajiga/python/sis_international/smtp_worker.py", line 91, in <module>
    create_mm_list()
  File "/Users/albertoruizcajiga/python/sis_international/smtp_worker.py", line 47, in create_mm_list
    project_name = get_project_name_with_project_number(project_id)[0]
                   ~~~~~~~~~~~~~~~~~~~~~~~~~~~~~~~~~~~~~~~~~~~~~~~~^^^
TypeError: 'NoneType' object is not subscriptable
INFO: 2026-03-02 11:00:08,650 - STARTING LOOP
INFO: 2026-03-02 11:00:08,651 - Getting blasts quota...
INFO: 2026-03-02 11:00:08,657 - DONE!
INFO: 2026-03-02 11:00:09,588 - Processing project 1993742 - hcr_usa_parents...
INFO: 2026-03-02 11:00:09,589 - Getting records for Mailmerge...
INFO: 2026-03-02 11:03:25,271 - Got 19236 records!
INFO: 2026-03-02 11:03:25,771 - Processing project 1993973 - intralink_realtors_florida_melissa...
INFO: 2026-03-02 11:03:25,771 - Getting records for Mailmerge...
INFO: 2026-03-02 11:03:31,136 - Got 60 records!
INFO: 2026-03-02 11:03:31,189 - Processing project 1993974 - intralink_realtors_california...
INFO: 2026-03-02 11:03:31,189 - Getting records for Mailmerge...
INFO: 2026-03-02 11:03:38,826 - Got 89 records!
INFO: 2026-03-02 11:03:39,005 - Processing project 1994141 - luminare_health...
INFO: 2026-03-02 11:03:39,005 - Getting records for Mailmerge...
INFO: 2026-03-02 11:03:40,620 - Got 0 records!
INFO: 2026-03-02 11:03:40,687 - Processing project 1949181 - northwestel...
INFO: 2026-03-02 11:03:40,687 - Getting records for Mailmerge...
INFO: 2026-03-02 11:03:40,983 - Got 5 records!
INFO: 2026-03-02 11:03:41,010 - Processing project 1467231 - hsj_medical_sis_lists...
INFO: 2026-03-02 11:03:41,010 - Getting records for Mailmerge...
INFO: 2026-03-02 11:03:41,664 - Got 3 records!
INFO: 2026-03-02 11:03:43,644 - Processing project 1150716 - red_associates_cancer_canada_referrals...
INFO: 2026-03-02 11:03:43,644 - Getting records for Mailmerge...
INFO: 2026-03-02 11:04:11,463 - Got 38 records!
INFO: 2026-03-02 11:04:14,599 - Processing project 1150717 - red_associates_cancer_spain_referrals...
INFO: 2026-03-02 11:04:14,599 - Getting records for Mailmerge...
INFO: 2026-03-02 11:04:46,724 - Got 8 records!
INFO: 2026-03-02 11:04:46,801 - Processing project 1949751 - analog...
INFO: 2026-03-02 11:04:46,802 - Getting records for Mailmerge...
INFO: 2026-03-02 11:04:46,804 - Got 0 records!
INFO: 2026-03-02 11:04:46,804 - FINISHED LOOP

INFO: 2026-03-02 11:04:48,054 - STARTING LOOP
INFO: 2026-03-02 11:04:48,055 - Sending out mailerge list...

email sent to dawnb0419@gmail.com
1 sent emails in total

email sent to devonm2000@gmail.com
2 sent emails in total

email sent to ebayelena2020@gmail.com
3 sent emails in total

email sent to ellijonesmuh@gmail.com
4 sent emails in total

email sent to emilybletzer@gmail.com
5 sent emails in total

email sent to esssex0523@gmail.com
6 sent emails in total

email sent to febrisulisno321@gmail.com
7 sent emails in total

email sent to girakeira85@gmail.com
8 sent emails in total

email sent to godcindy@gmail.com
9 sent emails in total

email sent to grier.kristina@gmail.com
10 sent emails in total

email sent to hanshaw.john@gmail.com
11 sent emails in total

email sent to iliana.alvarez08@gmail.com
12 sent emails in total

email sent to illseartiaga@gmail.com
13 sent emails in total

email sent to ivymazzella@gmail.com
14 sent emails in total

email sent to jenniferwhyte44@gmail.com
15 sent emails in total

email sent to jerrydischer@gmail.com
16 sent emails in total

email sent to jlj792@gmail.com
17 sent emails in total

email sent to joannakraft11@gmail.com
18 sent emails in total

email sent to jodie.fairbank@gmail.com
19 sent emails in total

email sent to jollypriti@gmail.com
20 sent emails in total

email sent to jonathan.santana1215@gmail.com
21 sent emails in total

email sent to k.marietravels@gmail.com
22 sent emails in total

email sent to kerrysthurlow@gmail.com
23 sent emails in total

email sent to keyatuli1@gmail.com
24 sent emails in total

email sent to kkaneene@gmail.com
25 sent emails in total

email sent to kpalen@gmail.com
26 sent emails in total

email sent to lewisjamal769@gmail.com
27 sent emails in total

email sent to lindsee.baez@gmail.com
28 sent emails in total

email sent to lorrieann.lam@gmail.com
29 sent emails in total

email sent to lturturro22@gmail.com
30 sent emails in total

email sent to mabrahams1@gmail.com
31 sent emails in total

email sent to manalmamo999@gmail.com
32 sent emails in total

email sent to marjiesmith2015@gmail.com
33 sent emails in total

email sent to martinsmorrison074@gmail.com
34 sent emails in total

email sent to mattdameckd82@gmail.com
35 sent emails in total

email sent to mbishop999@gmail.com
36 sent emails in total

email sent to melissac427@gmail.com
37 sent emails in total

email sent to memiainmiami@gmail.com
38 sent emails in total

email sent to michaelwbrown9@gmail.com
39 sent emails in total

email sent to minkyah@gmail.com
40 sent emails in total

email sent to mjbonsall@gmail.com
41 sent emails in total

email sent to ms.judykim@gmail.com
42 sent emails in total

email sent to mywordsocal@gmail.com
43 sent emails in total

email sent to nattimothee@gmail.com
44 sent emails in total

email sent to ngwenyameroline379@gmail.com
45 sent emails in total

email sent to nicoletteg09@gmail.com
46 sent emails in total

email sent to olivericardo089@gmail.com
47 sent emails in total

email sent to omangayonannaleah@gmail.com
48 sent emails in total

email sent to ortegabrian683@gmail.com
49 sent emails in total

email sent to pchung0720@gmail.com
50 sent emails in total

email sent to pressipetrova1@gmail.com
51 sent emails in total

email sent to proudmomyz1@gmail.com
52 sent emails in total

email sent to rathin.vora@gmail.com
53 sent emails in total

email sent to robbinsgayle@gmail.com
54 sent emails in total

email sent to s.toomer87@gmail.com
55 sent emails in total

email sent to sandhiyasrinivasan89@gmail.com
56 sent emails in total

email sent to saurabhg@gmail.com
57 sent emails in total

email sent to shandra.schroth@gmail.com
58 sent emails in total

email sent to sharmenchaney@gmail.com
59 sent emails in total

email sent to snave669@gmail.com
60 sent emails in total

email sent to soniacallum@gmail.com
61 sent emails in total

email sent to sonyblockbuster@gmail.com
62 sent emails in total

email sent to sprawles@gmail.com
63 sent emails in total

email sent to teresadjedjro@gmail.com
64 sent emails in total

email sent to tsheafe@gmail.com
65 sent emails in total

email sent to vulindlelajwara261@gmail.com
66 sent emails in total

email sent to wiedemannpeter20@gmail.com
67 sent emails in total

email sent to wirianata.sylvia@gmail.com
68 sent emails in total

email sent to yagyrlr@gmail.com
69 sent emails in total

email sent to yesod1109@gmail.com
70 sent emails in total

email sent to yucaixian82@gmail.com
71 sent emails in total

email sent to abbasrezvi@gmail.com
72 sent emails in total

email sent to abbycasper62@gmail.com
73 sent emails in total

email sent to acuyolanda@gmail.com
74 sent emails in total

email sent to adalina.agosto@gmail.com
75 sent emails in total

email sent to adlinwork@gmail.com
76 sent emails in total

email sent to afia.griffith@gmail.com
77 sent emails in total

email sent to afrost1983@gmail.com
78 sent emails in total

email sent to agnall1@gmail.com
79 sent emails in total

email sent to ajanee.smith123@gmail.com
80 sent emails in total

email sent to akbudhani@gmail.com
81 sent emails in total

email sent to alanchan.718@gmail.com
82 sent emails in total

email sent to alecdhall@gmail.com
83 sent emails in total

email sent to alexanderegurman@gmail.com
84 sent emails in total

email sent to alisonjenkins75@gmail.com
85 sent emails in total

email sent to alon.noemi401@gmail.com
86 sent emails in total

email sent to altayes1988@gmail.com
87 sent emails in total

email sent to alvelez1215@gmail.com
88 sent emails in total

email sent to amandacollins1209@gmail.com
89 sent emails in total

email sent to amandaganemtore2005@gmail.com
90 sent emails in total

email sent to ambrosiaelder2@gmail.com
91 sent emails in total

email sent to amikaloff@gmail.com
92 sent emails in total

email sent to amnozi76@gmail.com
93 sent emails in total

email sent to anahiespinosa08@gmail.com
94 sent emails in total

email sent to anna.lokken121@gmail.com
95 sent emails in total

email sent to anthonylucente12@gmail.com
96 sent emails in total

email sent to anthonyzjohnson431@gmail.com
97 sent emails in total

email sent to antonf21@gmail.com
98 sent emails in total

email sent to antoniothesingingdancer444@gmail.com
99 sent emails in total

email sent to aprintt56@gmail.com
100 sent emails in total

email sent to apurvais@gmail.com
101 sent emails in total

email sent to areneebyrdsell@gmail.com
102 sent emails in total

email sent to asa.foreman@gmail.com
103 sent emails in total

email sent to ashangelak@gmail.com
104 sent emails in total

email sent to ashleynaomi0919@gmail.com
105 sent emails in total

email sent to asia.nicole1209@gmail.com
106 sent emails in total

email sent to asiaherrera0101@gmail.com
107 sent emails in total

email sent to audelleharvey@gmail.com
108 sent emails in total

email sent to bapalmerfun@gmail.com
109 sent emails in total

email sent to baryoholads@gmail.com
110 sent emails in total

email sent to bcorrente1227@gmail.com
111 sent emails in total

email sent to beckles.cfo@gmail.com
112 sent emails in total

email sent to belleoliviamichele@gmail.com
113 sent emails in total

email sent to benjaminalaufer@gmail.com
114 sent emails in total

email sent to bernadettecorcoran2@gmail.com
115 sent emails in total

email sent to betancourthjohanna@gmail.com
116 sent emails in total

email sent to bigbike2000@gmail.com
117 sent emails in total

email sent to birdynerd.23@gmail.com
118 sent emails in total

email sent to blasphemyislamkosher@gmail.com
119 sent emails in total

email sent to bluewaterpalms@gmail.com
120 sent emails in total

email sent to blythe17@gmail.com
121 sent emails in total

email sent to bmoronta24@gmail.com
122 sent emails in total

email sent to bobbyszwaja@gmail.com
123 sent emails in total

email sent to bonnie.cassorla@gmail.com
124 sent emails in total

email sent to brandiej.id@gmail.com
125 sent emails in total

email sent to briannanicolmoore@gmail.com
126 sent emails in total

email sent to byoung4760@gmail.com
127 sent emails in total

email sent to c.a.b.daly@gmail.com
128 sent emails in total

email sent to caitlynchimienti@gmail.com
129 sent emails in total

email sent to cameca.johnson@gmail.com
130 sent emails in total

email sent to carnellmya@gmail.com
131 sent emails in total

email sent to cartertysheen@gmail.com
132 sent emails in total

email sent to cbell.tp@gmail.com
133 sent emails in total

email sent to celinasu@gmail.com
134 sent emails in total

email sent to celuzza@gmail.com
135 sent emails in total

email sent to checkmarkitinc@gmail.com
136 sent emails in total

email sent to chelsea.beth12@gmail.com
137 sent emails in total

email sent to chickenunderwear@gmail.com
138 sent emails in total

email sent to chris.teteak@gmail.com
139 sent emails in total

email sent to christina.soriano@gmail.com
140 sent emails in total

email sent to christinedorto@gmail.com
141 sent emails in total

email sent to christopherdonald1015@gmail.com
142 sent emails in total

email sent to cindy181003@gmail.com
143 sent emails in total

email sent to clairenwaoma@gmail.com
144 sent emails in total

email sent to claudia7819@gmail.com
145 sent emails in total

email sent to clubteezy@gmail.com
146 sent emails in total

email sent to cocacola102419@gmail.com
147 sent emails in total

email sent to cordovagrace130@gmail.com
148 sent emails in total

email sent to courtneygail@gmail.com
149 sent emails in total

email sent to courtneynicoleanaya@gmail.com
150 sent emails in total

email sent to crystalmgandy@gmail.com
151 sent emails in total
Failed to send email to {'id': 1366129, 'First_name': 'christina', 'Email': 'cvserrano43@gmail.com', 'message': 'Parents of Teen Gamers: Paid Research Opportunity 150 Incentive \n\nHello christina,\n\nSIS Research is conducting nationwide remote research sessions, in addition to in-person focus groups in New York and Los Angeles, to learn more about your perspectives and experiences.\n\nThe study also includes a fun and creative digital diary activity (required for all participants).\n\nThose who qualify and complete the study will receive $150 as a thank you for their time and participation.\n\nTo be considered, please complete the pre-screening survey below.\n\nImportant \nThose under 18 may complete the pre-screening survey questions on their own, but in the presence of a parent or legal guardian.\n\nChildren and teens under 18 may participate in the research sessions and activities; however, parental consent will be required.\n\nIf selected, additional study details and consent/assent forms will be provided prior to participation.\n\nPre-Screening Link to Be Considered for This Survey:\n\nhttps://corexmsyv9tx6st6wvft.sjc1.qualtrics.com/jfe/form/SV_3KvpY1X3l1NntWu\n\nThis email is not confirmation that you are formally accepted for the study. We reserve the right to validate all information.\nThe incentive processing time is approximately 4 to 6 weeks.\n\nKind regards,\nInsights Team 199374\n\nSIS International Research\n11 E 22nd Street NY, NY 10010\n\nYou are receiving this email because we have identified you as a potential candidate for participation in voluntary, paid market research based on your publicly available professional contact information.\n\nIn accordance with Article 6(1)(f) of the GDPR, we process limited personal data on the basis of our legitimate interest in conducting market research.\n\nIf you prefer not to be contacted again or wish to exercise your data rights (access, correction, deletion, objection), please reply “NO” to this email. \n\nTo learn more about how we process your data, please refer to our Privacy Policy on our website.', 'project_id': 1993742}. Adding it to the list of failed emails.
Traceback (most recent call last):
  File "/Users/albertoruizcajiga/python/sis_international/modules/smtp_bot/smtp_bot.py", line 128, in send_emails_smtp
    self.mailserver.sendmail(msg['From'], msg['To'], msg.as_string())
  File "/Library/Frameworks/Python.framework/Versions/3.11/lib/python3.11/smtplib.py", line 897, in sendmail
    raise SMTPRecipientsRefused(senderrs)
smtplib.SMTPRecipientsRefused: {'cvserrano43@gmail.com': (421, b'4.4.1 Connection timed out. Total session duration: 00:10:00.7425145')}

During handling of the above exception, another exception occurred:

Traceback (most recent call last):
  File "/Users/albertoruizcajiga/python/sis_international/smtp_worker.py", line 92, in <module>
    send_out_mm_list()
  File "/Users/albertoruizcajiga/python/sis_international/smtp_worker.py", line 82, in send_out_mm_list
    handler.send_emails_smtp(email_id)
  File "/Users/albertoruizcajiga/python/sis_international/modules/smtp_bot/smtp_bot.py", line 138, in send_emails_smtp
    update_log(new_df)
    ^^^^^^^^^^
NameError: name 'update_log' is not defined
INFO: 2026-03-02 11:30:38,683 - STARTING LOOP
INFO: 2026-03-02 11:30:38,711 - Getting blasts quota...
INFO: 2026-03-02 11:30:39,141 - DONE!
INFO: 2026-03-02 11:32:04,260 - Processing project 1993742 - hcr_usa_parents...
INFO: 2026-03-02 11:32:04,556 - Getting records for Mailmerge...
INFO: 2026-03-02 11:34:51,293 - Got 19085 records!
INFO: 2026-03-02 11:34:51,351 - Processing project 1993973 - intralink_realtors_florida_melissa...
INFO: 2026-03-02 11:34:51,351 - Getting records for Mailmerge...
INFO: 2026-03-02 11:34:56,020 - Got 60 records!
INFO: 2026-03-02 11:34:56,156 - Processing project 1993974 - intralink_realtors_california...
INFO: 2026-03-02 11:34:56,156 - Getting records for Mailmerge...
INFO: 2026-03-02 11:35:02,337 - Got 89 records!
INFO: 2026-03-02 11:35:02,490 - Processing project 1994141 - luminare_health...
INFO: 2026-03-02 11:35:02,490 - Getting records for Mailmerge...
INFO: 2026-03-02 11:35:04,146 - Got 0 records!
INFO: 2026-03-02 11:35:04,206 - Processing project 1949181 - northwestel...
INFO: 2026-03-02 11:35:04,206 - Getting records for Mailmerge...
INFO: 2026-03-02 11:35:04,526 - Got 5 records!
INFO: 2026-03-02 11:35:04,549 - Processing project 1467231 - hsj_medical_sis_lists...
INFO: 2026-03-02 11:35:04,549 - Getting records for Mailmerge...
INFO: 2026-03-02 11:35:05,133 - Got 3 records!
INFO: 2026-03-02 11:35:07,681 - Processing project 1150716 - red_associates_cancer_canada_referrals...
INFO: 2026-03-02 11:35:07,681 - Getting records for Mailmerge...
INFO: 2026-03-02 11:35:41,069 - Got 38 records!
INFO: 2026-03-02 11:35:43,524 - Processing project 1150717 - red_associates_cancer_spain_referrals...
INFO: 2026-03-02 11:35:43,524 - Getting records for Mailmerge...
INFO: 2026-03-02 11:36:16,605 - Got 8 records!
INFO: 2026-03-02 11:36:16,652 - Processing project 1949751 - analog...
INFO: 2026-03-02 11:36:16,653 - Getting records for Mailmerge...
INFO: 2026-03-02 11:36:16,685 - Got 0 records!
INFO: 2026-03-02 11:36:16,685 - FINISHED LOOP

INFO: 2026-03-02 11:36:17,944 - STARTING LOOP
INFO: 2026-03-02 11:36:17,946 - Sending out mailerge list...
INFO: 2026-03-02 11:44:54,421 - DONE!
INFO: 2026-03-02 11:44:54,433 - FINISHED LOOP


email sent to cvserrano43@gmail.com
1 sent emails in total

email sent to cybel0731@gmail.com
2 sent emails in total

email sent to cynthiahammond1@gmail.com
3 sent emails in total

email sent to cynthiamindsetblog@gmail.com
4 sent emails in total

email sent to daleavalcarcel@gmail.com
5 sent emails in total

email sent to daniellelahmani@gmail.com
6 sent emails in total

email sent to danielsrekia4@gmail.com
7 sent emails in total

email sent to dannynunez39@gmail.com
8 sent emails in total

email sent to dantecoleman3295@gmail.com
9 sent emails in total

email sent to davidsantiago.2216@gmail.com
10 sent emails in total

email sent to dchernina@gmail.com
11 sent emails in total

email sent to deanac618@gmail.com
12 sent emails in total

email sent to deidrianehewitt18@gmail.com
13 sent emails in total

email sent to delenel922@gmail.com
14 sent emails in total

email sent to denverfranklyn@gmail.com
15 sent emails in total

email sent to destinym0114@gmail.com
16 sent emails in total

email sent to devonberkshire@gmail.com
17 sent emails in total

email sent to dfrick6516@gmail.com
18 sent emails in total

email sent to dimps98210@gmail.com
19 sent emails in total

email sent to dinisyarah31@gmail.com
20 sent emails in total

email sent to dmurf426@gmail.com
21 sent emails in total

email sent to dobycammie@gmail.com
22 sent emails in total

email sent to doctorkatfry@gmail.com
23 sent emails in total

email sent to dolphsky25@gmail.com
24 sent emails in total

email sent to donnyyw@gmail.com
25 sent emails in total

email sent to donreillyjdbk@gmail.com
26 sent emails in total

email sent to dpwh310@gmail.com
27 sent emails in total

email sent to dr.t.rashid.83@gmail.com
28 sent emails in total

email sent to dream4everwest@gmail.com
29 sent emails in total

email sent to eddeshacollins@gmail.com
30 sent emails in total

email sent to eddielee983@gmail.com
31 sent emails in total

email sent to edmarjoe7070@gmail.com
32 sent emails in total

email sent to eileencopp@gmail.com
33 sent emails in total

email sent to ejkeij@gmail.com
34 sent emails in total

email sent to ejproulx61@gmail.com
35 sent emails in total

email sent to eldub727@gmail.com
36 sent emails in total

email sent to eliamc1130@gmail.com
37 sent emails in total

email sent to elizabethrosenthal@gmail.com
38 sent emails in total

email sent to ellaleitner@gmail.com
39 sent emails in total

email sent to elledkramer@gmail.com
40 sent emails in total

email sent to elmowens03@gmail.com
41 sent emails in total

email sent to emanburner23@gmail.com
42 sent emails in total

email sent to emanuel.natera@gmail.com
43 sent emails in total

email sent to emsobotko@gmail.com
44 sent emails in total

email sent to erickapenga@gmail.com
45 sent emails in total

email sent to esoniap23@gmail.com
46 sent emails in total

email sent to esthellawalker@gmail.com
47 sent emails in total

email sent to ethanmommymichelle@gmail.com
48 sent emails in total

email sent to evanrigterink@gmail.com
49 sent emails in total

email sent to evelynrivera1993@gmail.com
50 sent emails in total

email sent to ezramar@gmail.com
51 sent emails in total

email sent to fbe00009@gmail.com
52 sent emails in total

email sent to feldmaneugene@gmail.com
53 sent emails in total

email sent to fenichel@gmail.com
54 sent emails in total

email sent to fepaface@gmail.com
55 sent emails in total

email sent to ferry.armindoorn@gmail.com
56 sent emails in total

email sent to fluffycloud2006@gmail.com
57 sent emails in total

email sent to frankjoey528371@gmail.com
58 sent emails in total

email sent to franklinkurt38@gmail.com
59 sent emails in total

email sent to frasertheodora@gmail.com
60 sent emails in total

email sent to fredkessler223@gmail.com
61 sent emails in total

email sent to fredreznikov@gmail.com
62 sent emails in total

email sent to freedomatthemat@gmail.com
63 sent emails in total

email sent to fvinharj@gmail.com
64 sent emails in total

email sent to gabrornelas@gmail.com
65 sent emails in total

email sent to gadgets079@gmail.com
66 sent emails in total

email sent to gailbrown96@gmail.com
67 sent emails in total

email sent to gdescardes.inzl@gmail.com
68 sent emails in total

email sent to gdmcdonald80@gmail.com
69 sent emails in total

email sent to geminicandy888@gmail.com
70 sent emails in total

email sent to genesisarayafg@gmail.com
71 sent emails in total

email sent to georgecheng001@gmail.com
72 sent emails in total

email sent to giovannicarparelli94@gmail.com
73 sent emails in total

email sent to gkw2101@gmail.com
74 sent emails in total

email sent to glhung@gmail.com
75 sent emails in total

email sent to glorialoyal62@gmail.com
76 sent emails in total

email sent to goldimples@gmail.com
77 sent emails in total

email sent to gomeshomesnyc@gmail.com
78 sent emails in total

email sent to graysonpaul@gmail.com
79 sent emails in total

email sent to greeneyesvic136@gmail.com
80 sent emails in total

email sent to greggedenk@gmail.com
81 sent emails in total

email sent to gywhite27@gmail.com
82 sent emails in total

email sent to hazeleyedgirl44@gmail.com
83 sent emails in total

email sent to heather.hadry@gmail.com
84 sent emails in total

email sent to heejeongy0310@gmail.com
85 sent emails in total

email sent to heidivanderlee@gmail.com
86 sent emails in total

email sent to hirydiawara@gmail.com
87 sent emails in total

email sent to hollytrinity29@gmail.com
88 sent emails in total

email sent to howiema@gmail.com
89 sent emails in total
failed emails saved

email sent to hponari9@gmail.com
90 sent emails in total
failed emails saved

email sent to htdelany2@gmail.com
91 sent emails in total
failed emails saved

email sent to hudsonjessie28@gmail.com
92 sent emails in total
failed emails saved

email sent to iamadrianafarias@gmail.com
93 sent emails in total
failed emails saved

email sent to ibnyc4@gmail.com
94 sent emails in total
failed emails saved

email sent to igon0916@gmail.com
95 sent emails in total
failed emails saved

email sent to immortannoah@gmail.com
96 sent emails in total
failed emails saved

email sent to indy79@gmail.com
97 sent emails in total
failed emails saved

email sent to inijah.quadri@gmail.com
98 sent emails in total
failed emails saved

email sent to ipiriye1@gmail.com
99 sent emails in total
failed emails saved

email sent to ivy.pic22@gmail.com
100 sent emails in total
INFO: 2026-03-02 12:00:07,587 - STARTING LOOP
INFO: 2026-03-02 12:00:07,587 - Getting blasts quota...
INFO: 2026-03-02 12:00:07,589 - DONE!
INFO: 2026-03-02 12:00:08,573 - Processing project 1993742 - hcr_usa_parents...
INFO: 2026-03-02 12:00:08,573 - Getting records for Mailmerge...
INFO: 2026-03-02 12:00:08,574 - Got 0 records!
INFO: 2026-03-02 12:00:08,627 - Processing project 1993973 - intralink_realtors_florida_melissa...
INFO: 2026-03-02 12:00:08,627 - Getting records for Mailmerge...
INFO: 2026-03-02 12:00:13,406 - Got 60 records!
INFO: 2026-03-02 12:00:13,460 - Processing project 1993974 - intralink_realtors_california...
INFO: 2026-03-02 12:00:13,460 - Getting records for Mailmerge...
INFO: 2026-03-02 12:00:20,098 - Got 89 records!
INFO: 2026-03-02 12:00:20,201 - Processing project 1994141 - luminare_health...
INFO: 2026-03-02 12:00:20,202 - Getting records for Mailmerge...
INFO: 2026-03-02 12:00:22,536 - Got 0 records!
INFO: 2026-03-02 12:00:22,619 - Processing project 1949181 - northwestel...
INFO: 2026-03-02 12:00:22,619 - Getting records for Mailmerge...
INFO: 2026-03-02 12:00:23,046 - Got 5 records!
INFO: 2026-03-02 12:00:23,087 - Processing project 1467231 - hsj_medical_sis_lists...
INFO: 2026-03-02 12:00:23,087 - Getting records for Mailmerge...
INFO: 2026-03-02 12:00:23,088 - Got 0 records!
INFO: 2026-03-02 12:00:26,123 - Processing project 1150716 - red_associates_cancer_canada_referrals...
INFO: 2026-03-02 12:00:26,124 - Getting records for Mailmerge...
INFO: 2026-03-02 12:00:26,129 - Got 0 records!
INFO: 2026-03-02 12:00:29,493 - Processing project 1150717 - red_associates_cancer_spain_referrals...
INFO: 2026-03-02 12:00:29,494 - Getting records for Mailmerge...
INFO: 2026-03-02 12:00:29,496 - Got 0 records!
INFO: 2026-03-02 12:00:29,512 - Processing project 1949751 - analog...
INFO: 2026-03-02 12:00:29,512 - Getting records for Mailmerge...
INFO: 2026-03-02 12:00:29,512 - Got 0 records!
INFO: 2026-03-02 12:00:29,513 - FINISHED LOOP

INFO: 2026-03-02 12:00:29,522 - STARTING LOOP
INFO: 2026-03-02 12:00:29,522 - Sending out mailerge list...
INFO: 2026-03-02 12:07:08,945 - DONE!
INFO: 2026-03-02 12:07:08,953 - FINISHED LOOP


email sent to amkealey5@gmail.com
1 sent emails in total

email sent to krbarrilleaux@gmail.com
2 sent emails in total

email sent to jfehring258@gmail.com
3 sent emails in total

email sent to carolverly@gmail.com
4 sent emails in total

email sent to araxsr@gmail.com
5 sent emails in total

email sent to mikegraysrq@gmail.com
6 sent emails in total

email sent to realtorsandragonzalez@gmail.com
7 sent emails in total

email sent to listings360@gmail.com
8 sent emails in total

email sent to krissycamachore@gmail.com
9 sent emails in total

email sent to anna.lunicheva@gmail.com
10 sent emails in total

email sent to casasfacil@gmail.com
11 sent emails in total

email sent to joshfloridahomes@gmail.com
12 sent emails in total

email sent to dwbelizaire@gmail.com
13 sent emails in total

email sent to juliadasilvare@gmail.com
14 sent emails in total

email sent to janicechaichang@gmail.com
15 sent emails in total

email sent to eloisfullerllc@gmail.com
16 sent emails in total

email sent to maygancjohnson@gmail.com
17 sent emails in total

email sent to nlmkstyle@gmail.com
18 sent emails in total

email sent to melinagbradley@gmail.com
19 sent emails in total

email sent to realestatecaitsaratoga@gmail.com
20 sent emails in total

email sent to kellym.irving@gmail.com
21 sent emails in total

email sent to sin.roy@gmail.com
22 sent emails in total

email sent to homesforsalenj@gmail.com
23 sent emails in total

email sent to micaela.stanaland@gmail.com
24 sent emails in total

email sent to nyesposito@gmail.com
25 sent emails in total

email sent to riddhip05@gmail.com
26 sent emails in total

email sent to melissa.k.morey@gmail.com
27 sent emails in total

email sent to larae.mudd@gmail.com
28 sent emails in total

email sent to smshipp83@gmail.com
29 sent emails in total

email sent to brittsbrainiacstutoring@gmail.com
30 sent emails in total

email sent to shenequaspence@gmail.com
31 sent emails in total

email sent to indimart.flrealtor@gmail.com
32 sent emails in total

email sent to esteesoto@gmail.com
33 sent emails in total

email sent to jqsellshomes@gmail.com
34 sent emails in total

email sent to ytyukayenko@gmail.com
35 sent emails in total

email sent to soldbypedro@gmail.com
36 sent emails in total

email sent to szalobryt1@gmail.com
37 sent emails in total

email sent to ucarla555@gmail.com
38 sent emails in total

email sent to bentleysmirnoff@gmail.com
39 sent emails in total

email sent to marjiedotcom@gmail.com
40 sent emails in total

email sent to yeraldineor@gmail.com
41 sent emails in total

email sent to svgreen761@gmail.com
42 sent emails in total

email sent to franktagariello6899@gmail.com
43 sent emails in total

email sent to poxfordrealtor@gmail.com
44 sent emails in total

email sent to computerandcarguy@gmail.com
45 sent emails in total

email sent to sheldgl@gmail.com
46 sent emails in total

email sent to lucieneyourealtor@gmail.com
47 sent emails in total

email sent to lysandra.wu@gmail.com
48 sent emails in total

email sent to annmoffettryan@gmail.com
49 sent emails in total

email sent to bryanknows305@gmail.com
50 sent emails in total

email sent to rich.minichino@gmail.com
51 sent emails in total

email sent to rickifrydman@gmail.com
52 sent emails in total

email sent to roseventurafl@gmail.com
53 sent emails in total

email sent to caroline.arndt@gmail.com
54 sent emails in total

email sent to kellyjogordon17@gmail.com
55 sent emails in total

email sent to gothamcityedition@gmail.com
56 sent emails in total

email sent to viewpointrealtyinternational@gmail.com
57 sent emails in total

email sent to dndappraisalservices@gmail.com
58 sent emails in total

email sent to yamile.espinosa@gmail.com
59 sent emails in total

email sent to lexanrealestate@gmail.com
60 sent emails in total

email sent to andrew.yermian@gmail.com
61 sent emails in total

email sent to clairembarthelemy@gmail.com
62 sent emails in total

email sent to caronjjj@gmail.com
63 sent emails in total

email sent to cynthiacrockettca@gmail.com
64 sent emails in total

email sent to caymanadams95@gmail.com
65 sent emails in total

email sent to brendagruen@gmail.com
66 sent emails in total

email sent to adityapshah@gmail.com
67 sent emails in total

email sent to sarinapreston@gmail.com
68 sent emails in total

email sent to glessymagaling@gmail.com
69 sent emails in total

email sent to larrybankslbta@gmail.com
70 sent emails in total

email sent to slsirelson@gmail.com
71 sent emails in total

email sent to houstonnotfromtexas@gmail.com
72 sent emails in total

email sent to haithedward@gmail.com
73 sent emails in total

email sent to shafab24@gmail.com
74 sent emails in total

email sent to mjhazan@gmail.com
75 sent emails in total

email sent to rileymorgan725@gmail.com
76 sent emails in total

email sent to mellenbogen1@gmail.com
77 sent emails in total

email sent to paralegalhannah@gmail.com
78 sent emails in total

email sent to mariaelenachristina@gmail.com
79 sent emails in total

email sent to lacyregisterrealty@gmail.com
80 sent emails in total

email sent to joeberryrealestate@gmail.com
81 sent emails in total

email sent to edward.halterman@gmail.com
82 sent emails in total

email sent to leylashields11@gmail.com
83 sent emails in total

email sent to mssincere1983@gmail.com
84 sent emails in total

email sent to j95390@gmail.com
85 sent emails in total

email sent to lovelivesurf1@gmail.com
86 sent emails in total

email sent to mrs.lemberg@gmail.com
87 sent emails in total

email sent to shoppingfrenzy911@gmail.com
88 sent emails in total

email sent to pragatishukla27@gmail.com
89 sent emails in total

email sent to adorepfunk@gmail.com
90 sent emails in total

email sent to dotmfr@gmail.com
91 sent emails in total

email sent to lebrosnan@gmail.com
92 sent emails in total

email sent to alys.altamirano@gmail.com
93 sent emails in total

email sent to kylemackulak@gmail.com
94 sent emails in total

email sent to edhaith@gmail.com
95 sent emails in total

email sent to nesterology@gmail.com
96 sent emails in total

email sent to maliklimar@gmail.com
97 sent emails in total

email sent to elonanoellevalli@gmail.com
98 sent emails in total

email sent to xgaray@gmail.com
99 sent emails in total

email sent to darrenmalet@gmail.com
100 sent emails in total
INFO: 2026-03-02 12:30:10,976 - STARTING LOOP
INFO: 2026-03-02 12:30:10,982 - Getting blasts quota...
INFO: 2026-03-02 12:30:11,014 - DONE!
INFO: 2026-03-02 12:30:12,676 - Processing project 1993742 - hcr_usa_parents...
INFO: 2026-03-02 12:30:12,679 - Getting records for Mailmerge...
INFO: 2026-03-02 12:30:12,680 - Got 0 records!
INFO: 2026-03-02 12:30:12,745 - Processing project 1993973 - intralink_realtors_florida_melissa...
INFO: 2026-03-02 12:30:12,746 - Getting records for Mailmerge...
INFO: 2026-03-02 12:30:18,165 - Got 0 records!
INFO: 2026-03-02 12:30:18,254 - Processing project 1993974 - intralink_realtors_california...
INFO: 2026-03-02 12:30:18,254 - Getting records for Mailmerge...
INFO: 2026-03-02 12:30:31,692 - Got 49 records!
INFO: 2026-03-02 12:30:32,026 - Processing project 1994141 - luminare_health...
INFO: 2026-03-02 12:30:32,027 - Getting records for Mailmerge...
INFO: 2026-03-02 12:30:34,404 - Got 0 records!
INFO: 2026-03-02 12:30:34,497 - Processing project 1949181 - northwestel...
INFO: 2026-03-02 12:30:34,498 - Getting records for Mailmerge...
INFO: 2026-03-02 12:30:34,845 - Got 5 records!
INFO: 2026-03-02 12:30:34,928 - Processing project 1467231 - hsj_medical_sis_lists...
INFO: 2026-03-02 12:30:34,929 - Getting records for Mailmerge...
INFO: 2026-03-02 12:30:34,930 - Got 0 records!
INFO: 2026-03-02 12:30:38,155 - Processing project 1150716 - red_associates_cancer_canada_referrals...
INFO: 2026-03-02 12:30:38,156 - Getting records for Mailmerge...
INFO: 2026-03-02 12:30:38,158 - Got 0 records!
INFO: 2026-03-02 12:30:41,170 - Processing project 1150717 - red_associates_cancer_spain_referrals...
INFO: 2026-03-02 12:30:41,170 - Getting records for Mailmerge...
INFO: 2026-03-02 12:30:41,171 - Got 0 records!
INFO: 2026-03-02 12:30:41,195 - Processing project 1949751 - analog...
INFO: 2026-03-02 12:30:41,195 - Getting records for Mailmerge...
INFO: 2026-03-02 12:30:41,197 - Got 0 records!
INFO: 2026-03-02 12:30:41,197 - FINISHED LOOP

INFO: 2026-03-02 12:30:41,208 - STARTING LOOP
INFO: 2026-03-02 12:30:41,210 - Sending out mailerge list...
INFO: 2026-03-02 12:34:02,129 - DONE!
INFO: 2026-03-02 12:34:02,131 - FINISHED LOOP


email sent to happybecca1972@gmail.com
1 sent emails in total

email sent to martid92@gmail.com
2 sent emails in total

email sent to bruceynguyen@gmail.com
3 sent emails in total

email sent to marilynhirsty1@gmail.com
4 sent emails in total

email sent to genevaw8539@gmail.com
5 sent emails in total

email sent to tinamayrios@gmail.com
6 sent emails in total

email sent to ginataylor.wsr@gmail.com
7 sent emails in total

email sent to tina.oleff@gmail.com
8 sent emails in total

email sent to m.reyes1025@gmail.com
9 sent emails in total

email sent to audreymyoung@gmail.com
10 sent emails in total

email sent to cherisorianorealty@gmail.com
11 sent emails in total

email sent to destiny.p.baker@gmail.com
12 sent emails in total

email sent to gregolivas27@gmail.com
13 sent emails in total

email sent to pzpei1@gmail.com
14 sent emails in total

email sent to faithnikky7@gmail.com
15 sent emails in total

email sent to soldbysharonv@gmail.com
16 sent emails in total

email sent to bellashilman@gmail.com
17 sent emails in total

email sent to lisette415@gmail.com
18 sent emails in total

email sent to alicia777.bp@gmail.com
19 sent emails in total

email sent to michael.s.perkins@gmail.com
20 sent emails in total

email sent to simkinsart@gmail.com
21 sent emails in total

email sent to jessicahubbard1224@gmail.com
22 sent emails in total

email sent to beingsarahevans@gmail.com
23 sent emails in total

email sent to malliemssri@gmail.com
24 sent emails in total

email sent to maribelherrera4444@gmail.com
25 sent emails in total

email sent to shinyaasano@gmail.com
26 sent emails in total

email sent to okanerdogan01@gmail.com
27 sent emails in total

email sent to pbsurfer15@gmail.com
28 sent emails in total

email sent to pamelabrown4re@gmail.com
29 sent emails in total

email sent to seanayates321@gmail.com
30 sent emails in total

email sent to haibicheung@gmail.com
31 sent emails in total

email sent to lorenacolunga@gmail.com
32 sent emails in total

email sent to landofgoldrealty@gmail.com
33 sent emails in total

email sent to jeturpitconsulting@gmail.com
34 sent emails in total

email sent to hilarychap.remax@gmail.com
35 sent emails in total

email sent to jennaldorian@gmail.com
36 sent emails in total

email sent to jacobvance530@gmail.com
37 sent emails in total

email sent to mcleavyrealty@gmail.com
38 sent emails in total

email sent to renaddaw@gmail.com
39 sent emails in total

email sent to edknighton@gmail.com
40 sent emails in total

email sent to traciecwong@gmail.com
41 sent emails in total

email sent to mattpiloncommercials@gmail.com
42 sent emails in total

email sent to marissahuckaby1@gmail.com
43 sent emails in total

email sent to dani.avineri@gmail.com
44 sent emails in total

email sent to ricardobhhs@gmail.com
45 sent emails in total

email sent to esquedasbrenda@gmail.com
46 sent emails in total

email sent to crystal.jenkins.13@gmail.com
47 sent emails in total

email sent to anumfkhan9@gmail.com
48 sent emails in total

email sent to suzettejames305@gmail.com
49 sent emails in total

email sent to cody.s.klingman@gmail.com
50 sent emails in total

email sent to adler.m.andrew@gmail.com
51 sent emails in total

email sent to allison.e.whitaker@gmail.com
52 sent emails in total

email sent to austincline.ak@gmail.com
53 sent emails in total

email sent to nickbryan85@gmail.com
54 sent emails in total
INFO: 2026-03-02 13:00:11,579 - STARTING LOOP
INFO: 2026-03-02 13:00:11,580 - Getting blasts quota...
INFO: 2026-03-02 13:00:11,588 - DONE!
INFO: 2026-03-02 13:00:13,029 - Processing project 1993742 - hcr_usa_parents...
INFO: 2026-03-02 13:00:13,030 - Getting records for Mailmerge...
INFO: 2026-03-02 13:00:13,095 - Got 160 records!
INFO: 2026-03-02 13:00:13,162 - Processing project 1993973 - intralink_realtors_florida_melissa...
INFO: 2026-03-02 13:00:13,163 - Getting records for Mailmerge...
INFO: 2026-03-02 13:00:19,005 - Got 0 records!
INFO: 2026-03-02 13:00:19,146 - Processing project 1993974 - intralink_realtors_california...
INFO: 2026-03-02 13:00:19,146 - Getting records for Mailmerge...
INFO: 2026-03-02 13:00:27,106 - Got 0 records!
INFO: 2026-03-02 13:00:27,223 - Processing project 1994141 - luminare_health...
INFO: 2026-03-02 13:00:27,223 - Getting records for Mailmerge...
INFO: 2026-03-02 13:00:29,117 - Got 0 records!
INFO: 2026-03-02 13:00:29,182 - Processing project 1949181 - northwestel...
INFO: 2026-03-02 13:00:29,182 - Getting records for Mailmerge...
INFO: 2026-03-02 13:00:29,512 - Got 0 records!
Traceback (most recent call last):
  File "/Users/albertoruizcajiga/python/sis_international/smtp_worker.py", line 93, in <module>
    create_mm_list()
  File "/Users/albertoruizcajiga/python/sis_international/smtp_worker.py", line 46, in create_mm_list
    limit = int(data[0][0])
                ~~~~^^^
IndexError: list index out of range
INFO: 2026-03-02 13:29:20,942 - STARTING LOOP
INFO: 2026-03-02 13:29:20,942 - Getting blasts quota...
INFO: 2026-03-02 13:29:20,948 - DONE!
INFO: 2026-03-02 13:30:18,991 - STARTING LOOP
INFO: 2026-03-02 13:30:18,992 - Getting blasts quota...
INFO: 2026-03-02 13:30:18,997 - DONE!
INFO: 2026-03-02 13:30:19,600 - Processing project 1993742 - hcr_usa_parents...
INFO: 2026-03-02 13:30:19,600 - Getting records for Mailmerge...
INFO: 2026-03-02 13:30:19,602 - Got 0 records!
INFO: 2026-03-02 13:30:19,647 - Processing project 1993973 - intralink_realtors_florida_melissa...
INFO: 2026-03-02 13:30:19,647 - Getting records for Mailmerge...

INFO: 2026-03-02 16:57:45,363 - STARTING LOOP
INFO: 2026-03-02 16:57:45,363 - Getting blasts quota...
INFO: 2026-03-02 16:57:45,364 - DONE!
INFO: 2026-03-02 16:57:57,665 - STARTING LOOP
INFO: 2026-03-02 16:57:57,665 - Getting blasts quota...
INFO: 2026-03-02 16:57:57,666 - DONE!
INFO: 2026-03-02 16:59:17,690 - STARTING LOOP
INFO: 2026-03-02 16:59:17,690 - Getting blasts quota...
INFO: 2026-03-02 16:59:17,691 - DONE!
INFO: 2026-03-02 16:59:43,053 - STARTING LOOP
INFO: 2026-03-02 16:59:43,054 - Getting blasts quota...
INFO: 2026-03-02 16:59:43,057 - DONE!
INFO: 2026-03-02 17:09:10,795 - STARTING LOOP
INFO: 2026-03-02 17:09:10,795 - Getting blasts quota...
INFO: 2026-03-02 17:09:10,801 - DONE!
INFO: 2026-03-02 17:09:44,287 - STARTING LOOP
INFO: 2026-03-02 17:09:44,287 - Getting blasts quota...
INFO: 2026-03-02 17:09:44,288 - DONE!
INFO: 2026-03-02 17:09:44,872 - Processing project 1993742 - hcr_usa_parents...
INFO: 2026-03-02 17:09:44,872 - Getting records for Mailmerge...
INFO: 2026-03-02 17:09:48,603 - Got 160 records!
INFO: 2026-03-02 17:09:48,648 - Processing project 1993973 - intralink_realtors_florida_melissa...
INFO: 2026-03-02 17:09:48,648 - Getting records for Mailmerge...
INFO: 2026-03-02 17:09:52,226 - Got 0 records!
INFO: 2026-03-02 17:09:52,253 - Processing project 1993974 - intralink_realtors_california...
INFO: 2026-03-02 17:09:52,253 - Getting records for Mailmerge...
INFO: 2026-03-02 17:09:56,865 - Got 0 records!
INFO: 2026-03-02 17:09:56,918 - Processing project 1994141 - luminare_health...
INFO: 2026-03-02 17:09:56,918 - Getting records for Mailmerge...
INFO: 2026-03-02 17:09:58,053 - Got 0 records!
INFO: 2026-03-02 17:09:58,092 - Processing project 1949181 - northwestel...
INFO: 2026-03-02 17:09:58,092 - Getting records for Mailmerge...
INFO: 2026-03-02 17:09:58,317 - Got 0 records!
INFO: 2026-03-02 17:09:58,326 - Processing project 1467231 - hsj_medical_sis_lists...
INFO: 2026-03-02 17:09:58,326 - Getting records for Mailmerge...
INFO: 2026-03-02 17:09:58,457 - Got 3 records!
INFO: 2026-03-02 17:09:59,862 - Processing project 1150716 - red_associates_cancer_canada_referrals...
INFO: 2026-03-02 17:09:59,862 - Getting records for Mailmerge...
INFO: 2026-03-02 17:10:17,032 - Got 38 records!
INFO: 2026-03-02 17:10:18,785 - Processing project 1150717 - red_associates_cancer_spain_referrals...
INFO: 2026-03-02 17:10:18,785 - Getting records for Mailmerge...
INFO: 2026-03-02 17:10:36,602 - Got 8 records!
INFO: 2026-03-02 17:10:36,617 - Processing project 1949751 - analog...
INFO: 2026-03-02 17:10:36,617 - Getting records for Mailmerge...
INFO: 2026-03-02 17:10:36,633 - Got 0 records!
INFO: 2026-03-02 17:10:36,633 - FINISHED LOOP

INFO: 2026-03-02 17:10:36,640 - STARTING LOOP
INFO: 2026-03-02 17:10:36,640 - Sending out mailerge list...
INFO: 2026-03-02 17:32:17,724 - STARTING LOOP
INFO: 2026-03-02 17:32:17,727 - there's no mailmerge list. Skipping for now...
INFO: 2026-03-02 17:32:17,727 - FINISHED LOOP

INFO: 2026-03-02 17:32:42,009 - STARTING LOOP
INFO: 2026-03-02 17:32:42,010 - Getting blasts quota...
INFO: 2026-03-02 17:32:42,015 - DONE!
INFO: 2026-03-02 17:32:43,162 - Processing project 1993742 - hcr_usa_parents...
INFO: 2026-03-02 17:32:43,181 - Getting records for Mailmerge...
INFO: 2026-03-02 17:32:47,812 - Got 151 records!
INFO: 2026-03-02 17:32:48,152 - Processing project 1993973 - intralink_realtors_florida_melissa...
INFO: 2026-03-02 17:32:48,152 - Getting records for Mailmerge...
INFO: 2026-03-02 17:33:50,164 - Got 142 records!
INFO: 2026-03-02 17:33:50,253 - Processing project 1993974 - intralink_realtors_california...
INFO: 2026-03-02 17:33:50,253 - Getting records for Mailmerge...
INFO: 2026-03-02 17:34:47,241 - Got 124 records!
INFO: 2026-03-02 17:34:47,311 - Processing project 1994141 - luminare_health...
INFO: 2026-03-02 17:34:47,311 - Getting records for Mailmerge...
INFO: 2026-03-02 17:34:48,611 - Got 0 records!
INFO: 2026-03-02 17:34:48,651 - Processing project 1949181 - northwestel...
INFO: 2026-03-02 17:34:48,651 - Getting records for Mailmerge...
INFO: 2026-03-02 17:34:48,883 - Got 0 records!
INFO: 2026-03-02 17:34:48,892 - Processing project 1467231 - hsj_medical_sis_lists...
INFO: 2026-03-02 17:34:48,892 - Getting records for Mailmerge...
INFO: 2026-03-02 17:34:49,022 - Got 3 records!
INFO: 2026-03-02 17:34:50,429 - Processing project 1150716 - red_associates_cancer_canada_referrals...
INFO: 2026-03-02 17:34:50,429 - Getting records for Mailmerge...
INFO: 2026-03-02 17:35:08,909 - Got 38 records!
INFO: 2026-03-02 17:35:10,713 - Processing project 1150717 - red_associates_cancer_spain_referrals...
INFO: 2026-03-02 17:35:10,713 - Getting records for Mailmerge...
INFO: 2026-03-02 17:35:30,329 - Got 8 records!
INFO: 2026-03-02 17:35:30,356 - Processing project 1949751 - analog...
INFO: 2026-03-02 17:35:30,356 - Getting records for Mailmerge...
INFO: 2026-03-02 17:35:30,382 - Got 0 records!
INFO: 2026-03-02 17:35:30,382 - FINISHED LOOP

INFO: 2026-03-02 17:35:30,394 - STARTING LOOP
INFO: 2026-03-02 17:35:30,394 - Sending out mailerge list...
INFO: 2026-03-02 17:38:31,408 - STARTING LOOP
INFO: 2026-03-02 17:38:31,409 - Sending out mailerge list...
INFO: 2026-03-02 17:39:14,661 - STARTING LOOP
INFO: 2026-03-02 17:39:14,661 - Sending out mailerge list...
INFO: 2026-03-02 17:40:07,637 - STARTING LOOP
INFO: 2026-03-02 17:40:07,637 - Sending out mailerge list...
INFO: 2026-03-02 17:40:29,632 - STARTING LOOP
INFO: 2026-03-02 17:40:29,632 - Sending out mailerge list...
INFO: 2026-03-02 17:40:38,158 - STARTING LOOP
INFO: 2026-03-02 17:40:38,158 - Sending out mailerge list...
INFO: 2026-03-02 17:41:21,368 - STARTING LOOP
INFO: 2026-03-02 17:41:21,368 - Sending out mailerge list...
INFO: 2026-03-02 17:43:07,438 - STARTING LOOP
INFO: 2026-03-02 17:43:07,438 - Sending out mailerge list...
INFO: 2026-03-02 17:43:13,843 - DONE!
INFO: 2026-03-02 17:43:13,844 - FINISHED LOOP

INFO: 2026-03-02 17:43:59,813 - STARTING LOOP
INFO: 2026-03-02 17:43:59,813 - Getting blasts quota...
INFO: 2026-03-02 17:43:59,815 - DONE!
INFO: 2026-03-02 17:44:00,376 - Processing project 1993742 - hcr_usa_parents...
INFO: 2026-03-02 17:44:00,376 - Getting records for Mailmerge...
INFO: 2026-03-02 17:44:04,145 - Got 149 records!
INFO: 2026-03-02 17:44:04,344 - Processing project 1993973 - intralink_realtors_florida_melissa...
INFO: 2026-03-02 17:44:04,344 - Getting records for Mailmerge...
INFO: 2026-03-03 11:08:50,518 - STARTING LOOP
INFO: 2026-03-03 11:08:50,518 - Getting blasts quota...
INFO: 2026-03-03 11:08:50,519 - DONE!
INFO: 2026-03-03 11:08:51,254 - Processing project 1993742 - hcr_usa_parents...
INFO: 2026-03-03 11:08:51,254 - Getting records for Mailmerge...
INFO: 2026-03-03 11:08:55,028 - Got 100 records!
INFO: 2026-03-03 11:08:55,079 - Processing project 2001211 - gallup_korea_la...
INFO: 2026-03-03 11:08:55,079 - Getting records for Mailmerge...
INFO: 2026-03-03 11:08:55,099 - Got 100 records!
INFO: 2026-03-03 11:08:55,099 - FINISHED LOOP

INFO: 2026-03-03 11:08:55,104 - STARTING LOOP
INFO: 2026-03-03 11:08:55,104 - Sending out mailerge list...
INFO: 2026-03-03 11:15:22,605 - DONE!
INFO: 2026-03-03 11:15:22,606 - FINISHED LOOP

INFO: 2026-03-03 11:30:10,929 - STARTING LOOP
INFO: 2026-03-03 11:30:10,930 - Getting blasts quota...
INFO: 2026-03-03 11:30:10,940 - DONE!
INFO: 2026-03-03 11:30:12,671 - Processing project 1993742 - hcr_usa_parents...
INFO: 2026-03-03 11:30:12,671 - Getting records for Mailmerge...
INFO: 2026-03-03 11:30:12,676 - Got 0 records!
INFO: 2026-03-03 11:30:12,783 - Processing project 2001211 - gallup_korea_la...
INFO: 2026-03-03 11:30:12,783 - Getting records for Mailmerge...
INFO: 2026-03-03 11:30:12,896 - Got 100 records!
INFO: 2026-03-03 11:30:12,897 - FINISHED LOOP

INFO: 2026-03-03 11:30:12,903 - STARTING LOOP
INFO: 2026-03-03 11:30:12,903 - Sending out mailerge list...
INFO: 2026-03-03 11:37:24,512 - DONE!
INFO: 2026-03-03 11:37:24,515 - FINISHED LOOP


email sent to cebeauchesne@gmail.com
1 sent emails in total

email sent to clairembarthelemy@gmail.com
2 sent emails in total

email sent to jess.bruins23@gmail.com
3 sent emails in total

email sent to contactdiamondbuckley@gmail.com
4 sent emails in total

email sent to devonandersonla@gmail.com
5 sent emails in total

email sent to fractalscandal@gmail.com
6 sent emails in total

email sent to azarard@gmail.com
7 sent emails in total

email sent to ccreativegroup@gmail.com
8 sent emails in total

email sent to jacquie.henderson@gmail.com
9 sent emails in total

email sent to klitgaardsophie@gmail.com
10 sent emails in total

email sent to rakeljoyce@gmail.com
11 sent emails in total

email sent to 1bzychick@gmail.com
12 sent emails in total

email sent to 2011jlong@gmail.com
13 sent emails in total

email sent to 727memories@gmail.com
14 sent emails in total

email sent to aawierema@gmail.com
15 sent emails in total

email sent to abby.lavin@gmail.com
16 sent emails in total

email sent to adaviess975@gmail.com
17 sent emails in total

email sent to adreannahill@gmail.com
18 sent emails in total

email sent to aehume@gmail.com
19 sent emails in total

email sent to aeinbind@gmail.com
20 sent emails in total

email sent to aenunaziyah14@gmail.com
21 sent emails in total

email sent to alexandragonzbald@gmail.com
22 sent emails in total

email sent to alexiale@gmail.com
23 sent emails in total

email sent to aliguz88@gmail.com
24 sent emails in total

email sent to alinakim95@gmail.com
25 sent emails in total

email sent to alisavestheworld@gmail.com
26 sent emails in total

email sent to allisonmcdonald09@gmail.com
27 sent emails in total

email sent to ally4988@gmail.com
28 sent emails in total

email sent to amandaaraque@gmail.com
29 sent emails in total

email sent to amanikai212@gmail.com
30 sent emails in total

email sent to ambermetoyer@gmail.com
31 sent emails in total

email sent to amyflowers33@gmail.com
32 sent emails in total

email sent to amywasserman16@gmail.com
33 sent emails in total

email sent to blawson44@gmail.com
34 sent emails in total

email sent to evisari111012@gmail.com
35 sent emails in total

email sent to alex.phipps4321@gmail.com
36 sent emails in total

email sent to alex7051@gmail.com
37 sent emails in total

email sent to alexandria.turner29@gmail.com
38 sent emails in total

email sent to alexandriaj.smith90@gmail.com
39 sent emails in total

email sent to alexawhitt@gmail.com
40 sent emails in total

email sent to alexisdgorlick@gmail.com
41 sent emails in total

email sent to alibabiezz@gmail.com
42 sent emails in total

email sent to alicepham@gmail.com
43 sent emails in total

email sent to alicia.hardesty@gmail.com
44 sent emails in total

email sent to alixdkane@gmail.com
45 sent emails in total

email sent to alixrmendoza@gmail.com
46 sent emails in total

email sent to aliyahjmcdaniel@gmail.com
47 sent emails in total

email sent to aliyahwilliams240@gmail.com
48 sent emails in total

email sent to alla.martuni@gmail.com
49 sent emails in total

email sent to allicatphotography@gmail.com
50 sent emails in total

email sent to allipalmer@gmail.com
51 sent emails in total

email sent to allisanpoland@gmail.com
52 sent emails in total

email sent to alphakittenyoga@gmail.com
53 sent emails in total

email sent to alvarezamada28@gmail.com
54 sent emails in total

email sent to alwatt91@gmail.com
55 sent emails in total

email sent to alwayscloie@gmail.com
56 sent emails in total

email sent to alycia.garcia@gmail.com
57 sent emails in total

email sent to alysonjds@gmail.com
58 sent emails in total

email sent to alyssa.holbrook66@gmail.com
59 sent emails in total

email sent to alyssaoclock@gmail.com
60 sent emails in total

email sent to amanda.rae123@gmail.com
61 sent emails in total

email sent to amanda72589@gmail.com
62 sent emails in total

email sent to amandadeutch@gmail.com
63 sent emails in total

email sent to amandaelghoul@gmail.com
64 sent emails in total

email sent to amandaschlosberg@gmail.com
65 sent emails in total

email sent to amanderson1996@gmail.com
66 sent emails in total

email sent to amannakeisha@gmail.com
67 sent emails in total

email sent to amara.barakat@gmail.com
68 sent emails in total

email sent to amazonsquad@gmail.com
69 sent emails in total

email sent to ambbrink@gmail.com
70 sent emails in total

email sent to amcnaught20@gmail.com
71 sent emails in total

email sent to amilah.bailey@gmail.com
72 sent emails in total

email sent to aminaacoker@gmail.com
73 sent emails in total

email sent to amritabeaudine@gmail.com
74 sent emails in total

email sent to jessica.blum.model@gmail.com
75 sent emails in total

email sent to claudgonz17@gmail.com
76 sent emails in total

email sent to aviarosen@gmail.com
77 sent emails in total

email sent to ca.landherr@gmail.com
78 sent emails in total

email sent to ashley456brooke@gmail.com
79 sent emails in total

email sent to mgoldst3@gmail.com
80 sent emails in total

email sent to 4.eva.89@gmail.com
81 sent emails in total

email sent to abigailhayek849@gmail.com
82 sent emails in total

email sent to abigailwhitneyk@gmail.com
83 sent emails in total

email sent to abra3662@gmail.com
84 sent emails in total

email sent to addefsko@gmail.com
85 sent emails in total

email sent to aealston7@gmail.com
86 sent emails in total

email sent to agechtman7@gmail.com
87 sent emails in total

email sent to alanakirsten@gmail.com
88 sent emails in total

email sent to albertjr0701@gmail.com
89 sent emails in total

email sent to aleshyais@gmail.com
90 sent emails in total

email sent to anamcalleja83@gmail.com
91 sent emails in total

email sent to anastasiaallen27@gmail.com
92 sent emails in total

email sent to angelinealexis1@gmail.com
93 sent emails in total

email sent to anissabasinger@gmail.com
94 sent emails in total

email sent to antonettewillis.aw@gmail.com
95 sent emails in total

email sent to apriljoy215@gmail.com
96 sent emails in total

email sent to avivayaghoobia@gmail.com
97 sent emails in total

email sent to brianne.bear@gmail.com
98 sent emails in total

email sent to krystal.schwegel@gmail.com
99 sent emails in total

email sent to bajamarie@gmail.com
100 sent emails in total
INFO: 2026-03-03 12:00:08,279 - STARTING LOOP
INFO: 2026-03-03 12:00:08,280 - Getting blasts quota...
INFO: 2026-03-03 12:00:08,289 - DONE!
INFO: 2026-03-03 12:00:09,708 - Processing project 1993742 - hcr_usa_parents...
INFO: 2026-03-03 12:00:09,708 - Getting records for Mailmerge...
INFO: 2026-03-03 12:00:09,709 - Got 0 records!
INFO: 2026-03-03 12:00:09,916 - Processing project 2001211 - gallup_korea_la...
INFO: 2026-03-03 12:00:09,916 - Getting records for Mailmerge...
INFO: 2026-03-03 12:00:09,917 - Got 0 records!
INFO: 2026-03-03 12:00:09,917 - FINISHED LOOP

INFO: 2026-03-03 12:00:09,917 - STARTING LOOP
INFO: 2026-03-03 12:00:09,918 - there's no mailmerge list. Skipping for now...
INFO: 2026-03-03 12:00:09,918 - FINISHED LOOP

INFO: 2026-03-03 12:30:07,744 - STARTING LOOP
INFO: 2026-03-03 12:30:07,744 - Getting blasts quota...
INFO: 2026-03-03 12:30:07,754 - DONE!
INFO: 2026-03-03 12:30:09,028 - Processing project 1993742 - hcr_usa_parents...
INFO: 2026-03-03 12:30:09,028 - Getting records for Mailmerge...
INFO: 2026-03-03 12:30:09,029 - Got 0 records!
INFO: 2026-03-03 12:30:09,130 - Processing project 2001211 - gallup_korea_la...
INFO: 2026-03-03 12:30:09,130 - Getting records for Mailmerge...
INFO: 2026-03-03 12:30:09,131 - Got 0 records!
INFO: 2026-03-03 12:30:09,131 - FINISHED LOOP

INFO: 2026-03-03 12:30:09,132 - STARTING LOOP
INFO: 2026-03-03 12:30:09,132 - there's no mailmerge list. Skipping for now...
INFO: 2026-03-03 12:30:09,132 - FINISHED LOOP

INFO: 2026-03-03 13:03:50,804 - STARTING LOOP
INFO: 2026-03-03 13:03:50,805 - Getting blasts quota...
INFO: 2026-03-03 13:03:50,810 - DONE!
INFO: 2026-03-03 13:03:52,248 - Processing project 1993742 - hcr_usa_parents...
INFO: 2026-03-03 13:03:52,248 - Getting records for Mailmerge...
INFO: 2026-03-03 13:03:52,249 - Got 0 records!
INFO: 2026-03-03 13:03:52,352 - Processing project 2001211 - gallup_korea_la...
INFO: 2026-03-03 13:03:52,352 - Getting records for Mailmerge...
INFO: 2026-03-03 13:03:52,354 - Got 0 records!
INFO: 2026-03-03 13:03:52,354 - FINISHED LOOP

INFO: 2026-03-03 13:03:52,354 - STARTING LOOP
INFO: 2026-03-03 13:03:52,354 - there's no mailmerge list. Skipping for now...
INFO: 2026-03-03 13:03:52,354 - FINISHED LOOP

INFO: 2026-03-03 13:30:08,401 - STARTING LOOP
INFO: 2026-03-03 13:30:08,402 - Getting blasts quota...
INFO: 2026-03-03 13:30:08,408 - DONE!
INFO: 2026-03-03 13:30:09,790 - Processing project 1993742 - hcr_usa_parents...
INFO: 2026-03-03 13:30:09,790 - Getting records for Mailmerge...
INFO: 2026-03-03 13:30:09,791 - Got 0 records!
INFO: 2026-03-03 13:30:09,887 - Processing project 2001211 - gallup_korea_la...
INFO: 2026-03-03 13:30:09,887 - Getting records for Mailmerge...
INFO: 2026-03-03 13:30:09,888 - Got 0 records!
INFO: 2026-03-03 13:30:09,888 - FINISHED LOOP

INFO: 2026-03-03 13:30:09,888 - STARTING LOOP
INFO: 2026-03-03 13:30:09,889 - there's no mailmerge list. Skipping for now...
INFO: 2026-03-03 13:30:09,889 - FINISHED LOOP

INFO: 2026-03-03 14:00:08,035 - STARTING LOOP
INFO: 2026-03-03 14:00:08,036 - Getting blasts quota...
INFO: 2026-03-03 14:00:08,050 - DONE!
INFO: 2026-03-03 14:00:09,724 - Processing project 1993742 - hcr_usa_parents...
INFO: 2026-03-03 14:00:09,724 - Getting records for Mailmerge...
INFO: 2026-03-03 14:00:09,725 - Got 0 records!
INFO: 2026-03-03 14:00:09,916 - Processing project 2001211 - gallup_korea_la...
INFO: 2026-03-03 14:00:09,917 - Getting records for Mailmerge...
INFO: 2026-03-03 14:00:09,919 - Got 0 records!
INFO: 2026-03-03 14:00:09,919 - FINISHED LOOP

INFO: 2026-03-03 14:00:09,920 - STARTING LOOP
INFO: 2026-03-03 14:00:09,920 - there's no mailmerge list. Skipping for now...
INFO: 2026-03-03 14:00:09,920 - FINISHED LOOP

INFO: 2026-03-03 14:30:07,893 - STARTING LOOP
INFO: 2026-03-03 14:30:07,894 - Getting blasts quota...
INFO: 2026-03-03 14:30:07,909 - DONE!
INFO: 2026-03-03 14:30:09,161 - Processing project 1993742 - hcr_usa_parents...
INFO: 2026-03-03 14:30:09,162 - Getting records for Mailmerge...
INFO: 2026-03-03 14:30:09,162 - Got 0 records!
INFO: 2026-03-03 14:30:09,253 - Processing project 2001211 - gallup_korea_la...
INFO: 2026-03-03 14:30:09,253 - Getting records for Mailmerge...
INFO: 2026-03-03 14:30:09,254 - Got 0 records!
INFO: 2026-03-03 14:30:09,254 - FINISHED LOOP

INFO: 2026-03-03 14:30:09,255 - STARTING LOOP
INFO: 2026-03-03 14:30:09,255 - there's no mailmerge list. Skipping for now...
INFO: 2026-03-03 14:30:09,255 - FINISHED LOOP

INFO: 2026-03-03 14:37:12,581 - STARTING LOOP
INFO: 2026-03-03 14:37:12,581 - Getting blasts quota...
INFO: 2026-03-03 14:37:12,585 - DONE!
INFO: 2026-03-03 14:37:13,187 - Processing project 1993742 - hcr_usa_parents...
INFO: 2026-03-03 14:37:13,187 - Getting records for Mailmerge...
INFO: 2026-03-03 14:37:16,780 - Got 200 records!
INFO: 2026-03-03 14:37:16,857 - Processing project 2001211 - gallup_korea_la...
INFO: 2026-03-03 14:37:16,857 - Getting records for Mailmerge...
INFO: 2026-03-03 14:37:16,858 - Got 0 records!
INFO: 2026-03-03 14:37:16,858 - FINISHED LOOP

INFO: 2026-03-03 14:37:16,863 - STARTING LOOP
INFO: 2026-03-03 14:37:16,863 - Sending out mailerge list...
INFO: 2026-03-03 14:44:16,843 - DONE!
INFO: 2026-03-03 14:44:16,845 - FINISHED LOOP

INFO: 2026-03-03 15:00:08,735 - STARTING LOOP
INFO: 2026-03-03 15:00:08,735 - Getting blasts quota...
INFO: 2026-03-03 15:00:08,748 - DONE!
INFO: 2026-03-03 15:00:11,923 - Processing project 1993742 - hcr_usa_parents...
INFO: 2026-03-03 15:00:11,924 - Getting records for Mailmerge...
INFO: 2026-03-03 15:00:18,943 - Got 100 records!
INFO: 2026-03-03 15:00:19,400 - Processing project 2001211 - gallup_korea_la...
INFO: 2026-03-03 15:00:19,401 - Getting records for Mailmerge...
INFO: 2026-03-03 15:00:19,404 - Got 0 records!
INFO: 2026-03-03 15:00:19,404 - FINISHED LOOP

INFO: 2026-03-03 15:00:19,416 - STARTING LOOP
INFO: 2026-03-03 15:00:19,416 - Sending out mailerge list...
Traceback (most recent call last):
  File "/Users/albertoruizcajiga/python/sis_international/smtp_worker.py", line 99, in <module>
    send_out_mm_list()
  File "/Users/albertoruizcajiga/python/sis_international/smtp_worker.py", line 80, in send_out_mm_list
    data = choose_smtp_account()
           ^^^^^^^^^^^^^^^^^^^^^
  File "/Users/albertoruizcajiga/python/sis_international/modules/database/database.py", line 782, in choose_smtp_account
    reset_daily_mailmerge_limits()
  File "/Users/albertoruizcajiga/python/sis_international/modules/database/database.py", line 762, in reset_daily_mailmerge_limits
    cursor.execute(query)
sqlite3.OperationalError: database is locked
INFO: 2026-03-03 15:30:09,493 - STARTING LOOP
INFO: 2026-03-03 15:30:09,493 - Getting blasts quota...
INFO: 2026-03-03 15:30:09,508 - DONE!
INFO: 2026-03-03 15:30:11,617 - Processing project 1993742 - hcr_usa_parents...
INFO: 2026-03-03 15:30:11,617 - Getting records for Mailmerge...
INFO: 2026-03-03 15:30:18,115 - Got 100 records!
INFO: 2026-03-03 15:30:18,567 - Processing project 2001211 - gallup_korea_la...
INFO: 2026-03-03 15:30:18,567 - Getting records for Mailmerge...
INFO: 2026-03-03 15:30:18,590 - Got 0 records!
INFO: 2026-03-03 15:30:18,590 - FINISHED LOOP

INFO: 2026-03-03 15:30:18,616 - STARTING LOOP
INFO: 2026-03-03 15:30:18,617 - Sending out mailerge list...
INFO: 2026-03-03 15:37:18,114 - DONE!
INFO: 2026-03-03 15:37:18,116 - FINISHED LOOP


email sent to clucas27@gmail.com
1 sent emails in total

email sent to cmendoza48@gmail.com
2 sent emails in total

email sent to coralliz@gmail.com
3 sent emails in total

email sent to cpw2000@gmail.com
4 sent emails in total

email sent to cqoneill@gmail.com
5 sent emails in total

email sent to cquinn72@gmail.com
6 sent emails in total

email sent to aaron.littman@gmail.com
7 sent emails in total

email sent to aftercevin@gmail.com
8 sent emails in total

email sent to alexandrafalconeri@gmail.com
9 sent emails in total

email sent to andlev277@gmail.com
10 sent emails in total

email sent to andrew.yermian@gmail.com
11 sent emails in total

email sent to antoha.krapivko@gmail.com
12 sent emails in total

email sent to b.liebert007@gmail.com
13 sent emails in total

email sent to blessmaxnow@gmail.com
14 sent emails in total

email sent to blueskyexecutive@gmail.com
15 sent emails in total

email sent to brianzargar@gmail.com
16 sent emails in total

email sent to bullx86@gmail.com
17 sent emails in total

email sent to bvie747@gmail.com
18 sent emails in total

email sent to cal.hedigan@gmail.com
19 sent emails in total

email sent to caricmilowicki@gmail.com
20 sent emails in total

email sent to christianmchristian@gmail.com
21 sent emails in total

email sent to cjbarron7@gmail.com
22 sent emails in total

email sent to clairembarthelemy@gmail.com
23 sent emails in total

email sent to codylawrence@gmail.com
24 sent emails in total

email sent to dandiezy@gmail.com
25 sent emails in total

email sent to daniel.gath@gmail.com
26 sent emails in total

email sent to danrabinovich88@gmail.com
27 sent emails in total

email sent to denajobbins@gmail.com
28 sent emails in total

email sent to derrelllee94@gmail.com
29 sent emails in total

email sent to dls428@gmail.com
30 sent emails in total

email sent to dsgmastering@gmail.com
31 sent emails in total

email sent to duplesn@gmail.com
32 sent emails in total

email sent to ehschwartz@gmail.com
33 sent emails in total

email sent to elan8236@gmail.com
34 sent emails in total

email sent to ethan.goldberger@gmail.com
35 sent emails in total

email sent to evanjcchang@gmail.com
36 sent emails in total

email sent to farbernyc@gmail.com
37 sent emails in total

email sent to gab.magni@gmail.com
38 sent emails in total

email sent to gobione@gmail.com
39 sent emails in total

email sent to graig.linn@gmail.com
40 sent emails in total

email sent to harrisrobinjr@gmail.com
41 sent emails in total

email sent to hauxiangleong@gmail.com
42 sent emails in total

email sent to jerzonemartinez@gmail.com
43 sent emails in total

email sent to jess.bruins23@gmail.com
44 sent emails in total

email sent to jimantell@gmail.com
45 sent emails in total

email sent to jonashertwig@gmail.com
46 sent emails in total

email sent to jonnyfriedman22@gmail.com
47 sent emails in total

email sent to josh.hodas@gmail.com
48 sent emails in total

email sent to joshuaceggleston@gmail.com
49 sent emails in total

email sent to leastcommon@gmail.com
50 sent emails in total

email sent to lucas92nyc@gmail.com
51 sent emails in total

email sent to acpaul8@gmail.com
52 sent emails in total

email sent to akavi.daniel@gmail.com
53 sent emails in total

email sent to angelsro05@gmail.com
54 sent emails in total

email sent to anil.rehmtullah@gmail.com
55 sent emails in total

email sent to armani.darling@gmail.com
56 sent emails in total

email sent to cheapestonbrands@gmail.com
57 sent emails in total

email sent to contactdiamondbuckley@gmail.com
58 sent emails in total

email sent to corygluck@gmail.com
59 sent emails in total

email sent to dan.giacomini@gmail.com
60 sent emails in total

email sent to ddrock2003@gmail.com
61 sent emails in total

email sent to devonandersonla@gmail.com
62 sent emails in total

email sent to devonchristinemoore@gmail.com
63 sent emails in total

email sent to drewdoallasbaxter@gmail.com
64 sent emails in total

email sent to dygkid@gmail.com
65 sent emails in total

email sent to e56daviking@gmail.com
66 sent emails in total

email sent to ewelina.aiossa@gmail.com
67 sent emails in total

email sent to fractalscandal@gmail.com
68 sent emails in total

email sent to azarard@gmail.com
69 sent emails in total

email sent to barrett.warden@gmail.com
70 sent emails in total

email sent to ben.sarcadi@gmail.com
71 sent emails in total

email sent to blujae@gmail.com
72 sent emails in total

email sent to briankjlee@gmail.com
73 sent emails in total

email sent to camagong.kat@gmail.com
74 sent emails in total

email sent to carldonovan50@gmail.com
75 sent emails in total

email sent to ccreativegroup@gmail.com
76 sent emails in total

email sent to gspeer26@gmail.com
77 sent emails in total

email sent to jaccykanny@gmail.com
78 sent emails in total

email sent to jacquie.henderson@gmail.com
79 sent emails in total

email sent to jakewilll036@gmail.com
80 sent emails in total

email sent to jillsanon@gmail.com
81 sent emails in total

email sent to jmbroome1984@gmail.com
82 sent emails in total

email sent to kayanaca@gmail.com
83 sent emails in total

email sent to kevin.takarada@gmail.com
84 sent emails in total

email sent to korinne.mallett@gmail.com
85 sent emails in total

email sent to lac229nyc@gmail.com
86 sent emails in total

email sent to max.markowitz@gmail.com
87 sent emails in total

email sent to natalia.mantini@gmail.com
88 sent emails in total

email sent to pathamilton200@gmail.com
89 sent emails in total

email sent to paula4895@gmail.com
90 sent emails in total

email sent to rickevans12210@gmail.com
91 sent emails in total

email sent to ruechel@gmail.com
92 sent emails in total

email sent to samuel.neagles@gmail.com
93 sent emails in total

email sent to schironis@gmail.com
94 sent emails in total

email sent to schlapinski@gmail.com
95 sent emails in total

email sent to sharonzaret@gmail.com
96 sent emails in total

email sent to shavonnaconyers@gmail.com
97 sent emails in total

email sent to shivkpuri@gmail.com
98 sent emails in total

email sent to stacey1.08@gmail.com
99 sent emails in total

email sent to stevehamilton097@gmail.com
100 sent emails in total
INFO: 2026-03-03 16:00:08,321 - STARTING LOOP
INFO: 2026-03-03 16:00:08,322 - Getting blasts quota...
INFO: 2026-03-03 16:00:08,332 - DONE!
INFO: 2026-03-03 16:00:09,894 - Processing project 1993742 - hcr_usa_parents...
INFO: 2026-03-03 16:00:09,894 - Getting records for Mailmerge...
INFO: 2026-03-03 16:00:09,895 - Got 0 records!
INFO: 2026-03-03 16:00:10,006 - Processing project 2001211 - gallup_korea_la...
INFO: 2026-03-03 16:00:10,007 - Getting records for Mailmerge...
INFO: 2026-03-03 16:00:10,007 - Got 0 records!
INFO: 2026-03-03 16:00:10,007 - FINISHED LOOP

INFO: 2026-03-03 16:00:10,008 - STARTING LOOP
INFO: 2026-03-03 16:00:10,008 - there's no mailmerge list. Skipping for now...
INFO: 2026-03-03 16:00:10,008 - FINISHED LOOP

INFO: 2026-03-03 16:30:09,318 - STARTING LOOP
INFO: 2026-03-03 16:30:09,319 - Getting blasts quota...
INFO: 2026-03-03 16:30:09,327 - DONE!
INFO: 2026-03-03 16:30:10,973 - Processing project 1993742 - hcr_usa_parents...
INFO: 2026-03-03 16:30:10,973 - Getting records for Mailmerge...
INFO: 2026-03-03 16:30:10,974 - Got 0 records!
INFO: 2026-03-03 16:30:13,345 - Processing project 2001211 - gallup_korea_la...
INFO: 2026-03-03 16:30:13,372 - Getting records for Mailmerge...
INFO: 2026-03-03 16:30:13,393 - Got 0 records!
INFO: 2026-03-03 16:30:13,395 - FINISHED LOOP

INFO: 2026-03-03 16:30:13,397 - STARTING LOOP
INFO: 2026-03-03 16:30:13,398 - there's no mailmerge list. Skipping for now...
INFO: 2026-03-03 16:30:13,398 - FINISHED LOOP

INFO: 2026-03-03 17:00:11,033 - STARTING LOOP
INFO: 2026-03-03 17:00:11,033 - Getting blasts quota...
INFO: 2026-03-03 17:00:11,044 - DONE!
INFO: 2026-03-03 17:00:12,512 - Processing project 1993742 - hcr_usa_parents...
INFO: 2026-03-03 17:00:12,512 - Getting records for Mailmerge...
INFO: 2026-03-03 17:00:12,514 - Got 0 records!
INFO: 2026-03-03 17:00:12,661 - Processing project 2001211 - gallup_korea_la...
INFO: 2026-03-03 17:00:12,661 - Getting records for Mailmerge...
INFO: 2026-03-03 17:00:12,662 - Got 0 records!
INFO: 2026-03-03 17:00:12,662 - FINISHED LOOP

INFO: 2026-03-03 17:00:12,662 - STARTING LOOP
INFO: 2026-03-03 17:00:12,662 - there's no mailmerge list. Skipping for now...
INFO: 2026-03-03 17:00:12,662 - FINISHED LOOP

INFO: 2026-03-03 17:30:23,214 - STARTING LOOP
INFO: 2026-03-03 17:30:23,214 - Getting blasts quota...
INFO: 2026-03-03 17:30:23,222 - DONE!
INFO: 2026-03-03 17:30:24,537 - Processing project 1993742 - hcr_usa_parents...
INFO: 2026-03-03 17:30:24,538 - Getting records for Mailmerge...
INFO: 2026-03-03 17:30:24,539 - Got 0 records!
INFO: 2026-03-03 17:30:24,647 - Processing project 2001211 - gallup_korea_la...
INFO: 2026-03-03 17:30:24,647 - Getting records for Mailmerge...
INFO: 2026-03-03 17:30:24,648 - Got 0 records!
INFO: 2026-03-03 17:30:24,648 - FINISHED LOOP

INFO: 2026-03-03 17:30:24,649 - STARTING LOOP
INFO: 2026-03-03 17:30:24,649 - there's no mailmerge list. Skipping for now...
INFO: 2026-03-03 17:30:24,649 - FINISHED LOOP

INFO: 2026-03-03 18:00:07,816 - STARTING LOOP
INFO: 2026-03-03 18:00:07,816 - Getting blasts quota...
INFO: 2026-03-03 18:00:07,825 - DONE!
WARNING: 2026-03-03 18:00:07,825 - No projects to work on!
INFO: 2026-03-03 18:00:07,825 - FINISHED LOOP

INFO: 2026-03-03 18:00:07,825 - STARTING LOOP
INFO: 2026-03-03 18:00:07,825 - there's no mailmerge list. Skipping for now...
INFO: 2026-03-03 18:00:07,825 - FINISHED LOOP

INFO: 2026-03-03 18:30:10,234 - STARTING LOOP
INFO: 2026-03-03 18:30:10,235 - Getting blasts quota...
INFO: 2026-03-03 18:30:10,252 - DONE!
WARNING: 2026-03-03 18:30:10,253 - No projects to work on!
INFO: 2026-03-03 18:30:10,253 - FINISHED LOOP

INFO: 2026-03-03 18:30:10,253 - STARTING LOOP
INFO: 2026-03-03 18:30:10,254 - Sending out mailerge list...
Traceback (most recent call last):
  File "/Users/albertoruizcajiga/python/sis_international/modules/smtp_bot/smtp_bot.py", line 130, in send_emails_smtp
    update_project_recruits_last_mm_sent(mail['project_id'], mail['id'])
                                         ~~~~^^^^^^^^^^^^^^
KeyError: 'project_id'

During handling of the above exception, another exception occurred:

Traceback (most recent call last):
  File "/Users/albertoruizcajiga/python/sis_international/.venv/lib/python3.11/site-packages/pandas/core/indexes/base.py", line 3812, in get_loc
    return self._engine.get_loc(casted_key)
           ^^^^^^^^^^^^^^^^^^^^^^^^^^^^^^^^
  File "pandas/_libs/index.pyx", line 167, in pandas._libs.index.IndexEngine.get_loc
  File "pandas/_libs/index.pyx", line 196, in pandas._libs.index.IndexEngine.get_loc
  File "pandas/_libs/hashtable_class_helper.pxi", line 7088, in pandas._libs.hashtable.PyObjectHashTable.get_item
  File "pandas/_libs/hashtable_class_helper.pxi", line 7096, in pandas._libs.hashtable.PyObjectHashTable.get_item
KeyError: 'status'

The above exception was the direct cause of the following exception:

Traceback (most recent call last):
  File "/Users/albertoruizcajiga/python/sis_international/smtp_worker.py", line 99, in <module>
    send_out_mm_list()
  File "/Users/albertoruizcajiga/python/sis_international/smtp_worker.py", line 89, in send_out_mm_list
    handler.send_emails_smtp(email_id, remaining)
  File "/Users/albertoruizcajiga/python/sis_international/modules/smtp_bot/smtp_bot.py", line 147, in send_emails_smtp
    new_df['status'] = new_df['status'].replace(np.nan,'failed')
                       ~~~~~~^^^^^^^^^^
  File "/Users/albertoruizcajiga/python/sis_international/.venv/lib/python3.11/site-packages/pandas/core/frame.py", line 4113, in __getitem__
    indexer = self.columns.get_loc(key)
              ^^^^^^^^^^^^^^^^^^^^^^^^^
  File "/Users/albertoruizcajiga/python/sis_international/.venv/lib/python3.11/site-packages/pandas/core/indexes/base.py", line 3819, in get_loc
    raise KeyError(key) from err
KeyError: 'status'
INFO: 2026-03-03 19:00:09,302 - STARTING LOOP
INFO: 2026-03-03 19:00:09,302 - Getting blasts quota...
INFO: 2026-03-03 19:00:09,310 - DONE!
WARNING: 2026-03-03 19:00:09,310 - No projects to work on!
INFO: 2026-03-03 19:00:09,310 - FINISHED LOOP

INFO: 2026-03-03 19:00:09,310 - STARTING LOOP
INFO: 2026-03-03 19:00:09,310 - there's no mailmerge list. Skipping for now...
INFO: 2026-03-03 19:00:09,310 - FINISHED LOOP

INFO: 2026-03-03 19:30:08,131 - STARTING LOOP
INFO: 2026-03-03 19:30:08,137 - Getting blasts quota...
INFO: 2026-03-03 19:30:08,146 - DONE!
WARNING: 2026-03-03 19:30:08,146 - No projects to work on!
INFO: 2026-03-03 19:30:08,146 - FINISHED LOOP

INFO: 2026-03-03 19:30:08,146 - STARTING LOOP
INFO: 2026-03-03 19:30:08,147 - there's no mailmerge list. Skipping for now...
INFO: 2026-03-03 19:30:08,147 - FINISHED LOOP

INFO: 2026-03-03 20:00:07,139 - STARTING LOOP
INFO: 2026-03-03 20:00:07,139 - Getting blasts quota...
INFO: 2026-03-03 20:00:07,148 - DONE!
WARNING: 2026-03-03 20:00:07,148 - No projects to work on!
INFO: 2026-03-03 20:00:07,148 - FINISHED LOOP

INFO: 2026-03-03 20:00:07,148 - STARTING LOOP
INFO: 2026-03-03 20:00:07,149 - there's no mailmerge list. Skipping for now...
INFO: 2026-03-03 20:00:07,149 - FINISHED LOOP

INFO: 2026-03-03 21:00:12,301 - STARTING LOOP
INFO: 2026-03-03 21:00:12,301 - Getting blasts quota...
INFO: 2026-03-03 21:00:12,309 - DONE!
WARNING: 2026-03-03 21:00:12,309 - No projects to work on!
INFO: 2026-03-03 21:00:12,309 - FINISHED LOOP

INFO: 2026-03-03 21:00:12,309 - STARTING LOOP
INFO: 2026-03-03 21:00:12,311 - there's no mailmerge list. Skipping for now...
INFO: 2026-03-03 21:00:12,311 - FINISHED LOOP

INFO: 2026-03-04 05:30:06,976 - STARTING LOOP
INFO: 2026-03-04 05:30:06,976 - Getting blasts quota...
INFO: 2026-03-04 05:30:06,984 - DONE!
WARNING: 2026-03-04 05:30:06,985 - No projects to work on!
INFO: 2026-03-04 05:30:06,985 - FINISHED LOOP

INFO: 2026-03-04 05:30:06,985 - STARTING LOOP
INFO: 2026-03-04 05:30:06,986 - there's no mailmerge list. Skipping for now...
INFO: 2026-03-04 05:30:06,986 - FINISHED LOOP

INFO: 2026-03-04 06:37:12,601 - STARTING LOOP
INFO: 2026-03-04 06:37:12,601 - Getting blasts quota...
INFO: 2026-03-04 06:37:12,604 - DONE!
WARNING: 2026-03-04 06:37:12,604 - No projects to work on!
INFO: 2026-03-04 06:37:12,604 - FINISHED LOOP

INFO: 2026-03-04 06:37:12,604 - STARTING LOOP
INFO: 2026-03-04 06:37:12,605 - there's no mailmerge list. Skipping for now...
INFO: 2026-03-04 06:37:12,605 - FINISHED LOOP

INFO: 2026-03-04 07:05:57,746 - STARTING LOOP
INFO: 2026-03-04 07:05:57,746 - Getting blasts quota...
INFO: 2026-03-04 07:05:57,749 - DONE!
WARNING: 2026-03-04 07:05:57,749 - No projects to work on!
INFO: 2026-03-04 07:05:57,749 - FINISHED LOOP

INFO: 2026-03-04 07:05:57,749 - STARTING LOOP
INFO: 2026-03-04 07:05:57,749 - there's no mailmerge list. Skipping for now...
INFO: 2026-03-04 07:05:57,749 - FINISHED LOOP

INFO: 2026-03-04 07:31:32,397 - STARTING LOOP
INFO: 2026-03-04 07:31:32,398 - Getting blasts quota...
INFO: 2026-03-04 07:31:32,403 - DONE!
WARNING: 2026-03-04 07:31:32,403 - No projects to work on!
INFO: 2026-03-04 07:31:32,403 - FINISHED LOOP

INFO: 2026-03-04 07:31:32,403 - STARTING LOOP
INFO: 2026-03-04 07:31:32,403 - there's no mailmerge list. Skipping for now...
INFO: 2026-03-04 07:31:32,403 - FINISHED LOOP

INFO: 2026-03-04 08:04:21,591 - STARTING LOOP
INFO: 2026-03-04 08:04:21,591 - Getting blasts quota...
INFO: 2026-03-04 08:04:21,594 - DONE!
WARNING: 2026-03-04 08:04:21,594 - No projects to work on!
INFO: 2026-03-04 08:04:21,594 - FINISHED LOOP

INFO: 2026-03-04 08:04:21,594 - STARTING LOOP
INFO: 2026-03-04 08:04:21,595 - there's no mailmerge list. Skipping for now...
INFO: 2026-03-04 08:04:21,595 - FINISHED LOOP

INFO: 2026-03-04 09:00:06,455 - STARTING LOOP
INFO: 2026-03-04 09:00:06,455 - Getting blasts quota...
INFO: 2026-03-04 09:00:06,467 - DONE!
WARNING: 2026-03-04 09:00:06,467 - No projects to work on!
INFO: 2026-03-04 09:00:06,467 - FINISHED LOOP

INFO: 2026-03-04 09:00:06,467 - STARTING LOOP
INFO: 2026-03-04 09:00:06,467 - there's no mailmerge list. Skipping for now...
INFO: 2026-03-04 09:00:06,467 - FINISHED LOOP

INFO: 2026-03-04 09:30:06,899 - STARTING LOOP
INFO: 2026-03-04 09:30:06,900 - Getting blasts quota...
INFO: 2026-03-04 09:30:06,908 - DONE!
WARNING: 2026-03-04 09:30:06,908 - No projects to work on!
INFO: 2026-03-04 09:30:06,909 - FINISHED LOOP

INFO: 2026-03-04 09:30:06,909 - STARTING LOOP
INFO: 2026-03-04 09:30:06,909 - Sending out mailerge list...
Traceback (most recent call last):
  File "/Users/albertoruizcajiga/python/sis_international/modules/smtp_bot/smtp_bot.py", line 130, in send_emails_smtp
    update_project_recruits_last_mm_sent(mail['project_id'], mail['id'])
                                         ~~~~^^^^^^^^^^^^^^
KeyError: 'project_id'

During handling of the above exception, another exception occurred:

Traceback (most recent call last):
  File "/Users/albertoruizcajiga/python/sis_international/.venv/lib/python3.11/site-packages/pandas/core/indexes/base.py", line 3812, in get_loc
    return self._engine.get_loc(casted_key)
           ^^^^^^^^^^^^^^^^^^^^^^^^^^^^^^^^
  File "pandas/_libs/index.pyx", line 167, in pandas._libs.index.IndexEngine.get_loc
  File "pandas/_libs/index.pyx", line 196, in pandas._libs.index.IndexEngine.get_loc
  File "pandas/_libs/hashtable_class_helper.pxi", line 7088, in pandas._libs.hashtable.PyObjectHashTable.get_item
  File "pandas/_libs/hashtable_class_helper.pxi", line 7096, in pandas._libs.hashtable.PyObjectHashTable.get_item
KeyError: 'status'

The above exception was the direct cause of the following exception:

Traceback (most recent call last):
  File "/Users/albertoruizcajiga/python/sis_international/smtp_worker.py", line 99, in <module>
    send_out_mm_list()
  File "/Users/albertoruizcajiga/python/sis_international/smtp_worker.py", line 89, in send_out_mm_list
    handler.send_emails_smtp(email_id, remaining)
  File "/Users/albertoruizcajiga/python/sis_international/modules/smtp_bot/smtp_bot.py", line 147, in send_emails_smtp
    new_df['status'] = new_df['status'].replace(np.nan,'failed')
                       ~~~~~~^^^^^^^^^^
  File "/Users/albertoruizcajiga/python/sis_international/.venv/lib/python3.11/site-packages/pandas/core/frame.py", line 4113, in __getitem__
    indexer = self.columns.get_loc(key)
              ^^^^^^^^^^^^^^^^^^^^^^^^^
  File "/Users/albertoruizcajiga/python/sis_international/.venv/lib/python3.11/site-packages/pandas/core/indexes/base.py", line 3819, in get_loc
    raise KeyError(key) from err
KeyError: 'status'
INFO: 2026-03-04 10:00:09,006 - STARTING LOOP
INFO: 2026-03-04 10:00:09,007 - Getting blasts quota...
INFO: 2026-03-04 10:00:09,032 - DONE!
WARNING: 2026-03-04 10:00:09,033 - No projects to work on!
INFO: 2026-03-04 10:00:09,033 - FINISHED LOOP

INFO: 2026-03-04 10:00:09,033 - STARTING LOOP
INFO: 2026-03-04 10:00:09,034 - there's no mailmerge list. Skipping for now...
INFO: 2026-03-04 10:00:09,034 - FINISHED LOOP

INFO: 2026-03-04 10:30:42,137 - STARTING LOOP
INFO: 2026-03-04 10:30:42,138 - Getting blasts quota...
INFO: 2026-03-04 10:30:42,140 - DONE!
Error getting project information for 1993743
Traceback (most recent call last):
  File "/Users/albertoruizcajiga/python/sis_international/smtp_worker.py", line 98, in <module>
    create_mm_list()
  File "/Users/albertoruizcajiga/python/sis_international/smtp_worker.py", line 43, in create_mm_list
    message = project_info['Blast Message']
              ~~~~~~~~~~~~^^^^^^^^^^^^^^^^^
TypeError: 'NoneType' object is not subscriptable
INFO: 2026-03-04 11:00:07,912 - STARTING LOOP
INFO: 2026-03-04 11:00:07,913 - Getting blasts quota...
INFO: 2026-03-04 11:00:07,919 - DONE!
Error getting project information for 1993743
Traceback (most recent call last):
  File "/Users/albertoruizcajiga/python/sis_international/smtp_worker.py", line 98, in <module>
    create_mm_list()
  File "/Users/albertoruizcajiga/python/sis_international/smtp_worker.py", line 43, in create_mm_list
    message = project_info['Blast Message']
              ~~~~~~~~~~~~^^^^^^^^^^^^^^^^^
TypeError: 'NoneType' object is not subscriptable
INFO: 2026-03-04 11:04:44,545 - STARTING LOOP
INFO: 2026-03-04 11:04:44,545 - Getting blasts quota...
INFO: 2026-03-04 11:04:44,550 - DONE!
INFO: 2026-03-04 11:04:44,711 - Processing project 1993743 - hcr_gallup_la...
INFO: 2026-03-04 11:04:44,711 - Getting records for Mailmerge...
INFO: 2026-03-04 11:04:44,863 - Got 400 records!
INFO: 2026-03-04 11:04:44,863 - FINISHED LOOP

INFO: 2026-03-04 11:04:44,872 - STARTING LOOP
INFO: 2026-03-04 11:04:44,872 - Sending out mailerge list...
INFO: 2026-03-04 11:11:26,888 - DONE!
INFO: 2026-03-04 11:11:26,890 - FINISHED LOOP

INFO: 2026-03-04 11:30:10,798 - STARTING LOOP
INFO: 2026-03-04 11:30:10,798 - Getting blasts quota...
INFO: 2026-03-04 11:30:10,807 - DONE!
INFO: 2026-03-04 11:30:11,284 - Processing project 1993743 - hcr_gallup_la...
INFO: 2026-03-04 11:30:11,284 - Getting records for Mailmerge...
INFO: 2026-03-04 11:30:11,386 - Got 300 records!
INFO: 2026-03-04 11:30:11,387 - FINISHED LOOP

INFO: 2026-03-04 11:30:11,404 - STARTING LOOP
INFO: 2026-03-04 11:30:11,404 - Sending out mailerge list...
INFO: 2026-03-04 11:37:07,638 - DONE!
INFO: 2026-03-04 11:37:07,646 - FINISHED LOOP


email sent to aealston7@gmail.com
1 sent emails in total

email sent to agechtman7@gmail.com
2 sent emails in total

email sent to alade2762@gmail.com
3 sent emails in total

email sent to alanakirsten@gmail.com
4 sent emails in total

email sent to albertjr0701@gmail.com
5 sent emails in total

email sent to aleshyais@gmail.com
6 sent emails in total

email sent to anamcalleja83@gmail.com
7 sent emails in total

email sent to anastasiaallen27@gmail.com
8 sent emails in total

email sent to anayasmith63@gmail.com
9 sent emails in total

email sent to andrea1721rivera@gmail.com
10 sent emails in total

email sent to angelinealexis1@gmail.com
11 sent emails in total

email sent to anissabasinger@gmail.com
12 sent emails in total

email sent to annas.elgart@gmail.com
13 sent emails in total

email sent to antonettewillis.aw@gmail.com
14 sent emails in total

email sent to apriljoy215@gmail.com
15 sent emails in total

email sent to elyse925@gmail.com
16 sent emails in total

email sent to avivayaghoobia@gmail.com
17 sent emails in total

email sent to darcysilverman@gmail.com
18 sent emails in total

email sent to brianne.bear@gmail.com
19 sent emails in total

email sent to krystal.schwegel@gmail.com
20 sent emails in total

email sent to jblake9@gmail.com
21 sent emails in total

email sent to bajamarie@gmail.com
22 sent emails in total

email sent to brookelynn915@gmail.com
23 sent emails in total

email sent to burgeonbruno@gmail.com
24 sent emails in total

email sent to charmainehamp@gmail.com
25 sent emails in total

email sent to clarke.daniellem@gmail.com
26 sent emails in total

email sent to courtneypmanlove@gmail.com
27 sent emails in total

email sent to dianamrosen@gmail.com
28 sent emails in total

email sent to hannah.k.lewis@gmail.com
29 sent emails in total

email sent to heavymeta@gmail.com
30 sent emails in total

email sent to iamrococo@gmail.com
31 sent emails in total

email sent to carina.rubin@gmail.com
32 sent emails in total

email sent to anna.m.ross7@gmail.com
33 sent emails in total

email sent to aridimatteo@gmail.com
34 sent emails in total

email sent to cdoan92@gmail.com
35 sent emails in total

email sent to chelseaotoole@gmail.com
36 sent emails in total

email sent to courtneydrewlauria@gmail.com
37 sent emails in total

email sent to criselda.valderrama@gmail.com
38 sent emails in total

email sent to deliagaiaglow@gmail.com
39 sent emails in total

email sent to desiree.pakravan@gmail.com
40 sent emails in total

email sent to dianeburrell5@gmail.com
41 sent emails in total

email sent to fifth.cole@gmail.com
42 sent emails in total

email sent to happygal2545@gmail.com
43 sent emails in total

email sent to jessica.mackenzie@gmail.com
44 sent emails in total

email sent to juliamandaville@gmail.com
45 sent emails in total

email sent to julieanndokowicz@gmail.com
46 sent emails in total

email sent to kimberlylekki61@gmail.com
47 sent emails in total

email sent to kristenmcgrath101@gmail.com
48 sent emails in total

email sent to lilyapaz@gmail.com
49 sent emails in total

email sent to nfv963@gmail.com
50 sent emails in total

email sent to olivejasko@gmail.com
51 sent emails in total

email sent to onyankuba@gmail.com
52 sent emails in total

email sent to quipsome@gmail.com
53 sent emails in total

email sent to radzmb@gmail.com
54 sent emails in total

email sent to reginalee123@gmail.com
55 sent emails in total

email sent to schindermania@gmail.com
56 sent emails in total

email sent to shaheensayani@gmail.com
57 sent emails in total

email sent to slhurley65@gmail.com
58 sent emails in total

email sent to sofielebow@gmail.com
59 sent emails in total

email sent to sweetbunkyness@gmail.com
60 sent emails in total

email sent to tay.mccullough@gmail.com
61 sent emails in total

email sent to tinabhenderson@gmail.com
62 sent emails in total

email sent to ucpriya@gmail.com
63 sent emails in total

email sent to victoria.ohanlon@gmail.com
64 sent emails in total

email sent to westwoodgal@gmail.com
65 sent emails in total

email sent to winta.a.mehari@gmail.com
66 sent emails in total

email sent to wlanie906@gmail.com
67 sent emails in total

email sent to zhenmastery@gmail.com
68 sent emails in total

email sent to zzzzzzuzu@gmail.com
69 sent emails in total

email sent to ashleyyusufu@gmail.com
70 sent emails in total

email sent to avaelohim@gmail.com
71 sent emails in total

email sent to dominiquelangerman@gmail.com
72 sent emails in total

email sent to emmazerner@gmail.com
73 sent emails in total

email sent to kellie.infante@gmail.com
74 sent emails in total

email sent to kglembke@gmail.com
75 sent emails in total

email sent to candidkisskiss@gmail.com
76 sent emails in total

email sent to westwoodchic@gmail.com
77 sent emails in total

email sent to anderson.rashida@gmail.com
78 sent emails in total

email sent to colemanpatrice80@gmail.com
79 sent emails in total

email sent to ms.desireelouise@gmail.com
80 sent emails in total

email sent to wrtasreign@gmail.com
81 sent emails in total

email sent to napelaez@gmail.com
82 sent emails in total

email sent to julliemyung@gmail.com
83 sent emails in total

email sent to mecyia.elaine@gmail.com
84 sent emails in total

email sent to dominicanveganmami@gmail.com
85 sent emails in total

email sent to banzonmarigold0@gmail.com
86 sent emails in total

email sent to cameryn.cami@gmail.com
87 sent emails in total

email sent to chiturnermua@gmail.com
88 sent emails in total

email sent to criticalnewyork@gmail.com
89 sent emails in total

email sent to drakeletha@gmail.com
90 sent emails in total

email sent to jessica.resnick21@gmail.com
91 sent emails in total

email sent to jet123.jm@gmail.com
92 sent emails in total

email sent to pattynunez1@gmail.com
93 sent emails in total

email sent to acey.samantha@gmail.com
94 sent emails in total

email sent to baharheydarza@gmail.com
95 sent emails in total

email sent to emilydbeal@gmail.com
96 sent emails in total

email sent to jedijodes@gmail.com
97 sent emails in total

email sent to laurelklynn@gmail.com
98 sent emails in total

email sent to lomalolu@gmail.com
99 sent emails in total

email sent to maha85@gmail.com
100 sent emails in total
INFO: 2026-03-04 12:30:08,670 - STARTING LOOP
INFO: 2026-03-04 12:30:08,670 - Getting blasts quota...
INFO: 2026-03-04 12:30:08,699 - DONE!
INFO: 2026-03-04 12:30:09,298 - Processing project 1993743 - hcr_gallup_la...
INFO: 2026-03-04 12:30:09,298 - Getting records for Mailmerge...
INFO: 2026-03-04 12:30:09,385 - Got 200 records!
INFO: 2026-03-04 12:30:09,385 - FINISHED LOOP

INFO: 2026-03-04 12:30:09,396 - STARTING LOOP
INFO: 2026-03-04 12:30:09,396 - Sending out mailerge list...
INFO: 2026-03-04 12:37:07,275 - DONE!
INFO: 2026-03-04 12:37:07,278 - FINISHED LOOP


email sent to milasuarez627@gmail.com
1 sent emails in total

email sent to natevelyons@gmail.com
2 sent emails in total

email sent to ncy.hdz@gmail.com
3 sent emails in total

email sent to stephanie.wash@gmail.com
4 sent emails in total

email sent to bnahlmark@gmail.com
5 sent emails in total

email sent to cid.cindyy@gmail.com
6 sent emails in total

email sent to gomezyoselina@gmail.com
7 sent emails in total

email sent to higoodgrl@gmail.com
8 sent emails in total

email sent to kelly.skipper@gmail.com
9 sent emails in total

email sent to laurenmay17.s@gmail.com
10 sent emails in total

email sent to lcourtney674@gmail.com
11 sent emails in total

email sent to mariacdidomenico@gmail.com
12 sent emails in total

email sent to melissas1129@gmail.com
13 sent emails in total

email sent to nadiachristinemusic@gmail.com
14 sent emails in total

email sent to nicole.monje550@gmail.com
15 sent emails in total

email sent to nishsals@gmail.com
16 sent emails in total

email sent to rmgarabe@gmail.com
17 sent emails in total

email sent to robynlewisnest@gmail.com
18 sent emails in total

email sent to winningthebrand@gmail.com
19 sent emails in total

email sent to acpoon87@gmail.com
20 sent emails in total

email sent to dianafernandes0103@gmail.com
21 sent emails in total

email sent to emilyyoungllc@gmail.com
22 sent emails in total

email sent to essencecosmetics2012@gmail.com
23 sent emails in total

email sent to estelaeisla@gmail.com
24 sent emails in total

email sent to hannahcho23@gmail.com
25 sent emails in total

email sent to hillarylitherland@gmail.com
26 sent emails in total

email sent to joseph.jasminj@gmail.com
27 sent emails in total

email sent to julieenciso1@gmail.com
28 sent emails in total

email sent to juliettelindmedina@gmail.com
29 sent emails in total

email sent to kash928@gmail.com
30 sent emails in total

email sent to kealicollier@gmail.com
31 sent emails in total

email sent to kimxjane@gmail.com
32 sent emails in total

email sent to lauragbenscoter@gmail.com
33 sent emails in total

email sent to lifeofdietz@gmail.com
34 sent emails in total

email sent to lucyosborne@gmail.com
35 sent emails in total

email sent to maciasd.879@gmail.com
36 sent emails in total

email sent to marcia.watson8@gmail.com
37 sent emails in total

email sent to margsjones99@gmail.com
38 sent emails in total

email sent to marlowamsganz@gmail.com
39 sent emails in total

email sent to millerlaura1128@gmail.com
40 sent emails in total

email sent to nchfow@gmail.com
41 sent emails in total

email sent to nhicks333@gmail.com
42 sent emails in total

email sent to pagal.kimberly@gmail.com
43 sent emails in total

email sent to perezlizz1994@gmail.com
44 sent emails in total

email sent to perroumf@gmail.com
45 sent emails in total

email sent to raechel.downs@gmail.com
46 sent emails in total

email sent to robynschultzcv@gmail.com
47 sent emails in total

email sent to sylvia.ginyard@gmail.com
48 sent emails in total

email sent to ashleymark011@gmail.com
49 sent emails in total

email sent to jazminelondon@gmail.com
50 sent emails in total

email sent to katieckert@gmail.com
51 sent emails in total

email sent to tiffanyeiff@gmail.com
52 sent emails in total

email sent to sherscher85@gmail.com
53 sent emails in total

email sent to stephaniecollins29@gmail.com
54 sent emails in total

email sent to suzanna.kim@gmail.com
55 sent emails in total

email sent to 2qweene@gmail.com
56 sent emails in total

email sent to 9n7a9b1@gmail.com
57 sent emails in total

email sent to angelyz2011@gmail.com
58 sent emails in total

email sent to ashleyshemian@gmail.com
59 sent emails in total

email sent to hania.rouhani@gmail.com
60 sent emails in total

email sent to ukexpat93@gmail.com
61 sent emails in total

email sent to marci2.miller@gmail.com
62 sent emails in total

email sent to susanmcallan6@gmail.com
63 sent emails in total

email sent to damarisong@gmail.com
64 sent emails in total

email sent to mercedez.310@gmail.com
65 sent emails in total

email sent to csavarin1@gmail.com
66 sent emails in total

email sent to hannahbraniganphoto@gmail.com
67 sent emails in total

email sent to isabellacastro2023@gmail.com
68 sent emails in total

email sent to kari.hatfield.7@gmail.com
69 sent emails in total

email sent to mikaylareed2@gmail.com
70 sent emails in total

email sent to katienorthhollywood14@gmail.com
71 sent emails in total

email sent to deborahrombaut@gmail.com
72 sent emails in total

email sent to ysor99@gmail.com
73 sent emails in total

email sent to c.banez86@gmail.com
74 sent emails in total

email sent to m.jones1534@gmail.com
75 sent emails in total

email sent to arevikd7@gmail.com
76 sent emails in total

email sent to momaarts@gmail.com
77 sent emails in total

email sent to lmlluv@gmail.com
78 sent emails in total

email sent to chogood97@gmail.com
79 sent emails in total

email sent to bootske123@gmail.com
80 sent emails in total

email sent to teabrown59@gmail.com
81 sent emails in total

email sent to blackdiamondsmua@gmail.com
82 sent emails in total

email sent to connie.lakers.fan.12@gmail.com
83 sent emails in total

email sent to krromaine@gmail.com
84 sent emails in total

email sent to 52portmart@gmail.com
85 sent emails in total

email sent to candsmoradi@gmail.com
86 sent emails in total

email sent to elysia.whitis6676@gmail.com
87 sent emails in total

email sent to monicawairimu787@gmail.com
88 sent emails in total

email sent to skylarrcollinss@gmail.com
89 sent emails in total

email sent to mslilyeb@gmail.com
90 sent emails in total

email sent to girlskills43@gmail.com
91 sent emails in total

email sent to iamamandawright@gmail.com
92 sent emails in total

email sent to plan2win11@gmail.com
93 sent emails in total

email sent to ms.a.leyva@gmail.com
94 sent emails in total

email sent to lauren.urband@gmail.com
95 sent emails in total

email sent to jaderamsey1@gmail.com
96 sent emails in total

email sent to katherinestaring@gmail.com
97 sent emails in total

email sent to kmacias.specialk.productions@gmail.com
98 sent emails in total

email sent to gina.bauernschmidt@gmail.com
99 sent emails in total
INFO: 2026-03-04 13:00:09,969 - STARTING LOOP
INFO: 2026-03-04 13:00:09,970 - Getting blasts quota...
INFO: 2026-03-04 13:00:09,979 - DONE!
INFO: 2026-03-04 13:00:10,498 - Processing project 1993743 - hcr_gallup_la...
INFO: 2026-03-04 13:00:10,498 - Getting records for Mailmerge...
INFO: 2026-03-04 13:00:10,591 - Got 101 records!
INFO: 2026-03-04 13:00:10,591 - FINISHED LOOP

INFO: 2026-03-04 13:00:10,600 - STARTING LOOP
INFO: 2026-03-04 13:00:10,600 - Sending out mailerge list...
INFO: 2026-03-04 13:06:31,721 - DONE!
INFO: 2026-03-04 13:06:31,723 - FINISHED LOOP


email sent to biancaborris@gmail.com
1 sent emails in total

email sent to hannahskia@gmail.com
2 sent emails in total

email sent to forgetyou6@gmail.com
3 sent emails in total

email sent to leslieellenjones@gmail.com
4 sent emails in total

email sent to nenistar.villatoro@gmail.com
5 sent emails in total

email sent to krimt99@gmail.com
6 sent emails in total

email sent to heather.rstokes@gmail.com
7 sent emails in total

email sent to apanda250@gmail.com
8 sent emails in total

email sent to nvfriedm@gmail.com
9 sent emails in total

email sent to kktrowell@gmail.com
10 sent emails in total

email sent to karla.dq@gmail.com
11 sent emails in total

email sent to kristenleeschmitt@gmail.com
12 sent emails in total

email sent to jzeller923@gmail.com
13 sent emails in total

email sent to jessmeejd@gmail.com
14 sent emails in total

email sent to marina1999@gmail.com
15 sent emails in total

email sent to ilona.runge@gmail.com
16 sent emails in total

email sent to samanthajlarsen@gmail.com
17 sent emails in total

email sent to kristie.do@gmail.com
18 sent emails in total

email sent to eflinn@gmail.com
19 sent emails in total

email sent to wdstrother@gmail.com
20 sent emails in total

email sent to lmquillinan@gmail.com
21 sent emails in total

email sent to colsen2004@gmail.com
22 sent emails in total

email sent to mktimme@gmail.com
23 sent emails in total

email sent to stephanievarlotta@gmail.com
24 sent emails in total

email sent to minorkaty@gmail.com
25 sent emails in total

email sent to jenmarie.odonnell@gmail.com
26 sent emails in total

email sent to anacarov725@gmail.com
27 sent emails in total

email sent to maliajones@gmail.com
28 sent emails in total

email sent to lmerlin82@gmail.com
29 sent emails in total

email sent to lvarzideh@gmail.com
30 sent emails in total

email sent to jennyh601@gmail.com
31 sent emails in total

email sent to hoffmann.lori@gmail.com
32 sent emails in total

email sent to oktober1070@gmail.com
33 sent emails in total

email sent to eliana.saenz@gmail.com
34 sent emails in total

email sent to ms.k.mckay@gmail.com
35 sent emails in total

email sent to snootsgirl@gmail.com
36 sent emails in total

email sent to heather.leigh.green@gmail.com
37 sent emails in total

email sent to startrelle@gmail.com
38 sent emails in total

email sent to melissalui327@gmail.com
39 sent emails in total

email sent to swander.aubrey@gmail.com
40 sent emails in total

email sent to felizmcinnis@gmail.com
41 sent emails in total

email sent to jenniferalexa@gmail.com
42 sent emails in total

email sent to thisisjovanna@gmail.com
43 sent emails in total

email sent to britt.t.kelly@gmail.com
44 sent emails in total

email sent to ckershek@gmail.com
45 sent emails in total

email sent to shannon3green@gmail.com
46 sent emails in total

email sent to clairewoolner@gmail.com
47 sent emails in total

email sent to cshell442@gmail.com
48 sent emails in total

email sent to noauxiliary@gmail.com
49 sent emails in total

email sent to destinationtofab@gmail.com
50 sent emails in total

email sent to jennifer90077@gmail.com
51 sent emails in total

email sent to karena.kc@gmail.com
52 sent emails in total

email sent to modelsolshop@gmail.com
53 sent emails in total

email sent to minaa1999@gmail.com
54 sent emails in total

email sent to ehumble1@gmail.com
55 sent emails in total

email sent to catmaryzebra@gmail.com
56 sent emails in total

email sent to rachel.b.myers@gmail.com
57 sent emails in total

email sent to lburstein@gmail.com
58 sent emails in total

email sent to lizmanzini@gmail.com
59 sent emails in total

email sent to selenaleong@gmail.com
60 sent emails in total

email sent to kanderson6389@gmail.com
61 sent emails in total

email sent to mlgattuso@gmail.com
62 sent emails in total

email sent to cyniquejayda@gmail.com
63 sent emails in total

email sent to jrg5223@gmail.com
64 sent emails in total

email sent to barbarayniguez@gmail.com
65 sent emails in total

email sent to lindsaygrichardson@gmail.com
66 sent emails in total

email sent to veronicavolz185@gmail.com
67 sent emails in total

email sent to sosaamber1@gmail.com
68 sent emails in total

email sent to mmmcgm444@gmail.com
69 sent emails in total

email sent to isthisart@gmail.com
70 sent emails in total

email sent to qiyamahn@gmail.com
71 sent emails in total

email sent to pinkroses4gg@gmail.com
72 sent emails in total

email sent to maggiepulley@gmail.com
73 sent emails in total

email sent to carlimharris@gmail.com
74 sent emails in total

email sent to bradleton76640@gmail.com
75 sent emails in total

email sent to carlaworkdetail@gmail.com
76 sent emails in total

email sent to brandiboyd@gmail.com
77 sent emails in total

email sent to somersetalexia3@gmail.com
78 sent emails in total

email sent to archishadatta@gmail.com
79 sent emails in total

email sent to leishay.bachler@gmail.com
80 sent emails in total

email sent to seantjacksonjr@gmail.com
81 sent emails in total

email sent to cherissegray@gmail.com
82 sent emails in total

email sent to gorgeousjade43@gmail.com
83 sent emails in total

email sent to rosario.melissa@gmail.com
84 sent emails in total

email sent to shelbysinoway@gmail.com
85 sent emails in total

email sent to jess.simington@gmail.com
86 sent emails in total

email sent to sknepp1@gmail.com
87 sent emails in total

email sent to katteez42@gmail.com
88 sent emails in total

email sent to angelicafrye13@gmail.com
89 sent emails in total

email sent to 0623cristina@gmail.com
90 sent emails in total

email sent to jbrowne188@gmail.com
91 sent emails in total

email sent to mawy30@gmail.com
92 sent emails in total

email sent to astha.malik1@gmail.com
93 sent emails in total

email sent to lisa.araque@gmail.com
94 sent emails in total

email sent to missdcummings@gmail.com
95 sent emails in total

email sent to lisabkim.lk@gmail.com
96 sent emails in total

email sent to thebottlemodel@gmail.com
97 sent emails in total

email sent to ashleym.coloniallife@gmail.com
98 sent emails in total

email sent to ssteen25@gmail.com
99 sent emails in total
INFO: 2026-03-04 13:30:17,064 - STARTING LOOP
INFO: 2026-03-04 13:30:17,064 - Getting blasts quota...
INFO: 2026-03-04 13:30:17,080 - DONE!
INFO: 2026-03-04 13:30:17,500 - Processing project 1993743 - hcr_gallup_la...
INFO: 2026-03-04 13:30:17,500 - Getting records for Mailmerge...
INFO: 2026-03-04 13:30:17,527 - Got 2 records!
INFO: 2026-03-04 13:30:17,527 - FINISHED LOOP

INFO: 2026-03-04 13:30:17,529 - STARTING LOOP
INFO: 2026-03-04 13:30:17,529 - Sending out mailerge list...
Traceback (most recent call last):
  File "/Users/albertoruizcajiga/python/sis_international/smtp_worker.py", line 99, in <module>
    send_out_mm_list()
  File "/Users/albertoruizcajiga/python/sis_international/smtp_worker.py", line 81, in send_out_mm_list
    hourly_remaining = data[4] - data[6]
                       ~~~~^^^
TypeError: 'NoneType' object is not subscriptable
INFO: 2026-03-04 14:00:07,455 - STARTING LOOP
INFO: 2026-03-04 14:00:07,455 - Getting blasts quota...
INFO: 2026-03-04 14:00:07,469 - DONE!
INFO: 2026-03-04 14:00:07,942 - Processing project 1993743 - hcr_gallup_la...
INFO: 2026-03-04 14:00:07,942 - Getting records for Mailmerge...
INFO: 2026-03-04 14:00:07,946 - Got 2 records!
INFO: 2026-03-04 14:00:07,946 - FINISHED LOOP

INFO: 2026-03-04 14:00:07,950 - STARTING LOOP
INFO: 2026-03-04 14:00:07,950 - Sending out mailerge list...
Traceback (most recent call last):
  File "/Users/albertoruizcajiga/python/sis_international/smtp_worker.py", line 99, in <module>
    send_out_mm_list()
  File "/Users/albertoruizcajiga/python/sis_international/smtp_worker.py", line 81, in send_out_mm_list
    hourly_remaining = data[4] - data[6]
                       ~~~~^^^
TypeError: 'NoneType' object is not subscriptable
INFO: 2026-03-04 14:30:09,123 - STARTING LOOP
INFO: 2026-03-04 14:30:09,124 - Getting blasts quota...
INFO: 2026-03-04 14:30:09,132 - DONE!
INFO: 2026-03-04 14:30:09,620 - Processing project 1993743 - hcr_gallup_la...
INFO: 2026-03-04 14:30:09,620 - Getting records for Mailmerge...
INFO: 2026-03-04 14:30:09,645 - Got 2 records!
INFO: 2026-03-04 14:30:09,646 - FINISHED LOOP

INFO: 2026-03-04 14:30:09,648 - STARTING LOOP
INFO: 2026-03-04 14:30:09,648 - Sending out mailerge list...
Traceback (most recent call last):
  File "/Users/albertoruizcajiga/python/sis_international/smtp_worker.py", line 99, in <module>
    send_out_mm_list()
  File "/Users/albertoruizcajiga/python/sis_international/smtp_worker.py", line 81, in send_out_mm_list
    hourly_remaining = data[4] - data[6]
                       ~~~~^^^
TypeError: 'NoneType' object is not subscriptable
INFO: 2026-03-04 15:01:49,631 - STARTING LOOP
INFO: 2026-03-04 15:01:49,632 - Getting blasts quota...
INFO: 2026-03-04 15:01:49,640 - DONE!
INFO: 2026-03-04 15:01:50,377 - Processing project 1993743 - hcr_gallup_la...
INFO: 2026-03-04 15:01:50,378 - Getting records for Mailmerge...
INFO: 2026-03-04 15:01:50,528 - Got 2 records!
INFO: 2026-03-04 15:01:50,529 - FINISHED LOOP

INFO: 2026-03-04 15:01:50,530 - STARTING LOOP
INFO: 2026-03-04 15:01:50,530 - Sending out mailerge list...
Traceback (most recent call last):
  File "/Users/albertoruizcajiga/python/sis_international/smtp_worker.py", line 99, in <module>
    send_out_mm_list()
  File "/Users/albertoruizcajiga/python/sis_international/smtp_worker.py", line 81, in send_out_mm_list
    hourly_remaining = data[4] - data[6]
                       ~~~~^^^
TypeError: 'NoneType' object is not subscriptable
INFO: 2026-03-04 15:30:08,616 - STARTING LOOP
INFO: 2026-03-04 15:30:08,624 - Getting blasts quota...
INFO: 2026-03-04 15:30:08,722 - DONE!
INFO: 2026-03-04 15:30:09,108 - Processing project 1993743 - hcr_gallup_la...
INFO: 2026-03-04 15:30:09,108 - Getting records for Mailmerge...
INFO: 2026-03-04 15:30:09,242 - Got 2 records!
INFO: 2026-03-04 15:30:09,243 - FINISHED LOOP

INFO: 2026-03-04 15:30:09,245 - STARTING LOOP
INFO: 2026-03-04 15:30:09,245 - Sending out mailerge list...
Traceback (most recent call last):
  File "/Users/albertoruizcajiga/python/sis_international/smtp_worker.py", line 99, in <module>
    send_out_mm_list()
  File "/Users/albertoruizcajiga/python/sis_international/smtp_worker.py", line 81, in send_out_mm_list
    hourly_remaining = data[4] - data[6]
                       ~~~~^^^
TypeError: 'NoneType' object is not subscriptable
INFO: 2026-03-04 16:00:10,080 - STARTING LOOP
INFO: 2026-03-04 16:00:10,081 - Getting blasts quota...
INFO: 2026-03-04 16:00:10,088 - DONE!
INFO: 2026-03-04 16:00:10,649 - Processing project 1993743 - hcr_gallup_la...
INFO: 2026-03-04 16:00:10,649 - Getting records for Mailmerge...
INFO: 2026-03-04 16:00:10,865 - Got 2 records!
INFO: 2026-03-04 16:00:10,865 - FINISHED LOOP

INFO: 2026-03-04 16:00:10,867 - STARTING LOOP
INFO: 2026-03-04 16:00:10,867 - Sending out mailerge list...
Traceback (most recent call last):
  File "/Users/albertoruizcajiga/python/sis_international/smtp_worker.py", line 99, in <module>
    send_out_mm_list()
  File "/Users/albertoruizcajiga/python/sis_international/smtp_worker.py", line 81, in send_out_mm_list
    hourly_remaining = data[4] - data[6]
                       ~~~~^^^
TypeError: 'NoneType' object is not subscriptable
INFO: 2026-03-04 16:33:32,546 - STARTING LOOP
INFO: 2026-03-04 16:33:32,547 - Getting blasts quota...
INFO: 2026-03-04 16:33:32,554 - DONE!
INFO: 2026-03-04 16:33:33,024 - Processing project 1993743 - hcr_gallup_la...
INFO: 2026-03-04 16:33:33,025 - Getting records for Mailmerge...
INFO: 2026-03-04 16:33:33,152 - Got 2 records!
INFO: 2026-03-04 16:33:33,153 - FINISHED LOOP

INFO: 2026-03-04 16:33:33,155 - STARTING LOOP
INFO: 2026-03-04 16:33:33,155 - Sending out mailerge list...
Traceback (most recent call last):
  File "/Users/albertoruizcajiga/python/sis_international/smtp_worker.py", line 99, in <module>
    send_out_mm_list()
  File "/Users/albertoruizcajiga/python/sis_international/smtp_worker.py", line 81, in send_out_mm_list
    hourly_remaining = data[4] - data[6]
                       ~~~~^^^
TypeError: 'NoneType' object is not subscriptable
INFO: 2026-03-04 17:00:08,698 - STARTING LOOP
INFO: 2026-03-04 17:00:08,700 - Getting blasts quota...
INFO: 2026-03-04 17:00:08,712 - DONE!
INFO: 2026-03-04 17:00:09,250 - Processing project 1993743 - hcr_gallup_la...
INFO: 2026-03-04 17:00:09,250 - Getting records for Mailmerge...
INFO: 2026-03-04 17:00:09,382 - Got 2 records!
INFO: 2026-03-04 17:00:09,382 - FINISHED LOOP

INFO: 2026-03-04 17:00:09,384 - STARTING LOOP
INFO: 2026-03-04 17:00:09,384 - Sending out mailerge list...
Traceback (most recent call last):
  File "/Users/albertoruizcajiga/python/sis_international/smtp_worker.py", line 99, in <module>
    send_out_mm_list()
  File "/Users/albertoruizcajiga/python/sis_international/smtp_worker.py", line 81, in send_out_mm_list
    hourly_remaining = data[4] - data[6]
                       ~~~~^^^
TypeError: 'NoneType' object is not subscriptable
INFO: 2026-03-04 18:00:05,196 - STARTING LOOP
INFO: 2026-03-04 18:00:05,197 - Getting blasts quota...
INFO: 2026-03-04 18:00:05,199 - DONE!
WARNING: 2026-03-04 18:00:05,200 - No projects to work on!
INFO: 2026-03-04 18:00:05,200 - FINISHED LOOP

INFO: 2026-03-04 18:00:05,200 - STARTING LOOP
INFO: 2026-03-04 18:00:05,200 - Sending out mailerge list...
Traceback (most recent call last):
  File "/Users/albertoruizcajiga/python/sis_international/modules/smtp_bot/smtp_bot.py", line 130, in send_emails_smtp
    update_project_recruits_last_mm_sent(mail['project_id'], mail['id'])
                                         ~~~~^^^^^^^^^^^^^^
KeyError: 'project_id'

During handling of the above exception, another exception occurred:

Traceback (most recent call last):
  File "/Users/albertoruizcajiga/python/sis_international/.venv/lib/python3.11/site-packages/pandas/core/indexes/base.py", line 3812, in get_loc
    return self._engine.get_loc(casted_key)
           ^^^^^^^^^^^^^^^^^^^^^^^^^^^^^^^^
  File "pandas/_libs/index.pyx", line 167, in pandas._libs.index.IndexEngine.get_loc
  File "pandas/_libs/index.pyx", line 196, in pandas._libs.index.IndexEngine.get_loc
  File "pandas/_libs/hashtable_class_helper.pxi", line 7088, in pandas._libs.hashtable.PyObjectHashTable.get_item
  File "pandas/_libs/hashtable_class_helper.pxi", line 7096, in pandas._libs.hashtable.PyObjectHashTable.get_item
KeyError: 'status'

The above exception was the direct cause of the following exception:

Traceback (most recent call last):
  File "/Users/albertoruizcajiga/python/sis_international/smtp_worker.py", line 99, in <module>
    send_out_mm_list()
  File "/Users/albertoruizcajiga/python/sis_international/smtp_worker.py", line 89, in send_out_mm_list
    handler.send_emails_smtp(email_id, remaining)
  File "/Users/albertoruizcajiga/python/sis_international/modules/smtp_bot/smtp_bot.py", line 147, in send_emails_smtp
    new_df['status'] = new_df['status'].replace(np.nan,'failed')
                       ~~~~~~^^^^^^^^^^
  File "/Users/albertoruizcajiga/python/sis_international/.venv/lib/python3.11/site-packages/pandas/core/frame.py", line 4113, in __getitem__
    indexer = self.columns.get_loc(key)
              ^^^^^^^^^^^^^^^^^^^^^^^^^
  File "/Users/albertoruizcajiga/python/sis_international/.venv/lib/python3.11/site-packages/pandas/core/indexes/base.py", line 3819, in get_loc
    raise KeyError(key) from err
KeyError: 'status'
INFO: 2026-03-04 19:09:17,566 - STARTING LOOP
INFO: 2026-03-04 19:09:17,566 - Getting blasts quota...
INFO: 2026-03-04 19:09:17,579 - DONE!
WARNING: 2026-03-04 19:09:17,579 - No projects to work on!
INFO: 2026-03-04 19:09:17,579 - FINISHED LOOP

INFO: 2026-03-04 19:09:17,580 - STARTING LOOP
INFO: 2026-03-04 19:09:17,580 - there's no mailmerge list. Skipping for now...
INFO: 2026-03-04 19:09:17,580 - FINISHED LOOP

INFO: 2026-03-04 20:00:09,402 - STARTING LOOP
INFO: 2026-03-04 20:00:09,403 - Getting blasts quota...
INFO: 2026-03-04 20:00:09,412 - DONE!
WARNING: 2026-03-04 20:00:09,412 - No projects to work on!
INFO: 2026-03-04 20:00:09,412 - FINISHED LOOP

INFO: 2026-03-04 20:00:09,412 - STARTING LOOP
INFO: 2026-03-04 20:00:09,413 - there's no mailmerge list. Skipping for now...
INFO: 2026-03-04 20:00:09,413 - FINISHED LOOP

INFO: 2026-03-04 20:30:11,516 - STARTING LOOP
INFO: 2026-03-04 20:30:11,516 - Getting blasts quota...
INFO: 2026-03-04 20:30:11,536 - DONE!
WARNING: 2026-03-04 20:30:11,536 - No projects to work on!
INFO: 2026-03-04 20:30:11,537 - FINISHED LOOP

INFO: 2026-03-04 20:30:11,537 - STARTING LOOP
INFO: 2026-03-04 20:30:11,544 - there's no mailmerge list. Skipping for now...
INFO: 2026-03-04 20:30:11,544 - FINISHED LOOP

INFO: 2026-03-04 21:30:08,762 - STARTING LOOP
INFO: 2026-03-04 21:30:08,762 - Getting blasts quota...
INFO: 2026-03-04 21:30:08,770 - DONE!
WARNING: 2026-03-04 21:30:08,770 - No projects to work on!
INFO: 2026-03-04 21:30:08,770 - FINISHED LOOP

INFO: 2026-03-04 21:30:08,771 - STARTING LOOP
INFO: 2026-03-04 21:30:08,771 - there's no mailmerge list. Skipping for now...
INFO: 2026-03-04 21:30:08,771 - FINISHED LOOP

INFO: 2026-03-04 22:00:38,641 - STARTING LOOP
INFO: 2026-03-04 22:00:38,641 - Getting blasts quota...
INFO: 2026-03-04 22:00:38,648 - DONE!
WARNING: 2026-03-04 22:00:38,648 - No projects to work on!
INFO: 2026-03-04 22:00:38,649 - FINISHED LOOP

INFO: 2026-03-04 22:00:38,649 - STARTING LOOP
INFO: 2026-03-04 22:00:38,649 - there's no mailmerge list. Skipping for now...
INFO: 2026-03-04 22:00:38,649 - FINISHED LOOP

INFO: 2026-03-05 06:37:06,819 - STARTING LOOP
INFO: 2026-03-05 06:37:06,819 - Getting blasts quota...
INFO: 2026-03-05 06:37:06,827 - DONE!
WARNING: 2026-03-05 06:37:06,828 - No projects to work on!
INFO: 2026-03-05 06:37:06,828 - FINISHED LOOP

INFO: 2026-03-05 06:37:06,828 - STARTING LOOP
INFO: 2026-03-05 06:37:06,828 - there's no mailmerge list. Skipping for now...
INFO: 2026-03-05 06:37:06,828 - FINISHED LOOP

INFO: 2026-03-05 07:04:37,137 - STARTING LOOP
INFO: 2026-03-05 07:04:37,137 - Getting blasts quota...
INFO: 2026-03-05 07:04:37,153 - DONE!
WARNING: 2026-03-05 07:04:37,153 - No projects to work on!
INFO: 2026-03-05 07:04:37,153 - FINISHED LOOP

INFO: 2026-03-05 07:04:37,154 - STARTING LOOP
INFO: 2026-03-05 07:04:37,154 - there's no mailmerge list. Skipping for now...
INFO: 2026-03-05 07:04:37,154 - FINISHED LOOP

INFO: 2026-03-05 07:30:34,210 - STARTING LOOP
INFO: 2026-03-05 07:30:34,211 - Getting blasts quota...
INFO: 2026-03-05 07:30:34,216 - DONE!
WARNING: 2026-03-05 07:30:34,216 - No projects to work on!
INFO: 2026-03-05 07:30:34,217 - FINISHED LOOP

INFO: 2026-03-05 07:30:34,217 - STARTING LOOP
INFO: 2026-03-05 07:30:34,217 - there's no mailmerge list. Skipping for now...
INFO: 2026-03-05 07:30:34,217 - FINISHED LOOP

INFO: 2026-03-05 08:00:08,670 - STARTING LOOP
INFO: 2026-03-05 08:00:08,670 - Getting blasts quota...
INFO: 2026-03-05 08:00:08,686 - DONE!
WARNING: 2026-03-05 08:00:08,687 - No projects to work on!
INFO: 2026-03-05 08:00:08,687 - FINISHED LOOP

INFO: 2026-03-05 08:00:08,687 - STARTING LOOP
INFO: 2026-03-05 08:00:08,687 - there's no mailmerge list. Skipping for now...
INFO: 2026-03-05 08:00:08,688 - FINISHED LOOP

INFO: 2026-03-05 08:30:08,030 - STARTING LOOP
INFO: 2026-03-05 08:30:08,030 - Getting blasts quota...
INFO: 2026-03-05 08:30:08,047 - DONE!
WARNING: 2026-03-05 08:30:08,047 - No projects to work on!
INFO: 2026-03-05 08:30:08,047 - FINISHED LOOP

INFO: 2026-03-05 08:30:08,047 - STARTING LOOP
INFO: 2026-03-05 08:30:08,048 - there's no mailmerge list. Skipping for now...
INFO: 2026-03-05 08:30:08,048 - FINISHED LOOP

INFO: 2026-03-05 09:00:08,026 - STARTING LOOP
INFO: 2026-03-05 09:00:08,026 - Getting blasts quota...
INFO: 2026-03-05 09:00:08,042 - DONE!
WARNING: 2026-03-05 09:00:08,042 - No projects to work on!
INFO: 2026-03-05 09:00:08,042 - FINISHED LOOP

INFO: 2026-03-05 09:00:08,042 - STARTING LOOP
INFO: 2026-03-05 09:00:08,043 - there's no mailmerge list. Skipping for now...
INFO: 2026-03-05 09:00:08,043 - FINISHED LOOP

INFO: 2026-03-05 09:30:07,325 - STARTING LOOP
INFO: 2026-03-05 09:30:07,325 - Getting blasts quota...
INFO: 2026-03-05 09:30:07,333 - DONE!
WARNING: 2026-03-05 09:30:07,333 - No projects to work on!
INFO: 2026-03-05 09:30:07,333 - FINISHED LOOP

INFO: 2026-03-05 09:30:07,333 - STARTING LOOP
INFO: 2026-03-05 09:30:07,334 - there's no mailmerge list. Skipping for now...
INFO: 2026-03-05 09:30:07,334 - FINISHED LOOP

INFO: 2026-03-05 10:00:08,825 - STARTING LOOP
INFO: 2026-03-05 10:00:08,826 - Getting blasts quota...
INFO: 2026-03-05 10:00:08,839 - DONE!
WARNING: 2026-03-05 10:00:08,839 - No projects to work on!
INFO: 2026-03-05 10:00:08,839 - FINISHED LOOP

INFO: 2026-03-05 10:00:08,839 - STARTING LOOP
INFO: 2026-03-05 10:00:08,840 - there's no mailmerge list. Skipping for now...
INFO: 2026-03-05 10:00:08,840 - FINISHED LOOP

INFO: 2026-03-05 10:30:09,588 - STARTING LOOP
INFO: 2026-03-05 10:30:09,594 - Getting blasts quota...
INFO: 2026-03-05 10:30:09,603 - DONE!
WARNING: 2026-03-05 10:30:09,603 - No projects to work on!
INFO: 2026-03-05 10:30:09,603 - FINISHED LOOP

INFO: 2026-03-05 10:30:09,603 - STARTING LOOP
INFO: 2026-03-05 10:30:09,603 - there's no mailmerge list. Skipping for now...
INFO: 2026-03-05 10:30:09,604 - FINISHED LOOP

INFO: 2026-03-05 10:43:15,070 - STARTING LOOP
INFO: 2026-03-05 10:43:15,070 - Getting blasts quota...
INFO: 2026-03-05 10:43:15,076 - DONE!
INFO: 2026-03-05 10:43:15,459 - Processing project 1993743 - hcr_gallup_la...
INFO: 2026-03-05 10:43:15,460 - Getting records for Mailmerge...
INFO: 2026-03-05 10:43:15,624 - Got 400 records!
INFO: 2026-03-05 10:43:15,624 - FINISHED LOOP

INFO: 2026-03-05 10:43:15,634 - STARTING LOOP
INFO: 2026-03-05 10:43:15,634 - Sending out mailerge list...
INFO: 2026-03-05 10:45:48,013 - STARTING LOOP
INFO: 2026-03-05 10:45:48,013 - Getting blasts quota...
INFO: 2026-03-05 10:45:48,017 - DONE!
INFO: 2026-03-05 10:45:48,190 - Processing project 1993743 - hcr_gallup_la...
INFO: 2026-03-05 10:45:48,190 - Getting records for Mailmerge...
INFO: 2026-03-05 10:45:48,351 - Got 371 records!
INFO: 2026-03-05 10:45:48,351 - FINISHED LOOP

INFO: 2026-03-05 10:45:48,361 - STARTING LOOP
INFO: 2026-03-05 10:45:48,361 - Sending out mailerge list...
INFO: 2026-03-05 10:52:50,258 - DONE!
INFO: 2026-03-05 10:52:50,260 - FINISHED LOOP

INFO: 2026-03-05 11:00:12,158 - STARTING LOOP
INFO: 2026-03-05 11:00:12,158 - Getting blasts quota...
INFO: 2026-03-05 11:00:12,170 - DONE!
INFO: 2026-03-05 11:00:12,680 - Processing project 1993743 - hcr_gallup_la...
INFO: 2026-03-05 11:00:12,680 - Getting records for Mailmerge...
INFO: 2026-03-05 11:00:12,957 - Got 271 records!
INFO: 2026-03-05 11:00:12,957 - FINISHED LOOP

INFO: 2026-03-05 11:00:12,974 - STARTING LOOP
INFO: 2026-03-05 11:00:12,974 - Sending out mailerge list...
Traceback (most recent call last):
  File "/Users/albertoruizcajiga/python/sis_international/modules/smtp_bot/smtp_bot.py", line 129, in send_emails_smtp
    update_smtp_counters(email_id)
  File "/Users/albertoruizcajiga/python/sis_international/modules/database/database.py", line 809, in update_smtp_counters
    cursor.execute(query, (account_id,))
sqlite3.OperationalError: database is locked

During handling of the above exception, another exception occurred:

Traceback (most recent call last):
  File "/Users/albertoruizcajiga/python/sis_international/.venv/lib/python3.11/site-packages/pandas/core/indexes/base.py", line 3812, in get_loc
    return self._engine.get_loc(casted_key)
           ^^^^^^^^^^^^^^^^^^^^^^^^^^^^^^^^
  File "pandas/_libs/index.pyx", line 167, in pandas._libs.index.IndexEngine.get_loc
  File "pandas/_libs/index.pyx", line 196, in pandas._libs.index.IndexEngine.get_loc
  File "pandas/_libs/hashtable_class_helper.pxi", line 7088, in pandas._libs.hashtable.PyObjectHashTable.get_item
  File "pandas/_libs/hashtable_class_helper.pxi", line 7096, in pandas._libs.hashtable.PyObjectHashTable.get_item
KeyError: 'status'

The above exception was the direct cause of the following exception:

Traceback (most recent call last):
  File "/Users/albertoruizcajiga/python/sis_international/smtp_worker.py", line 99, in <module>
    send_out_mm_list()
  File "/Users/albertoruizcajiga/python/sis_international/smtp_worker.py", line 89, in send_out_mm_list
    handler.send_emails_smtp(email_id, remaining)
  File "/Users/albertoruizcajiga/python/sis_international/modules/smtp_bot/smtp_bot.py", line 147, in send_emails_smtp
    new_df['status'] = new_df['status'].replace(np.nan,'failed')
                       ~~~~~~^^^^^^^^^^
  File "/Users/albertoruizcajiga/python/sis_international/.venv/lib/python3.11/site-packages/pandas/core/frame.py", line 4113, in __getitem__
    indexer = self.columns.get_loc(key)
              ^^^^^^^^^^^^^^^^^^^^^^^^^
  File "/Users/albertoruizcajiga/python/sis_international/.venv/lib/python3.11/site-packages/pandas/core/indexes/base.py", line 3819, in get_loc
    raise KeyError(key) from err
KeyError: 'status'
INFO: 2026-03-05 11:30:10,845 - STARTING LOOP
INFO: 2026-03-05 11:30:10,846 - Getting blasts quota...
INFO: 2026-03-05 11:30:10,880 - DONE!
INFO: 2026-03-05 11:30:11,406 - Processing project 1993743 - hcr_gallup_la...
INFO: 2026-03-05 11:30:11,406 - Getting records for Mailmerge...
INFO: 2026-03-05 11:30:11,557 - Got 271 records!
INFO: 2026-03-05 11:30:11,557 - FINISHED LOOP

INFO: 2026-03-05 11:30:11,581 - STARTING LOOP
INFO: 2026-03-05 11:30:11,582 - Sending out mailerge list...
INFO: 2026-03-05 11:35:15,450 - DONE!
INFO: 2026-03-05 11:35:15,451 - FINISHED LOOP


email sent to kath3925@gmail.com
1 sent emails in total

email sent to olivia.a.kaplan@gmail.com
2 sent emails in total

email sent to liquidlatex213@gmail.com
3 sent emails in total

email sent to silbitente@gmail.com
4 sent emails in total

email sent to myishiacb@gmail.com
5 sent emails in total

email sent to ezsarah93@gmail.com
6 sent emails in total

email sent to carrillo1952@gmail.com
7 sent emails in total

email sent to tangruoyun44@gmail.com
8 sent emails in total

email sent to melsimp2000@gmail.com
9 sent emails in total

email sent to ajpeaches444@gmail.com
10 sent emails in total

email sent to marinovoa@gmail.com
11 sent emails in total

email sent to koko03032023@gmail.com
12 sent emails in total

email sent to ariana.rodriguez08@gmail.com
13 sent emails in total

email sent to bkk73032@gmail.com
14 sent emails in total

email sent to apham126@gmail.com
15 sent emails in total

email sent to monicaramirez5418@gmail.com
16 sent emails in total

email sent to sageexperience@gmail.com
17 sent emails in total

email sent to doublelnla@gmail.com
18 sent emails in total

email sent to lanewoods864@gmail.com
19 sent emails in total

email sent to daniellapaige88@gmail.com
20 sent emails in total

email sent to tuesjayxxx@gmail.com
21 sent emails in total

email sent to chyreneelove@gmail.com
22 sent emails in total

email sent to leah.duenas@gmail.com
23 sent emails in total

email sent to raynalynnchacon@gmail.com
24 sent emails in total

email sent to holmesdianeroseanna@gmail.com
25 sent emails in total

email sent to nclabban@gmail.com
26 sent emails in total

email sent to nahalg117@gmail.com
27 sent emails in total

email sent to nalbrecht107@gmail.com
28 sent emails in total

email sent to tessamarielydic@gmail.com
29 sent emails in total

email sent to amygilbertdesign@gmail.com
30 sent emails in total

email sent to tandrale@gmail.com
31 sent emails in total

email sent to danibaustin@gmail.com
32 sent emails in total

email sent to naparikh89@gmail.com
33 sent emails in total

email sent to dawngroupon1@gmail.com
34 sent emails in total

email sent to rosenberg.ser@gmail.com
35 sent emails in total

email sent to gowri.v.chandra@gmail.com
36 sent emails in total

email sent to wgrant312@gmail.com
37 sent emails in total

email sent to westwoodoll@gmail.com
38 sent emails in total

email sent to titus528@gmail.com
39 sent emails in total

email sent to chelseabailey310@gmail.com
40 sent emails in total

email sent to kh21095@gmail.com
41 sent emails in total

email sent to ashleywarrendesign@gmail.com
42 sent emails in total

email sent to ashlinngraywork@gmail.com
43 sent emails in total

email sent to kristinagerber1987@gmail.com
44 sent emails in total

email sent to dmlv717@gmail.com
45 sent emails in total

email sent to angieengelbert@gmail.com
46 sent emails in total

email sent to ksgibbens@gmail.com
47 sent emails in total

email sent to coespi@gmail.com
48 sent emails in total

email sent to jennifer.cl.ho@gmail.com
49 sent emails in total

email sent to ilka.szaktilla@gmail.com
50 sent emails in total

email sent to genamolson@gmail.com
51 sent emails in total

email sent to krswells@gmail.com
52 sent emails in total

email sent to junkogoda@gmail.com
53 sent emails in total

email sent to er.azuma@gmail.com
54 sent emails in total

email sent to harakiami@gmail.com
55 sent emails in total

email sent to miyukiart@gmail.com
56 sent emails in total

email sent to shigumikami@gmail.com
57 sent emails in total

email sent to sareenakanji@gmail.com
58 sent emails in total

email sent to sadshrimp@gmail.com
59 sent emails in total

email sent to juengainlatrice5@gmail.com
60 sent emails in total

email sent to cake312003@gmail.com
61 sent emails in total

email sent to rita4real2099@gmail.com
62 sent emails in total

email sent to stevensjeniffer1@gmail.com
63 sent emails in total

email sent to lisabwhitney@gmail.com
64 sent emails in total

email sent to leahmsam@gmail.com
65 sent emails in total

email sent to krissyvlk@gmail.com
66 sent emails in total

email sent to cj9088119@gmail.com
67 sent emails in total

email sent to sammiross20@gmail.com
68 sent emails in total

email sent to mariagarcia100296@gmail.com
69 sent emails in total

email sent to carolinawsaverin@gmail.com
70 sent emails in total

email sent to jazmine.reyes.rivera@gmail.com
71 sent emails in total
INFO: 2026-03-05 12:00:08,805 - STARTING LOOP
INFO: 2026-03-05 12:00:08,807 - Getting blasts quota...
INFO: 2026-03-05 12:00:08,839 - DONE!
INFO: 2026-03-05 12:00:09,308 - Processing project 1993743 - hcr_gallup_la...
INFO: 2026-03-05 12:00:09,308 - Getting records for Mailmerge...
INFO: 2026-03-05 12:00:09,457 - Got 200 records!
INFO: 2026-03-05 12:00:09,457 - FINISHED LOOP

INFO: 2026-03-05 12:00:09,473 - STARTING LOOP
INFO: 2026-03-05 12:00:09,473 - Sending out mailerge list...
INFO: 2026-03-05 12:06:31,857 - DONE!
INFO: 2026-03-05 12:06:31,858 - FINISHED LOOP


email sent to mktalent1@gmail.com
1 sent emails in total

email sent to meganbesecker@gmail.com
2 sent emails in total

email sent to sabrina.korman@gmail.com
3 sent emails in total

email sent to lfoster1048@gmail.com
4 sent emails in total

email sent to brittbritt8824@gmail.com
5 sent emails in total

email sent to mikenzyryans@gmail.com
6 sent emails in total

email sent to heartfilledangell22@gmail.com
7 sent emails in total

email sent to cwallscr8s@gmail.com
8 sent emails in total

email sent to farrah.kassam@gmail.com
9 sent emails in total

email sent to jjt2104@gmail.com
10 sent emails in total

email sent to kristenmkelly84@gmail.com
11 sent emails in total

email sent to cara0808@gmail.com
12 sent emails in total

email sent to helenacohen120786@gmail.com
13 sent emails in total

email sent to dinawilsonbiz@gmail.com
14 sent emails in total

email sent to meghan.bea.nystrom@gmail.com
15 sent emails in total

email sent to rrassa999@gmail.com
16 sent emails in total

email sent to akasheri@gmail.com
17 sent emails in total

email sent to hannah.r.telle@gmail.com
18 sent emails in total

email sent to harmonec@gmail.com
19 sent emails in total

email sent to iluvmyceleste@gmail.com
20 sent emails in total

email sent to summer.brantner@gmail.com
21 sent emails in total

email sent to judy.vintagereunion@gmail.com
22 sent emails in total

email sent to heather.weaver.4@gmail.com
23 sent emails in total

email sent to tuesdaypotter@gmail.com
24 sent emails in total

email sent to rachel.simo23@gmail.com
25 sent emails in total

email sent to abianneoliver@gmail.com
26 sent emails in total

email sent to brandiginn1211@gmail.com
27 sent emails in total

email sent to cindyguillon1021@gmail.com
28 sent emails in total

email sent to yvonnerab00@gmail.com
29 sent emails in total

email sent to curatedcarolina113@gmail.com
30 sent emails in total

email sent to christinarowe0222@gmail.com
31 sent emails in total

email sent to shaylendixson@gmail.com
32 sent emails in total

email sent to midheavenalchemy@gmail.com
33 sent emails in total

email sent to marmaroorloff@gmail.com
34 sent emails in total

email sent to truthsmom@gmail.com
35 sent emails in total

email sent to dawnbwiley@gmail.com
36 sent emails in total

email sent to emma.ke08@gmail.com
37 sent emails in total

email sent to lorienakouzicontact@gmail.com
38 sent emails in total

email sent to stevenjoyce642@gmail.com
39 sent emails in total

email sent to camilacaldas320@gmail.com
40 sent emails in total

email sent to laurenjimenez530@gmail.com
41 sent emails in total

email sent to jted771@gmail.com
42 sent emails in total

email sent to tie.ryder@gmail.com
43 sent emails in total

email sent to marthemb@gmail.com
44 sent emails in total

email sent to princedeerlybeloved@gmail.com
45 sent emails in total

email sent to chanelm.delacruz@gmail.com
46 sent emails in total

email sent to azaleawalker77@gmail.com
47 sent emails in total

email sent to eva.mahgrefteh@gmail.com
48 sent emails in total

email sent to d.e.moeser@gmail.com
49 sent emails in total

email sent to emily.l.sedlacek@gmail.com
50 sent emails in total

email sent to healingdecibels@gmail.com
51 sent emails in total

email sent to michimichellea@gmail.com
52 sent emails in total

email sent to saalikakhan.film@gmail.com
53 sent emails in total

email sent to pbourbonnais11@gmail.com
54 sent emails in total

email sent to timeishaj@gmail.com
55 sent emails in total

email sent to karalkask@gmail.com
56 sent emails in total

email sent to laurenyvette44@gmail.com
57 sent emails in total

email sent to surasays1@gmail.com
58 sent emails in total

email sent to marionjohns470@gmail.com
59 sent emails in total

email sent to gloriasebastian265@gmail.com
60 sent emails in total

email sent to christineyjones2@gmail.com
61 sent emails in total

email sent to teamstertiana@gmail.com
62 sent emails in total

email sent to deeprz85@gmail.com
63 sent emails in total

email sent to opritulka@gmail.com
64 sent emails in total

email sent to elisenicole62@gmail.com
65 sent emails in total

email sent to jeesuekim@gmail.com
66 sent emails in total

email sent to rubietellez1@gmail.com
67 sent emails in total

email sent to eysanders743@gmail.com
68 sent emails in total

email sent to ashleysummersflynn@gmail.com
69 sent emails in total

email sent to nicholegivens995@gmail.com
70 sent emails in total

email sent to doranavastahl@gmail.com
71 sent emails in total

email sent to jamilah.lemieux@gmail.com
72 sent emails in total

email sent to lavelvamando@gmail.com
73 sent emails in total

email sent to eharris3340@gmail.com
74 sent emails in total

email sent to thexjackson@gmail.com
75 sent emails in total

email sent to jennmoran013@gmail.com
76 sent emails in total

email sent to ngoziucheoji@gmail.com
77 sent emails in total

email sent to etrujillo0628@gmail.com
78 sent emails in total

email sent to jkmercer@gmail.com
79 sent emails in total

email sent to carinemanagemadpaypal@gmail.com
80 sent emails in total

email sent to catnoza10@gmail.com
81 sent emails in total

email sent to braxtonbusiness@gmail.com
82 sent emails in total

email sent to etzagournis@gmail.com
83 sent emails in total

email sent to isabellasam048@gmail.com
84 sent emails in total

email sent to irenemnjeru92@gmail.com
85 sent emails in total

email sent to ltothebb@gmail.com
86 sent emails in total

email sent to madeline.schussel@gmail.com
87 sent emails in total

email sent to maryedolan@gmail.com
88 sent emails in total

email sent to smaghen@gmail.com
89 sent emails in total

email sent to eringillman@gmail.com
90 sent emails in total

email sent to shirellcoleman63@gmail.com
91 sent emails in total

email sent to westlarose@gmail.com
92 sent emails in total

email sent to dulcemariamtz@gmail.com
93 sent emails in total

email sent to mami.0107@gmail.com
94 sent emails in total

email sent to lproctor1024@gmail.com
95 sent emails in total

email sent to kisacandy97@gmail.com
96 sent emails in total

email sent to tracistanfield@gmail.com
97 sent emails in total

email sent to hearsegirl1961@gmail.com
98 sent emails in total

email sent to hildadans@gmail.com
99 sent emails in total

email sent to junkojanaino@gmail.com
100 sent emails in total
INFO: 2026-03-05 12:30:09,659 - STARTING LOOP
INFO: 2026-03-05 12:30:09,659 - Getting blasts quota...
INFO: 2026-03-05 12:30:09,672 - DONE!
INFO: 2026-03-05 12:30:10,206 - Processing project 1993743 - hcr_gallup_la...
INFO: 2026-03-05 12:30:10,206 - Getting records for Mailmerge...
INFO: 2026-03-05 12:30:10,293 - Got 100 records!
INFO: 2026-03-05 12:30:10,293 - FINISHED LOOP

INFO: 2026-03-05 12:30:10,303 - STARTING LOOP
INFO: 2026-03-05 12:30:10,304 - Sending out mailerge list...
INFO: 2026-03-05 12:37:13,232 - DONE!
INFO: 2026-03-05 12:37:13,236 - FINISHED LOOP


email sent to debb0512@gmail.com
1 sent emails in total

email sent to jessicaddaub@gmail.com
2 sent emails in total

email sent to bluesdragonfire@gmail.com
3 sent emails in total

email sent to fatimatehana@gmail.com
4 sent emails in total

email sent to yaelfriedman4@gmail.com
5 sent emails in total

email sent to aschind356@gmail.com
6 sent emails in total

email sent to connie.e.ha@gmail.com
7 sent emails in total

email sent to meperez.1106@gmail.com
8 sent emails in total

email sent to ljsimmons5@gmail.com
9 sent emails in total

email sent to rsn500@gmail.com
10 sent emails in total

email sent to tuong.lam826@gmail.com
11 sent emails in total

email sent to sarahgoldstein96@gmail.com
12 sent emails in total

email sent to gipson.melony@gmail.com
13 sent emails in total

email sent to shirellcoleman063@gmail.com
14 sent emails in total

email sent to sammystahl365@gmail.com
15 sent emails in total

email sent to theessencewilliams@gmail.com
16 sent emails in total

email sent to zephyr.c.sun@gmail.com
17 sent emails in total

email sent to yaghobiamasia@gmail.com
18 sent emails in total

email sent to erinchungmin@gmail.com
19 sent emails in total

email sent to briasavage@gmail.com
20 sent emails in total

email sent to shannondmgmt@gmail.com
21 sent emails in total

email sent to mbrandenburg54@gmail.com
22 sent emails in total

email sent to hannahdoumitt@gmail.com
23 sent emails in total

email sent to mak.abraha@gmail.com
24 sent emails in total

email sent to karenkath3@gmail.com
25 sent emails in total

email sent to pris.navarro@gmail.com
26 sent emails in total

email sent to kmh.win95@gmail.com
27 sent emails in total

email sent to svandijk@gmail.com
28 sent emails in total

email sent to brittanicolep@gmail.com
29 sent emails in total

email sent to leocuttieman6@gmail.com
30 sent emails in total

email sent to missyfiiit@gmail.com
31 sent emails in total

email sent to chmottern@gmail.com
32 sent emails in total

email sent to grandboss08@gmail.com
33 sent emails in total

email sent to sarahjeanmark@gmail.com
34 sent emails in total

email sent to ctinapaek@gmail.com
35 sent emails in total

email sent to clairecdowns@gmail.com
36 sent emails in total

email sent to wendyekbills@gmail.com
37 sent emails in total

email sent to mbarnwellscott@gmail.com
38 sent emails in total

email sent to mariamedinamora21@gmail.com
39 sent emails in total

email sent to stipehm@gmail.com
40 sent emails in total

email sent to rgyvpd@gmail.com
41 sent emails in total

email sent to danniellegriffin619@gmail.com
42 sent emails in total

email sent to abardan@gmail.com
43 sent emails in total

email sent to jblumefortunes@gmail.com
44 sent emails in total

email sent to cincodemayonesa@gmail.com
45 sent emails in total

email sent to italiaces@gmail.com
46 sent emails in total

email sent to fatimasaeed.psw@gmail.com
47 sent emails in total

email sent to gabriela.dejesus93@gmail.com
48 sent emails in total

email sent to saidiansamira@gmail.com
49 sent emails in total

email sent to chakrounmia@gmail.com
50 sent emails in total

email sent to tokyomoonvintage@gmail.com
51 sent emails in total

email sent to wlaynie98@gmail.com
52 sent emails in total

email sent to mdymallyj@gmail.com
53 sent emails in total

email sent to tracytasha03@gmail.com
54 sent emails in total

email sent to suharinteriors@gmail.com
55 sent emails in total

email sent to jachextra@gmail.com
56 sent emails in total

email sent to kamattika@gmail.com
57 sent emails in total

email sent to sharonannsmith@gmail.com
58 sent emails in total

email sent to elainepyning@gmail.com
59 sent emails in total

email sent to kathrynzdankus@gmail.com
60 sent emails in total

email sent to bita.eisenberg@gmail.com
61 sent emails in total

email sent to erin.muir@gmail.com
62 sent emails in total

email sent to jamieh1116@gmail.com
63 sent emails in total

email sent to nicoletaboada1@gmail.com
64 sent emails in total

email sent to kahlimerriman@gmail.com
65 sent emails in total

email sent to pwarrenpamela@gmail.com
66 sent emails in total

email sent to liznrichmond@gmail.com
67 sent emails in total

email sent to neslamboli@gmail.com
68 sent emails in total

email sent to kelliwalters@gmail.com
69 sent emails in total

email sent to laurel.alexandre@gmail.com
70 sent emails in total

email sent to cgelabert@gmail.com
71 sent emails in total

email sent to leahfeingold@gmail.com
72 sent emails in total

email sent to michele.noonan@gmail.com
73 sent emails in total

email sent to abigailkatsen@gmail.com
74 sent emails in total

email sent to katiescott08@gmail.com
75 sent emails in total

email sent to brieortega@gmail.com
76 sent emails in total

email sent to beckyholladay@gmail.com
77 sent emails in total

email sent to bellamemento@gmail.com
78 sent emails in total

email sent to missmoskowitz@gmail.com
79 sent emails in total

email sent to caitalyst@gmail.com
80 sent emails in total

email sent to mzcandycakez@gmail.com
81 sent emails in total

email sent to sherri7pringle@gmail.com
82 sent emails in total

email sent to veronica.michelle@gmail.com
83 sent emails in total

email sent to lauralund3@gmail.com
84 sent emails in total

email sent to ultimatestylist@gmail.com
85 sent emails in total

email sent to shanea.kr@gmail.com
86 sent emails in total

email sent to bluelily3393@gmail.com
87 sent emails in total

email sent to j.ogner@gmail.com
88 sent emails in total

email sent to shirlyw9@gmail.com
89 sent emails in total

email sent to michellecdiaz@gmail.com
90 sent emails in total

email sent to ann.v.huynh@gmail.com
91 sent emails in total

email sent to klaw85@gmail.com
92 sent emails in total

email sent to sarahesmart@gmail.com
93 sent emails in total

email sent to avanzee@gmail.com
94 sent emails in total

email sent to brookestankovic@gmail.com
95 sent emails in total

email sent to jennifer.brian@gmail.com
96 sent emails in total

email sent to ayuko.cheebs@gmail.com
97 sent emails in total

email sent to roupamanjaridevidasi@gmail.com
98 sent emails in total

email sent to duranx17@gmail.com
99 sent emails in total
INFO: 2026-03-05 13:00:07,452 - STARTING LOOP
INFO: 2026-03-05 13:00:07,452 - Getting blasts quota...
INFO: 2026-03-05 13:00:07,460 - DONE!
INFO: 2026-03-05 13:00:07,795 - Processing project 1993743 - hcr_gallup_la...
INFO: 2026-03-05 13:00:07,795 - Getting records for Mailmerge...
INFO: 2026-03-05 13:00:07,916 - Got 1 records!
INFO: 2026-03-05 13:00:07,917 - FINISHED LOOP

INFO: 2026-03-05 13:00:07,918 - STARTING LOOP
INFO: 2026-03-05 13:00:07,919 - Sending out mailerge list...
Traceback (most recent call last):
  File "/Users/albertoruizcajiga/python/sis_international/smtp_worker.py", line 99, in <module>
    send_out_mm_list()
  File "/Users/albertoruizcajiga/python/sis_international/smtp_worker.py", line 81, in send_out_mm_list
    hourly_remaining = data[4] - data[6]
                       ~~~~^^^
TypeError: 'NoneType' object is not subscriptable
INFO: 2026-03-05 13:30:09,025 - STARTING LOOP
INFO: 2026-03-05 13:30:09,025 - Getting blasts quota...
INFO: 2026-03-05 13:30:09,032 - DONE!
INFO: 2026-03-05 13:30:09,500 - Processing project 1993743 - hcr_gallup_la...
INFO: 2026-03-05 13:30:09,500 - Getting records for Mailmerge...
INFO: 2026-03-05 13:30:09,629 - Got 1 records!
INFO: 2026-03-05 13:30:09,629 - FINISHED LOOP

INFO: 2026-03-05 13:30:09,633 - STARTING LOOP
INFO: 2026-03-05 13:30:09,633 - Sending out mailerge list...
Traceback (most recent call last):
  File "/Users/albertoruizcajiga/python/sis_international/smtp_worker.py", line 99, in <module>
    send_out_mm_list()
  File "/Users/albertoruizcajiga/python/sis_international/smtp_worker.py", line 81, in send_out_mm_list
    hourly_remaining = data[4] - data[6]
                       ~~~~^^^
TypeError: 'NoneType' object is not subscriptable
INFO: 2026-03-05 14:00:26,326 - STARTING LOOP
INFO: 2026-03-05 14:00:26,326 - Getting blasts quota...
INFO: 2026-03-05 14:00:26,339 - DONE!
INFO: 2026-03-05 14:00:26,793 - Processing project 1993743 - hcr_gallup_la...
INFO: 2026-03-05 14:00:26,794 - Getting records for Mailmerge...
INFO: 2026-03-05 14:00:26,959 - Got 1 records!
INFO: 2026-03-05 14:00:26,959 - FINISHED LOOP

INFO: 2026-03-05 14:00:26,963 - STARTING LOOP
INFO: 2026-03-05 14:00:26,964 - Sending out mailerge list...
Traceback (most recent call last):
  File "/Users/albertoruizcajiga/python/sis_international/smtp_worker.py", line 99, in <module>
    send_out_mm_list()
  File "/Users/albertoruizcajiga/python/sis_international/smtp_worker.py", line 81, in send_out_mm_list
    hourly_remaining = data[4] - data[6]
                       ~~~~^^^
TypeError: 'NoneType' object is not subscriptable
INFO: 2026-03-05 14:30:09,949 - STARTING LOOP
INFO: 2026-03-05 14:30:09,949 - Getting blasts quota...
INFO: 2026-03-05 14:30:09,959 - DONE!
INFO: 2026-03-05 14:30:10,468 - Processing project 1993743 - hcr_gallup_la...
INFO: 2026-03-05 14:30:10,469 - Getting records for Mailmerge...
INFO: 2026-03-05 14:30:10,469 - Got 0 records!
INFO: 2026-03-05 14:30:10,470 - FINISHED LOOP

INFO: 2026-03-05 14:30:10,470 - STARTING LOOP
INFO: 2026-03-05 14:30:10,470 - Sending out mailerge list...
Traceback (most recent call last):
  File "/Users/albertoruizcajiga/python/sis_international/smtp_worker.py", line 99, in <module>
    send_out_mm_list()
  File "/Users/albertoruizcajiga/python/sis_international/smtp_worker.py", line 81, in send_out_mm_list
    hourly_remaining = data[4] - data[6]
                       ~~~~^^^
TypeError: 'NoneType' object is not subscriptable
INFO: 2026-03-05 15:00:08,425 - STARTING LOOP
INFO: 2026-03-05 15:00:08,425 - Getting blasts quota...
INFO: 2026-03-05 15:00:08,428 - DONE!
INFO: 2026-03-05 15:00:09,135 - Processing project 1993743 - hcr_gallup_la...
INFO: 2026-03-05 15:00:09,135 - Getting records for Mailmerge...
INFO: 2026-03-05 15:00:09,136 - Got 0 records!
INFO: 2026-03-05 15:00:09,136 - FINISHED LOOP

INFO: 2026-03-05 15:00:09,136 - STARTING LOOP
INFO: 2026-03-05 15:00:09,136 - there's no mailmerge list. Skipping for now...
INFO: 2026-03-05 15:00:09,136 - FINISHED LOOP

INFO: 2026-03-05 15:23:45,347 - STARTING LOOP
INFO: 2026-03-05 15:23:45,347 - Getting blasts quota...
INFO: 2026-03-05 15:23:45,347 - DONE!
INFO: 2026-03-05 15:23:45,518 - Processing project 1993743 - hcr_gallup_la...
INFO: 2026-03-05 15:23:45,518 - Getting records for Mailmerge...
INFO: 2026-03-05 15:23:45,519 - Got 0 records!
INFO: 2026-03-05 15:25:26,109 - STARTING LOOP
INFO: 2026-03-05 15:25:26,109 - Getting blasts quota...
INFO: 2026-03-05 15:25:26,110 - DONE!
INFO: 2026-03-05 15:25:26,264 - Processing project 1993743 - hcr_gallup_la...
INFO: 2026-03-05 15:25:26,264 - Getting records for Mailmerge...
INFO: 2026-03-05 15:25:26,264 - Got 0 records!
INFO: 2026-03-05 15:25:26,269 - Processing project 1993744 - hcr_gallup_la_past_projects_mm...
INFO: 2026-03-05 15:25:26,269 - Getting records for Mailmerge...
INFO: 2026-03-05 15:25:26,437 - Got 191 records!
INFO: 2026-03-05 15:25:26,437 - FINISHED LOOP

INFO: 2026-03-05 15:25:26,442 - STARTING LOOP
INFO: 2026-03-05 15:25:26,442 - Sending out mailerge list...
INFO: 2026-03-05 15:29:10,048 - STARTING LOOP
INFO: 2026-03-05 15:29:10,048 - Getting blasts quota...
INFO: 2026-03-05 15:29:10,053 - DONE!
INFO: 2026-03-05 15:29:10,232 - Processing project 1993743 - hcr_gallup_la...
INFO: 2026-03-05 15:29:10,232 - Getting records for Mailmerge...
INFO: 2026-03-05 15:29:10,233 - Got 0 records!
INFO: 2026-03-05 15:29:10,237 - Processing project 1993744 - hcr_gallup_la_past_projects_mm...
INFO: 2026-03-05 15:29:10,238 - Getting records for Mailmerge...
INFO: 2026-03-05 15:29:10,410 - Got 191 records!
INFO: 2026-03-05 15:29:10,410 - FINISHED LOOP

INFO: 2026-03-05 15:29:10,415 - STARTING LOOP
INFO: 2026-03-05 15:29:10,415 - Sending out mailerge list...
INFO: 2026-03-05 15:29:41,073 - STARTING LOOP
INFO: 2026-03-05 15:29:41,074 - Getting blasts quota...
INFO: 2026-03-05 15:29:41,075 - DONE!
INFO: 2026-03-05 15:29:41,234 - Processing project 1993743 - hcr_gallup_la...
INFO: 2026-03-05 15:29:41,234 - Getting records for Mailmerge...
INFO: 2026-03-05 15:29:41,235 - Got 0 records!
INFO: 2026-03-05 15:29:41,240 - Processing project 1993744 - hcr_gallup_la_past_projects_mm...
INFO: 2026-03-05 15:29:41,240 - Getting records for Mailmerge...
INFO: 2026-03-05 15:29:41,389 - Got 191 records!
INFO: 2026-03-05 15:29:41,389 - FINISHED LOOP

INFO: 2026-03-05 15:29:41,394 - STARTING LOOP
INFO: 2026-03-05 15:29:41,394 - Sending out mailerge list...
INFO: 2026-03-05 15:30:07,332 - STARTING LOOP
INFO: 2026-03-05 15:30:07,332 - Getting blasts quota...
INFO: 2026-03-05 15:30:07,335 - DONE!
INFO: 2026-03-05 15:30:07,668 - Processing project 1993743 - hcr_gallup_la...
INFO: 2026-03-05 15:30:07,669 - Getting records for Mailmerge...
INFO: 2026-03-05 15:30:07,669 - Got 0 records!
INFO: 2026-03-05 15:30:07,685 - Processing project 1993744 - hcr_gallup_la_past_projects_mm...
INFO: 2026-03-05 15:30:07,686 - Getting records for Mailmerge...
INFO: 2026-03-05 15:30:07,859 - Got 191 records!
INFO: 2026-03-05 15:30:07,860 - FINISHED LOOP

INFO: 2026-03-05 15:30:07,870 - STARTING LOOP
INFO: 2026-03-05 15:30:07,870 - Sending out mailerge list...
None
Traceback (most recent call last):
  File "/Users/albertoruizcajiga/python/sis_international/smtp_worker.py", line 100, in <module>
    send_out_mm_list()
  File "/Users/albertoruizcajiga/python/sis_international/smtp_worker.py", line 82, in send_out_mm_list
    hourly_remaining = data[4] - data[6]
                       ~~~~^^^
TypeError: 'NoneType' object is not subscriptable
INFO: 2026-03-05 15:32:16,078 - STARTING LOOP
INFO: 2026-03-05 15:32:16,078 - Getting blasts quota...
INFO: 2026-03-05 15:32:16,079 - DONE!
INFO: 2026-03-05 15:32:16,245 - Processing project 1993743 - hcr_gallup_la...
INFO: 2026-03-05 15:32:16,245 - Getting records for Mailmerge...
INFO: 2026-03-05 15:32:16,245 - Got 0 records!
INFO: 2026-03-05 15:32:16,251 - Processing project 1993744 - hcr_gallup_la_past_projects_mm...
INFO: 2026-03-05 15:32:16,251 - Getting records for Mailmerge...
INFO: 2026-03-05 15:32:16,419 - Got 191 records!
INFO: 2026-03-05 15:32:16,419 - FINISHED LOOP

INFO: 2026-03-05 15:32:16,437 - STARTING LOOP
INFO: 2026-03-05 15:32:16,437 - Sending out mailerge list...
INFO: 2026-03-05 15:38:53,505 - DONE!
INFO: 2026-03-05 15:38:53,506 - FINISHED LOOP

INFO: 2026-03-05 16:00:11,893 - STARTING LOOP
INFO: 2026-03-05 16:00:11,893 - Getting blasts quota...
INFO: 2026-03-05 16:00:11,901 - DONE!
INFO: 2026-03-05 16:00:12,369 - Processing project 1993743 - hcr_gallup_la...
INFO: 2026-03-05 16:00:12,369 - Getting records for Mailmerge...
INFO: 2026-03-05 16:00:12,370 - Got 0 records!
INFO: 2026-03-05 16:00:12,384 - Processing project 1993744 - hcr_gallup_la_past_projects_mm...
INFO: 2026-03-05 16:00:12,385 - Getting records for Mailmerge...
INFO: 2026-03-05 16:00:12,579 - Got 91 records!
INFO: 2026-03-05 16:00:12,579 - FINISHED LOOP

INFO: 2026-03-05 16:00:12,584 - STARTING LOOP
INFO: 2026-03-05 16:00:12,584 - Sending out mailerge list...
INFO: 2026-03-05 16:06:14,614 - DONE!
INFO: 2026-03-05 16:06:14,615 - FINISHED LOOP


email sent to dknabuco@gmail.com
1 sent emails in total

email sent to skylarrcollinss@gmail.com
2 sent emails in total

email sent to mslilyeb@gmail.com
3 sent emails in total

email sent to curtismilton3@gmail.com
4 sent emails in total

email sent to p2k2tube@gmail.com
5 sent emails in total

email sent to ddsmusact@gmail.com
6 sent emails in total

email sent to nas.liw0902@gmail.com
7 sent emails in total

email sent to jenniferalexa@gmail.com
8 sent emails in total

email sent to m.monet777@gmail.com
9 sent emails in total

email sent to rachel.b.myers@gmail.com
10 sent emails in total

email sent to warrenbevin99@gmail.com
11 sent emails in total

email sent to mawy30@gmail.com
12 sent emails in total

email sent to r.lovestru@gmail.com
13 sent emails in total

email sent to samivanalvarez@gmail.com
14 sent emails in total

email sent to chrisbrazilisadj@gmail.com
15 sent emails in total

email sent to cinquepowell@gmail.com
16 sent emails in total

email sent to serginurfalilar@gmail.com
17 sent emails in total

email sent to devyaniranadr@gmail.com
18 sent emails in total

email sent to riah.buchanan@gmail.com
19 sent emails in total

email sent to nicole.deruiter@gmail.com
20 sent emails in total

email sent to manjkherjee@gmail.com
21 sent emails in total

email sent to saraelizabethpotter@gmail.com
22 sent emails in total

email sent to kamishawarren@gmail.com
23 sent emails in total

email sent to wbender4389@gmail.com
24 sent emails in total

email sent to sullivanjasmin@gmail.com
25 sent emails in total

email sent to theatrehero@gmail.com
26 sent emails in total

email sent to christinegazzara@gmail.com
27 sent emails in total

email sent to lhnkwng@gmail.com
28 sent emails in total

email sent to sandy.najera@gmail.com
29 sent emails in total

email sent to gomezer23@gmail.com
30 sent emails in total

email sent to kelliemsmith@gmail.com
31 sent emails in total

email sent to gerrydoot@gmail.com
32 sent emails in total

email sent to mihosensi@gmail.com
33 sent emails in total

email sent to mev.arifova@gmail.com
34 sent emails in total

email sent to gowri.v.chandra@gmail.com
35 sent emails in total

email sent to iiamirian@gmail.com
36 sent emails in total

email sent to marissawein@gmail.com
37 sent emails in total

email sent to krswells@gmail.com
38 sent emails in total

email sent to dbteachmail@gmail.com
39 sent emails in total

email sent to katelanalivia@gmail.com
40 sent emails in total

email sent to jeremiahwilliam602@gmail.com
41 sent emails in total

email sent to jgottesfeld@gmail.com
42 sent emails in total

email sent to liznrichmond@gmail.com
43 sent emails in total

email sent to kelliwalters@gmail.com
44 sent emails in total

email sent to leahfeingold@gmail.com
45 sent emails in total

email sent to lauralund3@gmail.com
46 sent emails in total

email sent to shanea.kr@gmail.com
47 sent emails in total

email sent to estradarobert94@gmail.com
48 sent emails in total

email sent to yvette.maurer@gmail.com
49 sent emails in total

email sent to yooj77@gmail.com
50 sent emails in total

email sent to crazypipefitter@gmail.com
51 sent emails in total

email sent to jonathanmcb@gmail.com
52 sent emails in total

email sent to kirsten.olivia@gmail.com
53 sent emails in total

email sent to pacomeesh@gmail.com
54 sent emails in total

email sent to lcervenka33@gmail.com
55 sent emails in total

email sent to nsaevolves@gmail.com
56 sent emails in total

email sent to kaylachabola@gmail.com
57 sent emails in total

email sent to marcellabrinson272@gmail.com
58 sent emails in total

email sent to jillfriedlander@gmail.com
59 sent emails in total

email sent to eelksemaj@gmail.com
60 sent emails in total

email sent to jeanrpr@gmail.com
61 sent emails in total

email sent to zachary.patsy57@gmail.com
62 sent emails in total

email sent to mackenziergray3@gmail.com
63 sent emails in total

email sent to taliabrifavale@gmail.com
64 sent emails in total

email sent to tova.palova@gmail.com
65 sent emails in total

email sent to tsearcyj@gmail.com
66 sent emails in total

email sent to pelletier.tim@gmail.com
67 sent emails in total

email sent to melly6500@gmail.com
68 sent emails in total

email sent to ruthgallardo@gmail.com
69 sent emails in total

email sent to mockingbird25@gmail.com
70 sent emails in total

email sent to daivavarnasramadharma@gmail.com
71 sent emails in total

email sent to ronaldoroso@gmail.com
72 sent emails in total

email sent to debralmurdock@gmail.com
73 sent emails in total

email sent to ganious@gmail.com
74 sent emails in total

email sent to monicaespinoza22@gmail.com
75 sent emails in total

email sent to sdbrown84@gmail.com
76 sent emails in total

email sent to joannabowershoughton@gmail.com
77 sent emails in total

email sent to kyliejanene@gmail.com
78 sent emails in total

email sent to stephenhero6@gmail.com
79 sent emails in total

email sent to dannykrug@gmail.com
80 sent emails in total

email sent to lottiec2@gmail.com
81 sent emails in total

email sent to lshimatsuno@gmail.com
82 sent emails in total

email sent to jbsolomon@gmail.com
83 sent emails in total

email sent to sharonamoss@gmail.com
84 sent emails in total

email sent to prettymsbee@gmail.com
85 sent emails in total

email sent to harrietlthomas@gmail.com
86 sent emails in total

email sent to jaychvz4@gmail.com
87 sent emails in total

email sent to depina.sonia@gmail.com
88 sent emails in total

email sent to jarahosbo@gmail.com
89 sent emails in total

email sent to leahnicoleperez@gmail.com
90 sent emails in total

email sent to pnkaov@gmail.com
91 sent emails in total
INFO: 2026-03-05 16:30:07,194 - STARTING LOOP
INFO: 2026-03-05 16:30:07,194 - Getting blasts quota...
INFO: 2026-03-05 16:30:07,201 - DONE!
INFO: 2026-03-05 16:30:07,584 - Processing project 1993743 - hcr_gallup_la...
INFO: 2026-03-05 16:30:07,584 - Getting records for Mailmerge...
INFO: 2026-03-05 16:30:07,585 - Got 0 records!
INFO: 2026-03-05 16:30:07,608 - Processing project 1993744 - hcr_gallup_la_past_projects_mm...
INFO: 2026-03-05 16:30:07,608 - Getting records for Mailmerge...
INFO: 2026-03-05 16:30:07,766 - Got 0 records!
INFO: 2026-03-05 16:30:07,767 - FINISHED LOOP

INFO: 2026-03-05 16:30:07,767 - STARTING LOOP
INFO: 2026-03-05 16:30:07,767 - there's no mailmerge list. Skipping for now...
INFO: 2026-03-05 16:30:07,767 - FINISHED LOOP

INFO: 2026-03-05 17:00:09,428 - STARTING LOOP
INFO: 2026-03-05 17:00:09,429 - Getting blasts quota...
INFO: 2026-03-05 17:00:09,440 - DONE!
INFO: 2026-03-05 17:00:09,815 - Processing project 1993743 - hcr_gallup_la...
INFO: 2026-03-05 17:00:09,815 - Getting records for Mailmerge...
INFO: 2026-03-05 17:00:09,816 - Got 0 records!
INFO: 2026-03-05 17:00:09,831 - Processing project 1993744 - hcr_gallup_la_past_projects_mm...
INFO: 2026-03-05 17:00:09,831 - Getting records for Mailmerge...
INFO: 2026-03-05 17:00:10,012 - Got 0 records!
INFO: 2026-03-05 17:00:10,012 - FINISHED LOOP

INFO: 2026-03-05 17:00:10,012 - STARTING LOOP
INFO: 2026-03-05 17:00:10,013 - there's no mailmerge list. Skipping for now...
INFO: 2026-03-05 17:00:10,013 - FINISHED LOOP

INFO: 2026-03-05 17:30:08,884 - STARTING LOOP
INFO: 2026-03-05 17:30:08,884 - Getting blasts quota...
INFO: 2026-03-05 17:30:08,895 - DONE!
INFO: 2026-03-05 17:30:09,635 - Processing project 1993743 - hcr_gallup_la...
INFO: 2026-03-05 17:30:09,635 - Getting records for Mailmerge...
INFO: 2026-03-05 17:30:09,636 - Got 0 records!
INFO: 2026-03-05 17:30:09,654 - Processing project 1993744 - hcr_gallup_la_past_projects_mm...
INFO: 2026-03-05 17:30:09,654 - Getting records for Mailmerge...
INFO: 2026-03-05 17:30:09,905 - Got 0 records!
INFO: 2026-03-05 17:30:09,905 - FINISHED LOOP

INFO: 2026-03-05 17:30:09,906 - STARTING LOOP
INFO: 2026-03-05 17:30:09,906 - there's no mailmerge list. Skipping for now...
INFO: 2026-03-05 17:30:09,906 - FINISHED LOOP

INFO: 2026-03-05 17:40:22,435 - STARTING LOOP
INFO: 2026-03-05 17:40:22,435 - Getting blasts quota...
INFO: 2026-03-05 17:40:22,439 - DONE!
INFO: 2026-03-05 17:40:22,635 - Processing project 1993743 - hcr_gallup_la...
INFO: 2026-03-05 17:40:22,635 - Getting records for Mailmerge...
INFO: 2026-03-05 17:40:22,635 - Got 0 records!
INFO: 2026-03-05 17:40:22,643 - Processing project 1993744 - hcr_gallup_la_past_projects_mm...
INFO: 2026-03-05 17:40:22,643 - Getting records for Mailmerge...
INFO: 2026-03-05 17:40:22,813 - Got 0 records!
INFO: 2026-03-05 17:40:22,813 - FINISHED LOOP

INFO: 2026-03-05 17:40:22,813 - STARTING LOOP
INFO: 2026-03-05 17:40:22,813 - there's no mailmerge list. Skipping for now...
INFO: 2026-03-05 17:40:22,813 - FINISHED LOOP

INFO: 2026-03-05 18:00:19,886 - STARTING LOOP
INFO: 2026-03-05 18:00:19,886 - Getting blasts quota...
INFO: 2026-03-05 18:00:19,889 - DONE!
WARNING: 2026-03-05 18:00:19,889 - No projects to work on!
INFO: 2026-03-05 18:00:19,889 - FINISHED LOOP

INFO: 2026-03-05 18:00:19,889 - STARTING LOOP
INFO: 2026-03-05 18:00:19,889 - there's no mailmerge list. Skipping for now...
INFO: 2026-03-05 18:00:19,889 - FINISHED LOOP

INFO: 2026-03-05 20:30:06,397 - STARTING LOOP
INFO: 2026-03-05 20:30:06,398 - Getting blasts quota...
INFO: 2026-03-05 20:30:06,406 - DONE!
WARNING: 2026-03-05 20:30:06,406 - No projects to work on!
INFO: 2026-03-05 20:30:06,406 - FINISHED LOOP

INFO: 2026-03-05 20:30:06,406 - STARTING LOOP
INFO: 2026-03-05 20:30:06,407 - there's no mailmerge list. Skipping for now...
INFO: 2026-03-05 20:30:06,407 - FINISHED LOOP

INFO: 2026-03-05 21:00:06,312 - STARTING LOOP
INFO: 2026-03-05 21:00:06,312 - Getting blasts quota...
INFO: 2026-03-05 21:00:06,319 - DONE!
WARNING: 2026-03-05 21:00:06,319 - No projects to work on!
INFO: 2026-03-05 21:00:06,319 - FINISHED LOOP

INFO: 2026-03-05 21:00:06,319 - STARTING LOOP
INFO: 2026-03-05 21:00:06,319 - there's no mailmerge list. Skipping for now...
INFO: 2026-03-05 21:00:06,319 - FINISHED LOOP

INFO: 2026-03-05 22:00:24,909 - STARTING LOOP
INFO: 2026-03-05 22:00:24,910 - Getting blasts quota...
INFO: 2026-03-05 22:00:24,920 - DONE!
WARNING: 2026-03-05 22:00:24,921 - No projects to work on!
INFO: 2026-03-05 22:00:24,921 - FINISHED LOOP

INFO: 2026-03-05 22:00:24,921 - STARTING LOOP
INFO: 2026-03-05 22:00:24,921 - there's no mailmerge list. Skipping for now...
INFO: 2026-03-05 22:00:24,921 - FINISHED LOOP

INFO: 2026-03-06 06:00:16,213 - STARTING LOOP
INFO: 2026-03-06 06:00:16,213 - Getting blasts quota...
INFO: 2026-03-06 06:00:16,224 - DONE!
WARNING: 2026-03-06 06:00:16,225 - No projects to work on!
INFO: 2026-03-06 06:00:16,225 - FINISHED LOOP

INFO: 2026-03-06 06:00:16,225 - STARTING LOOP
INFO: 2026-03-06 06:00:16,225 - there's no mailmerge list. Skipping for now...
INFO: 2026-03-06 06:00:16,225 - FINISHED LOOP

INFO: 2026-03-06 07:04:16,315 - STARTING LOOP
INFO: 2026-03-06 07:04:16,315 - Getting blasts quota...
INFO: 2026-03-06 07:04:16,322 - DONE!
WARNING: 2026-03-06 07:04:16,322 - No projects to work on!
INFO: 2026-03-06 07:04:16,322 - FINISHED LOOP

INFO: 2026-03-06 07:04:16,322 - STARTING LOOP
INFO: 2026-03-06 07:04:16,322 - there's no mailmerge list. Skipping for now...
INFO: 2026-03-06 07:04:16,322 - FINISHED LOOP

INFO: 2026-03-06 08:01:16,979 - STARTING LOOP
INFO: 2026-03-06 08:01:16,980 - Getting blasts quota...
INFO: 2026-03-06 08:01:16,982 - DONE!
WARNING: 2026-03-06 08:01:16,982 - No projects to work on!
INFO: 2026-03-06 08:01:16,982 - FINISHED LOOP

INFO: 2026-03-06 08:01:16,982 - STARTING LOOP
INFO: 2026-03-06 08:01:16,983 - there's no mailmerge list. Skipping for now...
INFO: 2026-03-06 08:01:16,983 - FINISHED LOOP

INFO: 2026-03-06 09:30:28,056 - STARTING LOOP
INFO: 2026-03-06 09:30:28,057 - Getting blasts quota...
INFO: 2026-03-06 09:30:28,063 - DONE!
WARNING: 2026-03-06 09:30:28,063 - No projects to work on!
INFO: 2026-03-06 09:30:28,063 - FINISHED LOOP

INFO: 2026-03-06 09:30:28,063 - STARTING LOOP
INFO: 2026-03-06 09:30:28,063 - there's no mailmerge list. Skipping for now...
INFO: 2026-03-06 09:30:28,063 - FINISHED LOOP

INFO: 2026-03-06 10:02:11,392 - STARTING LOOP
INFO: 2026-03-06 10:02:11,392 - Getting blasts quota...
INFO: 2026-03-06 10:02:11,401 - DONE!
WARNING: 2026-03-06 10:02:11,402 - No projects to work on!
INFO: 2026-03-06 10:02:11,402 - FINISHED LOOP

INFO: 2026-03-06 10:02:11,402 - STARTING LOOP
INFO: 2026-03-06 10:02:11,402 - there's no mailmerge list. Skipping for now...
INFO: 2026-03-06 10:02:11,402 - FINISHED LOOP

INFO: 2026-03-06 10:30:07,777 - STARTING LOOP
INFO: 2026-03-06 10:30:07,777 - Getting blasts quota...
INFO: 2026-03-06 10:30:07,784 - DONE!
WARNING: 2026-03-06 10:30:07,784 - No projects to work on!
INFO: 2026-03-06 10:30:07,784 - FINISHED LOOP

INFO: 2026-03-06 10:30:07,784 - STARTING LOOP
INFO: 2026-03-06 10:30:07,785 - there's no mailmerge list. Skipping for now...
INFO: 2026-03-06 10:30:07,785 - FINISHED LOOP

INFO: 2026-03-06 11:00:09,863 - STARTING LOOP
INFO: 2026-03-06 11:00:09,863 - Getting blasts quota...
INFO: 2026-03-06 11:00:09,872 - DONE!
WARNING: 2026-03-06 11:00:09,872 - No projects to work on!
INFO: 2026-03-06 11:00:09,872 - FINISHED LOOP

INFO: 2026-03-06 11:00:09,872 - STARTING LOOP
INFO: 2026-03-06 11:00:09,872 - there's no mailmerge list. Skipping for now...
INFO: 2026-03-06 11:00:09,872 - FINISHED LOOP

INFO: 2026-03-06 11:30:10,880 - STARTING LOOP
INFO: 2026-03-06 11:30:10,880 - Getting blasts quota...
INFO: 2026-03-06 11:30:10,889 - DONE!
WARNING: 2026-03-06 11:30:10,889 - No projects to work on!
INFO: 2026-03-06 11:30:10,889 - FINISHED LOOP

INFO: 2026-03-06 11:30:10,890 - STARTING LOOP
INFO: 2026-03-06 11:30:10,890 - there's no mailmerge list. Skipping for now...
INFO: 2026-03-06 11:30:10,890 - FINISHED LOOP

INFO: 2026-03-06 12:00:07,627 - STARTING LOOP
INFO: 2026-03-06 12:00:07,628 - Getting blasts quota...
INFO: 2026-03-06 12:00:07,637 - DONE!
INFO: 2026-03-06 12:00:08,040 - Processing project 2009991 - glassview_it...
INFO: 2026-03-06 12:00:08,040 - Getting records for Mailmerge...
INFO: 2026-03-06 12:00:08,043 - Got 0 records!
INFO: 2026-03-06 12:00:08,043 - FINISHED LOOP

INFO: 2026-03-06 12:00:08,044 - STARTING LOOP
INFO: 2026-03-06 12:00:08,044 - there's no mailmerge list. Skipping for now...
INFO: 2026-03-06 12:00:08,044 - FINISHED LOOP

INFO: 2026-03-06 12:30:07,594 - STARTING LOOP
INFO: 2026-03-06 12:30:07,594 - Getting blasts quota...
INFO: 2026-03-06 12:30:07,603 - DONE!
INFO: 2026-03-06 12:30:07,958 - Processing project 2009991 - glassview_it...
INFO: 2026-03-06 12:30:07,959 - Getting records for Mailmerge...
INFO: 2026-03-06 12:30:10,712 - Got 0 records!
INFO: 2026-03-06 12:30:10,713 - FINISHED LOOP

INFO: 2026-03-06 12:30:10,713 - STARTING LOOP
INFO: 2026-03-06 12:30:10,714 - there's no mailmerge list. Skipping for now...
INFO: 2026-03-06 12:30:10,714 - FINISHED LOOP

INFO: 2026-03-06 13:00:07,959 - STARTING LOOP
INFO: 2026-03-06 13:00:07,960 - Getting blasts quota...
INFO: 2026-03-06 13:00:07,969 - DONE!
INFO: 2026-03-06 13:00:08,382 - Processing project 2009991 - glassview_it...
INFO: 2026-03-06 13:00:08,383 - Getting records for Mailmerge...
INFO: 2026-03-06 13:00:11,285 - Got 0 records!
INFO: 2026-03-06 13:00:11,314 - Processing project 1993744 - hcr_gallup_la_past_projects_mm...
INFO: 2026-03-06 13:00:11,315 - Getting records for Mailmerge...
INFO: 2026-03-06 13:00:11,568 - Got 200 records!
INFO: 2026-03-06 13:00:11,569 - FINISHED LOOP

INFO: 2026-03-06 13:00:11,589 - STARTING LOOP
INFO: 2026-03-06 13:00:11,590 - Sending out mailerge list...
INFO: 2026-03-06 13:06:59,175 - DONE!
INFO: 2026-03-06 13:06:59,176 - FINISHED LOOP


email sent to dfrick6516@gmail.com
1 sent emails in total

email sent to vkurmalev@gmail.com
2 sent emails in total

email sent to yuliaellison@gmail.com
3 sent emails in total

email sent to awind89@gmail.com
4 sent emails in total

email sent to ladybash1778@gmail.com
5 sent emails in total

email sent to yvnnruffino@gmail.com
6 sent emails in total

email sent to wendy.hines227@gmail.com
7 sent emails in total

email sent to vfaustveda@gmail.com
8 sent emails in total

email sent to tya271@gmail.com
9 sent emails in total

email sent to twebb316@gmail.com
10 sent emails in total

email sent to tbardong@gmail.com
11 sent emails in total

email sent to tessej2004@gmail.com
12 sent emails in total

email sent to tsvconsulting@gmail.com
13 sent emails in total

email sent to nishaallen25@gmail.com
14 sent emails in total

email sent to gomeztania81@gmail.com
15 sent emails in total

email sent to tamira.boynes@gmail.com
16 sent emails in total

email sent to tamroc88@gmail.com
17 sent emails in total

email sent to secondcitymom@gmail.com
18 sent emails in total

email sent to alisonjenkins75@gmail.com
19 sent emails in total

email sent to angelatask@gmail.com
20 sent emails in total

email sent to angelatimmons50@gmail.com
21 sent emails in total

email sent to anna.lokken121@gmail.com
22 sent emails in total

email sent to annfermin4@gmail.com
23 sent emails in total

email sent to antiguandiva2@gmail.com
24 sent emails in total

email sent to av16425@gmail.com
25 sent emails in total

email sent to bernice.rod1012@gmail.com
26 sent emails in total

email sent to bill.liddle@gmail.com
27 sent emails in total

email sent to blythe17@gmail.com
28 sent emails in total

email sent to brigitte2234@gmail.com
29 sent emails in total

email sent to cbwaldron@gmail.com
30 sent emails in total

email sent to chuckied97@gmail.com
31 sent emails in total

email sent to natalia.mantini@gmail.com
32 sent emails in total

email sent to pathamilton200@gmail.com
33 sent emails in total

email sent to rickevans12210@gmail.com
34 sent emails in total

email sent to stacey1.08@gmail.com
35 sent emails in total

email sent to willjohn7775@gmail.com
36 sent emails in total

email sent to ambercstudio@gmail.com
37 sent emails in total

email sent to ambermetoyer@gmail.com
38 sent emails in total

email sent to amykittredge@gmail.com
39 sent emails in total

email sent to bryanberiguete@gmail.com
40 sent emails in total

email sent to dylansdiyscience@gmail.com
41 sent emails in total

email sent to ckamau687@gmail.com
42 sent emails in total

email sent to asiasalsaevents@gmail.com
43 sent emails in total

email sent to bmoronta24@gmail.com
44 sent emails in total

email sent to graysonpaul@gmail.com
45 sent emails in total

email sent to juliegansackerman@gmail.com
46 sent emails in total

email sent to jodie.delsol@gmail.com
47 sent emails in total

email sent to jotvjo@gmail.com
48 sent emails in total

email sent to glenyramirez29@gmail.com
49 sent emails in total

email sent to jbaligian67@gmail.com
50 sent emails in total

email sent to jeenhulasie@gmail.com
51 sent emails in total

email sent to asialporter@gmail.com
52 sent emails in total

email sent to cubbieblu72@gmail.com
53 sent emails in total

email sent to doreen.tinajero@gmail.com
54 sent emails in total

email sent to gndiaz24@gmail.com
55 sent emails in total

email sent to ellensheeley@gmail.com
56 sent emails in total

email sent to marc.duane.jones@gmail.com
57 sent emails in total

email sent to avivayaghoobia@gmail.com
58 sent emails in total

email sent to chantolavong@gmail.com
59 sent emails in total

email sent to darcysilverman@gmail.com
60 sent emails in total

email sent to icebudda2@gmail.com
61 sent emails in total

email sent to alanaflo8@gmail.com
62 sent emails in total

email sent to kaylastep@gmail.com
63 sent emails in total

email sent to natalia.olmosjozwiak@gmail.com
64 sent emails in total

email sent to dennise.ajames@gmail.com
65 sent emails in total

email sent to emg196@gmail.com
66 sent emails in total

email sent to fredmo829@gmail.com
67 sent emails in total

email sent to gorlyn@gmail.com
68 sent emails in total

email sent to inna177@gmail.com
69 sent emails in total

email sent to enbraincollins39@gmail.com
70 sent emails in total

email sent to dannyfleming05@gmail.com
71 sent emails in total

email sent to dream4everwest@gmail.com
72 sent emails in total

email sent to dru2722@gmail.com
73 sent emails in total

email sent to philnardini24@gmail.com
74 sent emails in total

email sent to ellaleitner@gmail.com
75 sent emails in total

email sent to kofflerh17@gmail.com
76 sent emails in total

email sent to lisaxha@gmail.com
77 sent emails in total

email sent to melissac427@gmail.com
78 sent emails in total

email sent to valentinewan8899@gmail.com
79 sent emails in total

email sent to farazdakh@gmail.com
80 sent emails in total

email sent to jamesbrucewilson@gmail.com
81 sent emails in total

email sent to fayyazjm@gmail.com
82 sent emails in total

email sent to reginalee123@gmail.com
83 sent emails in total

email sent to ashleyyusufu@gmail.com
84 sent emails in total

email sent to hamling@gmail.com
85 sent emails in total

email sent to baseball0991@gmail.com
86 sent emails in total

email sent to blackshrek@gmail.com
87 sent emails in total

email sent to lolobrew707@gmail.com
88 sent emails in total

email sent to kimberlyr.wong@gmail.com
89 sent emails in total

email sent to simmons.shanae@gmail.com
90 sent emails in total

email sent to elizjanowitz@gmail.com
91 sent emails in total

email sent to alliebweiss@gmail.com
92 sent emails in total

email sent to jennifer.medina.matsuki@gmail.com
93 sent emails in total

email sent to oliverboffi@gmail.com
94 sent emails in total

email sent to raquelmac1700@gmail.com
95 sent emails in total

email sent to ross.hurwitz@gmail.com
96 sent emails in total

email sent to sanae1010@gmail.com
97 sent emails in total

email sent to saurabhg@gmail.com
98 sent emails in total

email sent to edith.m.lopez@gmail.com
99 sent emails in total

email sent to livetoofast2die@gmail.com
100 sent emails in total
INFO: 2026-03-06 13:30:09,471 - STARTING LOOP
INFO: 2026-03-06 13:30:09,471 - Getting blasts quota...
INFO: 2026-03-06 13:30:09,481 - DONE!
INFO: 2026-03-06 13:30:09,936 - Processing project 2009991 - glassview_it...
INFO: 2026-03-06 13:30:09,936 - Getting records for Mailmerge...
INFO: 2026-03-06 13:30:13,364 - Got 22 records!
INFO: 2026-03-06 13:30:13,394 - Processing project 1993744 - hcr_gallup_la_past_projects_mm...
INFO: 2026-03-06 13:30:13,394 - Getting records for Mailmerge...
INFO: 2026-03-06 13:30:13,642 - Got 100 records!
INFO: 2026-03-06 13:30:13,642 - FINISHED LOOP

INFO: 2026-03-06 13:30:13,652 - STARTING LOOP
INFO: 2026-03-06 13:30:13,652 - Sending out mailerge list...
INFO: 2026-03-06 13:37:00,773 - DONE!
INFO: 2026-03-06 13:37:00,777 - FINISHED LOOP


email sent to dfrick6516@gmail.com
1 sent emails in total

email sent to chuckied97@gmail.com
2 sent emails in total

email sent to darvindarling@gmail.com
3 sent emails in total

email sent to kindellgroup@gmail.com
4 sent emails in total

email sent to cathy.lynn.cimino@gmail.com
5 sent emails in total

email sent to joshua.military79@gmail.com
6 sent emails in total

email sent to jeh0964@gmail.com
7 sent emails in total

email sent to jporter328@gmail.com
8 sent emails in total

email sent to acostac@gmail.com
9 sent emails in total

email sent to mr.tonyhe@gmail.com
10 sent emails in total

email sent to kds4263@gmail.com
11 sent emails in total

email sent to rajeshkbajaj@gmail.com
12 sent emails in total

email sent to acohen54@gmail.com
13 sent emails in total

email sent to danielhyunwoolee@gmail.com
14 sent emails in total

email sent to dannyrey@gmail.com
15 sent emails in total

email sent to jsabshon@gmail.com
16 sent emails in total

email sent to maevit@gmail.com
17 sent emails in total

email sent to nicolas.danino@gmail.com
18 sent emails in total

email sent to peng.li.ny@gmail.com
19 sent emails in total

email sent to pflorestal@gmail.com
20 sent emails in total

email sent to seancurtin2@gmail.com
21 sent emails in total

email sent to tacologic@gmail.com
22 sent emails in total

email sent to melissa.budnick@gmail.com
23 sent emails in total

email sent to mrsaginyard@gmail.com
24 sent emails in total

email sent to seancurtin2@gmail.com
25 sent emails in total

email sent to sweetypiemama43@gmail.com
26 sent emails in total

email sent to billperrottab@gmail.com
27 sent emails in total

email sent to bsv1979@gmail.com
28 sent emails in total

email sent to naynay69.rs@gmail.com
29 sent emails in total

email sent to nvmirna@gmail.com
30 sent emails in total

email sent to smjarquin@gmail.com
31 sent emails in total

email sent to avidmal@gmail.com
32 sent emails in total

email sent to christinaduran718@gmail.com
33 sent emails in total

email sent to devonm2000@gmail.com
34 sent emails in total

email sent to genesefarlow17@gmail.com
35 sent emails in total

email sent to ginahson@gmail.com
36 sent emails in total

email sent to lisaoliva49@gmail.com
37 sent emails in total

email sent to musicmaking1@gmail.com
38 sent emails in total

email sent to k.arboleda86@gmail.com
39 sent emails in total

email sent to paragon.hankido@gmail.com
40 sent emails in total

email sent to courtneysanello@gmail.com
41 sent emails in total

email sent to eltom616@gmail.com
42 sent emails in total

email sent to heartof1dog@gmail.com
43 sent emails in total

email sent to marthaarboleda32@gmail.com
44 sent emails in total

email sent to angemela@gmail.com
45 sent emails in total

email sent to ashleymark011@gmail.com
46 sent emails in total

email sent to chrisoh77@gmail.com
47 sent emails in total

email sent to denisekramer916@gmail.com
48 sent emails in total

email sent to flaoliveiraberenguel@gmail.com
49 sent emails in total

email sent to jesspierce33@gmail.com
50 sent emails in total

email sent to matthewsjeanne@gmail.com
51 sent emails in total

email sent to cooljohnnycool1@gmail.com
52 sent emails in total

email sent to rogersgregsr@gmail.com
53 sent emails in total

email sent to rozroz1111@gmail.com
54 sent emails in total

email sent to simakohanoff@gmail.com
55 sent emails in total

email sent to tardaugh@gmail.com
56 sent emails in total

email sent to marymarymc@gmail.com
57 sent emails in total

email sent to vancityspxl@gmail.com
58 sent emails in total

email sent to ashantaehardy1@gmail.com
59 sent emails in total

email sent to lilscorpioking1998@gmail.com
60 sent emails in total

email sent to johannany13@gmail.com
61 sent emails in total

email sent to olson949@gmail.com
62 sent emails in total

email sent to sydney.y.ji@gmail.com
63 sent emails in total

email sent to deangeloscott93@gmail.com
64 sent emails in total

email sent to chrisdale40@gmail.com
65 sent emails in total

email sent to luciacalma@gmail.com
66 sent emails in total

email sent to alejandro.cayon@gmail.com
67 sent emails in total

email sent to shari.rivera@gmail.com
68 sent emails in total

email sent to sandihartke@gmail.com
69 sent emails in total

email sent to jhefter123@gmail.com
70 sent emails in total

email sent to emsaenger@gmail.com
71 sent emails in total

email sent to mcriseily@gmail.com
72 sent emails in total

email sent to deanna.forgione@gmail.com
73 sent emails in total

email sent to maggiewiggin@gmail.com
74 sent emails in total

email sent to crystal.alleyne@gmail.com
75 sent emails in total

email sent to raamona29@gmail.com
76 sent emails in total

email sent to n.mark03@gmail.com
77 sent emails in total

email sent to kelvin.shek@gmail.com
78 sent emails in total

email sent to mkatetran@gmail.com
79 sent emails in total

email sent to ojustina0705@gmail.com
80 sent emails in total

email sent to ivonne.poet@gmail.com
81 sent emails in total

email sent to farah.nelson@gmail.com
82 sent emails in total

email sent to tyritaa@gmail.com
83 sent emails in total

email sent to west.sara.e@gmail.com
84 sent emails in total

email sent to glochin@gmail.com
85 sent emails in total

email sent to frankbalbo61@gmail.com
86 sent emails in total

email sent to shaybuttah01@gmail.com
87 sent emails in total

email sent to yahikomccool@gmail.com
88 sent emails in total

email sent to vlovebug79@gmail.com
89 sent emails in total

email sent to lisamarie.gordils@gmail.com
90 sent emails in total

email sent to mollysymmonds@gmail.com
91 sent emails in total

email sent to mckenziel811@gmail.com
92 sent emails in total

email sent to rbdominic@gmail.com
93 sent emails in total

email sent to powerkings100@gmail.com
94 sent emails in total

email sent to wallacejeromeal@gmail.com
95 sent emails in total

email sent to trjiles@gmail.com
96 sent emails in total

email sent to ashagner@gmail.com
97 sent emails in total

email sent to mdewitt4@gmail.com
98 sent emails in total

email sent to samantha.l.april@gmail.com
99 sent emails in total

email sent to scwolf1129@gmail.com
100 sent emails in total
INFO: 2026-03-06 14:00:08,230 - STARTING LOOP
INFO: 2026-03-06 14:00:08,231 - Getting blasts quota...
INFO: 2026-03-06 14:00:08,239 - DONE!
INFO: 2026-03-06 14:00:08,649 - Processing project 2009991 - glassview_it...
INFO: 2026-03-06 14:00:08,649 - Getting records for Mailmerge...
INFO: 2026-03-06 14:00:11,688 - Got 0 records!
INFO: 2026-03-06 14:00:11,715 - Processing project 1993744 - hcr_gallup_la_past_projects_mm...
INFO: 2026-03-06 14:00:11,715 - Getting records for Mailmerge...
INFO: 2026-03-06 14:00:12,140 - Got 22 records!
INFO: 2026-03-06 14:00:12,141 - FINISHED LOOP

INFO: 2026-03-06 14:00:12,144 - STARTING LOOP
INFO: 2026-03-06 14:00:12,145 - Sending out mailerge list...
INFO: 2026-03-06 14:01:31,846 - DONE!
INFO: 2026-03-06 14:01:31,849 - FINISHED LOOP


email sent to lilianyagual@gmail.com
1 sent emails in total

email sent to mrjvergel@gmail.com
2 sent emails in total

email sent to catherine.desoe@gmail.com
3 sent emails in total

email sent to mishashah2010@gmail.com
4 sent emails in total

email sent to johna.nwamanna@gmail.com
5 sent emails in total

email sent to srifkintaxes@gmail.com
6 sent emails in total

email sent to thevanberghs@gmail.com
7 sent emails in total

email sent to jeanninediana@gmail.com
8 sent emails in total

email sent to c.alexander509@gmail.com
9 sent emails in total

email sent to kythompson6@gmail.com
10 sent emails in total

email sent to wheelingtsang@gmail.com
11 sent emails in total

email sent to nguerr7069@gmail.com
12 sent emails in total

email sent to sirl212@gmail.com
13 sent emails in total

email sent to ttheirse@gmail.com
14 sent emails in total

email sent to jwinocour22@gmail.com
15 sent emails in total

email sent to mercedez.310@gmail.com
16 sent emails in total

email sent to taylormneff999@gmail.com
17 sent emails in total

email sent to rachelapria@gmail.com
18 sent emails in total

email sent to bsmo0408@gmail.com
19 sent emails in total

email sent to laurencerreta@gmail.com
20 sent emails in total

email sent to sassymommynyc@gmail.com
21 sent emails in total

email sent to iveeramirez@gmail.com
22 sent emails in total
INFO: 2026-03-06 14:30:08,497 - STARTING LOOP
INFO: 2026-03-06 14:30:08,497 - Getting blasts quota...
INFO: 2026-03-06 14:30:08,505 - DONE!
INFO: 2026-03-06 14:30:08,899 - Processing project 2009991 - glassview_it...
INFO: 2026-03-06 14:30:08,900 - Getting records for Mailmerge...
INFO: 2026-03-06 14:30:12,084 - Got 0 records!
INFO: 2026-03-06 14:30:12,121 - Processing project 1993744 - hcr_gallup_la_past_projects_mm...
INFO: 2026-03-06 14:30:12,121 - Getting records for Mailmerge...
INFO: 2026-03-06 14:30:12,124 - Got 0 records!
INFO: 2026-03-06 14:30:12,124 - FINISHED LOOP

INFO: 2026-03-06 14:30:12,124 - STARTING LOOP
INFO: 2026-03-06 14:30:12,124 - there's no mailmerge list. Skipping for now...
INFO: 2026-03-06 14:30:12,124 - FINISHED LOOP

INFO: 2026-03-06 15:00:10,476 - STARTING LOOP
INFO: 2026-03-06 15:00:10,476 - Getting blasts quota...
INFO: 2026-03-06 15:00:10,488 - DONE!
INFO: 2026-03-06 15:00:10,954 - Processing project 2009991 - glassview_it...
INFO: 2026-03-06 15:00:10,954 - Getting records for Mailmerge...
INFO: 2026-03-06 15:00:14,033 - Got 0 records!
INFO: 2026-03-06 15:00:14,067 - Processing project 1993744 - hcr_gallup_la_past_projects_mm...
INFO: 2026-03-06 15:00:14,067 - Getting records for Mailmerge...
INFO: 2026-03-06 15:00:14,068 - Got 0 records!
INFO: 2026-03-06 15:00:14,068 - FINISHED LOOP

INFO: 2026-03-06 15:00:14,069 - STARTING LOOP
INFO: 2026-03-06 15:00:14,069 - Sending out mailerge list...
Traceback (most recent call last):
  File "/Users/albertoruizcajiga/python/sis_international/modules/smtp_bot/smtp_bot.py", line 130, in send_emails_smtp
    update_project_recruits_last_mm_sent(mail['project_id'], mail['id'])
                                         ~~~~^^^^^^^^^^^^^^
KeyError: 'project_id'

During handling of the above exception, another exception occurred:

Traceback (most recent call last):
  File "/Users/albertoruizcajiga/python/sis_international/.venv/lib/python3.11/site-packages/pandas/core/indexes/base.py", line 3812, in get_loc
    return self._engine.get_loc(casted_key)
           ^^^^^^^^^^^^^^^^^^^^^^^^^^^^^^^^
  File "pandas/_libs/index.pyx", line 167, in pandas._libs.index.IndexEngine.get_loc
  File "pandas/_libs/index.pyx", line 196, in pandas._libs.index.IndexEngine.get_loc
  File "pandas/_libs/hashtable_class_helper.pxi", line 7088, in pandas._libs.hashtable.PyObjectHashTable.get_item
  File "pandas/_libs/hashtable_class_helper.pxi", line 7096, in pandas._libs.hashtable.PyObjectHashTable.get_item
KeyError: 'status'

The above exception was the direct cause of the following exception:

Traceback (most recent call last):
  File "/Users/albertoruizcajiga/python/sis_international/smtp_worker.py", line 99, in <module>
    send_out_mm_list()
  File "/Users/albertoruizcajiga/python/sis_international/smtp_worker.py", line 89, in send_out_mm_list
    handler.send_emails_smtp(email_id, remaining)
  File "/Users/albertoruizcajiga/python/sis_international/modules/smtp_bot/smtp_bot.py", line 147, in send_emails_smtp
    new_df['status'] = new_df['status'].replace(np.nan,'failed')
                       ~~~~~~^^^^^^^^^^
  File "/Users/albertoruizcajiga/python/sis_international/.venv/lib/python3.11/site-packages/pandas/core/frame.py", line 4113, in __getitem__
    indexer = self.columns.get_loc(key)
              ^^^^^^^^^^^^^^^^^^^^^^^^^
  File "/Users/albertoruizcajiga/python/sis_international/.venv/lib/python3.11/site-packages/pandas/core/indexes/base.py", line 3819, in get_loc
    raise KeyError(key) from err
KeyError: 'status'
INFO: 2026-03-06 15:30:09,088 - STARTING LOOP
INFO: 2026-03-06 15:30:09,088 - Getting blasts quota...
INFO: 2026-03-06 15:30:09,097 - DONE!
INFO: 2026-03-06 15:30:09,530 - Processing project 2009991 - glassview_it...
INFO: 2026-03-06 15:30:09,530 - Getting records for Mailmerge...
INFO: 2026-03-06 15:30:12,197 - Got 0 records!
INFO: 2026-03-06 15:30:12,225 - Processing project 1993744 - hcr_gallup_la_past_projects_mm...
INFO: 2026-03-06 15:30:12,225 - Getting records for Mailmerge...
INFO: 2026-03-06 15:30:12,226 - Got 0 records!
INFO: 2026-03-06 15:30:12,226 - FINISHED LOOP

INFO: 2026-03-06 15:30:12,227 - STARTING LOOP
INFO: 2026-03-06 15:30:12,227 - Sending out mailerge list...
Traceback (most recent call last):
  File "/Users/albertoruizcajiga/python/sis_international/modules/smtp_bot/smtp_bot.py", line 130, in send_emails_smtp
    update_project_recruits_last_mm_sent(mail['project_id'], mail['id'])
                                         ~~~~^^^^^^^^^^^^^^
KeyError: 'project_id'

During handling of the above exception, another exception occurred:

Traceback (most recent call last):
  File "/Users/albertoruizcajiga/python/sis_international/.venv/lib/python3.11/site-packages/pandas/core/indexes/base.py", line 3812, in get_loc
    return self._engine.get_loc(casted_key)
           ^^^^^^^^^^^^^^^^^^^^^^^^^^^^^^^^
  File "pandas/_libs/index.pyx", line 167, in pandas._libs.index.IndexEngine.get_loc
  File "pandas/_libs/index.pyx", line 196, in pandas._libs.index.IndexEngine.get_loc
  File "pandas/_libs/hashtable_class_helper.pxi", line 7088, in pandas._libs.hashtable.PyObjectHashTable.get_item
  File "pandas/_libs/hashtable_class_helper.pxi", line 7096, in pandas._libs.hashtable.PyObjectHashTable.get_item
KeyError: 'status'

The above exception was the direct cause of the following exception:

Traceback (most recent call last):
  File "/Users/albertoruizcajiga/python/sis_international/smtp_worker.py", line 99, in <module>
    send_out_mm_list()
  File "/Users/albertoruizcajiga/python/sis_international/smtp_worker.py", line 89, in send_out_mm_list
    handler.send_emails_smtp(email_id, remaining)
  File "/Users/albertoruizcajiga/python/sis_international/modules/smtp_bot/smtp_bot.py", line 147, in send_emails_smtp
    new_df['status'] = new_df['status'].replace(np.nan,'failed')
                       ~~~~~~^^^^^^^^^^
  File "/Users/albertoruizcajiga/python/sis_international/.venv/lib/python3.11/site-packages/pandas/core/frame.py", line 4113, in __getitem__
    indexer = self.columns.get_loc(key)
              ^^^^^^^^^^^^^^^^^^^^^^^^^
  File "/Users/albertoruizcajiga/python/sis_international/.venv/lib/python3.11/site-packages/pandas/core/indexes/base.py", line 3819, in get_loc
    raise KeyError(key) from err
KeyError: 'status'
INFO: 2026-03-09 11:00:16,951 - STARTING LOOP
INFO: 2026-03-09 11:00:16,952 - Getting blasts quota...
INFO: 2026-03-09 11:00:16,954 - DONE!
INFO: 2026-03-09 11:00:17,355 - Processing project 2002111 - hlm_prison_research...
INFO: 2026-03-09 11:00:17,356 - Getting records for Mailmerge...
INFO: 2026-03-09 11:00:17,361 - Got 0 records!
INFO: 2026-03-09 11:00:17,380 - Processing project 2009991 - glassview_it...
INFO: 2026-03-09 11:00:17,381 - Getting records for Mailmerge...
INFO: 2026-03-09 11:00:19,076 - Got 15 records!
INFO: 2026-03-09 11:00:19,285 - Processing project 1995971 - Vanguardcharitable...
INFO: 2026-03-09 11:00:19,285 - Getting records for Mailmerge...
Traceback (most recent call last):
  File "/Users/albertoruizcajiga/python/sis_international/smtp_worker.py", line 98, in <module>
    create_mm_list()
  File "/Users/albertoruizcajiga/python/sis_international/smtp_worker.py", line 58, in create_mm_list
    mm_list_ = [(x[0], x[1], x[2], message.format(First_name=x[1], FROM_NAME='Ruth Stanat'), project_id) for x in data]
               ^^^^^^^^^^^^^^^^^^^^^^^^^^^^^^^^^^^^^^^^^^^^^^^^^^^^^^^^^^^^^^^^^^^^^^^^^^^^^^^^^^^^^^^^^^^^^^^^^^^^^^^^
  File "/Users/albertoruizcajiga/python/sis_international/smtp_worker.py", line 58, in <listcomp>
    mm_list_ = [(x[0], x[1], x[2], message.format(First_name=x[1], FROM_NAME='Ruth Stanat'), project_id) for x in data]
                                   ^^^^^^^^^^^^^^
AttributeError: 'float' object has no attribute 'format'
INFO: 2026-03-09 11:30:10,298 - STARTING LOOP
INFO: 2026-03-09 11:30:10,299 - Getting blasts quota...
INFO: 2026-03-09 11:30:10,307 - DONE!
INFO: 2026-03-09 11:30:10,854 - Processing project 2002111 - hlm_prison_research...
INFO: 2026-03-09 11:30:10,854 - Getting records for Mailmerge...
INFO: 2026-03-09 11:30:10,861 - Got 0 records!
INFO: 2026-03-09 11:30:10,883 - Processing project 2009991 - glassview_it...
INFO: 2026-03-09 11:30:10,883 - Getting records for Mailmerge...
INFO: 2026-03-09 11:30:14,503 - Got 17 records!
INFO: 2026-03-09 11:30:14,619 - Processing project 1995971 - Vanguardcharitable...
INFO: 2026-03-09 11:30:14,619 - Getting records for Mailmerge...
INFO: 2026-03-09 11:30:36,418 - Got 5 records!
INFO: 2026-03-09 11:30:38,681 - Processing project 1993742 - hcr_usa_parents...
INFO: 2026-03-09 11:30:38,681 - Getting records for Mailmerge...
INFO: 2026-03-09 11:30:44,588 - Got 200 records!
INFO: 2026-03-09 11:30:44,589 - FINISHED LOOP

INFO: 2026-03-09 11:30:44,610 - STARTING LOOP
INFO: 2026-03-09 11:30:44,610 - Sending out mailerge list...
Traceback (most recent call last):
  File "/Users/albertoruizcajiga/python/sis_international/smtp_worker.py", line 99, in <module>
    send_out_mm_list()
  File "/Users/albertoruizcajiga/python/sis_international/smtp_worker.py", line 80, in send_out_mm_list
    data = choose_smtp_account()
           ^^^^^^^^^^^^^^^^^^^^^
  File "/Users/albertoruizcajiga/python/sis_international/modules/database/database.py", line 797, in choose_smtp_account
    reset_daily_mailmerge_limits()
  File "/Users/albertoruizcajiga/python/sis_international/modules/database/database.py", line 777, in reset_daily_mailmerge_limits
    cursor.execute(query)
sqlite3.OperationalError: database is locked
INFO: 2026-03-09 11:38:22,458 - STARTING LOOP
INFO: 2026-03-09 11:38:22,458 - Getting blasts quota...
INFO: 2026-03-09 11:38:22,462 - DONE!
INFO: 2026-03-09 11:38:22,660 - Processing project 2002111 - hlm_prison_research...
INFO: 2026-03-09 11:38:22,660 - Getting records for Mailmerge...
INFO: 2026-03-09 11:38:22,753 - Got 0 records!
INFO: 2026-03-09 11:38:22,780 - Processing project 2009991 - glassview_it...
INFO: 2026-03-09 11:38:22,780 - Getting records for Mailmerge...
INFO: 2026-03-09 11:38:24,518 - Got 18 records!
INFO: 2026-03-09 11:38:24,559 - Processing project 1995971 - Vanguardcharitable...
INFO: 2026-03-09 11:38:24,559 - Getting records for Mailmerge...
INFO: 2026-03-09 11:38:40,289 - Got 11 records!
INFO: 2026-03-09 11:38:40,798 - Processing project 1993742 - hcr_usa_parents...
INFO: 2026-03-09 11:38:40,798 - Getting records for Mailmerge...
INFO: 2026-03-09 11:38:44,116 - Got 200 records!
INFO: 2026-03-09 11:38:44,116 - FINISHED LOOP

INFO: 2026-03-09 11:38:44,120 - STARTING LOOP
INFO: 2026-03-09 11:38:44,120 - Sending out mailerge list...
INFO: 2026-03-09 11:45:24,815 - DONE!
INFO: 2026-03-09 11:45:24,816 - FINISHED LOOP

INFO: 2026-03-09 12:07:38,299 - STARTING LOOP
INFO: 2026-03-09 12:07:38,306 - Getting blasts quota...
INFO: 2026-03-09 12:07:38,326 - DONE!
INFO: 2026-03-09 12:07:39,682 - Processing project 2002111 - hlm_prison_research...
INFO: 2026-03-09 12:07:39,682 - Getting records for Mailmerge...
INFO: 2026-03-09 12:07:39,687 - Got 0 records!
INFO: 2026-03-09 12:07:39,719 - Processing project 2009991 - glassview_it...
INFO: 2026-03-09 12:07:39,719 - Getting records for Mailmerge...
INFO: 2026-03-09 12:07:45,720 - Got 0 records!
INFO: 2026-03-09 12:07:45,968 - Processing project 1995971 - Vanguardcharitable...
INFO: 2026-03-09 12:07:45,968 - Getting records for Mailmerge...
INFO: 2026-03-09 12:08:18,667 - Got 0 records!
INFO: 2026-03-09 12:08:21,771 - Processing project 1993742 - hcr_usa_parents...
INFO: 2026-03-09 12:08:21,771 - Getting records for Mailmerge...
INFO: 2026-03-09 12:08:27,592 - Got 129 records!
INFO: 2026-03-09 12:08:27,694 - Processing project 1994141 - luminare_health...
INFO: 2026-03-09 12:08:27,694 - Getting records for Mailmerge...
INFO: 2026-03-09 12:08:31,707 - Got 0 records!
INFO: 2026-03-09 12:08:31,709 - FINISHED LOOP

INFO: 2026-03-09 12:08:31,721 - STARTING LOOP
INFO: 2026-03-09 12:08:31,721 - Sending out mailerge list...
Traceback (most recent call last):
  File "/Users/albertoruizcajiga/python/sis_international/smtp_worker.py", line 99, in <module>
    send_out_mm_list()
  File "/Users/albertoruizcajiga/python/sis_international/smtp_worker.py", line 88, in send_out_mm_list
    handler = SMTP(email_account)
              ^^^^^^^^^^^^^^^^^^^
  File "/Users/albertoruizcajiga/python/sis_international/modules/smtp_bot/smtp_bot.py", line 43, in __init__
    self.mailserver = smtplib.SMTP(self.host, self.port)
                      ^^^^^^^^^^^^^^^^^^^^^^^^^^^^^^^^^^
  File "/Library/Frameworks/Python.framework/Versions/3.11/lib/python3.11/smtplib.py", line 255, in __init__
    (code, msg) = self.connect(host, port)
                  ^^^^^^^^^^^^^^^^^^^^^^^^
  File "/Library/Frameworks/Python.framework/Versions/3.11/lib/python3.11/smtplib.py", line 341, in connect
    self.sock = self._get_socket(host, port, self.timeout)
                ^^^^^^^^^^^^^^^^^^^^^^^^^^^^^^^^^^^^^^^^^^
  File "/Library/Frameworks/Python.framework/Versions/3.11/lib/python3.11/smtplib.py", line 312, in _get_socket
    return socket.create_connection((host, port), timeout,
           ^^^^^^^^^^^^^^^^^^^^^^^^^^^^^^^^^^^^^^^^^^^^^^^
  File "/Library/Frameworks/Python.framework/Versions/3.11/lib/python3.11/socket.py", line 827, in create_connection
    for res in getaddrinfo(host, port, 0, SOCK_STREAM):
               ^^^^^^^^^^^^^^^^^^^^^^^^^^^^^^^^^^^^^^^
  File "/Library/Frameworks/Python.framework/Versions/3.11/lib/python3.11/socket.py", line 962, in getaddrinfo
    for res in _socket.getaddrinfo(host, port, family, type, proto, flags):
               ^^^^^^^^^^^^^^^^^^^^^^^^^^^^^^^^^^^^^^^^^^^^^^^^^^^^^^^^^^^
socket.gaierror: [Errno 8] nodename nor servname provided, or not known
INFO: 2026-03-09 12:30:05,985 - STARTING LOOP
INFO: 2026-03-09 12:30:05,986 - Getting blasts quota...
INFO: 2026-03-09 12:30:05,988 - DONE!
INFO: 2026-03-09 12:30:06,426 - Processing project 2002111 - hlm_prison_research...
INFO: 2026-03-09 12:30:06,427 - Getting records for Mailmerge...
INFO: 2026-03-09 12:30:06,432 - Got 0 records!
INFO: 2026-03-09 12:30:06,455 - Processing project 2009991 - glassview_it...
INFO: 2026-03-09 12:30:06,456 - Getting records for Mailmerge...
INFO: 2026-03-09 12:30:08,560 - Got 0 records!
INFO: 2026-03-09 12:30:08,648 - Processing project 1995971 - Vanguardcharitable...
INFO: 2026-03-09 12:30:08,648 - Getting records for Mailmerge...
INFO: 2026-03-09 12:30:28,793 - Got 0 records!
INFO: 2026-03-09 12:30:29,690 - Processing project 1993742 - hcr_usa_parents...
INFO: 2026-03-09 12:30:29,690 - Getting records for Mailmerge...
INFO: 2026-03-09 12:30:34,681 - Got 129 records!
INFO: 2026-03-09 12:30:34,885 - Processing project 1994141 - luminare_health...
INFO: 2026-03-09 12:30:34,886 - Getting records for Mailmerge...
INFO: 2026-03-09 12:30:38,102 - Got 0 records!
INFO: 2026-03-09 12:30:38,103 - FINISHED LOOP

INFO: 2026-03-09 12:30:38,119 - STARTING LOOP
INFO: 2026-03-09 12:30:38,119 - Sending out mailerge list...
Traceback (most recent call last):
  File "/Users/albertoruizcajiga/python/sis_international/smtp_worker.py", line 99, in <module>
    send_out_mm_list()
  File "/Users/albertoruizcajiga/python/sis_international/smtp_worker.py", line 88, in send_out_mm_list
    handler = SMTP(email_account)
              ^^^^^^^^^^^^^^^^^^^
  File "/Users/albertoruizcajiga/python/sis_international/modules/smtp_bot/smtp_bot.py", line 43, in __init__
    self.mailserver = smtplib.SMTP(self.host, self.port)
                      ^^^^^^^^^^^^^^^^^^^^^^^^^^^^^^^^^^
  File "/Library/Frameworks/Python.framework/Versions/3.11/lib/python3.11/smtplib.py", line 255, in __init__
    (code, msg) = self.connect(host, port)
                  ^^^^^^^^^^^^^^^^^^^^^^^^
  File "/Library/Frameworks/Python.framework/Versions/3.11/lib/python3.11/smtplib.py", line 341, in connect
    self.sock = self._get_socket(host, port, self.timeout)
                ^^^^^^^^^^^^^^^^^^^^^^^^^^^^^^^^^^^^^^^^^^
  File "/Library/Frameworks/Python.framework/Versions/3.11/lib/python3.11/smtplib.py", line 312, in _get_socket
    return socket.create_connection((host, port), timeout,
           ^^^^^^^^^^^^^^^^^^^^^^^^^^^^^^^^^^^^^^^^^^^^^^^
  File "/Library/Frameworks/Python.framework/Versions/3.11/lib/python3.11/socket.py", line 827, in create_connection
    for res in getaddrinfo(host, port, 0, SOCK_STREAM):
               ^^^^^^^^^^^^^^^^^^^^^^^^^^^^^^^^^^^^^^^
  File "/Library/Frameworks/Python.framework/Versions/3.11/lib/python3.11/socket.py", line 962, in getaddrinfo
    for res in _socket.getaddrinfo(host, port, family, type, proto, flags):
               ^^^^^^^^^^^^^^^^^^^^^^^^^^^^^^^^^^^^^^^^^^^^^^^^^^^^^^^^^^^
socket.gaierror: [Errno 8] nodename nor servname provided, or not known
INFO: 2026-03-09 13:30:06,651 - STARTING LOOP
INFO: 2026-03-09 13:30:06,652 - Getting blasts quota...
INFO: 2026-03-09 13:30:06,654 - DONE!
INFO: 2026-03-09 13:30:07,170 - Processing project 2002111 - hlm_prison_research...
INFO: 2026-03-09 13:30:07,170 - Getting records for Mailmerge...
INFO: 2026-03-09 13:30:07,174 - Got 0 records!
INFO: 2026-03-09 13:30:07,192 - Processing project 2009991 - glassview_it...
INFO: 2026-03-09 13:30:07,193 - Getting records for Mailmerge...
INFO: 2026-03-09 13:30:09,152 - Got 0 records!
INFO: 2026-03-09 13:30:09,230 - Processing project 1995971 - Vanguardcharitable...
INFO: 2026-03-09 13:30:09,230 - Getting records for Mailmerge...
INFO: 2026-03-09 13:30:28,490 - Got 0 records!
INFO: 2026-03-09 13:30:29,370 - Processing project 1993742 - hcr_usa_parents...
INFO: 2026-03-09 13:30:29,371 - Getting records for Mailmerge...
INFO: 2026-03-09 13:30:34,296 - Got 129 records!
INFO: 2026-03-09 13:30:34,525 - Processing project 1994141 - luminare_health...
INFO: 2026-03-09 13:30:34,526 - Getting records for Mailmerge...
INFO: 2026-03-09 13:30:37,842 - Got 0 records!
INFO: 2026-03-09 13:30:37,842 - FINISHED LOOP

INFO: 2026-03-09 13:30:37,859 - STARTING LOOP
INFO: 2026-03-09 13:30:37,859 - Sending out mailerge list...
Traceback (most recent call last):
  File "/Users/albertoruizcajiga/python/sis_international/smtp_worker.py", line 99, in <module>
    send_out_mm_list()
  File "/Users/albertoruizcajiga/python/sis_international/smtp_worker.py", line 88, in send_out_mm_list
    handler = SMTP(email_account)
              ^^^^^^^^^^^^^^^^^^^
  File "/Users/albertoruizcajiga/python/sis_international/modules/smtp_bot/smtp_bot.py", line 43, in __init__
    self.mailserver = smtplib.SMTP(self.host, self.port)
                      ^^^^^^^^^^^^^^^^^^^^^^^^^^^^^^^^^^
  File "/Library/Frameworks/Python.framework/Versions/3.11/lib/python3.11/smtplib.py", line 255, in __init__
    (code, msg) = self.connect(host, port)
                  ^^^^^^^^^^^^^^^^^^^^^^^^
  File "/Library/Frameworks/Python.framework/Versions/3.11/lib/python3.11/smtplib.py", line 341, in connect
    self.sock = self._get_socket(host, port, self.timeout)
                ^^^^^^^^^^^^^^^^^^^^^^^^^^^^^^^^^^^^^^^^^^
  File "/Library/Frameworks/Python.framework/Versions/3.11/lib/python3.11/smtplib.py", line 312, in _get_socket
    return socket.create_connection((host, port), timeout,
           ^^^^^^^^^^^^^^^^^^^^^^^^^^^^^^^^^^^^^^^^^^^^^^^
  File "/Library/Frameworks/Python.framework/Versions/3.11/lib/python3.11/socket.py", line 827, in create_connection
    for res in getaddrinfo(host, port, 0, SOCK_STREAM):
               ^^^^^^^^^^^^^^^^^^^^^^^^^^^^^^^^^^^^^^^
  File "/Library/Frameworks/Python.framework/Versions/3.11/lib/python3.11/socket.py", line 962, in getaddrinfo
    for res in _socket.getaddrinfo(host, port, family, type, proto, flags):
               ^^^^^^^^^^^^^^^^^^^^^^^^^^^^^^^^^^^^^^^^^^^^^^^^^^^^^^^^^^^
socket.gaierror: [Errno 8] nodename nor servname provided, or not known
INFO: 2026-03-09 14:30:08,994 - STARTING LOOP
INFO: 2026-03-09 14:30:08,994 - Getting blasts quota...
INFO: 2026-03-09 14:30:09,003 - DONE!
INFO: 2026-03-09 14:30:09,445 - Processing project 2002111 - hlm_prison_research...
INFO: 2026-03-09 14:30:09,445 - Getting records for Mailmerge...
INFO: 2026-03-09 14:30:09,450 - Got 0 records!
INFO: 2026-03-09 14:30:09,466 - Processing project 2009991 - glassview_it...
INFO: 2026-03-09 14:30:09,467 - Getting records for Mailmerge...
INFO: 2026-03-09 14:30:12,092 - Got 0 records!
INFO: 2026-03-09 14:30:12,260 - Processing project 1995971 - Vanguardcharitable...
INFO: 2026-03-09 14:30:12,260 - Getting records for Mailmerge...
INFO: 2026-03-09 14:30:33,981 - Got 0 records!
INFO: 2026-03-09 14:30:35,641 - Processing project 1993742 - hcr_usa_parents...
INFO: 2026-03-09 14:30:35,642 - Getting records for Mailmerge...
INFO: 2026-03-09 14:30:40,508 - Got 129 records!
INFO: 2026-03-09 14:30:40,732 - Processing project 1994141 - luminare_health...
INFO: 2026-03-09 14:30:40,732 - Getting records for Mailmerge...
INFO: 2026-03-09 14:30:44,093 - Got 0 records!
INFO: 2026-03-09 14:30:44,093 - FINISHED LOOP

INFO: 2026-03-09 14:30:44,115 - STARTING LOOP
INFO: 2026-03-09 14:30:44,115 - Sending out mailerge list...
INFO: 2026-03-09 14:38:04,806 - DONE!
INFO: 2026-03-09 14:38:04,807 - FINISHED LOOP


email sent to 67georgejohn@gmail.com
1 sent emails in total

email sent to 727memories@gmail.com
2 sent emails in total

email sent to 7angelika@gmail.com
3 sent emails in total

email sent to 96alexandervilla@gmail.com
4 sent emails in total

email sent to a.berkovich5@gmail.com
5 sent emails in total

email sent to a.lasseignenew@gmail.com
6 sent emails in total

email sent to a.ricca2@gmail.com
7 sent emails in total

email sent to aacrew@gmail.com
8 sent emails in total

email sent to aaliyahadams9@gmail.com
9 sent emails in total

email sent to aamickler@gmail.com
10 sent emails in total

email sent to aammoscato@gmail.com
11 sent emails in total

email sent to aaron.alonso@gmail.com
12 sent emails in total

email sent to aarondungo@gmail.com
13 sent emails in total

email sent to aarongeoulla@gmail.com
14 sent emails in total

email sent to aaronlahood30@gmail.com
15 sent emails in total

email sent to aaronlewisschwartz@gmail.com
16 sent emails in total

email sent to aarroman@gmail.com
17 sent emails in total

email sent to aawierema@gmail.com
18 sent emails in total

email sent to abaimovam@gmail.com
19 sent emails in total

email sent to abba.traore330@gmail.com
20 sent emails in total

email sent to abbey.scheflen@gmail.com
21 sent emails in total

email sent to abbie.weiss@gmail.com
22 sent emails in total

email sent to abbieschiller@gmail.com
23 sent emails in total

email sent to abby.lavin@gmail.com
24 sent emails in total

email sent to abbyabigael280@gmail.com
25 sent emails in total

email sent to abbymae.carney@gmail.com
26 sent emails in total

email sent to abergerdc@gmail.com
27 sent emails in total

email sent to aberowitz@gmail.com
28 sent emails in total

email sent to abester@gmail.com
29 sent emails in total

email sent to abigail.chalmers@gmail.com
30 sent emails in total

email sent to abigailbrown256@gmail.com
31 sent emails in total

email sent to abigailoneall@gmail.com
32 sent emails in total

email sent to abigailumstead@gmail.com
33 sent emails in total

email sent to abklynrose@gmail.com
34 sent emails in total

email sent to abrowd@gmail.com
35 sent emails in total

email sent to acadena4@gmail.com
36 sent emails in total

email sent to acbranch3@gmail.com
37 sent emails in total

email sent to acbrow02@gmail.com
38 sent emails in total

email sent to acbutler2659@gmail.com
39 sent emails in total

email sent to acedaren@gmail.com
40 sent emails in total

email sent to achait989@gmail.com
41 sent emails in total

email sent to aclebold@gmail.com
42 sent emails in total

email sent to acorin02@gmail.com
43 sent emails in total

email sent to acoutavas@gmail.com
44 sent emails in total

email sent to actiii@gmail.com
45 sent emails in total

email sent to adahkimbleyyky38@gmail.com
46 sent emails in total

email sent to adam.domian@gmail.com
47 sent emails in total

email sent to adam.ellner32@gmail.com
48 sent emails in total

email sent to adam.kraemer.la@gmail.com
49 sent emails in total

email sent to adambrock503@gmail.com
50 sent emails in total

email sent to adamgreenstein@gmail.com
51 sent emails in total

email sent to adamlcloe@gmail.com
52 sent emails in total

email sent to adamlong79@gmail.com
53 sent emails in total

email sent to adamrosen7@gmail.com
54 sent emails in total

email sent to adamsalomon6@gmail.com
55 sent emails in total

email sent to adamsjenise84@gmail.com
56 sent emails in total

email sent to adamtorres05@gmail.com
57 sent emails in total

email sent to adamturnernyc@gmail.com
58 sent emails in total

email sent to adanapellot@gmail.com
59 sent emails in total

email sent to adannaswan@gmail.com
60 sent emails in total

email sent to adaviess975@gmail.com
61 sent emails in total

email sent to adazhou66@gmail.com
62 sent emails in total

email sent to adbutturini@gmail.com
63 sent emails in total

email sent to adele.hagadorn@gmail.com
64 sent emails in total

email sent to adele.zin@gmail.com
65 sent emails in total

email sent to adexxysunday@gmail.com
66 sent emails in total

email sent to adiam.otoba@gmail.com
67 sent emails in total

email sent to adimehta3@gmail.com
68 sent emails in total

email sent to adinajalali@gmail.com
69 sent emails in total

email sent to admasaberra@gmail.com
70 sent emails in total

email sent to admasjessica7@gmail.com
71 sent emails in total

email sent to adrawec@gmail.com
72 sent emails in total

email sent to adreannahill@gmail.com
73 sent emails in total

email sent to adriannaswartz23@gmail.com
74 sent emails in total

email sent to adrienne.weekly@gmail.com
75 sent emails in total

email sent to adriennejberman@gmail.com
76 sent emails in total

email sent to adsmgt@gmail.com
77 sent emails in total

email sent to aehume@gmail.com
78 sent emails in total

email sent to aeinbind@gmail.com
79 sent emails in total

email sent to aekleinbrodt@gmail.com
80 sent emails in total

email sent to aenunaziyah14@gmail.com
81 sent emails in total

email sent to aepsteincfp@gmail.com
82 sent emails in total

email sent to afeexzy56@gmail.com
83 sent emails in total

email sent to agerberi@gmail.com
84 sent emails in total

email sent to agiannoccora@gmail.com
85 sent emails in total

email sent to agirao05@gmail.com
86 sent emails in total

email sent to agpasco@gmail.com
87 sent emails in total

email sent to agruenhut100@gmail.com
88 sent emails in total

email sent to aguirrestwrt@gmail.com
89 sent emails in total

email sent to aharrington209@gmail.com
90 sent emails in total

email sent to ahawktalks@gmail.com
91 sent emails in total

email sent to ahermanchef@gmail.com
92 sent emails in total

email sent to ahrenjeffries@gmail.com
93 sent emails in total

email sent to aishaamin.nyc@gmail.com
94 sent emails in total

email sent to aishamateen98@gmail.com
95 sent emails in total

email sent to aisheee96@gmail.com
96 sent emails in total

email sent to aj.mecinc@gmail.com
97 sent emails in total

email sent to ajgemmill@gmail.com
98 sent emails in total

email sent to ajgerber0205@gmail.com
99 sent emails in total

email sent to ajoester1@gmail.com
100 sent emails in total
INFO: 2026-03-09 15:00:08,310 - STARTING LOOP
INFO: 2026-03-09 15:00:08,310 - Getting blasts quota...
INFO: 2026-03-09 15:00:08,313 - DONE!
INFO: 2026-03-09 15:00:08,664 - Processing project 2002111 - hlm_prison_research...
INFO: 2026-03-09 15:00:08,664 - Getting records for Mailmerge...
INFO: 2026-03-09 15:00:08,669 - Got 0 records!
INFO: 2026-03-09 15:00:08,687 - Processing project 2009991 - glassview_it...
INFO: 2026-03-09 15:00:08,687 - Getting records for Mailmerge...
INFO: 2026-03-09 15:00:10,782 - Got 0 records!
INFO: 2026-03-09 15:00:10,868 - Processing project 1995971 - Vanguardcharitable...
INFO: 2026-03-09 15:00:10,869 - Getting records for Mailmerge...
INFO: 2026-03-09 15:00:31,131 - Got 0 records!
INFO: 2026-03-09 15:00:32,119 - Processing project 1993742 - hcr_usa_parents...
INFO: 2026-03-09 15:00:32,119 - Getting records for Mailmerge...
INFO: 2026-03-09 15:00:36,769 - Got 29 records!
INFO: 2026-03-09 15:00:36,871 - Processing project 1994141 - luminare_health...
INFO: 2026-03-09 15:00:36,871 - Getting records for Mailmerge...
INFO: 2026-03-09 15:00:39,153 - Got 0 records!
INFO: 2026-03-09 15:00:39,153 - FINISHED LOOP

INFO: 2026-03-09 15:00:39,157 - STARTING LOOP
INFO: 2026-03-09 15:00:39,157 - Sending out mailerge list...
INFO: 2026-03-09 15:02:50,931 - DONE!
INFO: 2026-03-09 15:02:51,016 - FINISHED LOOP


email sent to ajorn11@gmail.com
1 sent emails in total

email sent to ajrabbani@gmail.com
2 sent emails in total

email sent to ajxander04@gmail.com
3 sent emails in total

email sent to akattan922@gmail.com
4 sent emails in total

email sent to aklevitt@gmail.com
5 sent emails in total

email sent to akopian.marianna@gmail.com
6 sent emails in total

email sent to akordeck@gmail.com
7 sent emails in total

email sent to akornstein90@gmail.com
8 sent emails in total

email sent to akorsiak@gmail.com
9 sent emails in total

email sent to aksikikut@gmail.com
10 sent emails in total

email sent to al.llimona@gmail.com
11 sent emails in total

email sent to al2518@gmail.com
12 sent emails in total

email sent to alan.ormaza205@gmail.com
13 sent emails in total

email sent to alana.heyman@gmail.com
14 sent emails in total

email sent to alandac18@gmail.com
15 sent emails in total

email sent to alanna.s.rogers@gmail.com
16 sent emails in total

email sent to alannaburnsfitzpatrick@gmail.com
17 sent emails in total

email sent to alarsen822@gmail.com
18 sent emails in total

email sent to albertjamesx@gmail.com
19 sent emails in total

email sent to aldosedan@gmail.com
20 sent emails in total

email sent to alec.shoup@gmail.com
21 sent emails in total

email sent to alecbarr@gmail.com
22 sent emails in total

email sent to alecrushhenry@gmail.com
23 sent emails in total

email sent to alecsmith098@gmail.com
24 sent emails in total

email sent to aleidy.e@gmail.com
25 sent emails in total

email sent to alex.brownstein083@gmail.com
26 sent emails in total

email sent to alex.davis720@gmail.com
27 sent emails in total

email sent to alex.foxworth@gmail.com
28 sent emails in total

email sent to alex.mejalli@gmail.com
29 sent emails in total
INFO: 2026-03-09 15:30:08,508 - STARTING LOOP
INFO: 2026-03-09 15:30:08,508 - Getting blasts quota...
INFO: 2026-03-09 15:30:08,523 - DONE!
INFO: 2026-03-09 15:30:09,362 - Processing project 2002111 - hlm_prison_research...
INFO: 2026-03-09 15:30:09,363 - Getting records for Mailmerge...
INFO: 2026-03-09 15:30:09,370 - Got 0 records!
INFO: 2026-03-09 15:30:09,392 - Processing project 2009991 - glassview_it...
INFO: 2026-03-09 15:30:09,393 - Getting records for Mailmerge...
INFO: 2026-03-09 15:30:14,460 - Got 21 records!
INFO: 2026-03-09 15:30:14,540 - Processing project 1995971 - Vanguardcharitable...
INFO: 2026-03-09 15:30:14,540 - Getting records for Mailmerge...
INFO: 2026-03-09 15:30:37,637 - Got 0 records!
INFO: 2026-03-09 15:30:41,048 - Processing project 1993742 - hcr_usa_parents...
INFO: 2026-03-09 15:30:41,049 - Getting records for Mailmerge...
INFO: 2026-03-09 15:30:41,050 - Got 0 records!
INFO: 2026-03-09 15:30:41,129 - Processing project 1994141 - luminare_health...
INFO: 2026-03-09 15:30:41,129 - Getting records for Mailmerge...
INFO: 2026-03-09 15:30:43,477 - Got 0 records!
INFO: 2026-03-09 15:30:43,477 - FINISHED LOOP

INFO: 2026-03-09 15:30:43,480 - STARTING LOOP
INFO: 2026-03-09 15:30:43,480 - Sending out mailerge list...
INFO: 2026-03-09 15:32:00,935 - DONE!
INFO: 2026-03-09 15:32:00,936 - FINISHED LOOP


email sent to calebmaanzo@gmail.com
1 sent emails in total

email sent to adam.d.rubens@gmail.com
2 sent emails in total

email sent to cypriannorman98@gmail.com
3 sent emails in total

email sent to dependra1509@gmail.com
4 sent emails in total

email sent to dubois90@gmail.com
5 sent emails in total

email sent to gonzalezdanieladaza@gmail.com
6 sent emails in total

email sent to hnobata@gmail.com
7 sent emails in total

email sent to louw.edward@gmail.com
8 sent emails in total

email sent to anshilbhansali@gmail.com
9 sent emails in total

email sent to ichristine.le@gmail.com
10 sent emails in total

email sent to richard.penman@gmail.com
11 sent emails in total

email sent to markraby@gmail.com
12 sent emails in total

email sent to tpnkln@gmail.com
13 sent emails in total

email sent to phillipsmjordan@gmail.com
14 sent emails in total

email sent to thisistimothychen@gmail.com
15 sent emails in total

email sent to sosegha01@gmail.com
16 sent emails in total

email sent to natsilver95@gmail.com
17 sent emails in total

email sent to ronitronitronit@gmail.com
18 sent emails in total

email sent to sidharthvadduri@gmail.com
19 sent emails in total

email sent to or00ca@gmail.com
20 sent emails in total

email sent to qconsultinggroup@gmail.com
21 sent emails in total
INFO: 2026-03-09 16:00:12,845 - STARTING LOOP
INFO: 2026-03-09 16:00:12,845 - Getting blasts quota...
INFO: 2026-03-09 16:00:12,869 - DONE!
INFO: 2026-03-09 16:00:13,617 - Processing project 2002111 - hlm_prison_research...
INFO: 2026-03-09 16:00:13,617 - Getting records for Mailmerge...
INFO: 2026-03-09 16:00:13,623 - Got 0 records!
INFO: 2026-03-09 16:00:13,645 - Processing project 2009991 - glassview_it...
INFO: 2026-03-09 16:00:13,645 - Getting records for Mailmerge...
INFO: 2026-03-09 16:00:19,964 - Got 0 records!
INFO: 2026-03-09 16:00:20,110 - Processing project 1995971 - Vanguardcharitable...
INFO: 2026-03-09 16:00:20,110 - Getting records for Mailmerge...
INFO: 2026-03-09 16:00:53,224 - Got 0 records!
INFO: 2026-03-09 16:00:59,489 - Processing project 1993742 - hcr_usa_parents...
INFO: 2026-03-09 16:00:59,490 - Getting records for Mailmerge...
INFO: 2026-03-09 16:00:59,492 - Got 0 records!
INFO: 2026-03-09 16:00:59,603 - Processing project 1994141 - luminare_health...
INFO: 2026-03-09 16:00:59,604 - Getting records for Mailmerge...
INFO: 2026-03-09 16:01:03,542 - Got 0 records!
INFO: 2026-03-09 16:01:03,543 - FINISHED LOOP

INFO: 2026-03-09 16:01:03,544 - STARTING LOOP
INFO: 2026-03-09 16:01:03,545 - there's no mailmerge list. Skipping for now...
INFO: 2026-03-09 16:01:03,546 - FINISHED LOOP

INFO: 2026-03-09 16:30:10,202 - STARTING LOOP
INFO: 2026-03-09 16:30:10,203 - Getting blasts quota...
INFO: 2026-03-09 16:30:10,213 - DONE!
INFO: 2026-03-09 16:30:11,021 - Processing project 2002111 - hlm_prison_research...
INFO: 2026-03-09 16:30:11,021 - Getting records for Mailmerge...
INFO: 2026-03-09 16:30:11,025 - Got 0 records!
INFO: 2026-03-09 16:30:11,061 - Processing project 2009991 - glassview_it...
INFO: 2026-03-09 16:30:11,061 - Getting records for Mailmerge...
INFO: 2026-03-09 16:30:17,277 - Got 0 records!
INFO: 2026-03-09 16:30:17,381 - Processing project 1995971 - Vanguardcharitable...
INFO: 2026-03-09 16:30:17,381 - Getting records for Mailmerge...
INFO: 2026-03-09 16:30:39,735 - Got 0 records!
INFO: 2026-03-09 16:30:42,961 - Processing project 1993742 - hcr_usa_parents...
INFO: 2026-03-09 16:30:42,961 - Getting records for Mailmerge...
INFO: 2026-03-09 16:30:42,962 - Got 0 records!
INFO: 2026-03-09 16:30:43,041 - Processing project 1994141 - luminare_health...
INFO: 2026-03-09 16:30:43,041 - Getting records for Mailmerge...
INFO: 2026-03-09 16:30:45,804 - Got 0 records!
INFO: 2026-03-09 16:30:45,805 - FINISHED LOOP

INFO: 2026-03-09 16:30:45,806 - STARTING LOOP
INFO: 2026-03-09 16:30:45,807 - there's no mailmerge list. Skipping for now...
INFO: 2026-03-09 16:30:45,807 - FINISHED LOOP

INFO: 2026-03-09 17:00:10,078 - STARTING LOOP
INFO: 2026-03-09 17:00:10,078 - Getting blasts quota...
INFO: 2026-03-09 17:00:10,099 - DONE!
INFO: 2026-03-09 17:00:10,716 - Processing project 2002111 - hlm_prison_research...
INFO: 2026-03-09 17:00:10,716 - Getting records for Mailmerge...
INFO: 2026-03-09 17:00:10,720 - Got 0 records!
INFO: 2026-03-09 17:00:10,741 - Processing project 2009991 - glassview_it...
INFO: 2026-03-09 17:00:10,741 - Getting records for Mailmerge...
INFO: 2026-03-09 17:00:16,475 - Got 0 records!
INFO: 2026-03-09 17:00:16,579 - Processing project 1995971 - Vanguardcharitable...
INFO: 2026-03-09 17:00:16,579 - Getting records for Mailmerge...
INFO: 2026-03-09 17:00:40,992 - Got 0 records!
INFO: 2026-03-09 17:00:44,025 - Processing project 1993742 - hcr_usa_parents...
INFO: 2026-03-09 17:00:44,026 - Getting records for Mailmerge...
INFO: 2026-03-09 17:00:44,030 - Got 0 records!
INFO: 2026-03-09 17:00:44,122 - Processing project 1994141 - luminare_health...
INFO: 2026-03-09 17:00:44,123 - Getting records for Mailmerge...
INFO: 2026-03-09 17:00:47,051 - Got 0 records!
INFO: 2026-03-09 17:00:47,052 - FINISHED LOOP

INFO: 2026-03-09 17:00:47,056 - STARTING LOOP
INFO: 2026-03-09 17:00:47,057 - there's no mailmerge list. Skipping for now...
INFO: 2026-03-09 17:00:47,059 - FINISHED LOOP

INFO: 2026-03-09 17:30:07,024 - STARTING LOOP
INFO: 2026-03-09 17:30:07,024 - Getting blasts quota...
INFO: 2026-03-09 17:30:07,033 - DONE!
INFO: 2026-03-09 17:30:07,387 - Processing project 2002111 - hlm_prison_research...
INFO: 2026-03-09 17:30:07,387 - Getting records for Mailmerge...
INFO: 2026-03-09 17:30:07,391 - Got 0 records!
INFO: 2026-03-09 17:30:07,413 - Processing project 2009991 - glassview_it...
INFO: 2026-03-09 17:30:07,414 - Getting records for Mailmerge...
INFO: 2026-03-09 17:30:12,311 - Got 0 records!
INFO: 2026-03-09 17:30:12,404 - Processing project 1995971 - Vanguardcharitable...
INFO: 2026-03-09 17:30:12,404 - Getting records for Mailmerge...
INFO: 2026-03-09 17:30:35,011 - Got 0 records!
INFO: 2026-03-09 17:30:37,390 - Processing project 1993742 - hcr_usa_parents...
INFO: 2026-03-09 17:30:37,390 - Getting records for Mailmerge...
INFO: 2026-03-09 17:30:37,392 - Got 0 records!
INFO: 2026-03-09 17:30:37,536 - Processing project 1994141 - luminare_health...
INFO: 2026-03-09 17:30:37,540 - Getting records for Mailmerge...
INFO: 2026-03-09 17:30:40,530 - Got 0 records!
INFO: 2026-03-09 17:30:40,531 - FINISHED LOOP

INFO: 2026-03-09 17:30:40,531 - STARTING LOOP
INFO: 2026-03-09 17:30:40,532 - there's no mailmerge list. Skipping for now...
INFO: 2026-03-09 17:30:40,532 - FINISHED LOOP

INFO: 2026-03-09 18:00:07,578 - STARTING LOOP
INFO: 2026-03-09 18:00:07,578 - Getting blasts quota...
INFO: 2026-03-09 18:00:07,591 - DONE!
WARNING: 2026-03-09 18:00:07,591 - No projects to work on!
INFO: 2026-03-09 18:00:07,591 - FINISHED LOOP

INFO: 2026-03-09 18:00:07,591 - STARTING LOOP
INFO: 2026-03-09 18:00:07,592 - there's no mailmerge list. Skipping for now...
INFO: 2026-03-09 18:00:07,593 - FINISHED LOOP

INFO: 2026-03-09 18:30:09,619 - STARTING LOOP
INFO: 2026-03-09 18:30:09,619 - Getting blasts quota...
INFO: 2026-03-09 18:30:09,629 - DONE!
WARNING: 2026-03-09 18:30:09,629 - No projects to work on!
INFO: 2026-03-09 18:30:09,629 - FINISHED LOOP

INFO: 2026-03-09 18:30:09,629 - STARTING LOOP
INFO: 2026-03-09 18:30:09,630 - there's no mailmerge list. Skipping for now...
INFO: 2026-03-09 18:30:09,631 - FINISHED LOOP

INFO: 2026-03-09 19:00:09,165 - STARTING LOOP
INFO: 2026-03-09 19:00:09,166 - Getting blasts quota...
INFO: 2026-03-09 19:00:09,176 - DONE!
WARNING: 2026-03-09 19:00:09,177 - No projects to work on!
INFO: 2026-03-09 19:00:09,177 - FINISHED LOOP

INFO: 2026-03-09 19:00:09,177 - STARTING LOOP
INFO: 2026-03-09 19:00:09,178 - there's no mailmerge list. Skipping for now...
INFO: 2026-03-09 19:00:09,178 - FINISHED LOOP

INFO: 2026-03-09 20:00:09,968 - STARTING LOOP
INFO: 2026-03-09 20:00:09,969 - Getting blasts quota...
INFO: 2026-03-09 20:00:09,976 - DONE!
WARNING: 2026-03-09 20:00:09,977 - No projects to work on!
INFO: 2026-03-09 20:00:09,977 - FINISHED LOOP

INFO: 2026-03-09 20:00:09,977 - STARTING LOOP
INFO: 2026-03-09 20:00:09,978 - there's no mailmerge list. Skipping for now...
INFO: 2026-03-09 20:00:09,979 - FINISHED LOOP

INFO: 2026-03-09 20:34:07,261 - STARTING LOOP
INFO: 2026-03-09 20:34:07,261 - Getting blasts quota...
INFO: 2026-03-09 20:34:07,269 - DONE!
WARNING: 2026-03-09 20:34:07,269 - No projects to work on!
INFO: 2026-03-09 20:34:07,269 - FINISHED LOOP

INFO: 2026-03-09 20:34:07,269 - STARTING LOOP
INFO: 2026-03-09 20:34:07,270 - there's no mailmerge list. Skipping for now...
INFO: 2026-03-09 20:34:07,270 - FINISHED LOOP

INFO: 2026-03-09 21:08:18,515 - STARTING LOOP
INFO: 2026-03-09 21:08:18,515 - Getting blasts quota...
INFO: 2026-03-09 21:08:18,530 - DONE!
WARNING: 2026-03-09 21:08:18,531 - No projects to work on!
INFO: 2026-03-09 21:08:18,531 - FINISHED LOOP

INFO: 2026-03-09 21:08:18,531 - STARTING LOOP
INFO: 2026-03-09 21:08:18,531 - there's no mailmerge list. Skipping for now...
INFO: 2026-03-09 21:08:18,531 - FINISHED LOOP

INFO: 2026-03-09 22:00:09,264 - STARTING LOOP
INFO: 2026-03-09 22:00:09,265 - Getting blasts quota...
INFO: 2026-03-09 22:00:09,282 - DONE!
WARNING: 2026-03-09 22:00:09,282 - No projects to work on!
INFO: 2026-03-09 22:00:09,282 - FINISHED LOOP

INFO: 2026-03-09 22:00:09,282 - STARTING LOOP
INFO: 2026-03-09 22:00:09,282 - there's no mailmerge list. Skipping for now...
INFO: 2026-03-09 22:00:09,282 - FINISHED LOOP

INFO: 2026-03-09 22:30:10,241 - STARTING LOOP
INFO: 2026-03-09 22:30:10,263 - Getting blasts quota...
INFO: 2026-03-09 22:30:10,352 - DONE!
WARNING: 2026-03-09 22:30:10,352 - No projects to work on!
INFO: 2026-03-09 22:30:10,352 - FINISHED LOOP

INFO: 2026-03-09 22:30:10,352 - STARTING LOOP
INFO: 2026-03-09 22:30:10,352 - there's no mailmerge list. Skipping for now...
INFO: 2026-03-09 22:30:10,353 - FINISHED LOOP

INFO: 2026-03-09 23:30:07,893 - STARTING LOOP
INFO: 2026-03-09 23:30:07,893 - Getting blasts quota...
INFO: 2026-03-09 23:30:07,902 - DONE!
WARNING: 2026-03-09 23:30:07,903 - No projects to work on!
INFO: 2026-03-09 23:30:07,903 - FINISHED LOOP

INFO: 2026-03-09 23:30:07,903 - STARTING LOOP
INFO: 2026-03-09 23:30:07,905 - there's no mailmerge list. Skipping for now...
INFO: 2026-03-09 23:30:07,906 - FINISHED LOOP

INFO: 2026-03-10 00:00:14,621 - STARTING LOOP
INFO: 2026-03-10 00:00:14,622 - Getting blasts quota...
INFO: 2026-03-10 00:00:14,633 - DONE!
WARNING: 2026-03-10 00:00:14,633 - No projects to work on!
INFO: 2026-03-10 00:00:14,633 - FINISHED LOOP

INFO: 2026-03-10 00:00:14,633 - STARTING LOOP
INFO: 2026-03-10 00:00:14,635 - there's no mailmerge list. Skipping for now...
INFO: 2026-03-10 00:00:14,636 - FINISHED LOOP

INFO: 2026-03-10 06:30:07,752 - STARTING LOOP
INFO: 2026-03-10 06:30:07,752 - Getting blasts quota...
INFO: 2026-03-10 06:30:07,760 - DONE!
WARNING: 2026-03-10 06:30:07,760 - No projects to work on!
INFO: 2026-03-10 06:30:07,760 - FINISHED LOOP

INFO: 2026-03-10 06:30:07,761 - STARTING LOOP
INFO: 2026-03-10 06:30:07,762 - there's no mailmerge list. Skipping for now...
INFO: 2026-03-10 06:30:07,762 - FINISHED LOOP

INFO: 2026-03-10 07:05:17,728 - STARTING LOOP
INFO: 2026-03-10 07:05:17,729 - Getting blasts quota...
INFO: 2026-03-10 07:05:17,745 - DONE!
WARNING: 2026-03-10 07:05:17,746 - No projects to work on!
INFO: 2026-03-10 07:05:17,746 - FINISHED LOOP

INFO: 2026-03-10 07:05:17,746 - STARTING LOOP
INFO: 2026-03-10 07:05:17,747 - there's no mailmerge list. Skipping for now...
INFO: 2026-03-10 07:05:17,747 - FINISHED LOOP

INFO: 2026-03-10 07:32:44,491 - STARTING LOOP
INFO: 2026-03-10 07:32:44,492 - Getting blasts quota...
INFO: 2026-03-10 07:32:44,496 - DONE!
WARNING: 2026-03-10 07:32:44,496 - No projects to work on!
INFO: 2026-03-10 07:32:44,496 - FINISHED LOOP

INFO: 2026-03-10 07:32:44,496 - STARTING LOOP
INFO: 2026-03-10 07:32:44,497 - there's no mailmerge list. Skipping for now...
INFO: 2026-03-10 07:32:44,497 - FINISHED LOOP

INFO: 2026-03-10 08:01:27,291 - STARTING LOOP
INFO: 2026-03-10 08:01:27,292 - Getting blasts quota...
INFO: 2026-03-10 08:01:27,296 - DONE!
WARNING: 2026-03-10 08:01:27,296 - No projects to work on!
INFO: 2026-03-10 08:01:27,296 - FINISHED LOOP

INFO: 2026-03-10 08:01:27,296 - STARTING LOOP
INFO: 2026-03-10 08:01:27,297 - there's no mailmerge list. Skipping for now...
INFO: 2026-03-10 08:01:27,297 - FINISHED LOOP

INFO: 2026-03-10 09:00:13,611 - STARTING LOOP
INFO: 2026-03-10 09:00:13,612 - Getting blasts quota...
INFO: 2026-03-10 09:00:13,616 - DONE!
WARNING: 2026-03-10 09:00:13,616 - No projects to work on!
INFO: 2026-03-10 09:00:13,616 - FINISHED LOOP

INFO: 2026-03-10 09:00:13,616 - STARTING LOOP
INFO: 2026-03-10 09:00:13,616 - there's no mailmerge list. Skipping for now...
INFO: 2026-03-10 09:00:13,616 - FINISHED LOOP

INFO: 2026-03-10 09:30:08,686 - STARTING LOOP
INFO: 2026-03-10 09:30:08,687 - Getting blasts quota...
INFO: 2026-03-10 09:30:08,697 - DONE!
WARNING: 2026-03-10 09:30:08,697 - No projects to work on!
INFO: 2026-03-10 09:30:08,697 - FINISHED LOOP

INFO: 2026-03-10 09:30:08,697 - STARTING LOOP
INFO: 2026-03-10 09:30:08,698 - there's no mailmerge list. Skipping for now...
INFO: 2026-03-10 09:30:08,698 - FINISHED LOOP

INFO: 2026-03-10 10:00:15,345 - STARTING LOOP
INFO: 2026-03-10 10:00:15,346 - Getting blasts quota...
INFO: 2026-03-10 10:00:15,355 - DONE!
WARNING: 2026-03-10 10:00:15,355 - No projects to work on!
INFO: 2026-03-10 10:00:15,356 - FINISHED LOOP

INFO: 2026-03-10 10:00:15,356 - STARTING LOOP
INFO: 2026-03-10 10:00:15,356 - there's no mailmerge list. Skipping for now...
INFO: 2026-03-10 10:00:15,356 - FINISHED LOOP

INFO: 2026-03-10 10:30:07,685 - STARTING LOOP
INFO: 2026-03-10 10:30:07,685 - Getting blasts quota...
INFO: 2026-03-10 10:30:07,740 - DONE!
INFO: 2026-03-10 10:30:08,268 - Processing project 1995971 - Vanguardcharitable...
INFO: 2026-03-10 10:30:08,268 - Getting records for Mailmerge...
INFO: 2026-03-10 10:30:29,667 - Got 0 records!
INFO: 2026-03-10 10:30:29,743 - Processing project 2009991 - glassview_it...
INFO: 2026-03-10 10:30:29,743 - Getting records for Mailmerge...
INFO: 2026-03-10 10:30:35,411 - Got 0 records!
INFO: 2026-03-10 10:30:37,506 - Processing project 1993742 - hcr_usa_parents...
INFO: 2026-03-10 10:30:37,506 - Getting records for Mailmerge...
INFO: 2026-03-10 10:30:44,524 - Got 40 records!
INFO: 2026-03-10 10:30:44,611 - Processing project 1432181 - reputation_leaders_csuite...
INFO: 2026-03-10 10:30:44,611 - Getting records for Mailmerge...
INFO: 2026-03-10 10:30:49,898 - Got 37 records!
Traceback (most recent call last):
  File "/Users/albertoruizcajiga/python/sis_international/smtp_worker.py", line 98, in <module>
    create_mm_list()
  File "/Users/albertoruizcajiga/python/sis_international/smtp_worker.py", line 49, in create_mm_list
    project_name = get_project_name_with_project_number(project_id)[0]
                   ^^^^^^^^^^^^^^^^^^^^^^^^^^^^^^^^^^^^^^^^^^^^^^^^
  File "/Users/albertoruizcajiga/python/sis_international/modules/database/database.py", line 770, in get_project_name_with_project_number
    raise Exception('No project saved for the project id: {}.'.format(project_id))
Exception: No project saved for the project id: 1993972.
INFO: 2026-03-10 10:36:44,709 - STARTING LOOP
INFO: 2026-03-10 10:36:44,709 - Getting blasts quota...
INFO: 2026-03-10 10:36:44,712 - DONE!
INFO: 2026-03-10 10:36:44,965 - Processing project 1995971 - Vanguardcharitable...
INFO: 2026-03-10 10:36:44,965 - Getting records for Mailmerge...
INFO: 2026-03-10 10:37:00,446 - Got 1 records!
INFO: 2026-03-10 10:37:00,481 - Processing project 2009991 - glassview_it...
INFO: 2026-03-10 10:37:00,481 - Getting records for Mailmerge...
INFO: 2026-03-10 10:37:03,890 - Got 0 records!
INFO: 2026-03-10 10:37:04,405 - Processing project 1993742 - hcr_usa_parents...
INFO: 2026-03-10 10:37:04,406 - Getting records for Mailmerge...
INFO: 2026-03-10 10:37:07,635 - Got 40 records!
INFO: 2026-03-10 10:37:07,654 - Processing project 1432181 - reputation_leaders_csuite...
INFO: 2026-03-10 10:37:07,654 - Getting records for Mailmerge...
INFO: 2026-03-10 10:37:10,281 - Got 37 records!
INFO: 2026-03-10 10:37:10,504 - Processing project 1993973 - intralink_realtors_florida_melissa...
INFO: 2026-03-10 10:37:10,504 - Getting records for Mailmerge...
INFO: 2026-03-10 10:37:12,787 - Got 30 records!
INFO: 2026-03-10 10:37:12,993 - Processing project 1993974 - intralink_realtors_california...
INFO: 2026-03-10 10:37:12,993 - Getting records for Mailmerge...
INFO: 2026-03-10 10:37:13,054 - Got 30 records!
INFO: 2026-03-10 10:37:13,061 - Processing project 1949751 - analog...
INFO: 2026-03-10 10:37:13,061 - Getting records for Mailmerge...
INFO: 2026-03-10 10:37:13,073 - Got 0 records!
INFO: 2026-03-10 10:37:13,082 - Processing project 1467231 - hsj_medical_sis_lists...
INFO: 2026-03-10 10:37:13,083 - Getting records for Mailmerge...
INFO: 2026-03-10 10:37:13,214 - Got 3 records!
INFO: 2026-03-10 10:37:13,224 - Processing project 2002111 - hlm_prison_research...
INFO: 2026-03-10 10:37:13,224 - Getting records for Mailmerge...
INFO: 2026-03-10 10:37:13,340 - Got 0 records!
INFO: 2026-03-10 10:37:13,340 - FINISHED LOOP

INFO: 2026-03-10 10:37:13,344 - STARTING LOOP
INFO: 2026-03-10 10:37:13,344 - Sending out mailerge list...
INFO: 2026-03-10 10:44:18,055 - DONE!
INFO: 2026-03-10 10:44:18,057 - FINISHED LOOP

INFO: 2026-03-10 11:00:12,691 - STARTING LOOP
INFO: 2026-03-10 11:00:12,691 - Getting blasts quota...
INFO: 2026-03-10 11:00:12,701 - DONE!
INFO: 2026-03-10 11:00:13,193 - Processing project 1995971 - Vanguardcharitable...
INFO: 2026-03-10 11:00:13,193 - Getting records for Mailmerge...
INFO: 2026-03-10 11:00:50,768 - Got 0 records!
INFO: 2026-03-10 11:00:50,994 - Processing project 2009991 - glassview_it...
INFO: 2026-03-10 11:00:50,994 - Getting records for Mailmerge...
INFO: 2026-03-10 11:00:57,388 - Got 0 records!
INFO: 2026-03-10 11:01:02,236 - Processing project 1993742 - hcr_usa_parents...
INFO: 2026-03-10 11:01:02,237 - Getting records for Mailmerge...
INFO: 2026-03-10 11:01:02,240 - Got 0 records!
INFO: 2026-03-10 11:01:02,396 - Processing project 1432181 - reputation_leaders_csuite...
INFO: 2026-03-10 11:01:02,396 - Getting records for Mailmerge...
INFO: 2026-03-10 11:01:06,426 - Got 0 records!
INFO: 2026-03-10 11:01:08,157 - Processing project 1993973 - intralink_realtors_florida_melissa...
INFO: 2026-03-10 11:01:08,157 - Getting records for Mailmerge...
INFO: 2026-03-10 11:01:17,080 - Got 8 records!
INFO: 2026-03-10 11:01:18,940 - Processing project 1993974 - intralink_realtors_california...
INFO: 2026-03-10 11:01:18,940 - Getting records for Mailmerge...
INFO: 2026-03-10 11:01:23,742 - Got 30 records!
INFO: 2026-03-10 11:01:23,772 - Processing project 1949751 - analog...
INFO: 2026-03-10 11:01:23,772 - Getting records for Mailmerge...
INFO: 2026-03-10 11:01:23,795 - Got 0 records!
INFO: 2026-03-10 11:01:23,828 - Processing project 1467231 - hsj_medical_sis_lists...
INFO: 2026-03-10 11:01:23,828 - Getting records for Mailmerge...
INFO: 2026-03-10 11:01:24,052 - Got 3 records!
INFO: 2026-03-10 11:01:24,096 - Processing project 2002111 - hlm_prison_research...
INFO: 2026-03-10 11:01:24,096 - Getting records for Mailmerge...
INFO: 2026-03-10 11:01:24,337 - Got 0 records!
INFO: 2026-03-10 11:01:24,337 - FINISHED LOOP

INFO: 2026-03-10 11:01:24,353 - STARTING LOOP
INFO: 2026-03-10 11:01:24,354 - Sending out mailerge list...
INFO: 2026-03-10 11:04:20,995 - DONE!
INFO: 2026-03-10 11:04:20,997 - FINISHED LOOP


email sent to jennifersabbagh19@gmail.com
1 sent emails in total

email sent to bpsencherey@gmail.com
2 sent emails in total

email sent to webb.charle@gmail.com
3 sent emails in total

email sent to azultraveler@gmail.com
4 sent emails in total

email sent to nicoleslieb@gmail.com
5 sent emails in total

email sent to maranfc@gmail.com
6 sent emails in total

email sent to nycrelady@gmail.com
7 sent emails in total

email sent to aliza.citrin@gmail.com
8 sent emails in total

email sent to amyagulnek@gmail.com
9 sent emails in total

email sent to ferry.armindoorn@gmail.com
10 sent emails in total

email sent to torreyfishman@gmail.com
11 sent emails in total

email sent to wendyroc22@gmail.com
12 sent emails in total

email sent to aliebaumann66@gmail.com
13 sent emails in total

email sent to tsvconsulting@gmail.com
14 sent emails in total

email sent to allisonkurtzman@gmail.com
15 sent emails in total

email sent to gomeshomesnyc@gmail.com
16 sent emails in total

email sent to jwvan0101@gmail.com
17 sent emails in total

email sent to avivayaghoobia@gmail.com
18 sent emails in total

email sent to bridenbaker@gmail.com
19 sent emails in total

email sent to pwolf12000@gmail.com
20 sent emails in total

email sent to queymable@gmail.com
21 sent emails in total

email sent to angelalindsey55@gmail.com
22 sent emails in total

email sent to lynnmarie.hanley@gmail.com
23 sent emails in total

email sent to adam.zimbalist@gmail.com
24 sent emails in total

email sent to armond.adams@gmail.com
25 sent emails in total

email sent to phillip.darrow@gmail.com
26 sent emails in total

email sent to jennifersabbagh19@gmail.com
27 sent emails in total

email sent to bpsencherey@gmail.com
28 sent emails in total

email sent to webb.charle@gmail.com
29 sent emails in total

email sent to azultraveler@gmail.com
30 sent emails in total

email sent to nicoleslieb@gmail.com
31 sent emails in total

email sent to maranfc@gmail.com
32 sent emails in total

email sent to nycrelady@gmail.com
33 sent emails in total

email sent to aliza.citrin@gmail.com
34 sent emails in total

email sent to nataliesky01@gmail.com
35 sent emails in total

email sent to michelleg0305@gmail.com
36 sent emails in total

email sent to missquey@gmail.com
37 sent emails in total

email sent to katrina.masterson@gmail.com
38 sent emails in total

email sent to grahamrix1@gmail.com
39 sent emails in total

email sent to marc.newman86@gmail.com
40 sent emails in total

email sent to petra.elischer87@gmail.com
41 sent emails in total
INFO: 2026-03-10 11:30:08,262 - STARTING LOOP
INFO: 2026-03-10 11:30:08,262 - Getting blasts quota...
INFO: 2026-03-10 11:30:08,271 - DONE!
INFO: 2026-03-10 11:30:08,763 - Processing project 1995971 - Vanguardcharitable...
INFO: 2026-03-10 11:30:08,763 - Getting records for Mailmerge...
INFO: 2026-03-10 11:30:30,950 - Got 0 records!
INFO: 2026-03-10 11:30:31,066 - Processing project 2009991 - glassview_it...
INFO: 2026-03-10 11:30:31,066 - Getting records for Mailmerge...
INFO: 2026-03-10 11:30:36,825 - Got 0 records!
INFO: 2026-03-10 11:30:42,698 - Processing project 1993742 - hcr_usa_parents...
INFO: 2026-03-10 11:30:42,701 - Getting records for Mailmerge...
INFO: 2026-03-10 11:30:42,704 - Got 0 records!
INFO: 2026-03-10 11:30:42,977 - Processing project 1432181 - reputation_leaders_csuite...
INFO: 2026-03-10 11:30:42,977 - Getting records for Mailmerge...
INFO: 2026-03-10 11:30:47,988 - Got 0 records!
INFO: 2026-03-10 11:30:50,375 - Processing project 1993973 - intralink_realtors_florida_melissa...
INFO: 2026-03-10 11:30:50,376 - Getting records for Mailmerge...
INFO: 2026-03-10 11:30:50,378 - Got 0 records!
INFO: 2026-03-10 11:30:52,583 - Processing project 1993974 - intralink_realtors_california...
INFO: 2026-03-10 11:30:52,584 - Getting records for Mailmerge...
INFO: 2026-03-10 11:30:52,588 - Got 0 records!
INFO: 2026-03-10 11:30:52,615 - Processing project 1949751 - analog...
INFO: 2026-03-10 11:30:52,615 - Getting records for Mailmerge...
INFO: 2026-03-10 11:30:52,662 - Got 0 records!
INFO: 2026-03-10 11:30:52,702 - Processing project 1467231 - hsj_medical_sis_lists...
INFO: 2026-03-10 11:30:52,703 - Getting records for Mailmerge...
INFO: 2026-03-10 11:30:53,148 - Got 0 records!
INFO: 2026-03-10 11:30:53,209 - Processing project 2002111 - hlm_prison_research...
INFO: 2026-03-10 11:30:53,209 - Getting records for Mailmerge...
INFO: 2026-03-10 11:30:53,584 - Got 0 records!
INFO: 2026-03-10 11:30:53,586 - FINISHED LOOP

INFO: 2026-03-10 11:30:53,587 - STARTING LOOP
INFO: 2026-03-10 11:30:53,592 - there's no mailmerge list. Skipping for now...
INFO: 2026-03-10 11:30:53,592 - FINISHED LOOP

INFO: 2026-03-10 12:00:14,895 - STARTING LOOP
INFO: 2026-03-10 12:00:14,895 - Getting blasts quota...
INFO: 2026-03-10 12:00:14,922 - DONE!
INFO: 2026-03-10 12:00:15,361 - Processing project 1995971 - Vanguardcharitable...
INFO: 2026-03-10 12:00:15,361 - Getting records for Mailmerge...
INFO: 2026-03-10 12:00:36,730 - Got 1 records!
INFO: 2026-03-10 12:00:36,803 - Processing project 2009991 - glassview_it...
INFO: 2026-03-10 12:00:36,803 - Getting records for Mailmerge...
INFO: 2026-03-10 12:00:41,653 - Got 0 records!
INFO: 2026-03-10 12:00:45,164 - Processing project 1993742 - hcr_usa_parents...
INFO: 2026-03-10 12:00:45,165 - Getting records for Mailmerge...
INFO: 2026-03-10 12:00:45,167 - Got 0 records!
INFO: 2026-03-10 12:00:45,297 - Processing project 1432181 - reputation_leaders_csuite...
INFO: 2026-03-10 12:00:45,297 - Getting records for Mailmerge...
INFO: 2026-03-10 12:00:51,439 - Got 0 records!
INFO: 2026-03-10 12:00:53,048 - Processing project 1993973 - intralink_realtors_florida_melissa...
INFO: 2026-03-10 12:00:53,048 - Getting records for Mailmerge...
INFO: 2026-03-10 12:00:53,050 - Got 0 records!
INFO: 2026-03-10 12:00:54,248 - Processing project 1993974 - intralink_realtors_california...
INFO: 2026-03-10 12:00:54,270 - Getting records for Mailmerge...
INFO: 2026-03-10 12:00:54,275 - Got 0 records!
INFO: 2026-03-10 12:00:54,304 - Processing project 1949751 - analog...
INFO: 2026-03-10 12:00:54,304 - Getting records for Mailmerge...
INFO: 2026-03-10 12:00:54,334 - Got 0 records!
INFO: 2026-03-10 12:00:54,367 - Processing project 1467231 - hsj_medical_sis_lists...
INFO: 2026-03-10 12:00:54,367 - Getting records for Mailmerge...
INFO: 2026-03-10 12:00:54,660 - Got 0 records!
INFO: 2026-03-10 12:00:54,697 - Processing project 2002111 - hlm_prison_research...
INFO: 2026-03-10 12:00:54,697 - Getting records for Mailmerge...
INFO: 2026-03-10 12:00:54,960 - Got 0 records!
INFO: 2026-03-10 12:00:54,960 - FINISHED LOOP

INFO: 2026-03-10 12:00:54,964 - STARTING LOOP
INFO: 2026-03-10 12:00:54,964 - Sending out mailerge list...
INFO: 2026-03-10 12:01:03,330 - DONE!
INFO: 2026-03-10 12:01:03,330 - FINISHED LOOP


email sent to jill.cakert@gmail.com
1 sent emails in total
INFO: 2026-03-10 12:30:33,883 - STARTING LOOP
INFO: 2026-03-10 12:30:33,883 - Getting blasts quota...
INFO: 2026-03-10 12:30:33,895 - DONE!
INFO: 2026-03-10 12:30:34,420 - Processing project 1995971 - Vanguardcharitable...
INFO: 2026-03-10 12:30:34,420 - Getting records for Mailmerge...
INFO: 2026-03-10 12:30:57,298 - Got 49 records!
INFO: 2026-03-10 12:30:57,354 - Processing project 2009991 - glassview_it...
INFO: 2026-03-10 12:30:57,354 - Getting records for Mailmerge...
INFO: 2026-03-10 12:31:02,157 - Got 0 records!
INFO: 2026-03-10 12:31:05,627 - Processing project 1993742 - hcr_usa_parents...
INFO: 2026-03-10 12:31:05,628 - Getting records for Mailmerge...
INFO: 2026-03-10 12:31:05,628 - Got 0 records!
INFO: 2026-03-10 12:31:05,786 - Processing project 1432181 - reputation_leaders_csuite...
INFO: 2026-03-10 12:31:05,786 - Getting records for Mailmerge...
INFO: 2026-03-10 12:31:12,396 - Got 0 records!
INFO: 2026-03-10 12:31:14,366 - Processing project 1993973 - intralink_realtors_florida_melissa...
INFO: 2026-03-10 12:31:14,367 - Getting records for Mailmerge...
INFO: 2026-03-10 12:31:14,370 - Got 0 records!
INFO: 2026-03-10 12:31:15,515 - Processing project 1993974 - intralink_realtors_california...
INFO: 2026-03-10 12:31:15,515 - Getting records for Mailmerge...
INFO: 2026-03-10 12:31:15,517 - Got 0 records!
INFO: 2026-03-10 12:31:15,539 - Processing project 1949751 - analog...
INFO: 2026-03-10 12:31:15,539 - Getting records for Mailmerge...
INFO: 2026-03-10 12:31:15,569 - Got 0 records!
INFO: 2026-03-10 12:31:15,599 - Processing project 1467231 - hsj_medical_sis_lists...
INFO: 2026-03-10 12:31:15,599 - Getting records for Mailmerge...
INFO: 2026-03-10 12:31:15,871 - Got 0 records!
INFO: 2026-03-10 12:31:15,909 - Processing project 2002111 - hlm_prison_research...
INFO: 2026-03-10 12:31:15,910 - Getting records for Mailmerge...
INFO: 2026-03-10 12:31:16,234 - Got 0 records!
INFO: 2026-03-10 12:31:16,234 - FINISHED LOOP

INFO: 2026-03-10 12:31:16,246 - STARTING LOOP
INFO: 2026-03-10 12:31:16,246 - Sending out mailerge list...
INFO: 2026-03-10 12:34:34,082 - DONE!
INFO: 2026-03-10 12:34:34,167 - FINISHED LOOP


email sent to betty.fry@sreb.org
1 sent emails in total

email sent to jpasag@visayakpo.com
2 sent emails in total

email sent to hema.ramaswamy@usfoods.com
3 sent emails in total

email sent to sbryant@ollies.us
4 sent emails in total

email sent to jhanson@3m.com
5 sent emails in total

email sent to debra@decker.com
6 sent emails in total

email sent to shaylal@bowa.com
7 sent emails in total

email sent to anja.teagle@petco.com
8 sent emails in total

email sent to kcoble@nasbonline.org
9 sent emails in total

email sent to deanda.ronan@medpro.com
10 sent emails in total

email sent to tina.thompkins@ey.com
11 sent emails in total

email sent to jennifer_street@hcpss.org
12 sent emails in total

email sent to mami.gilles@irisusainc.com
13 sent emails in total

email sent to lauren.vincent@schreiberfoods.com
14 sent emails in total

email sent to bella_bussian@backroads.com
15 sent emails in total

email sent to harrist@musc.edu
16 sent emails in total

email sent to monica.michalak@zurichna.com
17 sent emails in total

email sent to bsoderlind@southalabama.edu
18 sent emails in total

email sent to lisa.alliger@jacobs.com
19 sent emails in total

email sent to johanna.assous@ey.com
20 sent emails in total

email sent to danielle_fabiano@fdu.edu
21 sent emails in total

email sent to kacie.johnson@astrazeneca.com
22 sent emails in total

email sent to maria.brady@stantec.com
23 sent emails in total

email sent to shawna.saaood@petco.com
24 sent emails in total

email sent to christa@outlookmarketingsrv.com
25 sent emails in total

email sent to mguy@winona.edu
26 sent emails in total

email sent to m.alfonso-prieto@fz-juelich.de
27 sent emails in total

email sent to caroline.kemnitzer@marriott.com
28 sent emails in total

email sent to jeri.beisel@walgreens.com
29 sent emails in total

email sent to sappling@novanthealth.org
30 sent emails in total

email sent to grisel.diaz@bmc.org
31 sent emails in total

email sent to lavonne@henleyleadership.com
32 sent emails in total

email sent to apullins@mdranger.com
33 sent emails in total

email sent to hbonitz@travelers.com
34 sent emails in total

email sent to srogers@citi-us.com
35 sent emails in total

email sent to jessicacampbell@gamestop.com
36 sent emails in total

email sent to lnix@lbmc.com
37 sent emails in total

email sent to lmacko@kw.com
38 sent emails in total

email sent to mary@blockchain.com
39 sent emails in total

email sent to sarah.sheneman@tinkergarten.com
40 sent emails in total

email sent to lauren@alternateroots.org
41 sent emails in total

email sent to vgarnys@maurices.com
42 sent emails in total

email sent to carmen.holmes@smith-nephew.com
43 sent emails in total

email sent to dipti.agnihotri@nokia.com
44 sent emails in total

email sent to stucker@bibibop.com
45 sent emails in total

email sent to norma_custis@hcpss.org
46 sent emails in total

email sent to rikka@buildinggurus.com
47 sent emails in total

email sent to christy.williams@acentria.com
48 sent emails in total

email sent to treed@trihydro.com
49 sent emails in total
INFO: 2026-03-10 13:02:27,619 - STARTING LOOP
INFO: 2026-03-10 13:02:27,619 - Getting blasts quota...
INFO: 2026-03-10 13:02:27,627 - DONE!
INFO: 2026-03-10 13:02:28,017 - Processing project 1995971 - Vanguardcharitable...
INFO: 2026-03-10 13:02:28,018 - Getting records for Mailmerge...
INFO: 2026-03-10 13:02:55,828 - Got 49 records!
INFO: 2026-03-10 13:02:56,009 - Processing project 2009991 - glassview_it...
INFO: 2026-03-10 13:02:56,010 - Getting records for Mailmerge...
INFO: 2026-03-10 13:04:43,841 - Got 0 records!
INFO: 2026-03-10 13:08:05,509 - Processing project 1993742 - hcr_usa_parents...
INFO: 2026-03-10 13:08:05,510 - Getting records for Mailmerge...
INFO: 2026-03-10 13:08:05,512 - Got 0 records!
INFO: 2026-03-10 13:08:05,641 - Processing project 1432181 - reputation_leaders_csuite...
INFO: 2026-03-10 13:08:05,641 - Getting records for Mailmerge...
INFO: 2026-03-10 13:08:09,850 - Got 0 records!
INFO: 2026-03-10 13:08:11,101 - Processing project 1993973 - intralink_realtors_florida_melissa...
INFO: 2026-03-10 13:08:11,101 - Getting records for Mailmerge...
INFO: 2026-03-10 13:08:11,102 - Got 0 records!
INFO: 2026-03-10 13:08:12,383 - Processing project 1993974 - intralink_realtors_california...
INFO: 2026-03-10 13:08:12,383 - Getting records for Mailmerge...
INFO: 2026-03-10 13:08:12,385 - Got 0 records!
INFO: 2026-03-10 13:08:12,406 - Processing project 1949751 - analog...
INFO: 2026-03-10 13:08:12,407 - Getting records for Mailmerge...
INFO: 2026-03-10 13:08:12,436 - Got 0 records!
INFO: 2026-03-10 13:08:12,498 - Processing project 1467231 - hsj_medical_sis_lists...
INFO: 2026-03-10 13:08:12,498 - Getting records for Mailmerge...
INFO: 2026-03-10 13:08:12,839 - Got 0 records!
INFO: 2026-03-10 13:08:12,886 - Processing project 2002111 - hlm_prison_research...
INFO: 2026-03-10 13:08:12,886 - Getting records for Mailmerge...
INFO: 2026-03-10 13:08:13,179 - Got 0 records!
INFO: 2026-03-10 13:08:13,319 - Processing project 2003711 - tra_sydney...
INFO: 2026-03-10 13:08:13,320 - Getting records for Mailmerge...
INFO: 2026-03-10 13:17:48,638 - Got 53 records!
INFO: 2026-03-10 13:17:48,643 - FINISHED LOOP

INFO: 2026-03-10 13:17:48,655 - STARTING LOOP
INFO: 2026-03-10 13:17:48,655 - Sending out mailerge list...
INFO: 2026-03-10 13:24:20,288 - DONE!
INFO: 2026-03-10 13:24:20,290 - FINISHED LOOP


email sent to david.alvarez@danos.com
1 sent emails in total

email sent to jessicaalvarez@gamestop.com
2 sent emails in total

email sent to ssulpizio@allelediagnostics.com
3 sent emails in total

email sent to ying.fu@astrazeneca.com
4 sent emails in total

email sent to cpowers@sorrentotherapeutics.com
5 sent emails in total

email sent to alexandra.malico@basf.com
6 sent emails in total

email sent to mlagura@uci.edu
7 sent emails in total

email sent to kate.yonan@rotary.org
8 sent emails in total

email sent to molly.friend@rotary.org
9 sent emails in total

email sent to christine.sanders@rotary.org
10 sent emails in total

email sent to sharpe@psu.edu
11 sent emails in total

email sent to susan.lakatos@shu.edu
12 sent emails in total

email sent to isabell.faydalla@cortland.edu
13 sent emails in total

email sent to jane_sandbank@yale.edu
14 sent emails in total

email sent to awad@stanford.edu
15 sent emails in total

email sent to meg.fraino@stjohns.edu
16 sent emails in total

email sent to christine.cortalano@cornell.edu
17 sent emails in total

email sent to sophia.paradis@stjohns.edu
18 sent emails in total

email sent to sowmya.sanapala@cornell.edu
19 sent emails in total

email sent to charlotte.ward@bc.edu
20 sent emails in total

email sent to pmosiychuk@pace.edu
21 sent emails in total

email sent to karen@cornell.edu
22 sent emails in total

email sent to sdesvarieux@pace.edu
23 sent emails in total

email sent to eraffanello@duke.edu
24 sent emails in total

email sent to tahira.hasan@stjohns.edu
25 sent emails in total

email sent to jocelyn.coalter@stjohns.edu
26 sent emails in total

email sent to antonella.angulo@plattsburgh.edu
27 sent emails in total

email sent to glester@pace.edu
28 sent emails in total

email sent to elvira.garcia@stjohns.edu
29 sent emails in total

email sent to pstedman@marist.edu
30 sent emails in total

email sent to amy_grinsfelder@yale.edu
31 sent emails in total

email sent to mary_herrington@yale.edu
32 sent emails in total

email sent to markita.reed@stjohns.edu
33 sent emails in total

email sent to valerie.casella@trincoll.edu
34 sent emails in total

email sent to medha@newschool.edu
35 sent emails in total

email sent to dgreen@pace.edu
36 sent emails in total

email sent to esun@tulane.edu
37 sent emails in total

email sent to meagan@dartmouth.edu
38 sent emails in total

email sent to eodell@albany.edu
39 sent emails in total

email sent to sejal.gupta@columbia.edu
40 sent emails in total

email sent to jennifer.feierman@columbia.edu
41 sent emails in total

email sent to afok@wellesley.edu
42 sent emails in total

email sent to ashley.pena@stjohns.edu
43 sent emails in total

email sent to mnahar@clemson.edu
44 sent emails in total

email sent to kmerkel@georgian.edu
45 sent emails in total

email sent to emily.moqtaderi@brooklyn.cuny.edu
46 sent emails in total

email sent to tania_quinones@yale.edu
47 sent emails in total

email sent to oliver.mortusewicz@ki.se
48 sent emails in total

email sent to anneli.eriksson@ki.se
49 sent emails in total

email sent to heidi.lambert@jackinthebox.com
50 sent emails in total

email sent to randy.kuttler@wellsfargo.com
51 sent emails in total

email sent to lma@hotelave.com
52 sent emails in total

email sent to kknox@hotelave.com
53 sent emails in total

email sent to jason.pizer@eassets.com
54 sent emails in total

email sent to etracy@referencepoint.com
55 sent emails in total

email sent to dgrady@spiresearchpartners.com
56 sent emails in total

email sent to ocalza@nasassets.com
57 sent emails in total

email sent to troy.danka@cognizant.com
58 sent emails in total

email sent to glenn.morgan@aon.com
59 sent emails in total

email sent to jim.attaway@assetmark.com
60 sent emails in total

email sent to ckim8@primehealthcare.com
61 sent emails in total

email sent to schu@bwecap.com
62 sent emails in total

email sent to mmeade@healthpeak.com
63 sent emails in total

email sent to james.calabrese@exeloncorp.com
64 sent emails in total

email sent to stephen.balkam@fmr.com
65 sent emails in total

email sent to belal.kaddoura@monarqinc.com
66 sent emails in total

email sent to kyoung@sunstonehotels.com
67 sent emails in total

email sent to tcbennett@mcclatchy.com
68 sent emails in total

email sent to james.bullen@climateassetmanagement.com
69 sent emails in total

email sent to charlotte.kollin@axa-im.com
70 sent emails in total

email sent to aileen.moloney@abbvie.com
71 sent emails in total

email sent to ckeegan@americanassets.com
72 sent emails in total

email sent to jlenio@aepartners.com
73 sent emails in total

email sent to shumin.fan@fidelity.com
74 sent emails in total

email sent to amol.deshpande@total.com
75 sent emails in total

email sent to justin.russell@waasset.com
76 sent emails in total

email sent to bross@aepartners.com
77 sent emails in total

email sent to adyson@westmount.com
78 sent emails in total

email sent to justin@malachitegroup.com
79 sent emails in total

email sent to natalia.golias@pnc.com
80 sent emails in total

email sent to tony.gerrato@epicbrokers.com
81 sent emails in total

email sent to aj.ijaz@standard.com
82 sent emails in total

email sent to jordan.jones@tiaa.org
83 sent emails in total

email sent to jenniferhadjez@bayview.com
84 sent emails in total

email sent to lourdesgreen@bayview.com
85 sent emails in total

email sent to cpetty@wisdomtree.com
86 sent emails in total

email sent to nathaniel.hines@dupont.com
87 sent emails in total

email sent to talitha.lynch@abbvie.com
88 sent emails in total

email sent to jbonthius@gmail.com
89 sent emails in total

email sent to calabrese.jim@exeloncorp.com
90 sent emails in total

email sent to jim.calabrese@exeloncorp.com
91 sent emails in total

email sent to jessica.wilson@tananachiefs.org
92 sent emails in total

email sent to maggie.dominguez@yellowfinrealty.com
93 sent emails in total

email sent to rmunoz@uaminc.com
94 sent emails in total

email sent to rosenfie@iu.edu
95 sent emails in total

email sent to jacobrosenfield@bayviewassetmanagement.com
96 sent emails in total

email sent to jacobrosenfield@bayview.com
97 sent emails in total

email sent to domenico.opiela@northpointam.com
98 sent emails in total

email sent to william.rhodes@publix.com
99 sent emails in total

email sent to bree.valbuena@sothebysrealty.com
100 sent emails in total
INFO: 2026-03-10 13:30:11,618 - STARTING LOOP
INFO: 2026-03-10 13:30:11,618 - Getting blasts quota...
INFO: 2026-03-10 13:30:11,629 - DONE!
INFO: 2026-03-10 13:30:12,131 - Processing project 1995971 - Vanguardcharitable...
INFO: 2026-03-10 13:30:12,131 - Getting records for Mailmerge...
INFO: 2026-03-10 13:30:12,132 - Got 0 records!
INFO: 2026-03-10 13:30:12,192 - Processing project 2009991 - glassview_it...
INFO: 2026-03-10 13:30:12,193 - Getting records for Mailmerge...
INFO: 2026-03-10 13:30:17,353 - Got 0 records!
INFO: 2026-03-10 13:30:21,383 - Processing project 1993742 - hcr_usa_parents...
INFO: 2026-03-10 13:30:21,384 - Getting records for Mailmerge...
INFO: 2026-03-10 13:30:21,386 - Got 0 records!
INFO: 2026-03-10 13:30:21,521 - Processing project 1432181 - reputation_leaders_csuite...
INFO: 2026-03-10 13:30:21,521 - Getting records for Mailmerge...
INFO: 2026-03-10 13:30:26,111 - Got 0 records!
INFO: 2026-03-10 13:30:27,352 - Processing project 1993973 - intralink_realtors_florida_melissa...
INFO: 2026-03-10 13:30:27,352 - Getting records for Mailmerge...
INFO: 2026-03-10 13:30:27,355 - Got 0 records!
INFO: 2026-03-10 13:30:28,407 - Processing project 1993974 - intralink_realtors_california...
INFO: 2026-03-10 13:30:28,408 - Getting records for Mailmerge...
INFO: 2026-03-10 13:30:28,410 - Got 0 records!
INFO: 2026-03-10 13:30:28,437 - Processing project 1949751 - analog...
INFO: 2026-03-10 13:30:28,438 - Getting records for Mailmerge...
INFO: 2026-03-10 13:30:28,473 - Got 0 records!
INFO: 2026-03-10 13:30:28,505 - Processing project 1467231 - hsj_medical_sis_lists...
INFO: 2026-03-10 13:30:28,505 - Getting records for Mailmerge...
INFO: 2026-03-10 13:30:28,872 - Got 0 records!
INFO: 2026-03-10 13:30:28,929 - Processing project 2002111 - hlm_prison_research...
INFO: 2026-03-10 13:30:28,929 - Getting records for Mailmerge...
INFO: 2026-03-10 13:30:29,226 - Got 0 records!
INFO: 2026-03-10 13:30:29,436 - Processing project 2003711 - tra_sydney...
INFO: 2026-03-10 13:30:29,436 - Getting records for Mailmerge...
INFO: 2026-03-10 13:30:48,518 - Got 2 records!
INFO: 2026-03-10 13:30:48,519 - FINISHED LOOP

INFO: 2026-03-10 13:30:48,523 - STARTING LOOP
INFO: 2026-03-10 13:30:48,523 - Sending out mailerge list...
INFO: 2026-03-10 13:30:58,806 - DONE!
INFO: 2026-03-10 13:30:58,807 - FINISHED LOOP


email sent to tanner@increaltor.com
1 sent emails in total

email sent to steven.cole@e-ccrc.org
2 sent emails in total
INFO: 2026-03-10 14:00:04,861 - STARTING LOOP
INFO: 2026-03-10 14:00:04,861 - Getting blasts quota...
INFO: 2026-03-10 14:00:04,869 - DONE!
INFO: 2026-03-10 14:00:05,266 - Processing project 1995971 - Vanguardcharitable...
INFO: 2026-03-10 14:00:05,266 - Getting records for Mailmerge...
INFO: 2026-03-10 14:00:05,267 - Got 0 records!
INFO: 2026-03-10 14:00:05,321 - Processing project 2009991 - glassview_it...
INFO: 2026-03-10 14:00:05,321 - Getting records for Mailmerge...
INFO: 2026-03-10 14:00:10,280 - Got 0 records!
INFO: 2026-03-10 14:00:14,712 - Processing project 1993742 - hcr_usa_parents...
INFO: 2026-03-10 14:00:14,713 - Getting records for Mailmerge...
INFO: 2026-03-10 14:00:14,714 - Got 0 records!
INFO: 2026-03-10 14:00:14,836 - Processing project 1432181 - reputation_leaders_csuite...
INFO: 2026-03-10 14:00:14,836 - Getting records for Mailmerge...
INFO: 2026-03-10 14:00:19,210 - Got 0 records!
INFO: 2026-03-10 14:00:20,530 - Processing project 1993973 - intralink_realtors_florida_melissa...
INFO: 2026-03-10 14:00:20,531 - Getting records for Mailmerge...
INFO: 2026-03-10 14:00:20,534 - Got 0 records!
INFO: 2026-03-10 14:00:21,499 - Processing project 1993974 - intralink_realtors_california...
INFO: 2026-03-10 14:00:21,499 - Getting records for Mailmerge...
INFO: 2026-03-10 14:00:21,501 - Got 0 records!
INFO: 2026-03-10 14:00:21,521 - Processing project 1949751 - analog...
INFO: 2026-03-10 14:00:21,521 - Getting records for Mailmerge...
INFO: 2026-03-10 14:00:21,555 - Got 0 records!
INFO: 2026-03-10 14:00:21,590 - Processing project 1467231 - hsj_medical_sis_lists...
INFO: 2026-03-10 14:00:21,590 - Getting records for Mailmerge...
INFO: 2026-03-10 14:00:21,953 - Got 0 records!
INFO: 2026-03-10 14:00:22,013 - Processing project 2002111 - hlm_prison_research...
INFO: 2026-03-10 14:00:22,013 - Getting records for Mailmerge...
INFO: 2026-03-10 14:00:22,337 - Got 0 records!
INFO: 2026-03-10 14:00:22,527 - Processing project 2003711 - tra_sydney...
INFO: 2026-03-10 14:00:22,527 - Getting records for Mailmerge...
INFO: 2026-03-10 14:00:38,756 - Got 0 records!
INFO: 2026-03-10 14:00:38,757 - FINISHED LOOP

INFO: 2026-03-10 14:00:38,757 - STARTING LOOP
INFO: 2026-03-10 14:00:38,758 - there's no mailmerge list. Skipping for now...
INFO: 2026-03-10 14:00:38,758 - FINISHED LOOP

INFO: 2026-03-10 14:30:07,808 - STARTING LOOP
INFO: 2026-03-10 14:30:07,809 - Getting blasts quota...
INFO: 2026-03-10 14:30:07,822 - DONE!
INFO: 2026-03-10 14:30:08,353 - Processing project 1995971 - Vanguardcharitable...
INFO: 2026-03-10 14:30:08,353 - Getting records for Mailmerge...
INFO: 2026-03-10 14:30:08,354 - Got 0 records!
INFO: 2026-03-10 14:30:08,413 - Processing project 2009991 - glassview_it...
INFO: 2026-03-10 14:30:08,413 - Getting records for Mailmerge...
INFO: 2026-03-10 14:30:13,502 - Got 0 records!
INFO: 2026-03-10 14:30:17,916 - Processing project 1993742 - hcr_usa_parents...
INFO: 2026-03-10 14:30:17,916 - Getting records for Mailmerge...
INFO: 2026-03-10 14:30:17,920 - Got 0 records!
INFO: 2026-03-10 14:30:18,076 - Processing project 1432181 - reputation_leaders_csuite...
INFO: 2026-03-10 14:30:18,076 - Getting records for Mailmerge...
INFO: 2026-03-10 14:30:23,026 - Got 0 records!
INFO: 2026-03-10 14:30:24,499 - Processing project 1993973 - intralink_realtors_florida_melissa...
INFO: 2026-03-10 14:30:24,499 - Getting records for Mailmerge...
INFO: 2026-03-10 14:30:24,501 - Got 0 records!
INFO: 2026-03-10 14:30:25,427 - Processing project 1993974 - intralink_realtors_california...
INFO: 2026-03-10 14:30:25,427 - Getting records for Mailmerge...
INFO: 2026-03-10 14:30:25,430 - Got 0 records!
INFO: 2026-03-10 14:30:25,454 - Processing project 1949751 - analog...
INFO: 2026-03-10 14:30:25,454 - Getting records for Mailmerge...
INFO: 2026-03-10 14:30:25,484 - Got 0 records!
INFO: 2026-03-10 14:30:25,512 - Processing project 1467231 - hsj_medical_sis_lists...
INFO: 2026-03-10 14:30:25,512 - Getting records for Mailmerge...
INFO: 2026-03-10 14:30:25,793 - Got 0 records!
INFO: 2026-03-10 14:30:25,849 - Processing project 2002111 - hlm_prison_research...
INFO: 2026-03-10 14:30:25,850 - Getting records for Mailmerge...
INFO: 2026-03-10 14:30:26,217 - Got 0 records!
INFO: 2026-03-10 14:30:26,414 - Processing project 2003711 - tra_sydney...
INFO: 2026-03-10 14:30:26,414 - Getting records for Mailmerge...
INFO: 2026-03-10 14:30:43,909 - Got 0 records!
INFO: 2026-03-10 14:30:43,910 - FINISHED LOOP

INFO: 2026-03-10 14:30:43,911 - STARTING LOOP
INFO: 2026-03-10 14:30:43,911 - there's no mailmerge list. Skipping for now...
INFO: 2026-03-10 14:30:43,911 - FINISHED LOOP

INFO: 2026-03-10 15:00:13,050 - STARTING LOOP
INFO: 2026-03-10 15:00:13,051 - Getting blasts quota...
INFO: 2026-03-10 15:00:13,072 - DONE!
INFO: 2026-03-10 15:00:13,594 - Processing project 1995971 - Vanguardcharitable...
INFO: 2026-03-10 15:00:13,594 - Getting records for Mailmerge...
INFO: 2026-03-10 15:00:13,595 - Got 0 records!
INFO: 2026-03-10 15:00:13,658 - Processing project 2009991 - glassview_it...
INFO: 2026-03-10 15:00:13,659 - Getting records for Mailmerge...
INFO: 2026-03-10 15:00:19,479 - Got 5 records!
INFO: 2026-03-10 15:00:24,003 - Processing project 1993742 - hcr_usa_parents...
INFO: 2026-03-10 15:00:24,003 - Getting records for Mailmerge...
INFO: 2026-03-10 15:00:24,006 - Got 0 records!
INFO: 2026-03-10 15:00:24,129 - Processing project 1432181 - reputation_leaders_csuite...
INFO: 2026-03-10 15:00:24,129 - Getting records for Mailmerge...
INFO: 2026-03-10 15:00:28,829 - Got 0 records!
INFO: 2026-03-10 15:00:30,172 - Processing project 1993973 - intralink_realtors_florida_melissa...
INFO: 2026-03-10 15:00:30,173 - Getting records for Mailmerge...
INFO: 2026-03-10 15:00:30,175 - Got 0 records!
INFO: 2026-03-10 15:00:31,119 - Processing project 1993974 - intralink_realtors_california...
INFO: 2026-03-10 15:00:31,119 - Getting records for Mailmerge...
INFO: 2026-03-10 15:00:31,122 - Got 0 records!
INFO: 2026-03-10 15:00:31,146 - Processing project 1949751 - analog...
INFO: 2026-03-10 15:00:31,146 - Getting records for Mailmerge...
INFO: 2026-03-10 15:00:31,169 - Got 0 records!
INFO: 2026-03-10 15:00:31,193 - Processing project 1467231 - hsj_medical_sis_lists...
INFO: 2026-03-10 15:00:31,194 - Getting records for Mailmerge...
INFO: 2026-03-10 15:00:31,510 - Got 0 records!
INFO: 2026-03-10 15:00:31,574 - Processing project 2002111 - hlm_prison_research...
INFO: 2026-03-10 15:00:31,575 - Getting records for Mailmerge...
INFO: 2026-03-10 15:00:31,914 - Got 0 records!
INFO: 2026-03-10 15:00:32,111 - Processing project 2003711 - tra_sydney...
INFO: 2026-03-10 15:00:32,111 - Getting records for Mailmerge...
INFO: 2026-03-10 15:00:52,770 - Got 0 records!
INFO: 2026-03-10 15:00:52,772 - FINISHED LOOP

INFO: 2026-03-10 15:00:52,779 - STARTING LOOP
INFO: 2026-03-10 15:00:52,779 - Sending out mailerge list...
INFO: 2026-03-10 15:01:12,247 - DONE!
INFO: 2026-03-10 15:01:12,268 - FINISHED LOOP


email sent to anoble@littlejohnllc.com
1 sent emails in total

email sent to kate.fallon@bakerhughes.com
2 sent emails in total

email sent to david@ge.com
3 sent emails in total

email sent to js@deloitte.com
4 sent emails in total

email sent to c.s@pwc.com
5 sent emails in total
error: Workspace member `/Users/albertoruizcajiga/python/sis_international/modules/reporting` is missing a `pyproject.toml` (matches: `modules/*`)
error: Workspace member `/Users/albertoruizcajiga/python/sis_international/modules/reporting` is missing a `pyproject.toml` (matches: `modules/*`)
error: Workspace member `/Users/albertoruizcajiga/python/sis_international/modules/reporting` is missing a `pyproject.toml` (matches: `modules/*`)
error: Workspace member `/Users/albertoruizcajiga/python/sis_international/modules/reporting` is missing a `pyproject.toml` (matches: `modules/*`)
error: Workspace member `/Users/albertoruizcajiga/python/sis_international/modules/reporting` is missing a `pyproject.toml` (matches: `modules/*`)
error: Workspace member `/Users/albertoruizcajiga/python/sis_international/modules/reporting` is missing a `pyproject.toml` (matches: `modules/*`)
error: Workspace member `/Users/albertoruizcajiga/python/sis_international/modules/reporting` is missing a `pyproject.toml` (matches: `modules/*`)
error: Workspace member `/Users/albertoruizcajiga/python/sis_international/modules/reporting` is missing a `pyproject.toml` (matches: `modules/*`)
error: Workspace member `/Users/albertoruizcajiga/python/sis_international/modules/reporting` is missing a `pyproject.toml` (matches: `modules/*`)
error: Workspace member `/Users/albertoruizcajiga/python/sis_international/modules/reporting` is missing a `pyproject.toml` (matches: `modules/*`)
error: Workspace member `/Users/albertoruizcajiga/python/sis_international/modules/reporting` is missing a `pyproject.toml` (matches: `modules/*`)
error: Workspace member `/Users/albertoruizcajiga/python/sis_international/modules/reporting` is missing a `pyproject.toml` (matches: `modules/*`)
error: Workspace member `/Users/albertoruizcajiga/python/sis_international/modules/reporting` is missing a `pyproject.toml` (matches: `modules/*`)
error: Workspace member `/Users/albertoruizcajiga/python/sis_international/modules/reporting` is missing a `pyproject.toml` (matches: `modules/*`)
error: Workspace member `/Users/albertoruizcajiga/python/sis_international/modules/reporting` is missing a `pyproject.toml` (matches: `modules/*`)
error: Workspace member `/Users/albertoruizcajiga/python/sis_international/modules/reporting` is missing a `pyproject.toml` (matches: `modules/*`)
error: Workspace member `/Users/albertoruizcajiga/python/sis_international/modules/reporting` is missing a `pyproject.toml` (matches: `modules/*`)
error: Workspace member `/Users/albertoruizcajiga/python/sis_international/modules/reporting` is missing a `pyproject.toml` (matches: `modules/*`)
error: Workspace member `/Users/albertoruizcajiga/python/sis_international/modules/reporting` is missing a `pyproject.toml` (matches: `modules/*`)
error: Workspace member `/Users/albertoruizcajiga/python/sis_international/modules/reporting` is missing a `pyproject.toml` (matches: `modules/*`)
error: Workspace member `/Users/albertoruizcajiga/python/sis_international/modules/reporting` is missing a `pyproject.toml` (matches: `modules/*`)
error: Workspace member `/Users/albertoruizcajiga/python/sis_international/modules/reporting` is missing a `pyproject.toml` (matches: `modules/*`)
error: Workspace member `/Users/albertoruizcajiga/python/sis_international/modules/reporting` is missing a `pyproject.toml` (matches: `modules/*`)
error: Workspace member `/Users/albertoruizcajiga/python/sis_international/modules/reporting` is missing a `pyproject.toml` (matches: `modules/*`)
error: Workspace member `/Users/albertoruizcajiga/python/sis_international/modules/reporting` is missing a `pyproject.toml` (matches: `modules/*`)
error: Workspace member `/Users/albertoruizcajiga/python/sis_international/modules/reporting` is missing a `pyproject.toml` (matches: `modules/*`)
error: Workspace member `/Users/albertoruizcajiga/python/sis_international/modules/reporting` is missing a `pyproject.toml` (matches: `modules/*`)
error: Workspace member `/Users/albertoruizcajiga/python/sis_international/modules/reporting` is missing a `pyproject.toml` (matches: `modules/*`)
error: Workspace member `/Users/albertoruizcajiga/python/sis_international/modules/reporting` is missing a `pyproject.toml` (matches: `modules/*`)
error: Workspace member `/Users/albertoruizcajiga/python/sis_international/modules/reporting` is missing a `pyproject.toml` (matches: `modules/*`)
error: Workspace member `/Users/albertoruizcajiga/python/sis_international/modules/reporting` is missing a `pyproject.toml` (matches: `modules/*`)
INFO: 2026-03-11 14:51:12,490 - STARTING LOOP
INFO: 2026-03-11 14:51:12,490 - Getting blasts quota...
INFO: 2026-03-11 14:51:12,494 - DONE!
WARNING: 2026-03-11 14:51:12,494 - No projects to work on!
INFO: 2026-03-11 14:51:12,494 - FINISHED LOOP

INFO: 2026-03-11 14:51:12,494 - STARTING LOOP
INFO: 2026-03-11 14:51:12,494 - there's no mailmerge list. Skipping for now...
INFO: 2026-03-11 14:51:12,494 - FINISHED LOOP

INFO: 2026-03-11 15:00:39,199 - STARTING LOOP
INFO: 2026-03-11 15:00:39,200 - Getting blasts quota...
INFO: 2026-03-11 15:00:39,212 - DONE!
WARNING: 2026-03-11 15:00:39,212 - No projects to work on!
INFO: 2026-03-11 15:00:39,212 - FINISHED LOOP

INFO: 2026-03-11 15:00:39,212 - STARTING LOOP
INFO: 2026-03-11 15:00:39,213 - there's no mailmerge list. Skipping for now...
INFO: 2026-03-11 15:00:39,213 - FINISHED LOOP

INFO: 2026-03-11 15:30:06,622 - STARTING LOOP
INFO: 2026-03-11 15:30:06,625 - Getting blasts quota...
INFO: 2026-03-11 15:30:06,637 - DONE!
WARNING: 2026-03-11 15:30:06,637 - No projects to work on!
INFO: 2026-03-11 15:30:06,637 - FINISHED LOOP

INFO: 2026-03-11 15:30:06,637 - STARTING LOOP
INFO: 2026-03-11 15:30:06,638 - there's no mailmerge list. Skipping for now...
INFO: 2026-03-11 15:30:06,638 - FINISHED LOOP

INFO: 2026-03-11 16:00:06,364 - STARTING LOOP
INFO: 2026-03-11 16:00:06,364 - Getting blasts quota...
INFO: 2026-03-11 16:00:06,370 - DONE!
WARNING: 2026-03-11 16:00:06,370 - No projects to work on!
INFO: 2026-03-11 16:00:06,370 - FINISHED LOOP

INFO: 2026-03-11 16:00:06,370 - STARTING LOOP
INFO: 2026-03-11 16:00:06,370 - there's no mailmerge list. Skipping for now...
INFO: 2026-03-11 16:00:06,370 - FINISHED LOOP

INFO: 2026-03-11 16:30:07,759 - STARTING LOOP
INFO: 2026-03-11 16:30:07,760 - Getting blasts quota...
INFO: 2026-03-11 16:30:07,768 - DONE!
WARNING: 2026-03-11 16:30:07,768 - No projects to work on!
INFO: 2026-03-11 16:30:07,768 - FINISHED LOOP

INFO: 2026-03-11 16:30:07,768 - STARTING LOOP
INFO: 2026-03-11 16:30:07,768 - there's no mailmerge list. Skipping for now...
INFO: 2026-03-11 16:30:07,768 - FINISHED LOOP

INFO: 2026-03-11 17:00:07,989 - STARTING LOOP
INFO: 2026-03-11 17:00:07,990 - Getting blasts quota...
INFO: 2026-03-11 17:00:07,999 - DONE!
WARNING: 2026-03-11 17:00:07,999 - No projects to work on!
INFO: 2026-03-11 17:00:07,999 - FINISHED LOOP

INFO: 2026-03-11 17:00:08,001 - STARTING LOOP
INFO: 2026-03-11 17:00:08,002 - there's no mailmerge list. Skipping for now...
INFO: 2026-03-11 17:00:08,002 - FINISHED LOOP

INFO: 2026-03-11 17:31:38,658 - STARTING LOOP
INFO: 2026-03-11 17:31:38,658 - Getting blasts quota...
INFO: 2026-03-11 17:31:38,670 - DONE!
WARNING: 2026-03-11 17:31:38,670 - No projects to work on!
INFO: 2026-03-11 17:31:38,670 - FINISHED LOOP

INFO: 2026-03-11 17:31:38,670 - STARTING LOOP
INFO: 2026-03-11 17:31:38,671 - there's no mailmerge list. Skipping for now...
INFO: 2026-03-11 17:31:38,671 - FINISHED LOOP

INFO: 2026-03-11 18:00:08,701 - STARTING LOOP
INFO: 2026-03-11 18:00:08,703 - Getting blasts quota...
INFO: 2026-03-11 18:00:08,714 - DONE!
WARNING: 2026-03-11 18:00:08,715 - No projects to work on!
INFO: 2026-03-11 18:00:08,715 - FINISHED LOOP

INFO: 2026-03-11 18:00:08,715 - STARTING LOOP
INFO: 2026-03-11 18:00:08,716 - there's no mailmerge list. Skipping for now...
INFO: 2026-03-11 18:00:08,716 - FINISHED LOOP

INFO: 2026-03-11 18:30:07,601 - STARTING LOOP
INFO: 2026-03-11 18:30:07,602 - Getting blasts quota...
INFO: 2026-03-11 18:30:07,605 - DONE!
WARNING: 2026-03-11 18:30:07,605 - No projects to work on!
INFO: 2026-03-11 18:30:07,605 - FINISHED LOOP

INFO: 2026-03-11 18:30:07,605 - STARTING LOOP
INFO: 2026-03-11 18:30:07,606 - there's no mailmerge list. Skipping for now...
INFO: 2026-03-11 18:30:07,606 - FINISHED LOOP

INFO: 2026-03-11 19:00:06,082 - STARTING LOOP
INFO: 2026-03-11 19:00:06,083 - Getting blasts quota...
INFO: 2026-03-11 19:00:06,086 - DONE!
WARNING: 2026-03-11 19:00:06,086 - No projects to work on!
INFO: 2026-03-11 19:00:06,086 - FINISHED LOOP

INFO: 2026-03-11 19:00:06,086 - STARTING LOOP
INFO: 2026-03-11 19:00:06,087 - there's no mailmerge list. Skipping for now...
INFO: 2026-03-11 19:00:06,087 - FINISHED LOOP

INFO: 2026-03-11 21:05:07,694 - STARTING LOOP
INFO: 2026-03-11 21:05:07,695 - Getting blasts quota...
INFO: 2026-03-11 21:05:07,703 - DONE!
WARNING: 2026-03-11 21:05:07,703 - No projects to work on!
INFO: 2026-03-11 21:05:07,703 - FINISHED LOOP

INFO: 2026-03-11 21:05:07,703 - STARTING LOOP
INFO: 2026-03-11 21:05:07,703 - there's no mailmerge list. Skipping for now...
INFO: 2026-03-11 21:05:07,703 - FINISHED LOOP

INFO: 2026-03-12 05:30:04,884 - STARTING LOOP
INFO: 2026-03-12 05:30:04,884 - Getting blasts quota...
INFO: 2026-03-12 05:30:04,886 - DONE!
WARNING: 2026-03-12 05:30:04,887 - No projects to work on!
INFO: 2026-03-12 05:30:04,887 - FINISHED LOOP

INFO: 2026-03-12 05:30:04,887 - STARTING LOOP
INFO: 2026-03-12 05:30:04,887 - there's no mailmerge list. Skipping for now...
INFO: 2026-03-12 05:30:04,887 - FINISHED LOOP

INFO: 2026-03-12 06:06:25,564 - STARTING LOOP
INFO: 2026-03-12 06:06:25,565 - Getting blasts quota...
INFO: 2026-03-12 06:06:25,566 - DONE!
WARNING: 2026-03-12 06:06:25,567 - No projects to work on!
INFO: 2026-03-12 06:06:25,567 - FINISHED LOOP

INFO: 2026-03-12 06:06:25,567 - STARTING LOOP
INFO: 2026-03-12 06:06:25,567 - there's no mailmerge list. Skipping for now...
INFO: 2026-03-12 06:06:25,567 - FINISHED LOOP

INFO: 2026-03-12 07:30:05,586 - STARTING LOOP
INFO: 2026-03-12 07:30:05,587 - Getting blasts quota...
INFO: 2026-03-12 07:30:05,591 - DONE!
WARNING: 2026-03-12 07:30:05,591 - No projects to work on!
INFO: 2026-03-12 07:30:05,591 - FINISHED LOOP

INFO: 2026-03-12 07:30:05,591 - STARTING LOOP
INFO: 2026-03-12 07:30:05,592 - there's no mailmerge list. Skipping for now...
INFO: 2026-03-12 07:30:05,592 - FINISHED LOOP

INFO: 2026-03-12 09:00:08,358 - STARTING LOOP
INFO: 2026-03-12 09:00:08,358 - Getting blasts quota...
INFO: 2026-03-12 09:00:08,371 - DONE!
WARNING: 2026-03-12 09:00:08,371 - No projects to work on!
INFO: 2026-03-12 09:00:08,371 - FINISHED LOOP

INFO: 2026-03-12 09:00:08,372 - STARTING LOOP
INFO: 2026-03-12 09:00:08,372 - there's no mailmerge list. Skipping for now...
INFO: 2026-03-12 09:00:08,372 - FINISHED LOOP

INFO: 2026-03-12 10:36:36,534 - STARTING LOOP
INFO: 2026-03-12 10:36:36,535 - Getting blasts quota...
INFO: 2026-03-12 10:36:36,542 - DONE!
WARNING: 2026-03-12 10:36:36,542 - No projects to work on!
INFO: 2026-03-12 10:36:36,542 - FINISHED LOOP

INFO: 2026-03-12 10:36:36,542 - STARTING LOOP
INFO: 2026-03-12 10:36:36,542 - there's no mailmerge list. Skipping for now...
INFO: 2026-03-12 10:36:36,543 - FINISHED LOOP

INFO: 2026-03-12 11:01:19,891 - STARTING LOOP
INFO: 2026-03-12 11:01:19,891 - Getting blasts quota...
INFO: 2026-03-12 11:01:19,898 - DONE!
WARNING: 2026-03-12 11:01:19,899 - No projects to work on!
INFO: 2026-03-12 11:01:19,899 - FINISHED LOOP

INFO: 2026-03-12 11:01:19,899 - STARTING LOOP
INFO: 2026-03-12 11:01:19,899 - there's no mailmerge list. Skipping for now...
INFO: 2026-03-12 11:01:19,899 - FINISHED LOOP

INFO: 2026-03-12 11:30:09,875 - STARTING LOOP
INFO: 2026-03-12 11:30:09,875 - Getting blasts quota...
INFO: 2026-03-12 11:30:09,882 - DONE!
WARNING: 2026-03-12 11:30:09,883 - No projects to work on!
INFO: 2026-03-12 11:30:09,883 - FINISHED LOOP

INFO: 2026-03-12 11:30:09,883 - STARTING LOOP
INFO: 2026-03-12 11:30:09,883 - there's no mailmerge list. Skipping for now...
INFO: 2026-03-12 11:30:09,883 - FINISHED LOOP

INFO: 2026-03-12 12:00:11,287 - STARTING LOOP
INFO: 2026-03-12 12:00:11,287 - Getting blasts quota...
INFO: 2026-03-12 12:00:11,294 - DONE!
WARNING: 2026-03-12 12:00:11,294 - No projects to work on!
INFO: 2026-03-12 12:00:11,294 - FINISHED LOOP

INFO: 2026-03-12 12:00:11,294 - STARTING LOOP
INFO: 2026-03-12 12:00:11,295 - there's no mailmerge list. Skipping for now...
INFO: 2026-03-12 12:00:11,295 - FINISHED LOOP

INFO: 2026-03-12 12:30:08,536 - STARTING LOOP
INFO: 2026-03-12 12:30:08,537 - Getting blasts quota...
INFO: 2026-03-12 12:30:08,544 - DONE!
WARNING: 2026-03-12 12:30:08,545 - No projects to work on!
INFO: 2026-03-12 12:30:08,545 - FINISHED LOOP

INFO: 2026-03-12 12:30:08,545 - STARTING LOOP
INFO: 2026-03-12 12:30:08,545 - there's no mailmerge list. Skipping for now...
INFO: 2026-03-12 12:30:08,545 - FINISHED LOOP

INFO: 2026-03-12 13:00:10,205 - STARTING LOOP
INFO: 2026-03-12 13:00:10,206 - Getting blasts quota...
INFO: 2026-03-12 13:00:10,227 - DONE!
WARNING: 2026-03-12 13:00:10,227 - No projects to work on!
INFO: 2026-03-12 13:00:10,227 - FINISHED LOOP

INFO: 2026-03-12 13:00:10,227 - STARTING LOOP
INFO: 2026-03-12 13:00:10,228 - there's no mailmerge list. Skipping for now...
INFO: 2026-03-12 13:00:10,228 - FINISHED LOOP

INFO: 2026-03-12 13:30:08,345 - STARTING LOOP
INFO: 2026-03-12 13:30:08,346 - Getting blasts quota...
INFO: 2026-03-12 13:30:08,354 - DONE!
WARNING: 2026-03-12 13:30:08,354 - No projects to work on!
INFO: 2026-03-12 13:30:08,354 - FINISHED LOOP

INFO: 2026-03-12 13:30:08,354 - STARTING LOOP
INFO: 2026-03-12 13:30:08,356 - there's no mailmerge list. Skipping for now...
INFO: 2026-03-12 13:30:08,356 - FINISHED LOOP

INFO: 2026-03-12 14:00:09,707 - STARTING LOOP
INFO: 2026-03-12 14:00:09,708 - Getting blasts quota...
INFO: 2026-03-12 14:00:09,717 - DONE!
WARNING: 2026-03-12 14:00:09,720 - No projects to work on!
INFO: 2026-03-12 14:00:09,720 - FINISHED LOOP

INFO: 2026-03-12 14:00:09,720 - STARTING LOOP
INFO: 2026-03-12 14:00:09,721 - there's no mailmerge list. Skipping for now...
INFO: 2026-03-12 14:00:09,721 - FINISHED LOOP

INFO: 2026-03-12 14:30:07,304 - STARTING LOOP
INFO: 2026-03-12 14:30:07,304 - Getting blasts quota...
INFO: 2026-03-12 14:30:07,313 - DONE!
WARNING: 2026-03-12 14:30:07,313 - No projects to work on!
INFO: 2026-03-12 14:30:07,313 - FINISHED LOOP

INFO: 2026-03-12 14:30:07,313 - STARTING LOOP
INFO: 2026-03-12 14:30:07,314 - there's no mailmerge list. Skipping for now...
INFO: 2026-03-12 14:30:07,314 - FINISHED LOOP

INFO: 2026-03-12 15:00:08,353 - STARTING LOOP
INFO: 2026-03-12 15:00:08,353 - Getting blasts quota...
INFO: 2026-03-12 15:00:08,370 - DONE!
WARNING: 2026-03-12 15:00:08,370 - No projects to work on!
INFO: 2026-03-12 15:00:08,370 - FINISHED LOOP

INFO: 2026-03-12 15:00:08,370 - STARTING LOOP
INFO: 2026-03-12 15:00:08,371 - there's no mailmerge list. Skipping for now...
INFO: 2026-03-12 15:00:08,371 - FINISHED LOOP

INFO: 2026-03-12 15:30:08,951 - STARTING LOOP
INFO: 2026-03-12 15:30:08,954 - Getting blasts quota...
INFO: 2026-03-12 15:30:08,970 - DONE!
WARNING: 2026-03-12 15:30:08,971 - No projects to work on!
INFO: 2026-03-12 15:30:08,971 - FINISHED LOOP

INFO: 2026-03-12 15:30:08,971 - STARTING LOOP
INFO: 2026-03-12 15:30:08,971 - there's no mailmerge list. Skipping for now...
INFO: 2026-03-12 15:30:08,971 - FINISHED LOOP

INFO: 2026-03-12 16:00:10,645 - STARTING LOOP
INFO: 2026-03-12 16:00:10,647 - Getting blasts quota...
INFO: 2026-03-12 16:00:10,657 - DONE!
WARNING: 2026-03-12 16:00:10,658 - No projects to work on!
INFO: 2026-03-12 16:00:10,658 - FINISHED LOOP

INFO: 2026-03-12 16:00:10,658 - STARTING LOOP
INFO: 2026-03-12 16:00:10,660 - there's no mailmerge list. Skipping for now...
INFO: 2026-03-12 16:00:10,661 - FINISHED LOOP

INFO: 2026-03-12 16:30:08,901 - STARTING LOOP
INFO: 2026-03-12 16:30:08,902 - Getting blasts quota...
INFO: 2026-03-12 16:30:08,914 - DONE!
WARNING: 2026-03-12 16:30:08,914 - No projects to work on!
INFO: 2026-03-12 16:30:08,915 - FINISHED LOOP

INFO: 2026-03-12 16:30:08,915 - STARTING LOOP
INFO: 2026-03-12 16:30:08,916 - there's no mailmerge list. Skipping for now...
INFO: 2026-03-12 16:30:08,916 - FINISHED LOOP

INFO: 2026-03-12 17:00:07,644 - STARTING LOOP
INFO: 2026-03-12 17:00:07,645 - Getting blasts quota...
INFO: 2026-03-12 17:00:07,653 - DONE!
WARNING: 2026-03-12 17:00:07,653 - No projects to work on!
INFO: 2026-03-12 17:00:07,653 - FINISHED LOOP

INFO: 2026-03-12 17:00:07,653 - STARTING LOOP
INFO: 2026-03-12 17:00:07,653 - there's no mailmerge list. Skipping for now...
INFO: 2026-03-12 17:00:07,653 - FINISHED LOOP

INFO: 2026-03-12 17:30:07,362 - STARTING LOOP
INFO: 2026-03-12 17:30:07,363 - Getting blasts quota...
INFO: 2026-03-12 17:30:07,372 - DONE!
WARNING: 2026-03-12 17:30:07,372 - No projects to work on!
INFO: 2026-03-12 17:30:07,372 - FINISHED LOOP

INFO: 2026-03-12 17:30:07,372 - STARTING LOOP
INFO: 2026-03-12 17:30:07,372 - there's no mailmerge list. Skipping for now...
INFO: 2026-03-12 17:30:07,372 - FINISHED LOOP

INFO: 2026-03-12 18:00:06,766 - STARTING LOOP
INFO: 2026-03-12 18:00:06,767 - Getting blasts quota...
INFO: 2026-03-12 18:00:06,776 - DONE!
WARNING: 2026-03-12 18:00:06,776 - No projects to work on!
INFO: 2026-03-12 18:00:06,776 - FINISHED LOOP

INFO: 2026-03-12 18:00:06,776 - STARTING LOOP
INFO: 2026-03-12 18:00:06,776 - there's no mailmerge list. Skipping for now...
INFO: 2026-03-12 18:00:06,776 - FINISHED LOOP

INFO: 2026-03-12 18:30:10,430 - STARTING LOOP
INFO: 2026-03-12 18:30:10,430 - Getting blasts quota...
INFO: 2026-03-12 18:30:10,437 - DONE!
WARNING: 2026-03-12 18:30:10,438 - No projects to work on!
INFO: 2026-03-12 18:30:10,438 - FINISHED LOOP

INFO: 2026-03-12 18:30:10,438 - STARTING LOOP
INFO: 2026-03-12 18:30:10,438 - there's no mailmerge list. Skipping for now...
INFO: 2026-03-12 18:30:10,438 - FINISHED LOOP

INFO: 2026-03-12 19:00:09,011 - STARTING LOOP
INFO: 2026-03-12 19:00:09,012 - Getting blasts quota...
INFO: 2026-03-12 19:00:09,019 - DONE!
WARNING: 2026-03-12 19:00:09,019 - No projects to work on!
INFO: 2026-03-12 19:00:09,021 - FINISHED LOOP

INFO: 2026-03-12 19:00:09,021 - STARTING LOOP
INFO: 2026-03-12 19:00:09,021 - there's no mailmerge list. Skipping for now...
INFO: 2026-03-12 19:00:09,022 - FINISHED LOOP

INFO: 2026-03-12 19:30:28,169 - STARTING LOOP
INFO: 2026-03-12 19:30:28,169 - Getting blasts quota...
INFO: 2026-03-12 19:30:28,178 - DONE!
WARNING: 2026-03-12 19:30:28,178 - No projects to work on!
INFO: 2026-03-12 19:30:28,178 - FINISHED LOOP

INFO: 2026-03-12 19:30:28,178 - STARTING LOOP
INFO: 2026-03-12 19:30:28,179 - there's no mailmerge list. Skipping for now...
INFO: 2026-03-12 19:30:28,179 - FINISHED LOOP

INFO: 2026-03-12 21:00:08,551 - STARTING LOOP
INFO: 2026-03-12 21:00:08,552 - Getting blasts quota...
INFO: 2026-03-12 21:00:08,559 - DONE!
WARNING: 2026-03-12 21:00:08,559 - No projects to work on!
INFO: 2026-03-12 21:00:08,559 - FINISHED LOOP

INFO: 2026-03-12 21:00:08,559 - STARTING LOOP
INFO: 2026-03-12 21:00:08,560 - there's no mailmerge list. Skipping for now...
INFO: 2026-03-12 21:00:08,560 - FINISHED LOOP

INFO: 2026-03-13 00:30:10,014 - STARTING LOOP
INFO: 2026-03-13 00:30:10,015 - Getting blasts quota...
INFO: 2026-03-13 00:30:10,024 - DONE!
WARNING: 2026-03-13 00:30:10,024 - No projects to work on!
INFO: 2026-03-13 00:30:10,024 - FINISHED LOOP

INFO: 2026-03-13 00:30:10,024 - STARTING LOOP
INFO: 2026-03-13 00:30:10,024 - there's no mailmerge list. Skipping for now...
INFO: 2026-03-13 00:30:10,025 - FINISHED LOOP

INFO: 2026-03-13 05:00:10,259 - STARTING LOOP
INFO: 2026-03-13 05:00:10,259 - Getting blasts quota...
INFO: 2026-03-13 05:00:10,264 - DONE!
WARNING: 2026-03-13 05:00:10,264 - No projects to work on!
INFO: 2026-03-13 05:00:10,264 - FINISHED LOOP

INFO: 2026-03-13 05:00:10,264 - STARTING LOOP
INFO: 2026-03-13 05:00:10,265 - there's no mailmerge list. Skipping for now...
INFO: 2026-03-13 05:00:10,265 - FINISHED LOOP

INFO: 2026-03-13 08:38:39,626 - STARTING LOOP
INFO: 2026-03-13 08:38:39,626 - Getting blasts quota...
INFO: 2026-03-13 08:38:39,638 - DONE!
WARNING: 2026-03-13 08:38:39,638 - No projects to work on!
INFO: 2026-03-13 08:38:39,638 - FINISHED LOOP

INFO: 2026-03-13 08:38:39,639 - STARTING LOOP
INFO: 2026-03-13 08:38:39,639 - there's no mailmerge list. Skipping for now...
INFO: 2026-03-13 08:38:39,639 - FINISHED LOOP

INFO: 2026-03-13 09:00:07,613 - STARTING LOOP
INFO: 2026-03-13 09:00:07,613 - Getting blasts quota...
INFO: 2026-03-13 09:00:07,620 - DONE!
WARNING: 2026-03-13 09:00:07,621 - No projects to work on!
INFO: 2026-03-13 09:00:07,621 - FINISHED LOOP

INFO: 2026-03-13 09:00:07,621 - STARTING LOOP
INFO: 2026-03-13 09:00:07,621 - there's no mailmerge list. Skipping for now...
INFO: 2026-03-13 09:00:07,621 - FINISHED LOOP

INFO: 2026-03-13 09:30:09,363 - STARTING LOOP
INFO: 2026-03-13 09:30:09,363 - Getting blasts quota...
INFO: 2026-03-13 09:30:09,370 - DONE!
WARNING: 2026-03-13 09:30:09,371 - No projects to work on!
INFO: 2026-03-13 09:30:09,371 - FINISHED LOOP

INFO: 2026-03-13 09:30:09,371 - STARTING LOOP
INFO: 2026-03-13 09:30:09,371 - there's no mailmerge list. Skipping for now...
INFO: 2026-03-13 09:30:09,371 - FINISHED LOOP

INFO: 2026-03-13 10:00:09,173 - STARTING LOOP
INFO: 2026-03-13 10:00:09,173 - Getting blasts quota...
INFO: 2026-03-13 10:00:09,188 - DONE!
WARNING: 2026-03-13 10:00:09,188 - No projects to work on!
INFO: 2026-03-13 10:00:09,189 - FINISHED LOOP

INFO: 2026-03-13 10:00:09,189 - STARTING LOOP
INFO: 2026-03-13 10:00:09,190 - there's no mailmerge list. Skipping for now...
INFO: 2026-03-13 10:00:09,190 - FINISHED LOOP

INFO: 2026-03-13 10:30:07,939 - STARTING LOOP
INFO: 2026-03-13 10:30:07,939 - Getting blasts quota...
INFO: 2026-03-13 10:30:07,947 - DONE!
WARNING: 2026-03-13 10:30:07,947 - No projects to work on!
INFO: 2026-03-13 10:30:07,947 - FINISHED LOOP

INFO: 2026-03-13 10:30:07,947 - STARTING LOOP
INFO: 2026-03-13 10:30:07,947 - there's no mailmerge list. Skipping for now...
INFO: 2026-03-13 10:30:07,947 - FINISHED LOOP

INFO: 2026-03-13 11:00:07,842 - STARTING LOOP
INFO: 2026-03-13 11:00:07,843 - Getting blasts quota...
INFO: 2026-03-13 11:00:07,851 - DONE!
WARNING: 2026-03-13 11:00:07,851 - No projects to work on!
INFO: 2026-03-13 11:00:07,851 - FINISHED LOOP

INFO: 2026-03-13 11:00:07,851 - STARTING LOOP
INFO: 2026-03-13 11:00:07,852 - there's no mailmerge list. Skipping for now...
INFO: 2026-03-13 11:00:07,852 - FINISHED LOOP

INFO: 2026-03-13 11:30:07,976 - STARTING LOOP
INFO: 2026-03-13 11:30:07,977 - Getting blasts quota...
INFO: 2026-03-13 11:30:07,990 - DONE!
WARNING: 2026-03-13 11:30:07,991 - No projects to work on!
INFO: 2026-03-13 11:30:07,991 - FINISHED LOOP

INFO: 2026-03-13 11:30:07,991 - STARTING LOOP
INFO: 2026-03-13 11:30:07,991 - there's no mailmerge list. Skipping for now...
INFO: 2026-03-13 11:30:07,991 - FINISHED LOOP

INFO: 2026-03-13 12:00:11,928 - STARTING LOOP
INFO: 2026-03-13 12:00:11,928 - Getting blasts quota...
INFO: 2026-03-13 12:00:11,938 - DONE!
WARNING: 2026-03-13 12:00:11,938 - No projects to work on!
INFO: 2026-03-13 12:00:11,938 - FINISHED LOOP

INFO: 2026-03-13 12:00:11,938 - STARTING LOOP
INFO: 2026-03-13 12:00:11,939 - there's no mailmerge list. Skipping for now...
INFO: 2026-03-13 12:00:11,939 - FINISHED LOOP

INFO: 2026-03-13 12:30:08,971 - STARTING LOOP
INFO: 2026-03-13 12:30:08,982 - Getting blasts quota...
INFO: 2026-03-13 12:30:08,995 - DONE!
WARNING: 2026-03-13 12:30:08,995 - No projects to work on!
INFO: 2026-03-13 12:30:08,996 - FINISHED LOOP

INFO: 2026-03-13 12:30:08,996 - STARTING LOOP
INFO: 2026-03-13 12:30:08,996 - there's no mailmerge list. Skipping for now...
INFO: 2026-03-13 12:30:08,996 - FINISHED LOOP

INFO: 2026-03-13 13:00:08,736 - STARTING LOOP
INFO: 2026-03-13 13:00:08,736 - Getting blasts quota...
INFO: 2026-03-13 13:00:08,751 - DONE!
WARNING: 2026-03-13 13:00:08,751 - No projects to work on!
INFO: 2026-03-13 13:00:08,751 - FINISHED LOOP

INFO: 2026-03-13 13:00:08,751 - STARTING LOOP
INFO: 2026-03-13 13:00:08,751 - there's no mailmerge list. Skipping for now...
INFO: 2026-03-13 13:00:08,751 - FINISHED LOOP

INFO: 2026-03-13 13:30:14,294 - STARTING LOOP
INFO: 2026-03-13 13:30:14,295 - Getting blasts quota...
INFO: 2026-03-13 13:30:14,346 - DONE!
WARNING: 2026-03-13 13:30:14,346 - No projects to work on!
INFO: 2026-03-13 13:30:14,346 - FINISHED LOOP

INFO: 2026-03-13 13:30:14,346 - STARTING LOOP
INFO: 2026-03-13 13:30:14,347 - there's no mailmerge list. Skipping for now...
INFO: 2026-03-13 13:30:14,347 - FINISHED LOOP

INFO: 2026-03-13 14:00:19,125 - STARTING LOOP
INFO: 2026-03-13 14:00:19,146 - Getting blasts quota...
INFO: 2026-03-13 14:00:19,278 - DONE!
WARNING: 2026-03-13 14:00:19,278 - No projects to work on!
INFO: 2026-03-13 14:00:19,278 - FINISHED LOOP

INFO: 2026-03-13 14:00:19,278 - STARTING LOOP
INFO: 2026-03-13 14:00:19,278 - there's no mailmerge list. Skipping for now...
INFO: 2026-03-13 14:00:19,278 - FINISHED LOOP

INFO: 2026-03-13 14:30:11,372 - STARTING LOOP
INFO: 2026-03-13 14:30:11,372 - Getting blasts quota...
INFO: 2026-03-13 14:30:11,381 - DONE!
WARNING: 2026-03-13 14:30:11,381 - No projects to work on!
INFO: 2026-03-13 14:30:11,381 - FINISHED LOOP

INFO: 2026-03-13 14:30:11,381 - STARTING LOOP
INFO: 2026-03-13 14:30:11,384 - there's no mailmerge list. Skipping for now...
INFO: 2026-03-13 14:30:11,384 - FINISHED LOOP

INFO: 2026-03-13 15:00:08,956 - STARTING LOOP
INFO: 2026-03-13 15:00:08,956 - Getting blasts quota...
INFO: 2026-03-13 15:00:08,965 - DONE!
WARNING: 2026-03-13 15:00:08,966 - No projects to work on!
INFO: 2026-03-13 15:00:08,966 - FINISHED LOOP

INFO: 2026-03-13 15:00:08,966 - STARTING LOOP
INFO: 2026-03-13 15:00:08,966 - there's no mailmerge list. Skipping for now...
INFO: 2026-03-13 15:00:08,966 - FINISHED LOOP

INFO: 2026-03-13 15:30:08,397 - STARTING LOOP
INFO: 2026-03-13 15:30:08,397 - Getting blasts quota...
INFO: 2026-03-13 15:30:08,400 - DONE!
WARNING: 2026-03-13 15:30:08,401 - No projects to work on!
INFO: 2026-03-13 15:30:08,401 - FINISHED LOOP

INFO: 2026-03-13 15:30:08,401 - STARTING LOOP
INFO: 2026-03-13 15:30:08,401 - there's no mailmerge list. Skipping for now...
INFO: 2026-03-13 15:30:08,402 - FINISHED LOOP

INFO: 2026-03-13 16:00:08,309 - STARTING LOOP
INFO: 2026-03-13 16:00:08,309 - Getting blasts quota...
INFO: 2026-03-13 16:00:08,322 - DONE!
WARNING: 2026-03-13 16:00:08,322 - No projects to work on!
INFO: 2026-03-13 16:00:08,322 - FINISHED LOOP

INFO: 2026-03-13 16:00:08,322 - STARTING LOOP
INFO: 2026-03-13 16:00:08,323 - there's no mailmerge list. Skipping for now...
INFO: 2026-03-13 16:00:08,323 - FINISHED LOOP

INFO: 2026-03-13 16:30:06,880 - STARTING LOOP
INFO: 2026-03-13 16:30:06,880 - Getting blasts quota...
INFO: 2026-03-13 16:30:06,886 - DONE!
WARNING: 2026-03-13 16:30:06,887 - No projects to work on!
INFO: 2026-03-13 16:30:06,887 - FINISHED LOOP

INFO: 2026-03-13 16:30:06,887 - STARTING LOOP
INFO: 2026-03-13 16:30:06,887 - there's no mailmerge list. Skipping for now...
INFO: 2026-03-13 16:30:06,887 - FINISHED LOOP

INFO: 2026-03-13 17:00:08,240 - STARTING LOOP
INFO: 2026-03-13 17:00:08,240 - Getting blasts quota...
INFO: 2026-03-13 17:00:08,249 - DONE!
WARNING: 2026-03-13 17:00:08,250 - No projects to work on!
INFO: 2026-03-13 17:00:08,250 - FINISHED LOOP

INFO: 2026-03-13 17:00:08,250 - STARTING LOOP
INFO: 2026-03-13 17:00:08,251 - there's no mailmerge list. Skipping for now...
INFO: 2026-03-13 17:00:08,251 - FINISHED LOOP

INFO: 2026-03-13 17:30:09,261 - STARTING LOOP
INFO: 2026-03-13 17:30:09,261 - Getting blasts quota...
INFO: 2026-03-13 17:30:09,276 - DONE!
WARNING: 2026-03-13 17:30:09,276 - No projects to work on!
INFO: 2026-03-13 17:30:09,276 - FINISHED LOOP

INFO: 2026-03-13 17:30:09,276 - STARTING LOOP
INFO: 2026-03-13 17:30:09,277 - there's no mailmerge list. Skipping for now...
INFO: 2026-03-13 17:30:09,277 - FINISHED LOOP

INFO: 2026-03-13 18:00:10,052 - STARTING LOOP
INFO: 2026-03-13 18:00:10,052 - Getting blasts quota...
INFO: 2026-03-13 18:00:10,061 - DONE!
WARNING: 2026-03-13 18:00:10,061 - No projects to work on!
INFO: 2026-03-13 18:00:10,061 - FINISHED LOOP

INFO: 2026-03-13 18:00:10,061 - STARTING LOOP
INFO: 2026-03-13 18:00:10,062 - there's no mailmerge list. Skipping for now...
INFO: 2026-03-13 18:00:10,062 - FINISHED LOOP

INFO: 2026-03-13 18:30:07,219 - STARTING LOOP
INFO: 2026-03-13 18:30:07,219 - Getting blasts quota...
INFO: 2026-03-13 18:30:07,225 - DONE!
WARNING: 2026-03-13 18:30:07,225 - No projects to work on!
INFO: 2026-03-13 18:30:07,226 - FINISHED LOOP

INFO: 2026-03-13 18:30:07,226 - STARTING LOOP
INFO: 2026-03-13 18:30:07,226 - there's no mailmerge list. Skipping for now...
INFO: 2026-03-13 18:30:07,226 - FINISHED LOOP

INFO: 2026-03-13 19:00:07,134 - STARTING LOOP
INFO: 2026-03-13 19:00:07,134 - Getting blasts quota...
INFO: 2026-03-13 19:00:07,142 - DONE!
WARNING: 2026-03-13 19:00:07,142 - No projects to work on!
INFO: 2026-03-13 19:00:07,142 - FINISHED LOOP

INFO: 2026-03-13 19:00:07,142 - STARTING LOOP
INFO: 2026-03-13 19:00:07,142 - there's no mailmerge list. Skipping for now...
INFO: 2026-03-13 19:00:07,142 - FINISHED LOOP

INFO: 2026-03-13 19:30:09,777 - STARTING LOOP
INFO: 2026-03-13 19:30:09,777 - Getting blasts quota...
INFO: 2026-03-13 19:30:09,786 - DONE!
WARNING: 2026-03-13 19:30:09,786 - No projects to work on!
INFO: 2026-03-13 19:30:09,786 - FINISHED LOOP

INFO: 2026-03-13 19:30:09,786 - STARTING LOOP
INFO: 2026-03-13 19:30:09,786 - there's no mailmerge list. Skipping for now...
INFO: 2026-03-13 19:30:09,786 - FINISHED LOOP

INFO: 2026-03-13 20:00:05,584 - STARTING LOOP
INFO: 2026-03-13 20:00:05,584 - Getting blasts quota...
INFO: 2026-03-13 20:00:05,589 - DONE!
WARNING: 2026-03-13 20:00:05,589 - No projects to work on!
INFO: 2026-03-13 20:00:05,589 - FINISHED LOOP

INFO: 2026-03-13 20:00:05,589 - STARTING LOOP
INFO: 2026-03-13 20:00:05,590 - there's no mailmerge list. Skipping for now...
INFO: 2026-03-13 20:00:05,590 - FINISHED LOOP

INFO: 2026-03-13 20:31:35,005 - STARTING LOOP
INFO: 2026-03-13 20:31:35,006 - Getting blasts quota...
INFO: 2026-03-13 20:31:35,015 - DONE!
WARNING: 2026-03-13 20:31:35,015 - No projects to work on!
INFO: 2026-03-13 20:31:35,015 - FINISHED LOOP

INFO: 2026-03-13 20:31:35,015 - STARTING LOOP
INFO: 2026-03-13 20:31:35,016 - there's no mailmerge list. Skipping for now...
INFO: 2026-03-13 20:31:35,016 - FINISHED LOOP

INFO: 2026-03-13 22:00:54,802 - STARTING LOOP
INFO: 2026-03-13 22:00:54,802 - Getting blasts quota...
INFO: 2026-03-13 22:00:54,808 - DONE!
WARNING: 2026-03-13 22:00:54,808 - No projects to work on!
INFO: 2026-03-13 22:00:54,808 - FINISHED LOOP

INFO: 2026-03-13 22:00:54,808 - STARTING LOOP
INFO: 2026-03-13 22:00:54,809 - there's no mailmerge list. Skipping for now...
INFO: 2026-03-13 22:00:54,809 - FINISHED LOOP

INFO: 2026-03-14 06:30:05,724 - STARTING LOOP
INFO: 2026-03-14 06:30:05,725 - Getting blasts quota...
INFO: 2026-03-14 06:30:05,729 - DONE!
WARNING: 2026-03-14 06:30:05,729 - No projects to work on!
INFO: 2026-03-14 06:30:05,729 - FINISHED LOOP

INFO: 2026-03-14 06:30:05,729 - STARTING LOOP
INFO: 2026-03-14 06:30:05,729 - there's no mailmerge list. Skipping for now...
INFO: 2026-03-14 06:30:05,729 - FINISHED LOOP

INFO: 2026-03-14 07:34:52,152 - STARTING LOOP
INFO: 2026-03-14 07:34:52,153 - Getting blasts quota...
INFO: 2026-03-14 07:34:52,158 - DONE!
WARNING: 2026-03-14 07:34:52,158 - No projects to work on!
INFO: 2026-03-14 07:34:52,159 - FINISHED LOOP

INFO: 2026-03-14 07:34:52,159 - STARTING LOOP
INFO: 2026-03-14 07:34:52,159 - there's no mailmerge list. Skipping for now...
INFO: 2026-03-14 07:34:52,159 - FINISHED LOOP

INFO: 2026-03-14 08:00:06,992 - STARTING LOOP
INFO: 2026-03-14 08:00:06,993 - Getting blasts quota...
INFO: 2026-03-14 08:00:07,002 - DONE!
WARNING: 2026-03-14 08:00:07,002 - No projects to work on!
INFO: 2026-03-14 08:00:07,002 - FINISHED LOOP

INFO: 2026-03-14 08:00:07,002 - STARTING LOOP
INFO: 2026-03-14 08:00:07,002 - there's no mailmerge list. Skipping for now...
INFO: 2026-03-14 08:00:07,003 - FINISHED LOOP

INFO: 2026-03-14 08:30:10,118 - STARTING LOOP
INFO: 2026-03-14 08:30:10,118 - Getting blasts quota...
INFO: 2026-03-14 08:30:10,133 - DONE!
WARNING: 2026-03-14 08:30:10,133 - No projects to work on!
INFO: 2026-03-14 08:30:10,133 - FINISHED LOOP

INFO: 2026-03-14 08:30:10,133 - STARTING LOOP
INFO: 2026-03-14 08:30:10,134 - there's no mailmerge list. Skipping for now...
INFO: 2026-03-14 08:30:10,134 - FINISHED LOOP

INFO: 2026-03-14 10:00:08,064 - STARTING LOOP
INFO: 2026-03-14 10:00:08,064 - Getting blasts quota...
INFO: 2026-03-14 10:00:08,074 - DONE!
WARNING: 2026-03-14 10:00:08,074 - No projects to work on!
INFO: 2026-03-14 10:00:08,074 - FINISHED LOOP

INFO: 2026-03-14 10:00:08,075 - STARTING LOOP
INFO: 2026-03-14 10:00:08,075 - there's no mailmerge list. Skipping for now...
INFO: 2026-03-14 10:00:08,075 - FINISHED LOOP

INFO: 2026-03-14 10:30:08,802 - STARTING LOOP
INFO: 2026-03-14 10:30:08,802 - Getting blasts quota...
INFO: 2026-03-14 10:30:08,817 - DONE!
WARNING: 2026-03-14 10:30:08,817 - No projects to work on!
INFO: 2026-03-14 10:30:08,817 - FINISHED LOOP

INFO: 2026-03-14 10:30:08,817 - STARTING LOOP
INFO: 2026-03-14 10:30:08,819 - there's no mailmerge list. Skipping for now...
INFO: 2026-03-14 10:30:08,819 - FINISHED LOOP

INFO: 2026-03-14 11:00:05,860 - STARTING LOOP
INFO: 2026-03-14 11:00:05,860 - Getting blasts quota...
INFO: 2026-03-14 11:00:05,869 - DONE!
WARNING: 2026-03-14 11:00:05,870 - No projects to work on!
INFO: 2026-03-14 11:00:05,870 - FINISHED LOOP

INFO: 2026-03-14 11:00:05,870 - STARTING LOOP
INFO: 2026-03-14 11:00:05,870 - there's no mailmerge list. Skipping for now...
INFO: 2026-03-14 11:00:05,870 - FINISHED LOOP

INFO: 2026-03-14 11:30:05,664 - STARTING LOOP
INFO: 2026-03-14 11:30:05,664 - Getting blasts quota...
INFO: 2026-03-14 11:30:05,673 - DONE!
WARNING: 2026-03-14 11:30:05,673 - No projects to work on!
INFO: 2026-03-14 11:30:05,673 - FINISHED LOOP

INFO: 2026-03-14 11:30:05,673 - STARTING LOOP
INFO: 2026-03-14 11:30:05,673 - there's no mailmerge list. Skipping for now...
INFO: 2026-03-14 11:30:05,674 - FINISHED LOOP

INFO: 2026-03-14 12:00:06,133 - STARTING LOOP
INFO: 2026-03-14 12:00:06,133 - Getting blasts quota...
INFO: 2026-03-14 12:00:06,142 - DONE!
WARNING: 2026-03-14 12:00:06,142 - No projects to work on!
INFO: 2026-03-14 12:00:06,142 - FINISHED LOOP

INFO: 2026-03-14 12:00:06,142 - STARTING LOOP
INFO: 2026-03-14 12:00:06,142 - there's no mailmerge list. Skipping for now...
INFO: 2026-03-14 12:00:06,143 - FINISHED LOOP

INFO: 2026-03-14 13:00:37,508 - STARTING LOOP
INFO: 2026-03-14 13:00:37,508 - Getting blasts quota...
INFO: 2026-03-14 13:00:37,513 - DONE!
WARNING: 2026-03-14 13:00:37,513 - No projects to work on!
INFO: 2026-03-14 13:00:37,513 - FINISHED LOOP

INFO: 2026-03-14 13:00:37,513 - STARTING LOOP
INFO: 2026-03-14 13:00:37,514 - there's no mailmerge list. Skipping for now...
INFO: 2026-03-14 13:00:37,514 - FINISHED LOOP

INFO: 2026-03-14 15:30:05,780 - STARTING LOOP
INFO: 2026-03-14 15:30:05,780 - Getting blasts quota...
INFO: 2026-03-14 15:30:05,785 - DONE!
WARNING: 2026-03-14 15:30:05,785 - No projects to work on!
INFO: 2026-03-14 15:30:05,786 - FINISHED LOOP

INFO: 2026-03-14 15:30:05,786 - STARTING LOOP
INFO: 2026-03-14 15:30:05,786 - there's no mailmerge list. Skipping for now...
INFO: 2026-03-14 15:30:05,786 - FINISHED LOOP

INFO: 2026-03-14 20:00:07,751 - STARTING LOOP
INFO: 2026-03-14 20:00:07,751 - Getting blasts quota...
INFO: 2026-03-14 20:00:07,759 - DONE!
WARNING: 2026-03-14 20:00:07,760 - No projects to work on!
INFO: 2026-03-14 20:00:07,760 - FINISHED LOOP

INFO: 2026-03-14 20:00:07,760 - STARTING LOOP
INFO: 2026-03-14 20:00:07,761 - there's no mailmerge list. Skipping for now...
INFO: 2026-03-14 20:00:07,761 - FINISHED LOOP

INFO: 2026-03-14 22:07:34,575 - STARTING LOOP
INFO: 2026-03-14 22:07:34,576 - Getting blasts quota...
INFO: 2026-03-14 22:07:34,584 - DONE!
WARNING: 2026-03-14 22:07:34,584 - No projects to work on!
INFO: 2026-03-14 22:07:34,584 - FINISHED LOOP

INFO: 2026-03-14 22:07:34,584 - STARTING LOOP
INFO: 2026-03-14 22:07:34,585 - there's no mailmerge list. Skipping for now...
INFO: 2026-03-14 22:07:34,585 - FINISHED LOOP

INFO: 2026-03-15 08:30:05,087 - STARTING LOOP
INFO: 2026-03-15 08:30:05,088 - Getting blasts quota...
INFO: 2026-03-15 08:30:05,090 - DONE!
WARNING: 2026-03-15 08:30:05,090 - No projects to work on!
INFO: 2026-03-15 08:30:05,091 - FINISHED LOOP

INFO: 2026-03-15 08:30:05,091 - STARTING LOOP
INFO: 2026-03-15 08:30:05,091 - there's no mailmerge list. Skipping for now...
INFO: 2026-03-15 08:30:05,091 - FINISHED LOOP

INFO: 2026-03-15 10:32:20,397 - STARTING LOOP
INFO: 2026-03-15 10:32:20,397 - Getting blasts quota...
INFO: 2026-03-15 10:32:20,402 - DONE!
WARNING: 2026-03-15 10:32:20,403 - No projects to work on!
INFO: 2026-03-15 10:32:20,403 - FINISHED LOOP

INFO: 2026-03-15 10:32:20,403 - STARTING LOOP
INFO: 2026-03-15 10:32:20,403 - there's no mailmerge list. Skipping for now...
INFO: 2026-03-15 10:32:20,403 - FINISHED LOOP

INFO: 2026-03-15 12:30:07,765 - STARTING LOOP
INFO: 2026-03-15 12:30:07,766 - Getting blasts quota...
INFO: 2026-03-15 12:30:07,770 - DONE!
WARNING: 2026-03-15 12:30:07,771 - No projects to work on!
INFO: 2026-03-15 12:30:07,771 - FINISHED LOOP

INFO: 2026-03-15 12:30:07,771 - STARTING LOOP
INFO: 2026-03-15 12:30:07,771 - there's no mailmerge list. Skipping for now...
INFO: 2026-03-15 12:30:07,771 - FINISHED LOOP

INFO: 2026-03-15 15:04:51,858 - STARTING LOOP
INFO: 2026-03-15 15:04:51,858 - Getting blasts quota...
INFO: 2026-03-15 15:04:51,866 - DONE!
WARNING: 2026-03-15 15:04:51,866 - No projects to work on!
INFO: 2026-03-15 15:04:51,866 - FINISHED LOOP

INFO: 2026-03-15 15:04:51,866 - STARTING LOOP
INFO: 2026-03-15 15:04:51,866 - there's no mailmerge list. Skipping for now...
INFO: 2026-03-15 15:04:51,866 - FINISHED LOOP

INFO: 2026-03-15 15:37:51,172 - STARTING LOOP
INFO: 2026-03-15 15:37:51,173 - Getting blasts quota...
INFO: 2026-03-15 15:37:51,179 - DONE!
WARNING: 2026-03-15 15:37:51,180 - No projects to work on!
INFO: 2026-03-15 15:37:51,180 - FINISHED LOOP

INFO: 2026-03-15 15:37:51,180 - STARTING LOOP
INFO: 2026-03-15 15:37:51,180 - there's no mailmerge list. Skipping for now...
INFO: 2026-03-15 15:37:51,180 - FINISHED LOOP

INFO: 2026-03-15 17:30:29,051 - STARTING LOOP
INFO: 2026-03-15 17:30:29,052 - Getting blasts quota...
INFO: 2026-03-15 17:30:29,060 - DONE!
WARNING: 2026-03-15 17:30:29,061 - No projects to work on!
INFO: 2026-03-15 17:30:29,061 - FINISHED LOOP

INFO: 2026-03-15 17:30:29,061 - STARTING LOOP
INFO: 2026-03-15 17:30:29,061 - there's no mailmerge list. Skipping for now...
INFO: 2026-03-15 17:30:29,061 - FINISHED LOOP

INFO: 2026-03-15 18:30:07,349 - STARTING LOOP
INFO: 2026-03-15 18:30:07,349 - Getting blasts quota...
INFO: 2026-03-15 18:30:07,359 - DONE!
WARNING: 2026-03-15 18:30:07,359 - No projects to work on!
INFO: 2026-03-15 18:30:07,359 - FINISHED LOOP

INFO: 2026-03-15 18:30:07,359 - STARTING LOOP
INFO: 2026-03-15 18:30:07,360 - there's no mailmerge list. Skipping for now...
INFO: 2026-03-15 18:30:07,360 - FINISHED LOOP

INFO: 2026-03-15 19:00:17,025 - STARTING LOOP
INFO: 2026-03-15 19:00:17,025 - Getting blasts quota...
INFO: 2026-03-15 19:00:17,034 - DONE!
WARNING: 2026-03-15 19:00:17,034 - No projects to work on!
INFO: 2026-03-15 19:00:17,034 - FINISHED LOOP

INFO: 2026-03-15 19:00:17,034 - STARTING LOOP
INFO: 2026-03-15 19:00:17,035 - there's no mailmerge list. Skipping for now...
INFO: 2026-03-15 19:00:17,035 - FINISHED LOOP

INFO: 2026-03-15 19:32:29,667 - STARTING LOOP
INFO: 2026-03-15 19:32:29,667 - Getting blasts quota...
INFO: 2026-03-15 19:32:29,671 - DONE!
WARNING: 2026-03-15 19:32:29,671 - No projects to work on!
INFO: 2026-03-15 19:32:29,671 - FINISHED LOOP

INFO: 2026-03-15 19:32:29,671 - STARTING LOOP
INFO: 2026-03-15 19:32:29,671 - there's no mailmerge list. Skipping for now...
INFO: 2026-03-15 19:32:29,671 - FINISHED LOOP

INFO: 2026-03-15 21:00:11,274 - STARTING LOOP
INFO: 2026-03-15 21:00:11,274 - Getting blasts quota...
INFO: 2026-03-15 21:00:11,282 - DONE!
WARNING: 2026-03-15 21:00:11,282 - No projects to work on!
INFO: 2026-03-15 21:00:11,282 - FINISHED LOOP

INFO: 2026-03-15 21:00:11,282 - STARTING LOOP
INFO: 2026-03-15 21:00:11,283 - there's no mailmerge list. Skipping for now...
INFO: 2026-03-15 21:00:11,283 - FINISHED LOOP

INFO: 2026-03-15 21:30:08,032 - STARTING LOOP
INFO: 2026-03-15 21:30:08,033 - Getting blasts quota...
INFO: 2026-03-15 21:30:08,041 - DONE!
WARNING: 2026-03-15 21:30:08,041 - No projects to work on!
INFO: 2026-03-15 21:30:08,041 - FINISHED LOOP

INFO: 2026-03-15 21:30:08,041 - STARTING LOOP
INFO: 2026-03-15 21:30:08,041 - there's no mailmerge list. Skipping for now...
INFO: 2026-03-15 21:30:08,042 - FINISHED LOOP

INFO: 2026-03-16 07:04:38,294 - STARTING LOOP
INFO: 2026-03-16 07:04:38,295 - Getting blasts quota...
INFO: 2026-03-16 07:04:38,301 - DONE!
WARNING: 2026-03-16 07:04:38,302 - No projects to work on!
INFO: 2026-03-16 07:04:38,302 - FINISHED LOOP

INFO: 2026-03-16 07:04:38,302 - STARTING LOOP
INFO: 2026-03-16 07:04:38,302 - there's no mailmerge list. Skipping for now...
INFO: 2026-03-16 07:04:38,302 - FINISHED LOOP

INFO: 2026-03-16 08:33:51,181 - STARTING LOOP
INFO: 2026-03-16 08:33:51,182 - Getting blasts quota...
INFO: 2026-03-16 08:33:51,189 - DONE!
WARNING: 2026-03-16 08:33:51,190 - No projects to work on!
INFO: 2026-03-16 08:33:51,190 - FINISHED LOOP

INFO: 2026-03-16 08:33:51,190 - STARTING LOOP
INFO: 2026-03-16 08:33:51,190 - there's no mailmerge list. Skipping for now...
INFO: 2026-03-16 08:33:51,190 - FINISHED LOOP

INFO: 2026-03-16 09:00:09,239 - STARTING LOOP
INFO: 2026-03-16 09:00:09,239 - Getting blasts quota...
INFO: 2026-03-16 09:00:09,246 - DONE!
WARNING: 2026-03-16 09:00:09,246 - No projects to work on!
INFO: 2026-03-16 09:00:09,247 - FINISHED LOOP

INFO: 2026-03-16 09:00:09,247 - STARTING LOOP
INFO: 2026-03-16 09:00:09,247 - there's no mailmerge list. Skipping for now...
INFO: 2026-03-16 09:00:09,247 - FINISHED LOOP

INFO: 2026-03-16 09:30:07,811 - STARTING LOOP
INFO: 2026-03-16 09:30:07,811 - Getting blasts quota...
INFO: 2026-03-16 09:30:07,821 - DONE!
WARNING: 2026-03-16 09:30:07,821 - No projects to work on!
INFO: 2026-03-16 09:30:07,821 - FINISHED LOOP

INFO: 2026-03-16 09:30:07,822 - STARTING LOOP
INFO: 2026-03-16 09:30:07,822 - there's no mailmerge list. Skipping for now...
INFO: 2026-03-16 09:30:07,822 - FINISHED LOOP

INFO: 2026-03-16 10:00:08,843 - STARTING LOOP
INFO: 2026-03-16 10:00:08,844 - Getting blasts quota...
INFO: 2026-03-16 10:00:08,852 - DONE!
WARNING: 2026-03-16 10:00:08,852 - No projects to work on!
INFO: 2026-03-16 10:00:08,852 - FINISHED LOOP

INFO: 2026-03-16 10:00:08,852 - STARTING LOOP
INFO: 2026-03-16 10:00:08,852 - there's no mailmerge list. Skipping for now...
INFO: 2026-03-16 10:00:08,852 - FINISHED LOOP

INFO: 2026-03-16 10:30:07,641 - STARTING LOOP
INFO: 2026-03-16 10:30:07,642 - Getting blasts quota...
INFO: 2026-03-16 10:30:07,650 - DONE!
WARNING: 2026-03-16 10:30:07,650 - No projects to work on!
INFO: 2026-03-16 10:30:07,650 - FINISHED LOOP

INFO: 2026-03-16 10:30:07,650 - STARTING LOOP
INFO: 2026-03-16 10:30:07,651 - there's no mailmerge list. Skipping for now...
INFO: 2026-03-16 10:30:07,651 - FINISHED LOOP

INFO: 2026-03-16 11:00:09,536 - STARTING LOOP
INFO: 2026-03-16 11:00:09,536 - Getting blasts quota...
INFO: 2026-03-16 11:00:09,548 - DONE!
WARNING: 2026-03-16 11:00:09,549 - No projects to work on!
INFO: 2026-03-16 11:00:09,552 - FINISHED LOOP

INFO: 2026-03-16 11:00:09,552 - STARTING LOOP
INFO: 2026-03-16 11:00:09,552 - there's no mailmerge list. Skipping for now...
INFO: 2026-03-16 11:00:09,552 - FINISHED LOOP

INFO: 2026-03-16 11:30:08,558 - STARTING LOOP
INFO: 2026-03-16 11:30:08,559 - Getting blasts quota...
INFO: 2026-03-16 11:30:08,567 - DONE!
WARNING: 2026-03-16 11:30:08,567 - No projects to work on!
INFO: 2026-03-16 11:30:08,567 - FINISHED LOOP

INFO: 2026-03-16 11:30:08,567 - STARTING LOOP
INFO: 2026-03-16 11:30:08,568 - there's no mailmerge list. Skipping for now...
INFO: 2026-03-16 11:30:08,568 - FINISHED LOOP

INFO: 2026-03-16 12:00:10,613 - STARTING LOOP
INFO: 2026-03-16 12:00:10,613 - Getting blasts quota...
INFO: 2026-03-16 12:00:10,618 - DONE!
WARNING: 2026-03-16 12:00:10,618 - No projects to work on!
INFO: 2026-03-16 12:00:10,618 - FINISHED LOOP

INFO: 2026-03-16 12:00:10,618 - STARTING LOOP
INFO: 2026-03-16 12:00:10,619 - there's no mailmerge list. Skipping for now...
INFO: 2026-03-16 12:00:10,619 - FINISHED LOOP

INFO: 2026-03-16 12:28:05,011 - STARTING LOOP
INFO: 2026-03-16 12:28:05,011 - Getting blasts quota...
INFO: 2026-03-16 12:28:05,017 - DONE!
INFO: 2026-03-16 12:28:05,788 - Processing project 1993745 - hcr_usa_re_blast_nyc...
INFO: 2026-03-16 12:28:05,788 - Getting records for Mailmerge...
INFO: 2026-03-16 12:28:06,001 - Got 47 records!
INFO: 2026-03-16 12:28:09,867 - Processing project 1993746 - hcr_usa_re_blast_west...
INFO: 2026-03-16 12:28:09,867 - Getting records for Mailmerge...
INFO: 2026-03-16 12:28:10,453 - Got 44 records!
INFO: 2026-03-16 12:28:10,766 - Processing project 2010271 - vidlet_spain...
INFO: 2026-03-16 12:28:10,766 - Getting records for Mailmerge...
INFO: 2026-03-16 12:28:29,881 - Got 33 records!
INFO: 2026-03-16 12:28:29,927 - Processing project 1949181 - northwestel...
INFO: 2026-03-16 12:28:29,927 - Getting records for Mailmerge...
INFO: 2026-03-16 12:28:30,169 - Got 0 records!
INFO: 2026-03-16 12:28:30,201 - Processing project 2003711 - tra_sydney...
INFO: 2026-03-16 12:28:30,201 - Getting records for Mailmerge...
INFO: 2026-03-16 12:28:42,838 - Got 0 records!
INFO: 2026-03-16 12:28:42,851 - Processing project 2002111 - hlm_prison_research...
INFO: 2026-03-16 12:28:42,851 - Getting records for Mailmerge...
INFO: 2026-03-16 12:28:42,975 - Got 0 records!
INFO: 2026-03-16 12:28:43,010 - Processing project 2009991 - glassview_it...
INFO: 2026-03-16 12:28:43,010 - Getting records for Mailmerge...
INFO: 2026-03-16 12:28:46,814 - Got 0 records!
INFO: 2026-03-16 12:28:46,877 - Processing project 1994141 - luminare_health...
INFO: 2026-03-16 12:28:46,877 - Getting records for Mailmerge...
INFO: 2026-03-16 12:28:48,925 - Got 0 records!
INFO: 2026-03-16 12:28:48,947 - Processing project 1432181 - reputation_leaders_csuite...
INFO: 2026-03-16 12:28:48,947 - Getting records for Mailmerge...
INFO: 2026-03-16 12:28:51,481 - Got 0 records!
INFO: 2026-03-16 12:30:08,012 - STARTING LOOP
INFO: 2026-03-16 12:30:08,013 - Getting blasts quota...
INFO: 2026-03-16 12:30:08,015 - DONE!
INFO: 2026-03-16 12:30:08,987 - Processing project 1993745 - hcr_usa_re_blast_nyc...
INFO: 2026-03-16 12:30:08,987 - Getting records for Mailmerge...
INFO: 2026-03-16 12:30:09,245 - Got 47 records!
INFO: 2026-03-16 12:30:17,246 - Processing project 1993746 - hcr_usa_re_blast_west...
INFO: 2026-03-16 12:30:17,246 - Getting records for Mailmerge...
INFO: 2026-03-16 12:30:18,060 - Got 44 records!
INFO: 2026-03-16 12:30:18,708 - Processing project 2010271 - vidlet_spain...
INFO: 2026-03-16 12:30:18,708 - Getting records for Mailmerge...
INFO: 2026-03-16 12:30:45,355 - Got 33 records!
INFO: 2026-03-16 12:30:45,460 - Processing project 1949181 - northwestel...
INFO: 2026-03-16 12:30:45,460 - Getting records for Mailmerge...
INFO: 2026-03-16 12:30:45,672 - Got 0 records!
INFO: 2026-03-16 12:30:45,796 - Processing project 2003711 - tra_sydney...
INFO: 2026-03-16 12:30:45,796 - Getting records for Mailmerge...
INFO: 2026-03-16 12:31:06,226 - Got 0 records!
INFO: 2026-03-16 12:31:06,327 - Processing project 2002111 - hlm_prison_research...
INFO: 2026-03-16 12:31:06,327 - Getting records for Mailmerge...
INFO: 2026-03-16 12:31:06,409 - Got 0 records!
INFO: 2026-03-16 12:31:06,484 - Processing project 2009991 - glassview_it...
INFO: 2026-03-16 12:31:06,484 - Getting records for Mailmerge...
INFO: 2026-03-16 12:31:11,847 - Got 0 records!
INFO: 2026-03-16 12:31:11,949 - Processing project 1994141 - luminare_health...
INFO: 2026-03-16 12:31:11,950 - Getting records for Mailmerge...
INFO: 2026-03-16 12:31:14,575 - Got 0 records!
INFO: 2026-03-16 12:31:14,636 - Processing project 1432181 - reputation_leaders_csuite...
INFO: 2026-03-16 12:31:14,636 - Getting records for Mailmerge...
INFO: 2026-03-16 12:31:18,080 - Got 0 records!
Traceback (most recent call last):
  File "/Users/albertoruizcajiga/python/sis_international/smtp_worker.py", line 98, in <module>
    create_mm_list()
  File "/Users/albertoruizcajiga/python/sis_international/smtp_worker.py", line 49, in create_mm_list
    project_name = get_project_name_with_project_number(project_id)[0]
                   ^^^^^^^^^^^^^^^^^^^^^^^^^^^^^^^^^^^^^^^^^^^^^^^^
  File "/Users/albertoruizcajiga/python/sis_international/modules/database/database.py", line 774, in get_project_name_with_project_number
    raise Exception('No project saved for the project id: {}.'.format(project_id))
Exception: No project saved for the project id: 1993971.
INFO: 2026-03-16 13:00:07,707 - STARTING LOOP
INFO: 2026-03-16 13:00:07,707 - Getting blasts quota...
INFO: 2026-03-16 13:00:07,713 - DONE!
INFO: 2026-03-16 13:00:08,901 - Processing project 1993745 - hcr_usa_re_blast_nyc...
INFO: 2026-03-16 13:00:08,901 - Getting records for Mailmerge...
INFO: 2026-03-16 13:00:08,973 - Got 47 records!
INFO: 2026-03-16 13:00:16,162 - Processing project 1993746 - hcr_usa_re_blast_west...
INFO: 2026-03-16 13:00:16,162 - Getting records for Mailmerge...
INFO: 2026-03-16 13:00:16,512 - Got 44 records!
INFO: 2026-03-16 13:00:16,897 - Processing project 2010271 - vidlet_spain...
INFO: 2026-03-16 13:00:16,897 - Getting records for Mailmerge...
INFO: 2026-03-16 13:00:44,878 - Got 33 records!
INFO: 2026-03-16 13:00:44,950 - Processing project 1949181 - northwestel...
INFO: 2026-03-16 13:00:44,950 - Getting records for Mailmerge...
INFO: 2026-03-16 13:00:45,120 - Got 0 records!
INFO: 2026-03-16 13:00:45,194 - Processing project 2003711 - tra_sydney...
INFO: 2026-03-16 13:00:45,194 - Getting records for Mailmerge...
INFO: 2026-03-16 13:01:02,852 - Got 0 records!
INFO: 2026-03-16 13:01:02,890 - Processing project 2002111 - hlm_prison_research...
INFO: 2026-03-16 13:01:02,890 - Getting records for Mailmerge...
INFO: 2026-03-16 13:01:02,929 - Got 0 records!
INFO: 2026-03-16 13:01:02,991 - Processing project 2009991 - glassview_it...
INFO: 2026-03-16 13:01:02,991 - Getting records for Mailmerge...
INFO: 2026-03-16 13:01:07,815 - Got 0 records!
INFO: 2026-03-16 13:01:08,081 - Processing project 1994141 - luminare_health...
INFO: 2026-03-16 13:01:08,081 - Getting records for Mailmerge...
INFO: 2026-03-16 13:01:10,336 - Got 0 records!
INFO: 2026-03-16 13:01:10,386 - Processing project 1432181 - reputation_leaders_csuite...
INFO: 2026-03-16 13:01:10,386 - Getting records for Mailmerge...
INFO: 2026-03-16 13:01:14,443 - Got 0 records!
INFO: 2026-03-16 13:01:14,473 - Processing project 1993971 - intralink_realtors_ny_nj...
INFO: 2026-03-16 13:01:14,474 - Getting records for Mailmerge...
INFO: 2026-03-16 13:01:14,485 - Got 21 records!
INFO: 2026-03-16 13:01:14,885 - Processing project 1993973 - intralink_realtors_florida_melissa...
INFO: 2026-03-16 13:01:14,885 - Getting records for Mailmerge...
INFO: 2026-03-16 13:01:18,329 - Got 18 records!
INFO: 2026-03-16 13:01:18,744 - Processing project 1993974 - intralink_realtors_california...
INFO: 2026-03-16 13:01:18,744 - Getting records for Mailmerge...
INFO: 2026-03-16 13:01:21,920 - Got 15 records!
INFO: 2026-03-16 13:01:24,197 - Processing project 1150717 - red_associates_cancer_spain_referrals...
INFO: 2026-03-16 13:01:24,198 - Getting records for Mailmerge...
INFO: 2026-03-16 13:01:47,881 - Got 8 records!
INFO: 2026-03-16 13:01:49,829 - Processing project 1150716 - red_associates_cancer_canada_referrals...
INFO: 2026-03-16 13:01:49,830 - Getting records for Mailmerge...
INFO: 2026-03-16 13:02:12,139 - Got 9 records!
Traceback (most recent call last):
  File "/Users/albertoruizcajiga/python/sis_international/smtp_worker.py", line 98, in <module>
    create_mm_list()
  File "/Users/albertoruizcajiga/python/sis_international/smtp_worker.py", line 49, in create_mm_list
    project_name = get_project_name_with_project_number(project_id)[0]
                   ^^^^^^^^^^^^^^^^^^^^^^^^^^^^^^^^^^^^^^^^^^^^^^^^
  File "/Users/albertoruizcajiga/python/sis_international/modules/database/database.py", line 774, in get_project_name_with_project_number
    raise Exception('No project saved for the project id: {}.'.format(project_id))
Exception: No project saved for the project id: 2003582.
INFO: 2026-03-16 13:03:46,923 - STARTING LOOP
INFO: 2026-03-16 13:03:46,923 - Getting blasts quota...
INFO: 2026-03-16 13:03:46,925 - DONE!
INFO: 2026-03-16 13:03:47,583 - Processing project 1993745 - hcr_usa_re_blast_nyc...
INFO: 2026-03-16 13:03:47,583 - Getting records for Mailmerge...
INFO: 2026-03-16 13:03:47,634 - Got 47 records!
INFO: 2026-03-16 13:03:51,536 - Processing project 1993746 - hcr_usa_re_blast_west...
INFO: 2026-03-16 13:03:51,537 - Getting records for Mailmerge...
INFO: 2026-03-16 13:03:51,798 - Got 44 records!
INFO: 2026-03-16 13:03:52,112 - Processing project 2010271 - vidlet_spain...
INFO: 2026-03-16 13:03:52,112 - Getting records for Mailmerge...
INFO: 2026-03-16 13:04:11,018 - Got 33 records!
INFO: 2026-03-16 13:04:11,068 - Processing project 1949181 - northwestel...
INFO: 2026-03-16 13:04:11,068 - Getting records for Mailmerge...
INFO: 2026-03-16 13:04:11,202 - Got 0 records!
INFO: 2026-03-16 13:04:11,234 - Processing project 2003711 - tra_sydney...
INFO: 2026-03-16 13:04:11,234 - Getting records for Mailmerge...
INFO: 2026-03-16 13:04:23,561 - Got 0 records!
INFO: 2026-03-16 13:04:23,575 - Processing project 2002111 - hlm_prison_research...
INFO: 2026-03-16 13:04:23,575 - Getting records for Mailmerge...
INFO: 2026-03-16 13:04:23,601 - Got 0 records!
INFO: 2026-03-16 13:04:23,637 - Processing project 2009991 - glassview_it...
INFO: 2026-03-16 13:04:23,637 - Getting records for Mailmerge...
INFO: 2026-03-16 13:04:27,205 - Got 0 records!
INFO: 2026-03-16 13:04:27,267 - Processing project 1994141 - luminare_health...
INFO: 2026-03-16 13:04:27,267 - Getting records for Mailmerge...
INFO: 2026-03-16 13:04:29,072 - Got 0 records!
INFO: 2026-03-16 13:04:29,093 - Processing project 1432181 - reputation_leaders_csuite...
INFO: 2026-03-16 13:04:29,093 - Getting records for Mailmerge...
INFO: 2026-03-16 13:04:31,876 - Got 0 records!
INFO: 2026-03-16 13:04:31,887 - Processing project 1993971 - intralink_realtors_ny_nj...
INFO: 2026-03-16 13:04:31,887 - Getting records for Mailmerge...
INFO: 2026-03-16 13:04:31,895 - Got 21 records!
INFO: 2026-03-16 13:04:32,152 - Processing project 1993973 - intralink_realtors_florida_melissa...
INFO: 2026-03-16 13:04:32,152 - Getting records for Mailmerge...
INFO: 2026-03-16 13:04:34,567 - Got 18 records!
INFO: 2026-03-16 13:04:34,785 - Processing project 1993974 - intralink_realtors_california...
INFO: 2026-03-16 13:04:34,785 - Getting records for Mailmerge...
INFO: 2026-03-16 13:04:37,115 - Got 15 records!
INFO: 2026-03-16 13:04:38,782 - Processing project 1150717 - red_associates_cancer_spain_referrals...
INFO: 2026-03-16 13:04:38,782 - Getting records for Mailmerge...
INFO: 2026-03-16 13:04:53,594 - Got 8 records!
INFO: 2026-03-16 13:04:54,953 - Processing project 1150716 - red_associates_cancer_canada_referrals...
INFO: 2026-03-16 13:04:54,953 - Getting records for Mailmerge...
INFO: 2026-03-16 13:05:11,192 - Got 9 records!

INFO: 2026-03-16 13:06:51,145 - STARTING LOOP
INFO: 2026-03-16 13:06:51,145 - Getting blasts quota...
INFO: 2026-03-16 13:06:51,150 - DONE!
INFO: 2026-03-16 13:06:51,797 - Processing project 1993745 - hcr_usa_re_blast_nyc...
INFO: 2026-03-16 13:06:51,797 - Getting records for Mailmerge...
INFO: 2026-03-16 13:06:51,850 - Got 47 records!
INFO: 2026-03-16 13:06:55,781 - Processing project 1993746 - hcr_usa_re_blast_west...
INFO: 2026-03-16 13:06:55,781 - Getting records for Mailmerge...
INFO: 2026-03-16 13:06:56,051 - Got 44 records!
INFO: 2026-03-16 13:06:56,371 - Processing project 2010271 - vidlet_spain...
INFO: 2026-03-16 13:06:56,371 - Getting records for Mailmerge...
INFO: 2026-03-16 13:07:15,676 - Got 33 records!
INFO: 2026-03-16 13:07:15,720 - Processing project 1949181 - northwestel...
INFO: 2026-03-16 13:07:15,720 - Getting records for Mailmerge...
INFO: 2026-03-16 13:07:15,852 - Got 0 records!
INFO: 2026-03-16 13:07:15,883 - Processing project 2003711 - tra_sydney...
INFO: 2026-03-16 13:07:15,883 - Getting records for Mailmerge...
INFO: 2026-03-16 13:07:27,799 - Got 0 records!
INFO: 2026-03-16 13:07:27,812 - Processing project 2002111 - hlm_prison_research...
INFO: 2026-03-16 13:07:27,812 - Getting records for Mailmerge...
INFO: 2026-03-16 13:07:27,838 - Got 0 records!
INFO: 2026-03-16 13:07:27,873 - Processing project 2009991 - glassview_it...
INFO: 2026-03-16 13:07:27,873 - Getting records for Mailmerge...
INFO: 2026-03-16 13:07:31,407 - Got 0 records!
INFO: 2026-03-16 13:07:31,477 - Processing project 1994141 - luminare_health...
INFO: 2026-03-16 13:07:31,478 - Getting records for Mailmerge...
INFO: 2026-03-16 13:07:33,280 - Got 0 records!
INFO: 2026-03-16 13:07:33,303 - Processing project 1432181 - reputation_leaders_csuite...
INFO: 2026-03-16 13:07:33,303 - Getting records for Mailmerge...
INFO: 2026-03-16 13:07:35,793 - Got 0 records!
INFO: 2026-03-16 13:07:35,803 - Processing project 1993971 - intralink_realtors_ny_nj...
INFO: 2026-03-16 13:07:35,803 - Getting records for Mailmerge...
INFO: 2026-03-16 13:07:35,811 - Got 21 records!
INFO: 2026-03-16 13:07:36,041 - Processing project 1993973 - intralink_realtors_florida_melissa...
INFO: 2026-03-16 13:07:36,041 - Getting records for Mailmerge...
INFO: 2026-03-16 13:07:38,435 - Got 18 records!
INFO: 2026-03-16 13:07:38,653 - Processing project 1993974 - intralink_realtors_california...
INFO: 2026-03-16 13:07:38,653 - Getting records for Mailmerge...
INFO: 2026-03-16 13:07:40,995 - Got 15 records!
INFO: 2026-03-16 13:07:42,759 - Processing project 1150717 - red_associates_cancer_spain_referrals...
INFO: 2026-03-16 13:07:42,759 - Getting records for Mailmerge...
INFO: 2026-03-16 13:07:59,956 - Got 8 records!
INFO: 2026-03-16 13:08:01,353 - Processing project 1150716 - red_associates_cancer_canada_referrals...
INFO: 2026-03-16 13:08:01,353 - Getting records for Mailmerge...
INFO: 2026-03-16 13:08:18,569 - Got 9 records!
INFO: 2026-03-16 13:08:18,642 - Processing project 2010272 - vidlet_japan...
INFO: 2026-03-16 13:08:18,642 - Getting records for Mailmerge...
INFO: 2026-03-16 13:08:18,894 - Got 3 records!
INFO: 2026-03-16 13:08:18,895 - FINISHED LOOP

INFO: 2026-03-16 13:08:18,902 - STARTING LOOP
INFO: 2026-03-16 13:08:18,903 - Sending out mailerge list...
INFO: 2026-03-16 13:15:18,350 - DONE!
INFO: 2026-03-16 13:15:18,352 - FINISHED LOOP

INFO: 2026-03-16 13:30:08,734 - STARTING LOOP
INFO: 2026-03-16 13:30:08,734 - Getting blasts quota...
INFO: 2026-03-16 13:30:08,743 - DONE!
INFO: 2026-03-16 13:30:10,046 - Processing project 1993745 - hcr_usa_re_blast_nyc...
INFO: 2026-03-16 13:30:10,047 - Getting records for Mailmerge...
INFO: 2026-03-16 13:30:10,048 - Got 0 records!
INFO: 2026-03-16 13:30:18,198 - Processing project 1993746 - hcr_usa_re_blast_west...
INFO: 2026-03-16 13:30:18,199 - Getting records for Mailmerge...
INFO: 2026-03-16 13:30:18,201 - Got 0 records!
INFO: 2026-03-16 13:30:18,802 - Processing project 2010271 - vidlet_spain...
INFO: 2026-03-16 13:30:18,802 - Getting records for Mailmerge...
INFO: 2026-03-16 13:30:51,363 - Got 24 records!
INFO: 2026-03-16 13:30:51,547 - Processing project 1949181 - northwestel...
INFO: 2026-03-16 13:30:51,547 - Getting records for Mailmerge...
INFO: 2026-03-16 13:30:52,230 - Got 0 records!
INFO: 2026-03-16 13:30:52,423 - Processing project 2003711 - tra_sydney...
INFO: 2026-03-16 13:30:52,424 - Getting records for Mailmerge...
INFO: 2026-03-16 13:31:12,253 - Got 0 records!
INFO: 2026-03-16 13:31:12,395 - Processing project 2002111 - hlm_prison_research...
INFO: 2026-03-16 13:31:12,395 - Getting records for Mailmerge...
INFO: 2026-03-16 13:31:12,447 - Got 0 records!
INFO: 2026-03-16 13:31:12,548 - Processing project 2009991 - glassview_it...
INFO: 2026-03-16 13:31:12,548 - Getting records for Mailmerge...
INFO: 2026-03-16 13:31:17,186 - Got 0 records!
INFO: 2026-03-16 13:31:17,319 - Processing project 1994141 - luminare_health...
INFO: 2026-03-16 13:31:17,319 - Getting records for Mailmerge...
INFO: 2026-03-16 13:31:19,583 - Got 0 records!
INFO: 2026-03-16 13:31:19,632 - Processing project 1432181 - reputation_leaders_csuite...
INFO: 2026-03-16 13:31:19,632 - Getting records for Mailmerge...
INFO: 2026-03-16 13:31:23,023 - Got 0 records!
INFO: 2026-03-16 13:31:23,047 - Processing project 1993971 - intralink_realtors_ny_nj...
INFO: 2026-03-16 13:31:23,047 - Getting records for Mailmerge...
INFO: 2026-03-16 13:31:23,060 - Got 21 records!
INFO: 2026-03-16 13:31:23,439 - Processing project 1993973 - intralink_realtors_florida_melissa...
INFO: 2026-03-16 13:31:23,439 - Getting records for Mailmerge...
INFO: 2026-03-16 13:31:26,575 - Got 18 records!
INFO: 2026-03-16 13:31:26,973 - Processing project 1993974 - intralink_realtors_california...
INFO: 2026-03-16 13:31:26,973 - Getting records for Mailmerge...
INFO: 2026-03-16 13:31:27,113 - Got 15 records!
INFO: 2026-03-16 13:31:29,373 - Processing project 1150717 - red_associates_cancer_spain_referrals...
INFO: 2026-03-16 13:31:29,373 - Getting records for Mailmerge...
INFO: 2026-03-16 13:31:52,353 - Got 8 records!
INFO: 2026-03-16 13:31:54,421 - Processing project 1150716 - red_associates_cancer_canada_referrals...
INFO: 2026-03-16 13:31:54,422 - Getting records for Mailmerge...
INFO: 2026-03-16 13:32:17,322 - Got 9 records!
INFO: 2026-03-16 13:32:17,480 - Processing project 2010272 - vidlet_japan...
INFO: 2026-03-16 13:32:17,481 - Getting records for Mailmerge...
INFO: 2026-03-16 13:32:17,802 - Got 3 records!
INFO: 2026-03-16 13:32:17,802 - FINISHED LOOP

INFO: 2026-03-16 13:32:17,822 - STARTING LOOP
INFO: 2026-03-16 13:32:17,823 - Sending out mailerge list...
INFO: 2026-03-16 13:39:15,647 - DONE!
INFO: 2026-03-16 13:39:15,650 - FINISHED LOOP


email sent to acorti@justor.com
1 sent emails in total

email sent to flago@iberconsa.es
2 sent emails in total

email sent to fitness4lyfe@gmail.com
3 sent emails in total

email sent to 26377ogr@comb.cat
4 sent emails in total

email sent to javieridd@yahoo.es
5 sent emails in total

email sent to gloria.carreras@volotea.com
6 sent emails in total

email sent to luisr@federopticos.com
7 sent emails in total

email sent to yolanda.cotelo@udc.es
8 sent emails in total

email sent to a.camps@ub.edu
9 sent emails in total

email sent to miguel_barahona@yahoo.com
10 sent emails in total

email sent to andrea.pilutti+sis@me.com
11 sent emails in total

email sent to j.dragone@yahoo.com.ar
12 sent emails in total

email sent to pablo.garcia.velasco@gmail.com
13 sent emails in total

email sent to paco_anton@yahoo.com
14 sent emails in total

email sent to anton.gorostiaga@eurecat.org
15 sent emails in total

email sent to jberterreche@yahoo.es
16 sent emails in total

email sent to antoniojesus.orpez@gmail.com
17 sent emails in total

email sent to lucia.fernandez@libertyseguros.es
18 sent emails in total

email sent to nadia.garrido@icloud.com
19 sent emails in total

email sent to abravobiosca@gmail.com
20 sent emails in total

email sent to missusoa@yahoo.co.uk
21 sent emails in total

email sent to jomesan15@gmail.com
22 sent emails in total

email sent to adaptext@gmail.com
23 sent emails in total

email sent to noelia.morales.n@gmail.com
24 sent emails in total

email sent to cnorton@kw.com
25 sent emails in total

email sent to jasmin@njelitegroup.com
26 sent emails in total

email sent to bjames@kw.com
27 sent emails in total

email sent to holly@century21.com
28 sent emails in total

email sent to sharon@kw.com
29 sent emails in total

email sent to laurenc@kw.com
30 sent emails in total

email sent to jessica@coldwellbanker.com
31 sent emails in total

email sent to abby@weichert.com
32 sent emails in total

email sent to nshahzadi@weichert.com
33 sent emails in total

email sent to sferraro@goldstonerealty.com
34 sent emails in total

email sent to kj@kw.com
35 sent emails in total

email sent to dburgos@fathomrealty.com
36 sent emails in total

email sent to jcarbajal@christiesrennj.com
37 sent emails in total

email sent to tlucyk@christiesrennj.com
38 sent emails in total

email sent to brendan@kw.com
39 sent emails in total

email sent to j_hernandez@kw.com
40 sent emails in total

email sent to jsouthren@weichert.com
41 sent emails in total

email sent to jm@weichert.com
42 sent emails in total

email sent to hollyk@weichert.com
43 sent emails in total

email sent to robert.s@kw.com
44 sent emails in total

email sent to mhauck@weichertcommercial.com
45 sent emails in total

email sent to nataliesky01@gmail.com
46 sent emails in total

email sent to michelleg0305@gmail.com
47 sent emails in total

email sent to missquey@gmail.com
48 sent emails in total

email sent to katrina.masterson@gmail.com
49 sent emails in total

email sent to vladsky2@gmail.com
50 sent emails in total

email sent to fcd345678@gmail.com
51 sent emails in total

email sent to akacper@gmail.com
52 sent emails in total

email sent to jillellenmo@gmail.com
53 sent emails in total

email sent to heather.meissner@gmail.com
54 sent emails in total

email sent to larrybankslbta@gmail.com
55 sent emails in total

email sent to ijevivian@gmail.com
56 sent emails in total

email sent to haithedward@gmail.com
57 sent emails in total

email sent to shafab24@gmail.com
58 sent emails in total

email sent to mollymcaldwell@gmail.com
59 sent emails in total

email sent to mjhazan@gmail.com
60 sent emails in total

email sent to rileymorgan725@gmail.com
61 sent emails in total

email sent to etgesq@gmail.com
62 sent emails in total

email sent to gellererica@gmail.com
63 sent emails in total

email sent to vladsky2@gmail.com
64 sent emails in total

email sent to fcd345678@gmail.com
65 sent emails in total

email sent to akacper@gmail.com
66 sent emails in total

email sent to jillellenmo@gmail.com
67 sent emails in total

email sent to heather.meissner@gmail.com
68 sent emails in total

email sent to bentleysmirnoff@gmail.com
69 sent emails in total

email sent to ijevivian@gmail.com
70 sent emails in total

email sent to mollymcaldwell@gmail.com
71 sent emails in total

email sent to etgesq@gmail.com
72 sent emails in total

email sent to gellererica@gmail.com
73 sent emails in total

email sent to jcrnatural@gmail.com
74 sent emails in total

email sent to scott.hefler@gmail.com
75 sent emails in total

email sent to kristoffblackmanny@gmail.com
76 sent emails in total

email sent to edwardmcisneros@gmail.com
77 sent emails in total

email sent to svgreen761@gmail.com
78 sent emails in total

email sent to a.villalba.g@gmail.com
79 sent emails in total

email sent to fitness4lyfe@gmail.com
80 sent emails in total

email sent to pablo.garcia.velasco@gmail.com
81 sent emails in total

email sent to antoniojesus.orpez@gmail.com
82 sent emails in total

email sent to abravobiosca@gmail.com
83 sent emails in total

email sent to jomesan15@gmail.com
84 sent emails in total

email sent to adaptext@gmail.com
85 sent emails in total

email sent to noelia.morales.n@gmail.com
86 sent emails in total

email sent to aibraimoski@gmail.com
87 sent emails in total

email sent to smsmd475@gmail.com
88 sent emails in total

email sent to davidrowewood@gmail.com
89 sent emails in total

email sent to quying1998@gmail.com
90 sent emails in total

email sent to stuartbennett88@gmail.com
91 sent emails in total

email sent to dougldrysdale@gmail.com
92 sent emails in total

email sent to andersonsfs@gmail.com
93 sent emails in total

email sent to arash.rashkbar@gmail.com
94 sent emails in total

email sent to kasvai.sarah@gmail.com
95 sent emails in total

email sent to nharuto@oita-u.ac.jp
96 sent emails in total

email sent to purdie@astrisadvisory.com
97 sent emails in total

email sent to 2dstylo@gmail.com
98 sent emails in total
INFO: 2026-03-16 14:00:10,787 - STARTING LOOP
INFO: 2026-03-16 14:00:10,788 - Getting blasts quota...
INFO: 2026-03-16 14:00:10,812 - DONE!
INFO: 2026-03-16 14:00:12,271 - Processing project 1993745 - hcr_usa_re_blast_nyc...
INFO: 2026-03-16 14:00:12,271 - Getting records for Mailmerge...
INFO: 2026-03-16 14:00:12,273 - Got 0 records!
INFO: 2026-03-16 14:00:20,320 - Processing project 1993746 - hcr_usa_re_blast_west...
INFO: 2026-03-16 14:00:20,321 - Getting records for Mailmerge...
INFO: 2026-03-16 14:00:20,323 - Got 0 records!
INFO: 2026-03-16 14:00:20,910 - Processing project 2010271 - vidlet_spain...
INFO: 2026-03-16 14:00:20,910 - Getting records for Mailmerge...
INFO: 2026-03-16 14:00:50,345 - Got 0 records!
INFO: 2026-03-16 14:00:50,455 - Processing project 1949181 - northwestel...
INFO: 2026-03-16 14:00:50,455 - Getting records for Mailmerge...
INFO: 2026-03-16 14:00:50,677 - Got 0 records!
INFO: 2026-03-16 14:00:50,740 - Processing project 2003711 - tra_sydney...
INFO: 2026-03-16 14:00:50,741 - Getting records for Mailmerge...
INFO: 2026-03-16 14:01:08,217 - Got 0 records!
INFO: 2026-03-16 14:01:08,267 - Processing project 2002111 - hlm_prison_research...
INFO: 2026-03-16 14:01:08,267 - Getting records for Mailmerge...
INFO: 2026-03-16 14:01:08,304 - Got 0 records!
INFO: 2026-03-16 14:01:08,360 - Processing project 2009991 - glassview_it...
INFO: 2026-03-16 14:01:08,361 - Getting records for Mailmerge...
INFO: 2026-03-16 14:01:12,926 - Got 0 records!
INFO: 2026-03-16 14:01:13,030 - Processing project 1994141 - luminare_health...
INFO: 2026-03-16 14:01:13,030 - Getting records for Mailmerge...
INFO: 2026-03-16 14:01:16,296 - Got 0 records!
INFO: 2026-03-16 14:01:16,335 - Processing project 1432181 - reputation_leaders_csuite...
INFO: 2026-03-16 14:01:16,335 - Getting records for Mailmerge...
INFO: 2026-03-16 14:01:19,951 - Got 0 records!
INFO: 2026-03-16 14:01:19,979 - Processing project 1993971 - intralink_realtors_ny_nj...
INFO: 2026-03-16 14:01:19,979 - Getting records for Mailmerge...
INFO: 2026-03-16 14:01:19,984 - Got 0 records!
INFO: 2026-03-16 14:01:20,344 - Processing project 1993973 - intralink_realtors_florida_melissa...
INFO: 2026-03-16 14:01:20,344 - Getting records for Mailmerge...
INFO: 2026-03-16 14:01:20,346 - Got 0 records!
INFO: 2026-03-16 14:01:20,791 - Processing project 1993974 - intralink_realtors_california...
INFO: 2026-03-16 14:01:20,791 - Getting records for Mailmerge...
INFO: 2026-03-16 14:01:20,792 - Got 0 records!
INFO: 2026-03-16 14:01:23,015 - Processing project 1150717 - red_associates_cancer_spain_referrals...
INFO: 2026-03-16 14:01:23,015 - Getting records for Mailmerge...
INFO: 2026-03-16 14:01:48,202 - Got 0 records!
INFO: 2026-03-16 14:01:50,549 - Processing project 1150716 - red_associates_cancer_canada_referrals...
INFO: 2026-03-16 14:01:50,549 - Getting records for Mailmerge...
INFO: 2026-03-16 14:01:50,551 - Got 0 records!
INFO: 2026-03-16 14:01:50,678 - Processing project 2010272 - vidlet_japan...
INFO: 2026-03-16 14:01:50,678 - Getting records for Mailmerge...
INFO: 2026-03-16 14:01:50,680 - Got 0 records!
INFO: 2026-03-16 14:01:50,680 - FINISHED LOOP

INFO: 2026-03-16 14:01:50,681 - STARTING LOOP
INFO: 2026-03-16 14:01:50,683 - there's no mailmerge list. Skipping for now...
INFO: 2026-03-16 14:01:50,683 - FINISHED LOOP

INFO: 2026-03-16 14:30:15,362 - STARTING LOOP
INFO: 2026-03-16 14:30:15,363 - Getting blasts quota...
INFO: 2026-03-16 14:30:15,376 - DONE!
INFO: 2026-03-16 14:30:17,530 - Processing project 1993745 - hcr_usa_re_blast_nyc...
INFO: 2026-03-16 14:30:17,553 - Getting records for Mailmerge...
INFO: 2026-03-16 14:30:17,555 - Got 0 records!
INFO: 2026-03-16 14:30:31,616 - Processing project 1993746 - hcr_usa_re_blast_west...
INFO: 2026-03-16 14:30:31,621 - Getting records for Mailmerge...
INFO: 2026-03-16 14:30:31,622 - Got 0 records!
INFO: 2026-03-16 14:30:32,309 - Processing project 2010271 - vidlet_spain...
INFO: 2026-03-16 14:30:32,309 - Getting records for Mailmerge...
INFO: 2026-03-16 14:31:22,991 - Got 0 records!
INFO: 2026-03-16 14:31:23,187 - Processing project 1949181 - northwestel...
INFO: 2026-03-16 14:31:23,187 - Getting records for Mailmerge...
INFO: 2026-03-16 14:31:23,416 - Got 0 records!
INFO: 2026-03-16 14:31:23,574 - Processing project 2003711 - tra_sydney...
INFO: 2026-03-16 14:31:23,574 - Getting records for Mailmerge...
INFO: 2026-03-16 14:31:43,122 - Got 0 records!
INFO: 2026-03-16 14:31:43,163 - Processing project 2002111 - hlm_prison_research...
INFO: 2026-03-16 14:31:43,163 - Getting records for Mailmerge...
INFO: 2026-03-16 14:31:43,268 - Got 0 records!
INFO: 2026-03-16 14:31:43,356 - Processing project 2009991 - glassview_it...
INFO: 2026-03-16 14:31:43,357 - Getting records for Mailmerge...
INFO: 2026-03-16 14:31:48,272 - Got 0 records!
INFO: 2026-03-16 14:31:48,381 - Processing project 1994141 - luminare_health...
INFO: 2026-03-16 14:31:48,381 - Getting records for Mailmerge...
INFO: 2026-03-16 14:31:51,259 - Got 0 records!
INFO: 2026-03-16 14:31:51,340 - Processing project 1432181 - reputation_leaders_csuite...
INFO: 2026-03-16 14:31:51,340 - Getting records for Mailmerge...
INFO: 2026-03-16 14:31:55,510 - Got 0 records!
INFO: 2026-03-16 14:31:55,539 - Processing project 1993971 - intralink_realtors_ny_nj...
INFO: 2026-03-16 14:31:55,540 - Getting records for Mailmerge...
INFO: 2026-03-16 14:31:55,541 - Got 0 records!
INFO: 2026-03-16 14:31:56,691 - Processing project 1993973 - intralink_realtors_florida_melissa...
INFO: 2026-03-16 14:31:56,692 - Getting records for Mailmerge...
INFO: 2026-03-16 14:31:56,694 - Got 0 records!
INFO: 2026-03-16 14:31:57,365 - Processing project 1993974 - intralink_realtors_california...
INFO: 2026-03-16 14:31:57,366 - Getting records for Mailmerge...
INFO: 2026-03-16 14:31:57,369 - Got 0 records!
INFO: 2026-03-16 14:32:00,109 - Processing project 1150717 - red_associates_cancer_spain_referrals...
INFO: 2026-03-16 14:32:00,110 - Getting records for Mailmerge...
INFO: 2026-03-16 14:32:30,952 - Got 0 records!
INFO: 2026-03-16 14:32:35,446 - Processing project 1150716 - red_associates_cancer_canada_referrals...
INFO: 2026-03-16 14:32:35,447 - Getting records for Mailmerge...
INFO: 2026-03-16 14:32:35,451 - Got 0 records!
INFO: 2026-03-16 14:32:35,670 - Processing project 2010272 - vidlet_japan...
INFO: 2026-03-16 14:32:35,671 - Getting records for Mailmerge...
INFO: 2026-03-16 14:32:35,674 - Got 0 records!
INFO: 2026-03-16 14:32:35,873 - Processing project 1995971 - Vanguardcharitable...
INFO: 2026-03-16 14:32:35,873 - Getting records for Mailmerge...
INFO: 2026-03-16 14:32:49,340 - Got 20 records!
INFO: 2026-03-16 14:32:49,341 - FINISHED LOOP

INFO: 2026-03-16 14:32:49,348 - STARTING LOOP
INFO: 2026-03-16 14:32:49,349 - Sending out mailerge list...
INFO: 2026-03-16 14:34:25,500 - DONE!
INFO: 2026-03-16 14:34:25,509 - FINISHED LOOP


email sent to mark.theriault@truist.com
1 sent emails in total

email sent to gishi.pookkottil@invesco.com
2 sent emails in total

email sent to david.belotte@thrivent.com
3 sent emails in total

email sent to katina.arthur@truist.com
4 sent emails in total

email sent to matthew.wood@ml.com
5 sent emails in total

email sent to jeremy.howard@invesco.com
6 sent emails in total

email sent to mike.capone@qlik.com
7 sent emails in total

email sent to robert@compass.com
8 sent emails in total

email sent to jill.palmer@jfwmail.com
9 sent emails in total

email sent to vishal_govil@americancentury.com
10 sent emails in total

email sent to irene.weisman@compass.com
11 sent emails in total

email sent to christian.riedel@ki.se
12 sent emails in total

email sent to peder.olofsson@ki.se
13 sent emails in total

email sent to bcraiglow@merkleinc.com
14 sent emails in total

email sent to mwoodley@temenos.com
15 sent emails in total

email sent to jchenowith@merkleinc.com
16 sent emails in total

email sent to jsoloway@merkleinc.com
17 sent emails in total

email sent to brett.madison@acxiom.com
18 sent emails in total

email sent to akooluris@merkleinc.com
19 sent emails in total

email sent to pkinkead@merkleinc.com
20 sent emails in total
INFO: 2026-03-16 15:00:08,609 - STARTING LOOP
INFO: 2026-03-16 15:00:08,609 - Getting blasts quota...
INFO: 2026-03-16 15:00:08,632 - DONE!
INFO: 2026-03-16 15:00:09,945 - Processing project 1993745 - hcr_usa_re_blast_nyc...
INFO: 2026-03-16 15:00:09,945 - Getting records for Mailmerge...
INFO: 2026-03-16 15:00:09,946 - Got 0 records!
INFO: 2026-03-16 15:00:18,839 - Processing project 1993746 - hcr_usa_re_blast_west...
INFO: 2026-03-16 15:00:18,840 - Getting records for Mailmerge...
INFO: 2026-03-16 15:00:18,841 - Got 0 records!
INFO: 2026-03-16 15:00:19,785 - Processing project 2010271 - vidlet_spain...
INFO: 2026-03-16 15:00:19,786 - Getting records for Mailmerge...
INFO: 2026-03-16 15:00:59,656 - Got 0 records!
INFO: 2026-03-16 15:00:59,891 - Processing project 1949181 - northwestel...
INFO: 2026-03-16 15:00:59,892 - Getting records for Mailmerge...
INFO: 2026-03-16 15:01:00,213 - Got 0 records!
INFO: 2026-03-16 15:01:00,447 - Processing project 2003711 - tra_sydney...
INFO: 2026-03-16 15:01:00,447 - Getting records for Mailmerge...
INFO: 2026-03-16 15:01:19,159 - Got 0 records!
INFO: 2026-03-16 15:01:19,208 - Processing project 2002111 - hlm_prison_research...
INFO: 2026-03-16 15:01:19,208 - Getting records for Mailmerge...
INFO: 2026-03-16 15:01:19,258 - Got 0 records!
INFO: 2026-03-16 15:01:19,322 - Processing project 2009991 - glassview_it...
INFO: 2026-03-16 15:01:19,322 - Getting records for Mailmerge...
INFO: 2026-03-16 15:01:24,684 - Got 0 records!
INFO: 2026-03-16 15:01:24,810 - Processing project 1994141 - luminare_health...
INFO: 2026-03-16 15:01:24,810 - Getting records for Mailmerge...
INFO: 2026-03-16 15:01:28,290 - Got 0 records!
INFO: 2026-03-16 15:01:28,362 - Processing project 1432181 - reputation_leaders_csuite...
INFO: 2026-03-16 15:01:28,362 - Getting records for Mailmerge...
INFO: 2026-03-16 15:01:32,920 - Got 0 records!
INFO: 2026-03-16 15:01:32,958 - Processing project 1993971 - intralink_realtors_ny_nj...
INFO: 2026-03-16 15:01:32,958 - Getting records for Mailmerge...
INFO: 2026-03-16 15:01:32,960 - Got 0 records!
INFO: 2026-03-16 15:01:34,234 - Processing project 1993973 - intralink_realtors_florida_melissa...
INFO: 2026-03-16 15:01:34,234 - Getting records for Mailmerge...
INFO: 2026-03-16 15:01:34,236 - Got 0 records!
INFO: 2026-03-16 15:01:34,733 - Processing project 1993974 - intralink_realtors_california...
INFO: 2026-03-16 15:01:34,733 - Getting records for Mailmerge...
INFO: 2026-03-16 15:01:34,734 - Got 0 records!
INFO: 2026-03-16 15:01:36,895 - Processing project 1150717 - red_associates_cancer_spain_referrals...
INFO: 2026-03-16 15:01:36,895 - Getting records for Mailmerge...
INFO: 2026-03-16 15:02:03,396 - Got 0 records!
INFO: 2026-03-16 15:02:06,301 - Processing project 1150716 - red_associates_cancer_canada_referrals...
INFO: 2026-03-16 15:02:06,302 - Getting records for Mailmerge...
INFO: 2026-03-16 15:02:06,305 - Got 0 records!
INFO: 2026-03-16 15:02:06,429 - Processing project 2010272 - vidlet_japan...
INFO: 2026-03-16 15:02:06,430 - Getting records for Mailmerge...
INFO: 2026-03-16 15:02:06,432 - Got 0 records!
INFO: 2026-03-16 15:02:06,549 - Processing project 1995971 - Vanguardcharitable...
INFO: 2026-03-16 15:02:06,549 - Getting records for Mailmerge...
INFO: 2026-03-16 15:02:06,551 - Got 0 records!
INFO: 2026-03-16 15:02:06,552 - FINISHED LOOP

INFO: 2026-03-16 15:02:06,552 - STARTING LOOP
INFO: 2026-03-16 15:02:06,553 - there's no mailmerge list. Skipping for now...
INFO: 2026-03-16 15:02:06,553 - FINISHED LOOP

INFO: 2026-03-16 15:30:15,756 - STARTING LOOP
INFO: 2026-03-16 15:30:15,756 - Getting blasts quota...
INFO: 2026-03-16 15:30:15,769 - DONE!
INFO: 2026-03-16 15:30:18,014 - Processing project 1993745 - hcr_usa_re_blast_nyc...
INFO: 2026-03-16 15:30:18,015 - Getting records for Mailmerge...
INFO: 2026-03-16 15:30:18,016 - Got 0 records!
INFO: 2026-03-16 15:30:31,173 - Processing project 1993746 - hcr_usa_re_blast_west...
INFO: 2026-03-16 15:30:31,215 - Getting records for Mailmerge...
INFO: 2026-03-16 15:30:31,218 - Got 0 records!
INFO: 2026-03-16 15:30:31,973 - Processing project 2010271 - vidlet_spain...
INFO: 2026-03-16 15:30:31,973 - Getting records for Mailmerge...
INFO: 2026-03-16 15:31:38,086 - Got 0 records!
INFO: 2026-03-16 15:31:39,098 - Processing project 1949181 - northwestel...
INFO: 2026-03-16 15:31:39,098 - Getting records for Mailmerge...
INFO: 2026-03-16 15:31:39,440 - Got 0 records!
INFO: 2026-03-16 15:31:39,740 - Processing project 2003711 - tra_sydney...
INFO: 2026-03-16 15:31:39,740 - Getting records for Mailmerge...
INFO: 2026-03-16 15:32:02,750 - Got 0 records!
INFO: 2026-03-16 15:32:02,909 - Processing project 2002111 - hlm_prison_research...
INFO: 2026-03-16 15:32:02,909 - Getting records for Mailmerge...
INFO: 2026-03-16 15:32:02,969 - Got 0 records!
INFO: 2026-03-16 15:32:03,084 - Processing project 2009991 - glassview_it...
INFO: 2026-03-16 15:32:03,084 - Getting records for Mailmerge...
INFO: 2026-03-16 15:32:08,355 - Got 0 records!
INFO: 2026-03-16 15:32:08,510 - Processing project 1994141 - luminare_health...
INFO: 2026-03-16 15:32:08,512 - Getting records for Mailmerge...
INFO: 2026-03-16 15:32:11,310 - Got 0 records!
INFO: 2026-03-16 15:32:11,365 - Processing project 1432181 - reputation_leaders_csuite...
INFO: 2026-03-16 15:32:11,365 - Getting records for Mailmerge...
INFO: 2026-03-16 15:32:16,785 - Got 0 records!
INFO: 2026-03-16 15:32:16,822 - Processing project 1993971 - intralink_realtors_ny_nj...
INFO: 2026-03-16 15:32:16,823 - Getting records for Mailmerge...
INFO: 2026-03-16 15:32:16,824 - Got 0 records!
INFO: 2026-03-16 15:32:17,424 - Processing project 1993973 - intralink_realtors_florida_melissa...
INFO: 2026-03-16 15:32:17,424 - Getting records for Mailmerge...
INFO: 2026-03-16 15:32:17,427 - Got 0 records!
INFO: 2026-03-16 15:32:17,905 - Processing project 1993974 - intralink_realtors_california...
INFO: 2026-03-16 15:32:17,905 - Getting records for Mailmerge...
INFO: 2026-03-16 15:32:17,907 - Got 0 records!
INFO: 2026-03-16 15:32:20,408 - Processing project 1150717 - red_associates_cancer_spain_referrals...
INFO: 2026-03-16 15:32:20,408 - Getting records for Mailmerge...
INFO: 2026-03-16 15:32:47,105 - Got 0 records!
INFO: 2026-03-16 15:32:50,724 - Processing project 1150716 - red_associates_cancer_canada_referrals...
INFO: 2026-03-16 15:32:50,725 - Getting records for Mailmerge...
INFO: 2026-03-16 15:32:50,726 - Got 0 records!
INFO: 2026-03-16 15:32:50,928 - Processing project 2010272 - vidlet_japan...
INFO: 2026-03-16 15:32:50,928 - Getting records for Mailmerge...
INFO: 2026-03-16 15:32:50,930 - Got 0 records!
INFO: 2026-03-16 15:32:51,091 - Processing project 1995971 - Vanguardcharitable...
INFO: 2026-03-16 15:32:51,091 - Getting records for Mailmerge...
INFO: 2026-03-16 15:32:51,093 - Got 0 records!
INFO: 2026-03-16 15:32:51,093 - FINISHED LOOP

INFO: 2026-03-16 15:32:51,095 - STARTING LOOP
INFO: 2026-03-16 15:32:51,099 - there's no mailmerge list. Skipping for now...
INFO: 2026-03-16 15:32:51,099 - FINISHED LOOP

INFO: 2026-03-16 16:00:13,559 - STARTING LOOP
INFO: 2026-03-16 16:00:13,560 - Getting blasts quota...
INFO: 2026-03-16 16:00:13,569 - DONE!
INFO: 2026-03-16 16:00:15,936 - Processing project 1993745 - hcr_usa_re_blast_nyc...
INFO: 2026-03-16 16:00:15,937 - Getting records for Mailmerge...
INFO: 2026-03-16 16:00:15,939 - Got 0 records!
INFO: 2026-03-16 16:00:49,787 - Processing project 1993746 - hcr_usa_re_blast_west...
INFO: 2026-03-16 16:00:49,792 - Getting records for Mailmerge...
INFO: 2026-03-16 16:00:49,795 - Got 0 records!
INFO: 2026-03-16 16:00:50,390 - Processing project 2010271 - vidlet_spain...
INFO: 2026-03-16 16:00:50,390 - Getting records for Mailmerge...
INFO: 2026-03-16 16:01:36,861 - Got 0 records!
INFO: 2026-03-16 16:01:37,121 - Processing project 1949181 - northwestel...
INFO: 2026-03-16 16:01:37,121 - Getting records for Mailmerge...
INFO: 2026-03-16 16:01:37,384 - Got 0 records!
INFO: 2026-03-16 16:01:37,569 - Processing project 2003711 - tra_sydney...
INFO: 2026-03-16 16:01:37,569 - Getting records for Mailmerge...
INFO: 2026-03-16 16:01:54,716 - Got 0 records!
INFO: 2026-03-16 16:01:54,767 - Processing project 2002111 - hlm_prison_research...
INFO: 2026-03-16 16:01:54,767 - Getting records for Mailmerge...
INFO: 2026-03-16 16:01:54,822 - Got 0 records!
INFO: 2026-03-16 16:01:54,905 - Processing project 2009991 - glassview_it...
INFO: 2026-03-16 16:01:54,905 - Getting records for Mailmerge...
INFO: 2026-03-16 16:02:01,326 - Got 0 records!
INFO: 2026-03-16 16:02:01,435 - Processing project 1994141 - luminare_health...
INFO: 2026-03-16 16:02:01,435 - Getting records for Mailmerge...
INFO: 2026-03-16 16:02:04,344 - Got 0 records!
INFO: 2026-03-16 16:02:04,448 - Processing project 1432181 - reputation_leaders_csuite...
INFO: 2026-03-16 16:02:04,448 - Getting records for Mailmerge...
INFO: 2026-03-16 16:02:08,283 - Got 0 records!
INFO: 2026-03-16 16:02:08,320 - Processing project 1993971 - intralink_realtors_ny_nj...
INFO: 2026-03-16 16:02:08,321 - Getting records for Mailmerge...
INFO: 2026-03-16 16:02:08,323 - Got 0 records!
INFO: 2026-03-16 16:02:08,835 - Processing project 1993973 - intralink_realtors_florida_melissa...
INFO: 2026-03-16 16:02:08,835 - Getting records for Mailmerge...
INFO: 2026-03-16 16:02:08,837 - Got 0 records!
INFO: 2026-03-16 16:02:09,338 - Processing project 1993974 - intralink_realtors_california...
INFO: 2026-03-16 16:02:09,338 - Getting records for Mailmerge...
INFO: 2026-03-16 16:02:09,340 - Got 0 records!
INFO: 2026-03-16 16:02:11,913 - Processing project 1150717 - red_associates_cancer_spain_referrals...
INFO: 2026-03-16 16:02:11,913 - Getting records for Mailmerge...
INFO: 2026-03-16 16:02:40,274 - Got 0 records!
INFO: 2026-03-16 16:02:43,487 - Processing project 1150716 - red_associates_cancer_canada_referrals...
INFO: 2026-03-16 16:02:43,488 - Getting records for Mailmerge...
INFO: 2026-03-16 16:02:43,489 - Got 0 records!
INFO: 2026-03-16 16:02:43,614 - Processing project 2010272 - vidlet_japan...
INFO: 2026-03-16 16:02:43,614 - Getting records for Mailmerge...
INFO: 2026-03-16 16:02:43,616 - Got 0 records!
INFO: 2026-03-16 16:02:43,768 - Processing project 1995971 - Vanguardcharitable...
INFO: 2026-03-16 16:02:43,768 - Getting records for Mailmerge...
INFO: 2026-03-16 16:02:43,769 - Got 0 records!
INFO: 2026-03-16 16:02:43,770 - FINISHED LOOP

INFO: 2026-03-16 16:02:43,770 - STARTING LOOP
INFO: 2026-03-16 16:02:43,771 - there's no mailmerge list. Skipping for now...
INFO: 2026-03-16 16:02:43,771 - FINISHED LOOP

INFO: 2026-03-16 16:30:08,244 - STARTING LOOP
INFO: 2026-03-16 16:30:08,244 - Getting blasts quota...
INFO: 2026-03-16 16:30:08,253 - DONE!
INFO: 2026-03-16 16:30:09,305 - Processing project 1993745 - hcr_usa_re_blast_nyc...
INFO: 2026-03-16 16:30:09,306 - Getting records for Mailmerge...
INFO: 2026-03-16 16:30:09,307 - Got 0 records!
INFO: 2026-03-16 16:30:16,856 - Processing project 1993746 - hcr_usa_re_blast_west...
INFO: 2026-03-16 16:30:16,857 - Getting records for Mailmerge...
INFO: 2026-03-16 16:30:16,858 - Got 0 records!
INFO: 2026-03-16 16:30:17,488 - Processing project 2010271 - vidlet_spain...
INFO: 2026-03-16 16:30:17,489 - Getting records for Mailmerge...
INFO: 2026-03-16 16:30:54,431 - Got 0 records!
INFO: 2026-03-16 16:30:54,691 - Processing project 1949181 - northwestel...
INFO: 2026-03-16 16:30:54,692 - Getting records for Mailmerge...
INFO: 2026-03-16 16:30:54,947 - Got 0 records!
INFO: 2026-03-16 16:30:55,163 - Processing project 2003711 - tra_sydney...
INFO: 2026-03-16 16:30:55,163 - Getting records for Mailmerge...
INFO: 2026-03-16 16:31:11,864 - Got 0 records!
INFO: 2026-03-16 16:31:11,901 - Processing project 2002111 - hlm_prison_research...
INFO: 2026-03-16 16:31:11,901 - Getting records for Mailmerge...
INFO: 2026-03-16 16:31:11,946 - Got 0 records!
INFO: 2026-03-16 16:31:12,020 - Processing project 2009991 - glassview_it...
INFO: 2026-03-16 16:31:12,021 - Getting records for Mailmerge...
INFO: 2026-03-16 16:31:16,687 - Got 0 records!
INFO: 2026-03-16 16:31:16,795 - Processing project 1994141 - luminare_health...
INFO: 2026-03-16 16:31:16,795 - Getting records for Mailmerge...
INFO: 2026-03-16 16:31:19,395 - Got 0 records!
INFO: 2026-03-16 16:31:19,469 - Processing project 1432181 - reputation_leaders_csuite...
INFO: 2026-03-16 16:31:19,469 - Getting records for Mailmerge...
INFO: 2026-03-16 16:31:23,087 - Got 0 records!
INFO: 2026-03-16 16:31:23,126 - Processing project 1993971 - intralink_realtors_ny_nj...
INFO: 2026-03-16 16:31:23,127 - Getting records for Mailmerge...
INFO: 2026-03-16 16:31:23,129 - Got 0 records!
INFO: 2026-03-16 16:31:23,768 - Processing project 1993973 - intralink_realtors_florida_melissa...
INFO: 2026-03-16 16:31:23,768 - Getting records for Mailmerge...
INFO: 2026-03-16 16:31:23,770 - Got 0 records!
INFO: 2026-03-16 16:31:24,168 - Processing project 1993974 - intralink_realtors_california...
INFO: 2026-03-16 16:31:24,169 - Getting records for Mailmerge...
INFO: 2026-03-16 16:31:24,170 - Got 0 records!
INFO: 2026-03-16 16:31:26,625 - Processing project 1150717 - red_associates_cancer_spain_referrals...
INFO: 2026-03-16 16:31:26,625 - Getting records for Mailmerge...
INFO: 2026-03-16 16:31:49,947 - Got 0 records!
INFO: 2026-03-16 16:31:51,990 - Processing project 1150716 - red_associates_cancer_canada_referrals...
INFO: 2026-03-16 16:31:51,991 - Getting records for Mailmerge...
INFO: 2026-03-16 16:31:51,994 - Got 0 records!
INFO: 2026-03-16 16:31:52,104 - Processing project 2010272 - vidlet_japan...
INFO: 2026-03-16 16:31:52,104 - Getting records for Mailmerge...
INFO: 2026-03-16 16:31:52,106 - Got 0 records!
INFO: 2026-03-16 16:31:52,208 - Processing project 1995971 - Vanguardcharitable...
INFO: 2026-03-16 16:31:52,208 - Getting records for Mailmerge...
INFO: 2026-03-16 16:31:52,210 - Got 0 records!
INFO: 2026-03-16 16:31:52,210 - FINISHED LOOP

INFO: 2026-03-16 16:31:52,211 - STARTING LOOP
INFO: 2026-03-16 16:31:52,211 - there's no mailmerge list. Skipping for now...
INFO: 2026-03-16 16:31:52,212 - FINISHED LOOP

INFO: 2026-03-16 17:00:06,166 - STARTING LOOP
INFO: 2026-03-16 17:00:06,166 - Getting blasts quota...
INFO: 2026-03-16 17:00:06,175 - DONE!
INFO: 2026-03-16 17:00:07,145 - Processing project 1993745 - hcr_usa_re_blast_nyc...
INFO: 2026-03-16 17:00:07,145 - Getting records for Mailmerge...
INFO: 2026-03-16 17:00:07,146 - Got 0 records!
INFO: 2026-03-16 17:00:14,109 - Processing project 1993746 - hcr_usa_re_blast_west...
INFO: 2026-03-16 17:00:14,109 - Getting records for Mailmerge...
INFO: 2026-03-16 17:00:14,111 - Got 0 records!
INFO: 2026-03-16 17:00:14,689 - Processing project 2010271 - vidlet_spain...
INFO: 2026-03-16 17:00:14,689 - Getting records for Mailmerge...
INFO: 2026-03-16 17:00:45,660 - Got 0 records!
INFO: 2026-03-16 17:00:45,774 - Processing project 1949181 - northwestel...
INFO: 2026-03-16 17:00:45,774 - Getting records for Mailmerge...
INFO: 2026-03-16 17:00:46,038 - Got 0 records!
INFO: 2026-03-16 17:00:46,194 - Processing project 2003711 - tra_sydney...
INFO: 2026-03-16 17:00:46,195 - Getting records for Mailmerge...
INFO: 2026-03-16 17:01:01,018 - Got 0 records!
INFO: 2026-03-16 17:01:01,052 - Processing project 2002111 - hlm_prison_research...
INFO: 2026-03-16 17:01:01,052 - Getting records for Mailmerge...
INFO: 2026-03-16 17:01:01,092 - Got 0 records!
INFO: 2026-03-16 17:01:01,152 - Processing project 2009991 - glassview_it...
INFO: 2026-03-16 17:01:01,152 - Getting records for Mailmerge...
INFO: 2026-03-16 17:01:05,258 - Got 0 records!
INFO: 2026-03-16 17:01:05,355 - Processing project 1994141 - luminare_health...
INFO: 2026-03-16 17:01:05,355 - Getting records for Mailmerge...
INFO: 2026-03-16 17:01:07,669 - Got 0 records!
INFO: 2026-03-16 17:01:07,716 - Processing project 1432181 - reputation_leaders_csuite...
INFO: 2026-03-16 17:01:07,717 - Getting records for Mailmerge...
INFO: 2026-03-16 17:01:10,917 - Got 0 records!
INFO: 2026-03-16 17:01:10,939 - Processing project 1993971 - intralink_realtors_ny_nj...
INFO: 2026-03-16 17:01:10,939 - Getting records for Mailmerge...
INFO: 2026-03-16 17:01:10,940 - Got 0 records!
INFO: 2026-03-16 17:01:11,291 - Processing project 1993973 - intralink_realtors_florida_melissa...
INFO: 2026-03-16 17:01:11,291 - Getting records for Mailmerge...
INFO: 2026-03-16 17:01:11,293 - Got 0 records!
INFO: 2026-03-16 17:01:11,665 - Processing project 1993974 - intralink_realtors_california...
INFO: 2026-03-16 17:01:11,665 - Getting records for Mailmerge...
INFO: 2026-03-16 17:01:11,668 - Got 0 records!
INFO: 2026-03-16 17:01:13,685 - Processing project 1150717 - red_associates_cancer_spain_referrals...
INFO: 2026-03-16 17:01:13,686 - Getting records for Mailmerge...
INFO: 2026-03-16 17:01:34,335 - Got 0 records!
INFO: 2026-03-16 17:01:37,941 - Processing project 1150716 - red_associates_cancer_canada_referrals...
INFO: 2026-03-16 17:01:37,941 - Getting records for Mailmerge...
INFO: 2026-03-16 17:01:37,944 - Got 0 records!
INFO: 2026-03-16 17:01:38,048 - Processing project 2010272 - vidlet_japan...
INFO: 2026-03-16 17:01:38,048 - Getting records for Mailmerge...
INFO: 2026-03-16 17:01:38,050 - Got 0 records!
INFO: 2026-03-16 17:01:38,145 - Processing project 1995971 - Vanguardcharitable...
INFO: 2026-03-16 17:01:38,146 - Getting records for Mailmerge...
INFO: 2026-03-16 17:01:38,147 - Got 0 records!
INFO: 2026-03-16 17:01:38,147 - FINISHED LOOP

INFO: 2026-03-16 17:01:38,148 - STARTING LOOP
INFO: 2026-03-16 17:01:38,148 - there's no mailmerge list. Skipping for now...
INFO: 2026-03-16 17:01:38,148 - FINISHED LOOP

INFO: 2026-03-16 17:30:08,291 - STARTING LOOP
INFO: 2026-03-16 17:30:08,291 - Getting blasts quota...
INFO: 2026-03-16 17:30:08,299 - DONE!
INFO: 2026-03-16 17:30:09,348 - Processing project 1993745 - hcr_usa_re_blast_nyc...
INFO: 2026-03-16 17:30:09,348 - Getting records for Mailmerge...
INFO: 2026-03-16 17:30:09,349 - Got 0 records!
INFO: 2026-03-16 17:30:16,526 - Processing project 1993746 - hcr_usa_re_blast_west...
INFO: 2026-03-16 17:30:16,527 - Getting records for Mailmerge...
INFO: 2026-03-16 17:30:16,529 - Got 0 records!
INFO: 2026-03-16 17:30:17,141 - Processing project 2010271 - vidlet_spain...
INFO: 2026-03-16 17:30:17,142 - Getting records for Mailmerge...
INFO: 2026-03-16 17:30:44,548 - Got 0 records!
INFO: 2026-03-16 17:30:44,631 - Processing project 1949181 - northwestel...
INFO: 2026-03-16 17:30:44,631 - Getting records for Mailmerge...
INFO: 2026-03-16 17:30:44,829 - Got 0 records!
INFO: 2026-03-16 17:30:45,009 - Processing project 2003711 - tra_sydney...
INFO: 2026-03-16 17:30:45,009 - Getting records for Mailmerge...
INFO: 2026-03-16 17:30:59,687 - Got 0 records!
INFO: 2026-03-16 17:30:59,719 - Processing project 2002111 - hlm_prison_research...
INFO: 2026-03-16 17:30:59,719 - Getting records for Mailmerge...
INFO: 2026-03-16 17:30:59,756 - Got 0 records!
INFO: 2026-03-16 17:30:59,809 - Processing project 2009991 - glassview_it...
INFO: 2026-03-16 17:30:59,809 - Getting records for Mailmerge...
INFO: 2026-03-16 17:31:04,861 - Got 0 records!
INFO: 2026-03-16 17:31:04,949 - Processing project 1994141 - luminare_health...
INFO: 2026-03-16 17:31:04,949 - Getting records for Mailmerge...
INFO: 2026-03-16 17:31:07,155 - Got 0 records!
INFO: 2026-03-16 17:31:07,203 - Processing project 1432181 - reputation_leaders_csuite...
INFO: 2026-03-16 17:31:07,203 - Getting records for Mailmerge...
INFO: 2026-03-16 17:31:10,520 - Got 0 records!
INFO: 2026-03-16 17:31:10,547 - Processing project 1993971 - intralink_realtors_ny_nj...
INFO: 2026-03-16 17:31:10,547 - Getting records for Mailmerge...
INFO: 2026-03-16 17:31:10,548 - Got 0 records!
INFO: 2026-03-16 17:31:10,938 - Processing project 1993973 - intralink_realtors_florida_melissa...
INFO: 2026-03-16 17:31:10,938 - Getting records for Mailmerge...
INFO: 2026-03-16 17:31:10,940 - Got 0 records!
INFO: 2026-03-16 17:31:11,301 - Processing project 1993974 - intralink_realtors_california...
INFO: 2026-03-16 17:31:11,301 - Getting records for Mailmerge...
INFO: 2026-03-16 17:31:11,303 - Got 0 records!
INFO: 2026-03-16 17:31:15,012 - Processing project 1150717 - red_associates_cancer_spain_referrals...
INFO: 2026-03-16 17:31:15,012 - Getting records for Mailmerge...
INFO: 2026-03-16 17:31:36,736 - Got 0 records!
INFO: 2026-03-16 17:31:38,627 - Processing project 1150716 - red_associates_cancer_canada_referrals...
INFO: 2026-03-16 17:31:38,627 - Getting records for Mailmerge...
INFO: 2026-03-16 17:31:38,631 - Got 0 records!
INFO: 2026-03-16 17:31:38,917 - Processing project 2010272 - vidlet_japan...
INFO: 2026-03-16 17:31:38,917 - Getting records for Mailmerge...
INFO: 2026-03-16 17:31:38,920 - Got 0 records!
INFO: 2026-03-16 17:31:39,025 - Processing project 1995971 - Vanguardcharitable...
INFO: 2026-03-16 17:31:39,025 - Getting records for Mailmerge...
INFO: 2026-03-16 17:31:39,026 - Got 0 records!
INFO: 2026-03-16 17:31:39,026 - FINISHED LOOP

INFO: 2026-03-16 17:31:39,027 - STARTING LOOP
INFO: 2026-03-16 17:31:39,029 - there's no mailmerge list. Skipping for now...
INFO: 2026-03-16 17:31:39,030 - FINISHED LOOP

INFO: 2026-03-16 18:02:09,355 - STARTING LOOP
INFO: 2026-03-16 18:02:09,356 - Getting blasts quota...
INFO: 2026-03-16 18:02:09,363 - DONE!
WARNING: 2026-03-16 18:02:09,364 - No projects to work on!
INFO: 2026-03-16 18:02:09,364 - FINISHED LOOP

INFO: 2026-03-16 18:02:09,364 - STARTING LOOP
INFO: 2026-03-16 18:02:09,364 - there's no mailmerge list. Skipping for now...
INFO: 2026-03-16 18:02:09,364 - FINISHED LOOP

INFO: 2026-03-16 18:30:06,893 - STARTING LOOP
INFO: 2026-03-16 18:30:06,894 - Getting blasts quota...
INFO: 2026-03-16 18:30:06,903 - DONE!
WARNING: 2026-03-16 18:30:06,903 - No projects to work on!
INFO: 2026-03-16 18:30:06,903 - FINISHED LOOP

INFO: 2026-03-16 18:30:06,903 - STARTING LOOP
INFO: 2026-03-16 18:30:06,903 - there's no mailmerge list. Skipping for now...
INFO: 2026-03-16 18:30:06,903 - FINISHED LOOP

INFO: 2026-03-16 19:31:25,762 - STARTING LOOP
INFO: 2026-03-16 19:31:25,763 - Getting blasts quota...
INFO: 2026-03-16 19:31:25,773 - DONE!
WARNING: 2026-03-16 19:31:25,773 - No projects to work on!
INFO: 2026-03-16 19:31:25,774 - FINISHED LOOP

INFO: 2026-03-16 19:31:25,774 - STARTING LOOP
INFO: 2026-03-16 19:31:25,774 - there's no mailmerge list. Skipping for now...
INFO: 2026-03-16 19:31:25,774 - FINISHED LOOP

INFO: 2026-03-17 08:30:07,416 - STARTING LOOP
INFO: 2026-03-17 08:30:07,417 - Getting blasts quota...
INFO: 2026-03-17 08:30:07,424 - DONE!
WARNING: 2026-03-17 08:30:07,424 - No projects to work on!
INFO: 2026-03-17 08:30:07,424 - FINISHED LOOP

INFO: 2026-03-17 08:30:07,424 - STARTING LOOP
INFO: 2026-03-17 08:30:07,425 - there's no mailmerge list. Skipping for now...
INFO: 2026-03-17 08:30:07,425 - FINISHED LOOP

INFO: 2026-03-17 09:00:06,828 - STARTING LOOP
INFO: 2026-03-17 09:00:06,829 - Getting blasts quota...
INFO: 2026-03-17 09:00:06,837 - DONE!
WARNING: 2026-03-17 09:00:06,837 - No projects to work on!
INFO: 2026-03-17 09:00:06,837 - FINISHED LOOP

INFO: 2026-03-17 09:00:06,837 - STARTING LOOP
INFO: 2026-03-17 09:00:06,838 - there's no mailmerge list. Skipping for now...
INFO: 2026-03-17 09:00:06,838 - FINISHED LOOP

INFO: 2026-03-17 09:30:08,901 - STARTING LOOP
INFO: 2026-03-17 09:30:08,902 - Getting blasts quota...
INFO: 2026-03-17 09:30:08,940 - DONE!
WARNING: 2026-03-17 09:30:08,941 - No projects to work on!
INFO: 2026-03-17 09:30:08,941 - FINISHED LOOP

INFO: 2026-03-17 09:30:08,942 - STARTING LOOP
INFO: 2026-03-17 09:30:08,947 - there's no mailmerge list. Skipping for now...
INFO: 2026-03-17 09:30:08,948 - FINISHED LOOP

INFO: 2026-03-17 10:00:07,365 - STARTING LOOP
INFO: 2026-03-17 10:00:07,366 - Getting blasts quota...
INFO: 2026-03-17 10:00:07,373 - DONE!
WARNING: 2026-03-17 10:00:07,373 - No projects to work on!
INFO: 2026-03-17 10:00:07,373 - FINISHED LOOP

INFO: 2026-03-17 10:00:07,373 - STARTING LOOP
INFO: 2026-03-17 10:00:07,374 - there's no mailmerge list. Skipping for now...
INFO: 2026-03-17 10:00:07,374 - FINISHED LOOP

INFO: 2026-03-17 10:05:22,438 - STARTING LOOP
INFO: 2026-03-17 10:05:22,439 - Getting blasts quota...
INFO: 2026-03-17 10:05:22,440 - DONE!
INFO: 2026-03-17 10:05:22,673 - Processing project 2003711 - tra_sydney...
INFO: 2026-03-17 10:05:22,673 - Getting records for Mailmerge...
INFO: 2026-03-17 10:05:33,169 - Got 0 records!
INFO: 2026-03-17 10:05:33,207 - Processing project 2009991 - glassview_it...
INFO: 2026-03-17 10:05:33,207 - Getting records for Mailmerge...
INFO: 2026-03-17 10:05:35,835 - Got 0 records!
INFO: 2026-03-17 10:05:35,898 - Processing project 2010272 - vidlet_japan...
INFO: 2026-03-17 10:05:35,898 - Getting records for Mailmerge...
INFO: 2026-03-17 10:05:38,276 - Got 37 records!
INFO: 2026-03-17 10:05:38,286 - Processing project 1467231 - hsj_medical_sis_lists...
INFO: 2026-03-17 10:05:38,286 - Getting records for Mailmerge...
INFO: 2026-03-17 10:05:38,289 - Got 0 records!
INFO: 2026-03-17 10:05:38,329 - Processing project 1949181 - northwestel...
INFO: 2026-03-17 10:05:38,329 - Getting records for Mailmerge...
INFO: 2026-03-17 10:05:38,377 - Got 0 records!
INFO: 2026-03-17 10:05:38,442 - Processing project 1995971 - Vanguardcharitable...
INFO: 2026-03-17 10:05:38,442 - Getting records for Mailmerge...
INFO: 2026-03-17 10:05:45,156 - Got 33 records!
INFO: 2026-03-17 10:05:45,168 - Processing project 2002111 - hlm_prison_research...
INFO: 2026-03-17 10:05:45,168 - Getting records for Mailmerge...
INFO: 2026-03-17 10:05:45,194 - Got 0 records!
INFO: 2026-03-17 10:06:42,657 - STARTING LOOP
INFO: 2026-03-17 10:06:42,657 - Getting blasts quota...
INFO: 2026-03-17 10:06:42,660 - DONE!
INFO: 2026-03-17 10:06:42,808 - Processing project 2003711 - tra_sydney...
INFO: 2026-03-17 10:06:42,808 - Getting records for Mailmerge...
INFO: 2026-03-17 10:06:52,667 - Got 0 records!
INFO: 2026-03-17 10:06:52,706 - Processing project 2009991 - glassview_it...
INFO: 2026-03-17 10:06:52,706 - Getting records for Mailmerge...
INFO: 2026-03-17 10:06:55,303 - Got 0 records!
INFO: 2026-03-17 10:06:55,367 - Processing project 2010272 - vidlet_japan...
INFO: 2026-03-17 10:06:55,367 - Getting records for Mailmerge...
INFO: 2026-03-17 10:06:57,763 - Got 37 records!
INFO: 2026-03-17 10:06:57,772 - Processing project 1467231 - hsj_medical_sis_lists...
INFO: 2026-03-17 10:06:57,772 - Getting records for Mailmerge...
INFO: 2026-03-17 10:06:57,776 - Got 0 records!
INFO: 2026-03-17 10:06:57,817 - Processing project 1949181 - northwestel...
INFO: 2026-03-17 10:06:57,817 - Getting records for Mailmerge...
INFO: 2026-03-17 10:06:57,866 - Got 0 records!
INFO: 2026-03-17 10:06:57,934 - Processing project 1995971 - Vanguardcharitable...
INFO: 2026-03-17 10:06:57,934 - Getting records for Mailmerge...
INFO: 2026-03-17 10:07:04,712 - Got 33 records!
INFO: 2026-03-17 10:07:04,724 - Processing project 2002111 - hlm_prison_research...
INFO: 2026-03-17 10:07:04,724 - Getting records for Mailmerge...
INFO: 2026-03-17 10:07:04,752 - Got 0 records!
INFO: 2026-03-17 10:07:04,756 - FINISHED LOOP

INFO: 2026-03-17 10:07:04,759 - STARTING LOOP
INFO: 2026-03-17 10:07:04,759 - Sending out mailerge list...
INFO: 2026-03-17 10:11:47,697 - DONE!
INFO: 2026-03-17 10:11:47,700 - FINISHED LOOP

INFO: 2026-03-17 10:26:20,197 - STARTING LOOP
INFO: 2026-03-17 10:26:20,197 - Getting blasts quota...
INFO: 2026-03-17 10:26:20,198 - DONE!
INFO: 2026-03-17 10:26:20,340 - Processing project 2003711 - tra_sydney...
INFO: 2026-03-17 10:26:20,340 - Getting records for Mailmerge...
INFO: 2026-03-17 10:26:30,255 - Got 0 records!
INFO: 2026-03-17 10:26:30,304 - Processing project 2009991 - glassview_it...
INFO: 2026-03-17 10:26:30,304 - Getting records for Mailmerge...
INFO: 2026-03-17 10:26:32,790 - Got 0 records!
INFO: 2026-03-17 10:26:32,854 - Processing project 2010272 - vidlet_japan...
INFO: 2026-03-17 10:26:32,854 - Getting records for Mailmerge...
INFO: 2026-03-17 10:26:35,193 - Got 0 records!
INFO: 2026-03-17 10:26:35,204 - Processing project 1467231 - hsj_medical_sis_lists...
INFO: 2026-03-17 10:26:35,204 - Getting records for Mailmerge...
INFO: 2026-03-17 10:26:35,210 - Got 0 records!
INFO: 2026-03-17 10:26:35,251 - Processing project 1949181 - northwestel...
INFO: 2026-03-17 10:26:35,251 - Getting records for Mailmerge...
INFO: 2026-03-17 10:26:35,299 - Got 0 records!
INFO: 2026-03-17 10:26:35,363 - Processing project 1995971 - Vanguardcharitable...
INFO: 2026-03-17 10:26:35,363 - Getting records for Mailmerge...
INFO: 2026-03-17 10:26:35,364 - Got 0 records!
INFO: 2026-03-17 10:26:35,374 - Processing project 2002111 - hlm_prison_research...
INFO: 2026-03-17 10:26:35,374 - Getting records for Mailmerge...
INFO: 2026-03-17 10:26:35,398 - Got 0 records!
INFO: 2026-03-17 10:27:18,283 - STARTING LOOP
INFO: 2026-03-17 10:27:18,283 - Getting blasts quota...
INFO: 2026-03-17 10:27:18,288 - DONE!
INFO: 2026-03-17 10:27:18,425 - Processing project 2003711 - tra_sydney...
INFO: 2026-03-17 10:27:18,425 - Getting records for Mailmerge...
INFO: 2026-03-17 10:27:28,787 - Got 0 records!
INFO: 2026-03-17 10:27:28,827 - Processing project 2009991 - glassview_it...
INFO: 2026-03-17 10:27:28,827 - Getting records for Mailmerge...
INFO: 2026-03-17 10:27:31,792 - Got 0 records!
INFO: 2026-03-17 10:27:31,875 - Processing project 2010272 - vidlet_japan...
INFO: 2026-03-17 10:27:31,875 - Getting records for Mailmerge...
INFO: 2026-03-17 10:27:34,602 - Got 0 records!
INFO: 2026-03-17 10:27:34,614 - Processing project 1467231 - hsj_medical_sis_lists...
INFO: 2026-03-17 10:27:34,614 - Getting records for Mailmerge...
INFO: 2026-03-17 10:27:34,620 - Got 0 records!
INFO: 2026-03-17 10:27:34,663 - Processing project 1949181 - northwestel...
INFO: 2026-03-17 10:27:34,663 - Getting records for Mailmerge...
INFO: 2026-03-17 10:27:34,718 - Got 0 records!
INFO: 2026-03-17 10:27:34,793 - Processing project 1995971 - Vanguardcharitable...
INFO: 2026-03-17 10:27:34,793 - Getting records for Mailmerge...
INFO: 2026-03-17 10:27:34,793 - Got 0 records!
INFO: 2026-03-17 10:27:34,805 - Processing project 2002111 - hlm_prison_research...
INFO: 2026-03-17 10:27:34,805 - Getting records for Mailmerge...
INFO: 2026-03-17 10:27:34,841 - Got 0 records!
INFO: 2026-03-17 10:27:35,167 - Processing project 2003712 - tra_sydney_aus_only...
INFO: 2026-03-17 10:27:35,167 - Getting records for Mailmerge...
INFO: 2026-03-17 10:27:47,180 - Got 2 records!
INFO: 2026-03-17 10:27:47,181 - FINISHED LOOP

INFO: 2026-03-17 10:27:47,182 - STARTING LOOP
INFO: 2026-03-17 10:27:47,182 - Sending out mailerge list...
INFO: 2026-03-17 10:27:59,453 - DONE!
INFO: 2026-03-17 10:27:59,454 - FINISHED LOOP

INFO: 2026-03-17 10:29:15,657 - STARTING LOOP
INFO: 2026-03-17 10:29:15,658 - Getting blasts quota...
INFO: 2026-03-17 10:29:15,659 - DONE!
INFO: 2026-03-17 10:29:15,795 - Processing project 2003711 - tra_sydney...
INFO: 2026-03-17 10:29:15,795 - Getting records for Mailmerge...
INFO: 2026-03-17 10:29:18,482 - Got 89 records!
INFO: 2026-03-17 10:29:18,520 - Processing project 2009991 - glassview_it...
INFO: 2026-03-17 10:29:18,521 - Getting records for Mailmerge...
INFO: 2026-03-17 10:29:18,765 - Got 78 records!
INFO: 2026-03-17 10:29:18,830 - Processing project 2010272 - vidlet_japan...
INFO: 2026-03-17 10:29:18,830 - Getting records for Mailmerge...
INFO: 2026-03-17 10:29:19,032 - Got 30 records!
INFO: 2026-03-17 10:29:19,041 - Processing project 1467231 - hsj_medical_sis_lists...
INFO: 2026-03-17 10:29:19,041 - Getting records for Mailmerge...
INFO: 2026-03-17 10:29:19,044 - Got 1 records!
INFO: 2026-03-17 10:29:19,084 - Processing project 1949181 - northwestel...
INFO: 2026-03-17 10:29:19,084 - Getting records for Mailmerge...
INFO: 2026-03-17 10:29:19,098 - Got 44 records!
INFO: 2026-03-17 10:29:19,162 - Processing project 1995971 - Vanguardcharitable...
INFO: 2026-03-17 10:29:19,162 - Getting records for Mailmerge...
INFO: 2026-03-17 10:29:19,163 - Got 0 records!
INFO: 2026-03-17 10:29:19,172 - Processing project 2002111 - hlm_prison_research...
INFO: 2026-03-17 10:29:19,172 - Getting records for Mailmerge...
INFO: 2026-03-17 10:29:19,206 - Got 3 records!
INFO: 2026-03-17 10:29:19,554 - Processing project 2003712 - tra_sydney_aus_only...
INFO: 2026-03-17 10:29:19,554 - Getting records for Mailmerge...
INFO: 2026-03-17 10:29:31,223 - Got 153 records!
INFO: 2026-03-17 10:29:31,227 - FINISHED LOOP

INFO: 2026-03-17 10:29:31,240 - STARTING LOOP
INFO: 2026-03-17 10:29:31,240 - Sending out mailerge list...
INFO: 2026-03-17 10:36:22,298 - DONE!
INFO: 2026-03-17 10:36:22,300 - FINISHED LOOP

INFO: 2026-03-17 11:00:09,040 - STARTING LOOP
INFO: 2026-03-17 11:00:09,040 - Getting blasts quota...
INFO: 2026-03-17 11:00:09,046 - DONE!
INFO: 2026-03-17 11:00:09,501 - Processing project 2003711 - tra_sydney...
INFO: 2026-03-17 11:00:09,502 - Getting records for Mailmerge...
INFO: 2026-03-17 11:00:09,503 - Got 0 records!
INFO: 2026-03-17 11:00:09,528 - Processing project 2009991 - glassview_it...
INFO: 2026-03-17 11:00:09,528 - Getting records for Mailmerge...
INFO: 2026-03-17 11:00:09,932 - Got 69 records!
INFO: 2026-03-17 11:00:09,972 - Processing project 2010272 - vidlet_japan...
INFO: 2026-03-17 11:00:09,972 - Getting records for Mailmerge...
INFO: 2026-03-17 11:00:10,273 - Got 30 records!
INFO: 2026-03-17 11:00:10,309 - Processing project 1467231 - hsj_medical_sis_lists...
INFO: 2026-03-17 11:00:10,309 - Getting records for Mailmerge...
INFO: 2026-03-17 11:00:10,316 - Got 1 records!
INFO: 2026-03-17 11:00:10,371 - Processing project 1949181 - northwestel...
INFO: 2026-03-17 11:00:10,372 - Getting records for Mailmerge...
INFO: 2026-03-17 11:00:10,373 - Got 44 records!
INFO: 2026-03-17 11:00:10,499 - Processing project 1995971 - Vanguardcharitable...
INFO: 2026-03-17 11:00:10,499 - Getting records for Mailmerge...
INFO: 2026-03-17 11:00:10,501 - Got 0 records!
INFO: 2026-03-17 11:00:10,529 - Processing project 2002111 - hlm_prison_research...
INFO: 2026-03-17 11:00:10,529 - Getting records for Mailmerge...
INFO: 2026-03-17 11:00:10,584 - Got 3 records!
INFO: 2026-03-17 11:00:11,135 - Processing project 2003712 - tra_sydney_aus_only...
INFO: 2026-03-17 11:00:11,135 - Getting records for Mailmerge...
INFO: 2026-03-17 11:00:33,025 - Got 153 records!
INFO: 2026-03-17 11:00:33,026 - FINISHED LOOP

INFO: 2026-03-17 11:00:33,044 - STARTING LOOP
INFO: 2026-03-17 11:00:33,044 - Sending out mailerge list...
INFO: 2026-03-17 11:02:29,061 - DONE!
INFO: 2026-03-17 11:02:29,063 - FINISHED LOOP

error: No project saved for the project id: 2003582.

email sent to david.dafinoiu@att.com
1 sent emails in total

email sent to tnyauto@us.ibm.com
2 sent emails in total

email sent to dinesh.iit@iit-inc.com
3 sent emails in total

email sent to joe.lyons@bitsighttech.com
4 sent emails in total

email sent to jonathan.abrams@mercer.com
5 sent emails in total

email sent to alper.daglioglu@morganstanley.com
6 sent emails in total

email sent to linwoodcollins2@aol.com
7 sent emails in total

email sent to tshake@yahoo.com
8 sent emails in total

email sent to alexander@grijalva.com
9 sent emails in total

email sent to carl.eyler@wilsonelser.com
10 sent emails in total

email sent to julio.zelaya@zaftechnologies.com
11 sent emails in total

email sent to stanley.kules@morganstanley.com
12 sent emails in total

email sent to gabe_camacho@newyorklife.com
13 sent emails in total

email sent to cindybialer@aol.com
14 sent emails in total

email sent to kennethjholden@aol.com
15 sent emails in total

email sent to cwestropp@bombora.com
16 sent emails in total

email sent to ericdeazabiz@gmail.com
17 sent emails in total

email sent to dmc100us@yahoo.com
18 sent emails in total

email sent to david@jackpocket.com
19 sent emails in total

email sent to dmitriylazarev@yahoo.com
20 sent emails in total

email sent to wlee@vendelux.com
21 sent emails in total

email sent to edwardnbrown@yahoo.com
22 sent emails in total

email sent to jbeyle@stickercontrol.com
23 sent emails in total

email sent to aditya.malhotra@point72.com
24 sent emails in total

email sent to alex.goldberg@cableandgauge.com
25 sent emails in total

email sent to andre.ogunusi@iclinc.net
26 sent emails in total

email sent to aurush49@yahoo.com
27 sent emails in total

email sent to bill@baker.tech
28 sent emails in total

email sent to c.ward@nogardsolutions.com
29 sent emails in total

email sent to colin.yen@blackstone.com
30 sent emails in total
INFO: 2026-03-17 11:30:09,625 - STARTING LOOP
INFO: 2026-03-17 11:30:09,626 - Getting blasts quota...
INFO: 2026-03-17 11:30:09,636 - DONE!
INFO: 2026-03-17 11:30:10,106 - Processing project 2003711 - tra_sydney...
INFO: 2026-03-17 11:30:10,106 - Getting records for Mailmerge...
INFO: 2026-03-17 11:30:10,107 - Got 0 records!
INFO: 2026-03-17 11:30:10,133 - Processing project 2009991 - glassview_it...
INFO: 2026-03-17 11:30:10,134 - Getting records for Mailmerge...
INFO: 2026-03-17 11:30:10,572 - Got 39 records!
INFO: 2026-03-17 11:30:10,620 - Processing project 2010272 - vidlet_japan...
INFO: 2026-03-17 11:30:10,621 - Getting records for Mailmerge...
INFO: 2026-03-17 11:30:10,922 - Got 30 records!
INFO: 2026-03-17 11:30:10,940 - Processing project 1467231 - hsj_medical_sis_lists...
INFO: 2026-03-17 11:30:10,940 - Getting records for Mailmerge...
INFO: 2026-03-17 11:30:10,945 - Got 1 records!
INFO: 2026-03-17 11:30:10,961 - Processing project 1949181 - northwestel...
INFO: 2026-03-17 11:30:10,961 - Getting records for Mailmerge...
INFO: 2026-03-17 11:30:10,963 - Got 44 records!
INFO: 2026-03-17 11:30:10,998 - Processing project 1995971 - Vanguardcharitable...
INFO: 2026-03-17 11:30:10,998 - Getting records for Mailmerge...
INFO: 2026-03-17 11:30:10,999 - Got 0 records!
INFO: 2026-03-17 11:30:11,031 - Processing project 2002111 - hlm_prison_research...
INFO: 2026-03-17 11:30:11,031 - Getting records for Mailmerge...
INFO: 2026-03-17 11:30:11,093 - Got 3 records!
INFO: 2026-03-17 11:30:11,792 - Processing project 2003712 - tra_sydney_aus_only...
INFO: 2026-03-17 11:30:11,792 - Getting records for Mailmerge...
INFO: 2026-03-17 11:30:39,919 - Got 153 records!
INFO: 2026-03-17 11:30:39,921 - FINISHED LOOP

INFO: 2026-03-17 11:30:39,945 - STARTING LOOP
INFO: 2026-03-17 11:30:39,946 - Sending out mailerge list...
error: No project saved for the project id: 2003582.

email sent to dario.jimenez@cnr.com
1 sent emails in total

email sent to elie.tondreau@delta.com
2 sent emails in total

email sent to ian@ipaterson.ca
3 sent emails in total

email sent to james.kim@cnb.com
4 sent emails in total

email sent to jordan.jafferjee@vice.com
5 sent emails in total

email sent to jubyenergy@gmail.com
6 sent emails in total

email sent to justin.fogel@selligent.com
7 sent emails in total

email sent to liz.warner@sage.com
8 sent emails in total

email sent to melissa.markovitz@gdsgroup.com
9 sent emails in total

email sent to mmartinez@breaker.io
10 sent emails in total

email sent to monicakohli7@gmail.con
11 sent emails in total

email sent to nvisionit_consulting@yahoo.com
12 sent emails in total

email sent to peter.weiss@chainiq.com
13 sent emails in total

email sent to sachin_fatnaney@yahoo.com
14 sent emails in total

email sent to samir.bali@next15.com
15 sent emails in total

email sent to sanjay.attada@taistech.com
16 sent emails in total

email sent to sbrahma@rocketmail.com
17 sent emails in total

email sent to scottk432@yahoo.com
18 sent emails in total

email sent to sebastian.kowalik@insight.com
19 sent emails in total

email sent to tahir.masood@kalsoft.com
20 sent emails in total

email sent to vitaliy@cybri.com
21 sent emails in total

email sent to stevenstein51@yahoo.com
22 sent emails in total

email sent to ggreenstein@citihabitats.com
23 sent emails in total

email sent to vpaul@align.com
24 sent emails in total

email sent to vlad@honeypotz.net
25 sent emails in total

email sent to vmaevskiy@luxoft.com
26 sent emails in total

email sent to lori_stanley@ryder.com
27 sent emails in total

email sent to williamsth@hss.edu
28 sent emails in total

email sent to oude.gao@vnsny.org
29 sent emails in total
Failed to send email to {'id': 1604928, 'First_name': 'les martin', 'Email': 'lesmartin1957@gmail', 'message': 'Compensated In-Person Interview with Cybersecurity Professionals | $250 Incentive\n\nHello les martin,\n\nSIS International Research is conducting a compensated in-person interview with cybersecurity professionals at our office in the Flatiron District, NYC on March 19th.\n\nWe are offering a $250 incentive to participants who qualify, are selected, and complete the interview. Incentive will be paid in cash upon interview completion.\n\nMultiple interview time slots will be available throughout the day.\n\nIf you would like to be considered, please complete the short pre-screening survey below. If your responses indicate a potential fit, a member of our team will contact you directly to schedule your interview time.\n\nPlease note: Group sizes are small and spaces are limited. If selected, we kindly ask that you choose a time slot that you can confidently attend.\n\nClick below to begin the pre-screening survey:\nhttps://www.surveymonkey.com/r/GBBGFB5\n\nThank you for your time and interest.\n\nThis email is not confirmation that you are formally accepted for the study. We reserve the right to validate all information.\n\nKind regards,\nInsights Team\n200999\n\nSIS International Research\n11 E 22nd Street NY, NY 10010\n\nYou are receiving this email because we have identified you as a potential candidate for participation in voluntary, paid market research based on your publicly available professional contact information.\n\nIn accordance with Article 6(1)(f) of the GDPR, we process limited personal data on the basis of our legitimate interest in conducting market research.\n\nIf you prefer not to be contacted again or wish to exercise your data rights (access, correction, deletion, objection), please reply “NO” to this email. \n\nTo learn more about how we process your data, please refer to our Privacy Policy on our website.', 'project_id': 2009991}. Adding it to the list of failed emails.
failed emails saved

email sent to lesmartin1957@gmail
30 sent emails in total

email sent to kcrandall@elderwood.com
31 sent emails in total
Failed to send email to {'id': 1700188, 'First_name': 'jessica kornstein', 'Email': 'jkornstein', 'message': 'Compensated In-Person Interview with Cybersecurity Professionals | $250 Incentive\n\nHello jessica kornstein,\n\nSIS International Research is conducting a compensated in-person interview with cybersecurity professionals at our office in the Flatiron District, NYC on March 19th.\n\nWe are offering a $250 incentive to participants who qualify, are selected, and complete the interview. Incentive will be paid in cash upon interview completion.\n\nMultiple interview time slots will be available throughout the day.\n\nIf you would like to be considered, please complete the short pre-screening survey below. If your responses indicate a potential fit, a member of our team will contact you directly to schedule your interview time.\n\nPlease note: Group sizes are small and spaces are limited. If selected, we kindly ask that you choose a time slot that you can confidently attend.\n\nClick below to begin the pre-screening survey:\nhttps://www.surveymonkey.com/r/GBBGFB5\n\nThank you for your time and interest.\n\nThis email is not confirmation that you are formally accepted for the study. We reserve the right to validate all information.\n\nKind regards,\nInsights Team\n200999\n\nSIS International Research\n11 E 22nd Street NY, NY 10010\n\nYou are receiving this email because we have identified you as a potential candidate for participation in voluntary, paid market research based on your publicly available professional contact information.\n\nIn accordance with Article 6(1)(f) of the GDPR, we process limited personal data on the basis of our legitimate interest in conducting market research.\n\nIf you prefer not to be contacted again or wish to exercise your data rights (access, correction, deletion, objection), please reply “NO” to this email. \n\nTo learn more about how we process your data, please refer to our Privacy Policy on our website.', 'project_id': 2009991}. Adding it to the list of failed emails.
failed emails saved

email sent to jkornstein
32 sent emails in total

email sent to dfeinblum@jwplayer.com
33 sent emails in total

email sent to gregory.elbert@statestreet.com
34 sent emails in total

email sent to dmavashev@bottomline.com
35 sent emails in total

email sent to sasha.katsman@sap.com
36 sent emails in total

email sent to david.dafinoiu@att.eu
37 sent emails in total

email sent to mmehta@societyleadership.org
38 sent emails in total

email sent to dave.brown@bettercloud.com
39 sent emails in total

email sent to tadao.takano@bushu-pharma.com
40 sent emails in total

email sent to alex@edgeof.co
41 sent emails in total

email sent to masubuchi@highnetworth.co.jp
42 sent emails in total

email sent to denis@shuttleplanet.com
43 sent emails in total

email sent to johan.binnendijk@ifm.com
44 sent emails in total

email sent to robin.joffe@frost.com
45 sent emails in total

email sent to trishaavtamura1220@gmail.com
46 sent emails in total

email sent to shotaro.kaida@tuv.com
47 sent emails in total

email sent to grighty@gmail.com
48 sent emails in total

email sent to abhijit27.02sen@gmail.com
49 sent emails in total

email sent to adelcheffi@yahoo.com
50 sent emails in total

email sent to aibyoka45-lora@jcom.home.ne.jp
51 sent emails in total

email sent to aping@rd.loreal.com
52 sent emails in total

email sent to apryl.peredo@gmail.com
53 sent emails in total

email sent to b.amina2000@gmail.com
54 sent emails in total

email sent to bazinalbert@gmail.com
55 sent emails in total

email sent to bhatia.nitika@ymail.com
56 sent emails in total

email sent to bruno.sinturel@amadeus.com
57 sent emails in total

email sent to carlos@naranjobejarano.com
58 sent emails in total

email sent to carolyn.e.laurino@gmail.com
59 sent emails in total

email sent to chakiyama22@gmail.com
60 sent emails in total

email sent to dejino.av@gmail.com
61 sent emails in total

email sent to deri.laksamana@outlook.com
62 sent emails in total

email sent to eloisatenmatay@gmail.com
63 sent emails in total

email sent to emmanuel.estrellado@deped.gov.ph
64 sent emails in total
INFO: 2026-03-17 11:37:23,426 - DONE!
INFO: 2026-03-17 11:37:23,427 - FINISHED LOOP


email sent to escrime@pj9.so-net.ne.jp
65 sent emails in total

email sent to fabienrecoquille@gmail.com
66 sent emails in total

email sent to faitha@gmail.com
67 sent emails in total

email sent to frannyjlee@gmail.com
68 sent emails in total

email sent to gabriellechenier@hotmail.com
69 sent emails in total

email sent to shaun.willis@transdev.ca
70 sent emails in total

email sent to david.bedard@mass.gov
71 sent emails in total

email sent to km@alaska.edu
72 sent emails in total

email sent to remmer.caitlin@anthc.org
73 sent emails in total

email sent to hunter.b@cruzconstruction.com.au
74 sent emails in total

email sent to jaspherj@yukonenergy.ca
75 sent emails in total

email sent to jake@providence.org
76 sent emails in total

email sent to rmusick@neeserinc.com
77 sent emails in total

email sent to kirti@nextbigbox.in
78 sent emails in total

email sent to oosterbosch@gov.yk.ca
79 sent emails in total

email sent to ron.cooke@kakivik.com
80 sent emails in total

email sent to jay@tek.com
81 sent emails in total

email sent to shaw.patti@yukonhospitals.ca
82 sent emails in total

email sent to gabet@asrcindustrial.com
83 sent emails in total

email sent to tyler@att.com
84 sent emails in total

email sent to rvredenburg@lbl.gov
85 sent emails in total

email sent to meghana.pmpr@vixxo.com
86 sent emails in total

email sent to r.hunter@cvtc.org
87 sent emails in total

email sent to mark@kputel.com
88 sent emails in total

email sent to jgrieve@paceschool.net
89 sent emails in total

email sent to stevenburress@chariotgroup.com
90 sent emails in total

email sent to jeffkinzel@bsrha.org
91 sent emails in total

email sent to hr@npsi.us
92 sent emails in total

email sent to lyle.austin@kinneyeng.com
93 sent emails in total

email sent to mdavidson@kodiakak.us
94 sent emails in total

email sent to jillee.carpenter@imagingak.com
95 sent emails in total

email sent to cody.brunette@hansengress.com
96 sent emails in total

email sent to ryant@alaskabillingservices.com
97 sent emails in total

email sent to rod.short@tylerrental.net
98 sent emails in total

email sent to danielle.shepherd@hansengress.com
99 sent emails in total

email sent to kimdrake@stgincorporated.com
100 sent emails in total
INFO: 2026-03-17 12:00:18,261 - STARTING LOOP
INFO: 2026-03-17 12:00:18,262 - Getting blasts quota...
INFO: 2026-03-17 12:00:18,272 - DONE!
INFO: 2026-03-17 12:00:18,976 - Processing project 2003711 - tra_sydney...
INFO: 2026-03-17 12:00:18,976 - Getting records for Mailmerge...
INFO: 2026-03-17 12:00:18,977 - Got 0 records!
INFO: 2026-03-17 12:00:19,003 - Processing project 2009991 - glassview_it...
INFO: 2026-03-17 12:00:19,003 - Getting records for Mailmerge...
INFO: 2026-03-17 12:00:19,011 - Got 2 records!
INFO: 2026-03-17 12:00:19,054 - Processing project 2010272 - vidlet_japan...
INFO: 2026-03-17 12:00:19,054 - Getting records for Mailmerge...
INFO: 2026-03-17 12:00:19,057 - Got 0 records!
INFO: 2026-03-17 12:00:19,077 - Processing project 1467231 - hsj_medical_sis_lists...
INFO: 2026-03-17 12:00:19,077 - Getting records for Mailmerge...
INFO: 2026-03-17 12:00:19,084 - Got 1 records!
INFO: 2026-03-17 12:00:19,106 - Processing project 1949181 - northwestel...
INFO: 2026-03-17 12:00:19,106 - Getting records for Mailmerge...
INFO: 2026-03-17 12:00:19,140 - Got 14 records!
INFO: 2026-03-17 12:00:19,233 - Processing project 1995971 - Vanguardcharitable...
INFO: 2026-03-17 12:00:19,233 - Getting records for Mailmerge...
INFO: 2026-03-17 12:00:19,234 - Got 0 records!
INFO: 2026-03-17 12:00:19,273 - Processing project 2002111 - hlm_prison_research...
INFO: 2026-03-17 12:00:19,274 - Getting records for Mailmerge...
INFO: 2026-03-17 12:00:19,332 - Got 3 records!
INFO: 2026-03-17 12:00:20,870 - Processing project 2003712 - tra_sydney_aus_only...
INFO: 2026-03-17 12:00:20,871 - Getting records for Mailmerge...
INFO: 2026-03-17 12:00:41,257 - Got 153 records!
INFO: 2026-03-17 12:00:41,274 - FINISHED LOOP

INFO: 2026-03-17 12:00:41,300 - STARTING LOOP
INFO: 2026-03-17 12:00:41,302 - Sending out mailerge list...
error: No project saved for the project id: 2003582.
Failed to send email to {'id': 1604928, 'First_name': 'les martin', 'Email': 'lesmartin1957@gmail', 'message': 'Compensated In-Person Interview with Cybersecurity Professionals | $250 Incentive\n\nHello les martin,\n\nSIS International Research is conducting a compensated in-person interview with cybersecurity professionals at our office in the Flatiron District, NYC on March 19th.\n\nWe are offering a $250 incentive to participants who qualify, are selected, and complete the interview. Incentive will be paid in cash upon interview completion.\n\nMultiple interview time slots will be available throughout the day.\n\nIf you would like to be considered, please complete the short pre-screening survey below. If your responses indicate a potential fit, a member of our team will contact you directly to schedule your interview time.\n\nPlease note: Group sizes are small and spaces are limited. If selected, we kindly ask that you choose a time slot that you can confidently attend.\n\nClick below to begin the pre-screening survey:\nhttps://www.surveymonkey.com/r/GBBGFB5\n\nThank you for your time and interest.\n\nThis email is not confirmation that you are formally accepted for the study. We reserve the right to validate all information.\n\nKind regards,\nInsights Team\n200999\n\nSIS International Research\n11 E 22nd Street NY, NY 10010\n\nYou are receiving this email because we have identified you as a potential candidate for participation in voluntary, paid market research based on your publicly available professional contact information.\n\nIn accordance with Article 6(1)(f) of the GDPR, we process limited personal data on the basis of our legitimate interest in conducting market research.\n\nIf you prefer not to be contacted again or wish to exercise your data rights (access, correction, deletion, objection), please reply “NO” to this email. \n\nTo learn more about how we process your data, please refer to our Privacy Policy on our website.', 'project_id': 2009991}. Adding it to the list of failed emails.
failed emails saved

email sent to lesmartin1957@gmail
1 sent emails in total
Failed to send email to {'id': 1700188, 'First_name': 'jessica kornstein', 'Email': 'jkornstein', 'message': 'Compensated In-Person Interview with Cybersecurity Professionals | $250 Incentive\n\nHello jessica kornstein,\n\nSIS International Research is conducting a compensated in-person interview with cybersecurity professionals at our office in the Flatiron District, NYC on March 19th.\n\nWe are offering a $250 incentive to participants who qualify, are selected, and complete the interview. Incentive will be paid in cash upon interview completion.\n\nMultiple interview time slots will be available throughout the day.\n\nIf you would like to be considered, please complete the short pre-screening survey below. If your responses indicate a potential fit, a member of our team will contact you directly to schedule your interview time.\n\nPlease note: Group sizes are small and spaces are limited. If selected, we kindly ask that you choose a time slot that you can confidently attend.\n\nClick below to begin the pre-screening survey:\nhttps://www.surveymonkey.com/r/GBBGFB5\n\nThank you for your time and interest.\n\nThis email is not confirmation that you are formally accepted for the study. We reserve the right to validate all information.\n\nKind regards,\nInsights Team\n200999\n\nSIS International Research\n11 E 22nd Street NY, NY 10010\n\nYou are receiving this email because we have identified you as a potential candidate for participation in voluntary, paid market research based on your publicly available professional contact information.\n\nIn accordance with Article 6(1)(f) of the GDPR, we process limited personal data on the basis of our legitimate interest in conducting market research.\n\nIf you prefer not to be contacted again or wish to exercise your data rights (access, correction, deletion, objection), please reply “NO” to this email. \n\nTo learn more about how we process your data, please refer to our Privacy Policy on our website.', 'project_id': 2009991}. Adding it to the list of failed emails.
failed emails saved

email sent to jkornstein
2 sent emails in total

email sent to brinda.sriskantha@iqvia.com
3 sent emails in total

email sent to dstaats@gci.com
4 sent emails in total

email sent to chris@microsoft.com
5 sent emails in total

email sent to jeremy@aterlo.com
6 sent emails in total

email sent to brian.palmer@chenega.com
7 sent emails in total

email sent to rod.fisk@bannerhealth.com
8 sent emails in total

email sent to mb@gyges.org
9 sent emails in total

email sent to acole@gci.com
10 sent emails in total

email sent to marcus.e@generaldynamics.com
11 sent emails in total

email sent to jesse.wurm@searhc.org
12 sent emails in total

email sent to clyons@gci.com
13 sent emails in total

email sent to dcrutchfield@gci.com
14 sent emails in total

email sent to muhammmad@kemnaker.go.id
15 sent emails in total

email sent to dstrickland@gci.com
16 sent emails in total

email sent to pmontanelli@tatitlek.com
17 sent emails in total

email sent to mb@gyges.org
18 sent emails in total

email sent to ar@gyges.org
19 sent emails in total

email sent to a_l@goarmy.com
20 sent emails in total

email sent to cclark@kpmg.com
21 sent emails in total

email sent to allyson.gregory@rsllifecare.org.au
22 sent emails in total

email sent to michael.carter@socialfutures.org.au
23 sent emails in total

email sent to jane.walmsley@sonichealthcare.com.au
24 sent emails in total

email sent to chad@startupstatus.co
25 sent emails in total

email sent to armen.kocharyan@quantumit.com.au
26 sent emails in total

email sent to abdul.azam@advanzpharma.com
27 sent emails in total

email sent to helen.roberts@kirabiotech.com
28 sent emails in total

email sent to matthew.stevens@menzies.edu.au
29 sent emails in total

email sent to loreta.murphy@health.wa.gov.au
30 sent emails in total

email sent to abby.henderson@bdo.com.au
31 sent emails in total

email sent to nhasrouni@rslnsw.org.au
32 sent emails in total

email sent to kana@kdmfinancial.com.au
33 sent emails in total

email sent to vhenry@stlukes.co.uk
34 sent emails in total

email sent to j.halligan@imperial.ac.uk
35 sent emails in total

email sent to michael@hotmail.com
36 sent emails in total

email sent to pargy@argystar.com
37 sent emails in total

email sent to simon.scott@audit.tas.gov.au
38 sent emails in total

email sent to jhanna@aisnsw.edu.au
39 sent emails in total

email sent to lee.bustin@lawsociety.com.au
40 sent emails in total

email sent to ari.sharp@nousgroup.com
41 sent emails in total

email sent to lindsay.parker@mq.edu.au
42 sent emails in total

email sent to joyce.siette@mq.edu.au
43 sent emails in total

email sent to jane.williamson@mq.edu.au
44 sent emails in total

email sent to karen.hawke@sahmri.com
45 sent emails in total

email sent to laura.eadie@sahmri.com
46 sent emails in total

email sent to mariano.ospina@arrowenergy.com.au
47 sent emails in total

email sent to helen.mcnally@health.qld.gov.au
48 sent emails in total

email sent to dmccredie@britishchamber.com
49 sent emails in total

email sent to fisherg@scottishpacific.com
50 sent emails in total

email sent to graeme.hannel@kudosknowledge.com
51 sent emails in total

email sent to alexandra.bhatti@mq.edu.au
52 sent emails in total

email sent to geoffrey.hawker@mq.edu.au
53 sent emails in total

email sent to michelle.stokes@cciwa.com
54 sent emails in total

email sent to kerry.sproston@enginegroup.com
55 sent emails in total

email sent to victoria.park@mq.edu.au
56 sent emails in total

email sent to andreas.vecchiet@mlcinsurance.com.au
57 sent emails in total

email sent to allison@golsby.org
58 sent emails in total

email sent to katrina.ong@prideliving.com.au
59 sent emails in total

email sent to nathalie.chollet@mlcinsurance.com.au
60 sent emails in total

email sent to brent.robinson@health.qld.gov.au
61 sent emails in total

email sent to bernard.ching@anca.com
62 sent emails in total
INFO: 2026-03-17 12:07:24,484 - DONE!
INFO: 2026-03-17 12:07:24,487 - FINISHED LOOP


email sent to justin.wysiecki@tuttbryant.com.au
63 sent emails in total

email sent to tariqe.amiri@indivior.com
64 sent emails in total

email sent to myee.gregory@charteredaccountantsanz.com
65 sent emails in total

email sent to ryan@actuaterecruit.com
66 sent emails in total

email sent to hugh.ealey@taggle.com.au
67 sent emails in total

email sent to stam@westpac.com.au
68 sent emails in total

email sent to eric.perez@sage.com
69 sent emails in total

email sent to paul.angus@aecom.com
70 sent emails in total

email sent to jason.bao@pharmacare.com.au
71 sent emails in total

email sent to jessica.hume@unilever.com
72 sent emails in total

email sent to hayley.devereux@sap.com
73 sent emails in total

email sent to damien.pagnin@yarracity.vic.gov.au
74 sent emails in total

email sent to ruth.redfern@crdc.com.au
75 sent emails in total

email sent to josef.bobinac@oncallinterpreters.com
76 sent emails in total

email sent to mohammed_alomari@amp.com.au
77 sent emails in total

email sent to jason.coggins@kodacapital.com
78 sent emails in total

email sent to chase@kdmfinancial.com.au
79 sent emails in total

email sent to ekulkarni@stbenergy.com.au
80 sent emails in total

email sent to jason.yong@maicapital.com
81 sent emails in total

email sent to clint_adams@amp.com.au
82 sent emails in total

email sent to paul@wnfp.com.au
83 sent emails in total

email sent to dugald.higgins@zenithpartners.com.au
84 sent emails in total

email sent to kaushal_rana@amp.com.au
85 sent emails in total

email sent to juan.teshima@ampcapital.com
86 sent emails in total

email sent to jfrykberg@westpac.com.au
87 sent emails in total

email sent to prudra@westpac.com.au
88 sent emails in total

email sent to nick.walter@macquarie.com
89 sent emails in total

email sent to nilang.shah@westpac.com.au
90 sent emails in total

email sent to michael_ruffin@amp.com.au
91 sent emails in total

email sent to jwilson@pacpartners.com.au
92 sent emails in total

email sent to greg.edelmuth@ampcapital.com
93 sent emails in total

email sent to glenn@precisionwm.com.au
94 sent emails in total

email sent to leighcowan@launchengineering.com
95 sent emails in total

email sent to roslind.buys@bethanie.com.au
96 sent emails in total

email sent to rramasamy@boltonclarke.com.au
97 sent emails in total

email sent to dsharma@stbasils.com.au
98 sent emails in total

email sent to geordie.mollard@kinnect.com.au
99 sent emails in total

email sent to sean_hall@medlab.co
100 sent emails in total
INFO: 2026-03-17 12:30:07,311 - STARTING LOOP
INFO: 2026-03-17 12:30:07,312 - Getting blasts quota...
INFO: 2026-03-17 12:30:07,320 - DONE!
INFO: 2026-03-17 12:30:07,695 - Processing project 2003711 - tra_sydney...
INFO: 2026-03-17 12:30:07,695 - Getting records for Mailmerge...
INFO: 2026-03-17 12:30:07,696 - Got 0 records!
INFO: 2026-03-17 12:30:07,719 - Processing project 2009991 - glassview_it...
INFO: 2026-03-17 12:30:07,720 - Getting records for Mailmerge...
INFO: 2026-03-17 12:30:07,726 - Got 2 records!
INFO: 2026-03-17 12:30:07,768 - Processing project 2010272 - vidlet_japan...
INFO: 2026-03-17 12:30:07,768 - Getting records for Mailmerge...
INFO: 2026-03-17 12:30:07,770 - Got 0 records!
INFO: 2026-03-17 12:30:07,784 - Processing project 1467231 - hsj_medical_sis_lists...
INFO: 2026-03-17 12:30:07,785 - Getting records for Mailmerge...
INFO: 2026-03-17 12:30:07,792 - Got 0 records!
INFO: 2026-03-17 12:30:07,809 - Processing project 1949181 - northwestel...
INFO: 2026-03-17 12:30:07,809 - Getting records for Mailmerge...
INFO: 2026-03-17 12:30:07,810 - Got 0 records!
INFO: 2026-03-17 12:30:07,884 - Processing project 1995971 - Vanguardcharitable...
INFO: 2026-03-17 12:30:07,884 - Getting records for Mailmerge...
INFO: 2026-03-17 12:30:07,885 - Got 0 records!
INFO: 2026-03-17 12:30:07,909 - Processing project 2002111 - hlm_prison_research...
INFO: 2026-03-17 12:30:07,909 - Getting records for Mailmerge...
INFO: 2026-03-17 12:30:07,964 - Got 0 records!
INFO: 2026-03-17 12:30:08,614 - Processing project 2003712 - tra_sydney_aus_only...
INFO: 2026-03-17 12:30:08,614 - Getting records for Mailmerge...
INFO: 2026-03-17 12:30:30,005 - Got 73 records!
INFO: 2026-03-17 12:30:30,007 - FINISHED LOOP

INFO: 2026-03-17 12:30:30,014 - STARTING LOOP
INFO: 2026-03-17 12:30:30,014 - Sending out mailerge list...
INFO: 2026-03-17 12:30:40,301 - DONE!
INFO: 2026-03-17 12:30:40,302 - FINISHED LOOP

error: No project saved for the project id: 2003582.
Failed to send email to {'id': 1604928, 'First_name': 'les martin', 'Email': 'lesmartin1957@gmail', 'message': 'Compensated In-Person Interview with Cybersecurity Professionals | $250 Incentive\n\nHello les martin,\n\nSIS International Research is conducting a compensated in-person interview with cybersecurity professionals at our office in the Flatiron District, NYC on March 19th.\n\nWe are offering a $250 incentive to participants who qualify, are selected, and complete the interview. Incentive will be paid in cash upon interview completion.\n\nMultiple interview time slots will be available throughout the day.\n\nIf you would like to be considered, please complete the short pre-screening survey below. If your responses indicate a potential fit, a member of our team will contact you directly to schedule your interview time.\n\nPlease note: Group sizes are small and spaces are limited. If selected, we kindly ask that you choose a time slot that you can confidently attend.\n\nClick below to begin the pre-screening survey:\nhttps://www.surveymonkey.com/r/GBBGFB5\n\nThank you for your time and interest.\n\nThis email is not confirmation that you are formally accepted for the study. We reserve the right to validate all information.\n\nKind regards,\nInsights Team\n200999\n\nSIS International Research\n11 E 22nd Street NY, NY 10010\n\nYou are receiving this email because we have identified you as a potential candidate for participation in voluntary, paid market research based on your publicly available professional contact information.\n\nIn accordance with Article 6(1)(f) of the GDPR, we process limited personal data on the basis of our legitimate interest in conducting market research.\n\nIf you prefer not to be contacted again or wish to exercise your data rights (access, correction, deletion, objection), please reply “NO” to this email. \n\nTo learn more about how we process your data, please refer to our Privacy Policy on our website.', 'project_id': 2009991}. Adding it to the list of failed emails.
failed emails saved

email sent to lesmartin1957@gmail
1 sent emails in total
Failed to send email to {'id': 1700188, 'First_name': 'jessica kornstein', 'Email': 'jkornstein', 'message': 'Compensated In-Person Interview with Cybersecurity Professionals | $250 Incentive\n\nHello jessica kornstein,\n\nSIS International Research is conducting a compensated in-person interview with cybersecurity professionals at our office in the Flatiron District, NYC on March 19th.\n\nWe are offering a $250 incentive to participants who qualify, are selected, and complete the interview. Incentive will be paid in cash upon interview completion.\n\nMultiple interview time slots will be available throughout the day.\n\nIf you would like to be considered, please complete the short pre-screening survey below. If your responses indicate a potential fit, a member of our team will contact you directly to schedule your interview time.\n\nPlease note: Group sizes are small and spaces are limited. If selected, we kindly ask that you choose a time slot that you can confidently attend.\n\nClick below to begin the pre-screening survey:\nhttps://www.surveymonkey.com/r/GBBGFB5\n\nThank you for your time and interest.\n\nThis email is not confirmation that you are formally accepted for the study. We reserve the right to validate all information.\n\nKind regards,\nInsights Team\n200999\n\nSIS International Research\n11 E 22nd Street NY, NY 10010\n\nYou are receiving this email because we have identified you as a potential candidate for participation in voluntary, paid market research based on your publicly available professional contact information.\n\nIn accordance with Article 6(1)(f) of the GDPR, we process limited personal data on the basis of our legitimate interest in conducting market research.\n\nIf you prefer not to be contacted again or wish to exercise your data rights (access, correction, deletion, objection), please reply “NO” to this email. \n\nTo learn more about how we process your data, please refer to our Privacy Policy on our website.', 'project_id': 2009991}. Adding it to the list of failed emails.
failed emails saved

email sent to jkornstein
2 sent emails in total
INFO: 2026-03-17 13:00:07,857 - STARTING LOOP
INFO: 2026-03-17 13:00:07,857 - Getting blasts quota...
INFO: 2026-03-17 13:00:07,866 - DONE!
INFO: 2026-03-17 13:00:08,326 - Processing project 2003711 - tra_sydney...
INFO: 2026-03-17 13:00:08,327 - Getting records for Mailmerge...
INFO: 2026-03-17 13:00:08,328 - Got 0 records!
INFO: 2026-03-17 13:00:08,354 - Processing project 2009991 - glassview_it...
INFO: 2026-03-17 13:00:08,354 - Getting records for Mailmerge...
INFO: 2026-03-17 13:00:08,362 - Got 2 records!
INFO: 2026-03-17 13:00:08,409 - Processing project 2010272 - vidlet_japan...
INFO: 2026-03-17 13:00:08,410 - Getting records for Mailmerge...
INFO: 2026-03-17 13:00:08,411 - Got 0 records!
INFO: 2026-03-17 13:00:08,426 - Processing project 1467231 - hsj_medical_sis_lists...
INFO: 2026-03-17 13:00:08,426 - Getting records for Mailmerge...
INFO: 2026-03-17 13:00:08,430 - Got 0 records!
INFO: 2026-03-17 13:00:08,445 - Processing project 1949181 - northwestel...
INFO: 2026-03-17 13:00:08,445 - Getting records for Mailmerge...
INFO: 2026-03-17 13:00:08,446 - Got 0 records!
INFO: 2026-03-17 13:00:08,483 - Processing project 1995971 - Vanguardcharitable...
INFO: 2026-03-17 13:00:08,483 - Getting records for Mailmerge...
INFO: 2026-03-17 13:00:08,484 - Got 0 records!
INFO: 2026-03-17 13:00:08,586 - Processing project 2002111 - hlm_prison_research...
INFO: 2026-03-17 13:00:08,587 - Getting records for Mailmerge...
INFO: 2026-03-17 13:00:08,641 - Got 0 records!
INFO: 2026-03-17 13:00:09,514 - Processing project 2003712 - tra_sydney_aus_only...
INFO: 2026-03-17 13:00:09,514 - Getting records for Mailmerge...
INFO: 2026-03-17 13:00:33,297 - Got 73 records!
INFO: 2026-03-17 13:00:33,311 - FINISHED LOOP

INFO: 2026-03-17 13:00:33,553 - STARTING LOOP
INFO: 2026-03-17 13:00:33,554 - Sending out mailerge list...
INFO: 2026-03-17 13:00:48,426 - DONE!
INFO: 2026-03-17 13:00:48,426 - FINISHED LOOP

error: No project saved for the project id: 2003582.
Failed to send email to {'id': 1604928, 'First_name': 'les martin', 'Email': 'lesmartin1957@gmail', 'message': 'Compensated In-Person Interview with Cybersecurity Professionals | $250 Incentive\n\nHello les martin,\n\nSIS International Research is conducting a compensated in-person interview with cybersecurity professionals at our office in the Flatiron District, NYC on March 19th.\n\nWe are offering a $250 incentive to participants who qualify, are selected, and complete the interview. Incentive will be paid in cash upon interview completion.\n\nMultiple interview time slots will be available throughout the day.\n\nIf you would like to be considered, please complete the short pre-screening survey below. If your responses indicate a potential fit, a member of our team will contact you directly to schedule your interview time.\n\nPlease note: Group sizes are small and spaces are limited. If selected, we kindly ask that you choose a time slot that you can confidently attend.\n\nClick below to begin the pre-screening survey:\nhttps://www.surveymonkey.com/r/GBBGFB5\n\nThank you for your time and interest.\n\nThis email is not confirmation that you are formally accepted for the study. We reserve the right to validate all information.\n\nKind regards,\nInsights Team\n200999\n\nSIS International Research\n11 E 22nd Street NY, NY 10010\n\nYou are receiving this email because we have identified you as a potential candidate for participation in voluntary, paid market research based on your publicly available professional contact information.\n\nIn accordance with Article 6(1)(f) of the GDPR, we process limited personal data on the basis of our legitimate interest in conducting market research.\n\nIf you prefer not to be contacted again or wish to exercise your data rights (access, correction, deletion, objection), please reply “NO” to this email. \n\nTo learn more about how we process your data, please refer to our Privacy Policy on our website.', 'project_id': 2009991}. Adding it to the list of failed emails.
failed emails saved

email sent to lesmartin1957@gmail
1 sent emails in total
Failed to send email to {'id': 1700188, 'First_name': 'jessica kornstein', 'Email': 'jkornstein', 'message': 'Compensated In-Person Interview with Cybersecurity Professionals | $250 Incentive\n\nHello jessica kornstein,\n\nSIS International Research is conducting a compensated in-person interview with cybersecurity professionals at our office in the Flatiron District, NYC on March 19th.\n\nWe are offering a $250 incentive to participants who qualify, are selected, and complete the interview. Incentive will be paid in cash upon interview completion.\n\nMultiple interview time slots will be available throughout the day.\n\nIf you would like to be considered, please complete the short pre-screening survey below. If your responses indicate a potential fit, a member of our team will contact you directly to schedule your interview time.\n\nPlease note: Group sizes are small and spaces are limited. If selected, we kindly ask that you choose a time slot that you can confidently attend.\n\nClick below to begin the pre-screening survey:\nhttps://www.surveymonkey.com/r/GBBGFB5\n\nThank you for your time and interest.\n\nThis email is not confirmation that you are formally accepted for the study. We reserve the right to validate all information.\n\nKind regards,\nInsights Team\n200999\n\nSIS International Research\n11 E 22nd Street NY, NY 10010\n\nYou are receiving this email because we have identified you as a potential candidate for participation in voluntary, paid market research based on your publicly available professional contact information.\n\nIn accordance with Article 6(1)(f) of the GDPR, we process limited personal data on the basis of our legitimate interest in conducting market research.\n\nIf you prefer not to be contacted again or wish to exercise your data rights (access, correction, deletion, objection), please reply “NO” to this email. \n\nTo learn more about how we process your data, please refer to our Privacy Policy on our website.', 'project_id': 2009991}. Adding it to the list of failed emails.
failed emails saved

email sent to jkornstein
2 sent emails in total
INFO: 2026-03-17 13:30:07,679 - STARTING LOOP
INFO: 2026-03-17 13:30:07,679 - Getting blasts quota...
INFO: 2026-03-17 13:30:07,687 - DONE!
INFO: 2026-03-17 13:30:08,159 - Processing project 2003711 - tra_sydney...
INFO: 2026-03-17 13:30:08,159 - Getting records for Mailmerge...
INFO: 2026-03-17 13:30:08,160 - Got 0 records!
INFO: 2026-03-17 13:30:08,187 - Processing project 2009991 - glassview_it...
INFO: 2026-03-17 13:30:08,187 - Getting records for Mailmerge...
INFO: 2026-03-17 13:30:08,194 - Got 2 records!
INFO: 2026-03-17 13:30:08,232 - Processing project 2010272 - vidlet_japan...
INFO: 2026-03-17 13:30:08,232 - Getting records for Mailmerge...
INFO: 2026-03-17 13:30:08,233 - Got 0 records!
INFO: 2026-03-17 13:30:08,247 - Processing project 1467231 - hsj_medical_sis_lists...
INFO: 2026-03-17 13:30:08,247 - Getting records for Mailmerge...
INFO: 2026-03-17 13:30:08,251 - Got 0 records!
INFO: 2026-03-17 13:30:08,268 - Processing project 1949181 - northwestel...
INFO: 2026-03-17 13:30:08,268 - Getting records for Mailmerge...
INFO: 2026-03-17 13:30:08,269 - Got 0 records!
INFO: 2026-03-17 13:30:08,346 - Processing project 1995971 - Vanguardcharitable...
INFO: 2026-03-17 13:30:08,347 - Getting records for Mailmerge...
INFO: 2026-03-17 13:30:08,348 - Got 0 records!
INFO: 2026-03-17 13:30:08,734 - Processing project 2002111 - hlm_prison_research...
INFO: 2026-03-17 13:30:08,734 - Getting records for Mailmerge...
INFO: 2026-03-17 13:30:08,812 - Got 0 records!
INFO: 2026-03-17 13:30:10,002 - Processing project 2003712 - tra_sydney_aus_only...
INFO: 2026-03-17 13:30:10,002 - Getting records for Mailmerge...
INFO: 2026-03-17 13:30:30,306 - Got 73 records!
INFO: 2026-03-17 13:30:30,306 - FINISHED LOOP

INFO: 2026-03-17 13:30:30,331 - STARTING LOOP
INFO: 2026-03-17 13:30:30,331 - Sending out mailerge list...
INFO: 2026-03-17 13:30:39,312 - DONE!
INFO: 2026-03-17 13:30:39,313 - FINISHED LOOP

error: No project saved for the project id: 2003582.
Failed to send email to {'id': 1604928, 'First_name': 'les martin', 'Email': 'lesmartin1957@gmail', 'message': 'Compensated In-Person Interview with Cybersecurity Professionals | $250 Incentive\n\nHello les martin,\n\nSIS International Research is conducting a compensated in-person interview with cybersecurity professionals at our office in the Flatiron District, NYC on March 19th.\n\nWe are offering a $250 incentive to participants who qualify, are selected, and complete the interview. Incentive will be paid in cash upon interview completion.\n\nMultiple interview time slots will be available throughout the day.\n\nIf you would like to be considered, please complete the short pre-screening survey below. If your responses indicate a potential fit, a member of our team will contact you directly to schedule your interview time.\n\nPlease note: Group sizes are small and spaces are limited. If selected, we kindly ask that you choose a time slot that you can confidently attend.\n\nClick below to begin the pre-screening survey:\nhttps://www.surveymonkey.com/r/GBBGFB5\n\nThank you for your time and interest.\n\nThis email is not confirmation that you are formally accepted for the study. We reserve the right to validate all information.\n\nKind regards,\nInsights Team\n200999\n\nSIS International Research\n11 E 22nd Street NY, NY 10010\n\nYou are receiving this email because we have identified you as a potential candidate for participation in voluntary, paid market research based on your publicly available professional contact information.\n\nIn accordance with Article 6(1)(f) of the GDPR, we process limited personal data on the basis of our legitimate interest in conducting market research.\n\nIf you prefer not to be contacted again or wish to exercise your data rights (access, correction, deletion, objection), please reply “NO” to this email. \n\nTo learn more about how we process your data, please refer to our Privacy Policy on our website.', 'project_id': 2009991}. Adding it to the list of failed emails.
failed emails saved

email sent to lesmartin1957@gmail
1 sent emails in total
Failed to send email to {'id': 1700188, 'First_name': 'jessica kornstein', 'Email': 'jkornstein', 'message': 'Compensated In-Person Interview with Cybersecurity Professionals | $250 Incentive\n\nHello jessica kornstein,\n\nSIS International Research is conducting a compensated in-person interview with cybersecurity professionals at our office in the Flatiron District, NYC on March 19th.\n\nWe are offering a $250 incentive to participants who qualify, are selected, and complete the interview. Incentive will be paid in cash upon interview completion.\n\nMultiple interview time slots will be available throughout the day.\n\nIf you would like to be considered, please complete the short pre-screening survey below. If your responses indicate a potential fit, a member of our team will contact you directly to schedule your interview time.\n\nPlease note: Group sizes are small and spaces are limited. If selected, we kindly ask that you choose a time slot that you can confidently attend.\n\nClick below to begin the pre-screening survey:\nhttps://www.surveymonkey.com/r/GBBGFB5\n\nThank you for your time and interest.\n\nThis email is not confirmation that you are formally accepted for the study. We reserve the right to validate all information.\n\nKind regards,\nInsights Team\n200999\n\nSIS International Research\n11 E 22nd Street NY, NY 10010\n\nYou are receiving this email because we have identified you as a potential candidate for participation in voluntary, paid market research based on your publicly available professional contact information.\n\nIn accordance with Article 6(1)(f) of the GDPR, we process limited personal data on the basis of our legitimate interest in conducting market research.\n\nIf you prefer not to be contacted again or wish to exercise your data rights (access, correction, deletion, objection), please reply “NO” to this email. \n\nTo learn more about how we process your data, please refer to our Privacy Policy on our website.', 'project_id': 2009991}. Adding it to the list of failed emails.
failed emails saved

email sent to jkornstein
2 sent emails in total
INFO: 2026-03-17 17:39:32,563 - STARTING LOOP
INFO: 2026-03-17 17:39:32,563 - Getting blasts quota...
INFO: 2026-03-17 17:39:32,570 - DONE!
INFO: 2026-03-17 17:39:33,004 - Processing project 2003711 - tra_sydney...
INFO: 2026-03-17 17:39:33,004 - Getting records for Mailmerge...
INFO: 2026-03-17 17:39:33,006 - Got 0 records!
INFO: 2026-03-17 17:39:33,028 - Processing project 2009991 - glassview_it...
INFO: 2026-03-17 17:39:33,029 - Getting records for Mailmerge...
INFO: 2026-03-17 17:39:33,035 - Got 2 records!
INFO: 2026-03-17 17:39:33,074 - Processing project 2010272 - vidlet_japan...
INFO: 2026-03-17 17:39:33,075 - Getting records for Mailmerge...
INFO: 2026-03-17 17:39:33,075 - Got 0 records!
INFO: 2026-03-17 17:39:33,089 - Processing project 1467231 - hsj_medical_sis_lists...
INFO: 2026-03-17 17:39:33,089 - Getting records for Mailmerge...
INFO: 2026-03-17 17:39:33,092 - Got 0 records!
INFO: 2026-03-17 17:39:33,107 - Processing project 1949181 - northwestel...
INFO: 2026-03-17 17:39:33,107 - Getting records for Mailmerge...
INFO: 2026-03-17 17:39:33,108 - Got 0 records!
INFO: 2026-03-17 17:39:33,141 - Processing project 1995971 - Vanguardcharitable...
INFO: 2026-03-17 17:39:33,142 - Getting records for Mailmerge...
INFO: 2026-03-17 17:39:33,142 - Got 0 records!
INFO: 2026-03-17 17:39:33,168 - Processing project 2002111 - hlm_prison_research...
INFO: 2026-03-17 17:39:33,169 - Getting records for Mailmerge...
INFO: 2026-03-17 17:39:33,224 - Got 0 records!
INFO: 2026-03-17 17:39:33,935 - Processing project 2003712 - tra_sydney_aus_only...
INFO: 2026-03-17 17:39:33,935 - Getting records for Mailmerge...
INFO: 2026-03-17 17:43:18,181 - Got 73 records!
INFO: 2026-03-17 17:43:18,182 - FINISHED LOOP

INFO: 2026-03-17 17:43:18,194 - STARTING LOOP
INFO: 2026-03-17 17:43:18,195 - Sending out mailerge list...
INFO: 2026-03-17 17:43:29,337 - DONE!
INFO: 2026-03-17 17:43:29,338 - FINISHED LOOP

error: No project saved for the project id: 2003582.
Failed to send email to {'id': 1604928, 'First_name': 'les martin', 'Email': 'lesmartin1957@gmail', 'message': 'Compensated In-Person Interview with Cybersecurity Professionals | $250 Incentive\n\nHello les martin,\n\nSIS International Research is conducting a compensated in-person interview with cybersecurity professionals at our office in the Flatiron District, NYC on March 19th.\n\nWe are offering a $250 incentive to participants who qualify, are selected, and complete the interview. Incentive will be paid in cash upon interview completion.\n\nMultiple interview time slots will be available throughout the day.\n\nIf you would like to be considered, please complete the short pre-screening survey below. If your responses indicate a potential fit, a member of our team will contact you directly to schedule your interview time.\n\nPlease note: Group sizes are small and spaces are limited. If selected, we kindly ask that you choose a time slot that you can confidently attend.\n\nClick below to begin the pre-screening survey:\nhttps://www.surveymonkey.com/r/GBBGFB5\n\nThank you for your time and interest.\n\nThis email is not confirmation that you are formally accepted for the study. We reserve the right to validate all information.\n\nKind regards,\nInsights Team\n200999\n\nSIS International Research\n11 E 22nd Street NY, NY 10010\n\nYou are receiving this email because we have identified you as a potential candidate for participation in voluntary, paid market research based on your publicly available professional contact information.\n\nIn accordance with Article 6(1)(f) of the GDPR, we process limited personal data on the basis of our legitimate interest in conducting market research.\n\nIf you prefer not to be contacted again or wish to exercise your data rights (access, correction, deletion, objection), please reply “NO” to this email. \n\nTo learn more about how we process your data, please refer to our Privacy Policy on our website.', 'project_id': 2009991}. Adding it to the list of failed emails.
failed emails saved

email sent to lesmartin1957@gmail
1 sent emails in total
Failed to send email to {'id': 1700188, 'First_name': 'jessica kornstein', 'Email': 'jkornstein', 'message': 'Compensated In-Person Interview with Cybersecurity Professionals | $250 Incentive\n\nHello jessica kornstein,\n\nSIS International Research is conducting a compensated in-person interview with cybersecurity professionals at our office in the Flatiron District, NYC on March 19th.\n\nWe are offering a $250 incentive to participants who qualify, are selected, and complete the interview. Incentive will be paid in cash upon interview completion.\n\nMultiple interview time slots will be available throughout the day.\n\nIf you would like to be considered, please complete the short pre-screening survey below. If your responses indicate a potential fit, a member of our team will contact you directly to schedule your interview time.\n\nPlease note: Group sizes are small and spaces are limited. If selected, we kindly ask that you choose a time slot that you can confidently attend.\n\nClick below to begin the pre-screening survey:\nhttps://www.surveymonkey.com/r/GBBGFB5\n\nThank you for your time and interest.\n\nThis email is not confirmation that you are formally accepted for the study. We reserve the right to validate all information.\n\nKind regards,\nInsights Team\n200999\n\nSIS International Research\n11 E 22nd Street NY, NY 10010\n\nYou are receiving this email because we have identified you as a potential candidate for participation in voluntary, paid market research based on your publicly available professional contact information.\n\nIn accordance with Article 6(1)(f) of the GDPR, we process limited personal data on the basis of our legitimate interest in conducting market research.\n\nIf you prefer not to be contacted again or wish to exercise your data rights (access, correction, deletion, objection), please reply “NO” to this email. \n\nTo learn more about how we process your data, please refer to our Privacy Policy on our website.', 'project_id': 2009991}. Adding it to the list of failed emails.
failed emails saved

email sent to jkornstein
2 sent emails in total
INFO: 2026-03-17 19:30:06,877 - STARTING LOOP
INFO: 2026-03-17 19:30:06,877 - Getting blasts quota...
INFO: 2026-03-17 19:30:06,884 - DONE!
WARNING: 2026-03-17 19:30:06,884 - No projects to work on!
INFO: 2026-03-17 19:30:06,884 - FINISHED LOOP

INFO: 2026-03-17 19:30:06,885 - STARTING LOOP
INFO: 2026-03-17 19:30:06,885 - there's no mailmerge list. Skipping for now...
INFO: 2026-03-17 19:30:06,885 - FINISHED LOOP

INFO: 2026-03-17 20:41:24,176 - STARTING LOOP
INFO: 2026-03-17 20:41:24,177 - Getting blasts quota...
INFO: 2026-03-17 20:41:24,185 - DONE!
WARNING: 2026-03-17 20:41:24,185 - No projects to work on!
INFO: 2026-03-17 20:41:24,185 - FINISHED LOOP

INFO: 2026-03-17 20:41:24,185 - STARTING LOOP
INFO: 2026-03-17 20:41:24,186 - there's no mailmerge list. Skipping for now...
INFO: 2026-03-17 20:41:24,186 - FINISHED LOOP

INFO: 2026-03-18 04:30:07,734 - STARTING LOOP
INFO: 2026-03-18 04:30:07,735 - Getting blasts quota...
INFO: 2026-03-18 04:30:07,743 - DONE!
WARNING: 2026-03-18 04:30:07,743 - No projects to work on!
INFO: 2026-03-18 04:30:07,743 - FINISHED LOOP

INFO: 2026-03-18 04:30:07,743 - STARTING LOOP
INFO: 2026-03-18 04:30:07,744 - there's no mailmerge list. Skipping for now...
INFO: 2026-03-18 04:30:07,744 - FINISHED LOOP

INFO: 2026-03-18 08:32:53,656 - STARTING LOOP
INFO: 2026-03-18 08:32:53,656 - Getting blasts quota...
INFO: 2026-03-18 08:32:53,658 - DONE!
WARNING: 2026-03-18 08:32:53,658 - No projects to work on!
INFO: 2026-03-18 08:32:53,658 - FINISHED LOOP

INFO: 2026-03-18 08:32:53,658 - STARTING LOOP
INFO: 2026-03-18 08:32:53,658 - there's no mailmerge list. Skipping for now...
INFO: 2026-03-18 08:32:53,658 - FINISHED LOOP

INFO: 2026-03-18 09:00:09,833 - STARTING LOOP
INFO: 2026-03-18 09:00:09,833 - Getting blasts quota...
INFO: 2026-03-18 09:00:09,847 - DONE!
WARNING: 2026-03-18 09:00:09,847 - No projects to work on!
INFO: 2026-03-18 09:00:09,847 - FINISHED LOOP

INFO: 2026-03-18 09:00:09,847 - STARTING LOOP
INFO: 2026-03-18 09:00:09,848 - there's no mailmerge list. Skipping for now...
INFO: 2026-03-18 09:00:09,848 - FINISHED LOOP

INFO: 2026-03-18 09:30:09,360 - STARTING LOOP
INFO: 2026-03-18 09:30:09,361 - Getting blasts quota...
INFO: 2026-03-18 09:30:09,368 - DONE!
WARNING: 2026-03-18 09:30:09,369 - No projects to work on!
INFO: 2026-03-18 09:30:09,369 - FINISHED LOOP

INFO: 2026-03-18 09:30:09,369 - STARTING LOOP
INFO: 2026-03-18 09:30:09,370 - there's no mailmerge list. Skipping for now...
INFO: 2026-03-18 09:30:09,370 - FINISHED LOOP

INFO: 2026-03-18 10:00:11,022 - STARTING LOOP
INFO: 2026-03-18 10:00:11,022 - Getting blasts quota...
INFO: 2026-03-18 10:00:11,033 - DONE!
WARNING: 2026-03-18 10:00:11,035 - No projects to work on!
INFO: 2026-03-18 10:00:11,035 - FINISHED LOOP

INFO: 2026-03-18 10:00:11,035 - STARTING LOOP
INFO: 2026-03-18 10:00:11,035 - there's no mailmerge list. Skipping for now...
INFO: 2026-03-18 10:00:11,035 - FINISHED LOOP

INFO: 2026-03-18 10:30:08,619 - STARTING LOOP
INFO: 2026-03-18 10:30:08,619 - Getting blasts quota...
INFO: 2026-03-18 10:30:08,624 - DONE!
WARNING: 2026-03-18 10:30:08,624 - No projects to work on!
INFO: 2026-03-18 10:30:08,624 - FINISHED LOOP

INFO: 2026-03-18 10:30:08,624 - STARTING LOOP
INFO: 2026-03-18 10:30:08,625 - there's no mailmerge list. Skipping for now...
INFO: 2026-03-18 10:30:08,625 - FINISHED LOOP

INFO: 2026-03-18 11:00:07,832 - STARTING LOOP
INFO: 2026-03-18 11:00:07,833 - Getting blasts quota...
INFO: 2026-03-18 11:00:07,841 - DONE!
INFO: 2026-03-18 11:00:08,462 - Processing project 1995971 - Vanguardcharitable...
INFO: 2026-03-18 11:00:08,462 - Getting records for Mailmerge...
INFO: 2026-03-18 11:00:08,490 - Got 73 records!
INFO: 2026-03-18 11:00:09,758 - Processing project 1993745 - hcr_usa_re_blast_nyc...
INFO: 2026-03-18 11:00:09,759 - Getting records for Mailmerge...
INFO: 2026-03-18 11:00:09,842 - Got 65 records!
INFO: 2026-03-18 11:00:20,234 - Processing project 1993746 - hcr_usa_re_blast_west...
INFO: 2026-03-18 11:00:20,235 - Getting records for Mailmerge...
INFO: 2026-03-18 11:00:20,281 - Got 58 records!
INFO: 2026-03-18 11:00:20,948 - Processing project 2003712 - tra_sydney_aus_only...
INFO: 2026-03-18 11:00:20,948 - Getting records for Mailmerge...
INFO: 2026-03-18 11:00:36,112 - Got 73 records!
INFO: 2026-03-18 11:00:36,900 - Processing project 2010271 - vidlet_spain...
INFO: 2026-03-18 11:00:36,900 - Getting records for Mailmerge...
INFO: 2026-03-18 11:00:37,335 - Got 36 records!
INFO: 2026-03-18 11:00:37,459 - Processing project 2010272 - vidlet_japan...
INFO: 2026-03-18 11:00:37,459 - Getting records for Mailmerge...
INFO: 2026-03-18 11:00:37,701 - Got 29 records!
INFO: 2026-03-18 11:00:37,751 - Processing project 1432181 - reputation_leaders_csuite...
INFO: 2026-03-18 11:00:37,752 - Getting records for Mailmerge...
INFO: 2026-03-18 11:00:37,976 - Got 22 records!
INFO: 2026-03-18 11:00:40,136 - Processing project 1150717 - red_associates_cancer_spain_referrals...
INFO: 2026-03-18 11:00:40,137 - Getting records for Mailmerge...
INFO: 2026-03-18 11:00:40,278 - Got 15 records!
INFO: 2026-03-18 11:00:41,989 - Processing project 1150716 - red_associates_cancer_canada_referrals...
INFO: 2026-03-18 11:00:41,989 - Getting records for Mailmerge...
INFO: 2026-03-18 11:00:42,835 - Got 7 records!
INFO: 2026-03-18 11:00:42,836 - FINISHED LOOP

INFO: 2026-03-18 11:00:42,864 - STARTING LOOP
INFO: 2026-03-18 11:00:42,865 - Sending out mailerge list...
INFO: 2026-03-18 11:07:57,229 - DONE!
INFO: 2026-03-18 11:07:57,231 - FINISHED LOOP


email sent to cornelia.hillman@bankofamerica.com
1 sent emails in total

email sent to darshan.patel@bofa.com
2 sent emails in total

email sent to bryan.preston@securitas.com
3 sent emails in total

email sent to brent.gay@af247.com
4 sent emails in total

email sent to peggy_richardson@teamhealth.com
5 sent emails in total

email sent to john.gregory@rich.frb.org
6 sent emails in total

email sent to ar@pfizer.com
7 sent emails in total

email sent to scho@nanocellect.com
8 sent emails in total

email sent to rbrown@trimontrea.com
9 sent emails in total

email sent to jzhang@sgintl.com
10 sent emails in total

email sent to dara_chen@partech.com
11 sent emails in total

email sent to malgorzata.pawlowska@dell.com
12 sent emails in total

email sent to ashley@empify.com
13 sent emails in total

email sent to zkhan@lendmarkfinancial.com
14 sent emails in total

email sent to tambra@castlebri.com
15 sent emails in total

email sent to benjamin@summitmgmtpartners.com
16 sent emails in total

email sent to kerry.reeder@ge.com
17 sent emails in total

email sent to melissamartinez@ge.com
18 sent emails in total

email sent to bahaiyyih.arevalo-carn@bankofamerica.com
19 sent emails in total

email sent to sgireesan@concentrix.com
20 sent emails in total

email sent to david.harp@wearetrustedally.com
21 sent emails in total

email sent to bwesselhoff@waterstonemortgage.com
22 sent emails in total

email sent to sara.moss@lushusa.com
23 sent emails in total

email sent to gina.kennedy@nm.com
24 sent emails in total

email sent to jeffrey.buyak@truist.com
25 sent emails in total

email sent to michellemoore@sandiego.edu
26 sent emails in total

email sent to amanda.rosseter@pnc.com
27 sent emails in total

email sent to bnye@narwhalcapital.com
28 sent emails in total

email sent to lsilveira@roireit.net
29 sent emails in total

email sent to ewath@lincoln.ac.uk
30 sent emails in total

email sent to jay.frank@td.com
31 sent emails in total

email sent to jmarquardt@golftec.com
32 sent emails in total

email sent to amber.weinel@geaviation.com
33 sent emails in total

email sent to randy.koporc@53.com
34 sent emails in total

email sent to shannon.howe@northpointe.com
35 sent emails in total

email sent to cklube@unioncafe.com
36 sent emails in total

email sent to evamarieschoenborn@northwesternmutual.com
37 sent emails in total

email sent to tim.kaliban@greenskycredit.com
38 sent emails in total

email sent to michael.sauder@lilly.com
39 sent emails in total

email sent to tonycatania@sgintl.com
40 sent emails in total

email sent to nicole.stokes@amerisbank.com
41 sent emails in total

email sent to stevel@laughland.com
42 sent emails in total

email sent to megan.deutsch@edwardjones.com
43 sent emails in total

email sent to pam.kilzer@intrado.com
44 sent emails in total

email sent to drmccann@michaelsmccanndds.com
45 sent emails in total

email sent to steven.bullock@fmr.com
46 sent emails in total

email sent to jhbhope@operationhope.org
47 sent emails in total

email sent to ali.khan@finastra.com
48 sent emails in total

email sent to jayr@amd.com
49 sent emails in total

email sent to david.t@genspring.com
50 sent emails in total

email sent to michael.emerson@jci.com
51 sent emails in total

email sent to robert.guinn@invesco.com
52 sent emails in total

email sent to nfeather@primerevenue.com
53 sent emails in total

email sent to serena.spencer@aaa.com
54 sent emails in total

email sent to richard.schimpf@outsideinc.com
55 sent emails in total

email sent to zakee@eastclevelandpubliclibrary.org
56 sent emails in total

email sent to susan.nichols@deluxe.com
57 sent emails in total

email sent to michael.lentinello@iqeq.com
58 sent emails in total

email sent to santhanarajan.odayar@firstdata.com
59 sent emails in total

email sent to susan.reigel@fmr.com
60 sent emails in total

email sent to lmckinney@mckinneycapital.com
61 sent emails in total

email sent to castle_bryan@lilly.com
62 sent emails in total

email sent to jsnyder@petersandyaffee.com
63 sent emails in total

email sent to shcherbinin_sergey@lilly.com
64 sent emails in total

email sent to tyler.carlier@jpmorganchase.com
65 sent emails in total

email sent to britt.faunce@htb.com
66 sent emails in total

email sent to amit.jakati@amd.com
67 sent emails in total

email sent to joseph.kilcullen@suntrust.com
68 sent emails in total

email sent to josh.levit@invesco.com
69 sent emails in total

email sent to andy@trackur.com
70 sent emails in total

email sent to david.mclaughlin@bhnetwork.com
71 sent emails in total

email sent to yichang.yang@morganstanley.com
72 sent emails in total

email sent to alexandra@impactpartner.com
73 sent emails in total

email sent to ar@pfizer.com
74 sent emails in total

email sent to mark.diamzon@trginternational.com
75 sent emails in total

email sent to glenn.obrien@prudential.com
76 sent emails in total

email sent to natalya.rasmussen@jpmorgan.com
77 sent emails in total

email sent to arup.nanda@jpmchase.com
78 sent emails in total

email sent to anthony.arico@wellsfargoadvisors.com
79 sent emails in total

email sent to milen.shikov@aig.com
80 sent emails in total

email sent to msacco@cbiz.com
81 sent emails in total

email sent to jpressman@alvarezandmarsal.com
82 sent emails in total

email sent to alfredo.milera@markit.com
83 sent emails in total

email sent to jeffrey.a.geller@jpmorgan.com
84 sent emails in total

email sent to valerie.hannah@brookfield.com
85 sent emails in total

email sent to chris.striano@blackstone.com
86 sent emails in total

email sent to kaizad.p.darbari@jpmorgan.com
87 sent emails in total

email sent to kush.teotia@jpmorgan.com
88 sent emails in total

email sent to louis.bertrand@capgemini.com
89 sent emails in total

email sent to martin.digiovanni@bnymellon.com
90 sent emails in total

email sent to thomas.sexton@bnymellon.com
91 sent emails in total

email sent to gsawhney@hcg.com
92 sent emails in total

email sent to sven.stumbauer@us.gt.com
93 sent emails in total

email sent to paversano@alvarezandmarsal.com
94 sent emails in total

email sent to pamela.weiner@jpmorgan.com
95 sent emails in total

email sent to rex.tang@hsbc.com
96 sent emails in total

email sent to gilles.fillinger@jpmchase.com
97 sent emails in total

email sent to divya.batane@capitalone.com
98 sent emails in total

email sent to gnicoll@alvarezandmarsal.com
99 sent emails in total

email sent to marinabolsterli.smith@morganstanley.com
100 sent emails in total
INFO: 2026-03-18 11:30:07,302 - STARTING LOOP
INFO: 2026-03-18 11:30:07,303 - Getting blasts quota...
INFO: 2026-03-18 11:30:07,311 - DONE!
INFO: 2026-03-18 11:30:07,777 - Processing project 1995971 - Vanguardcharitable...
INFO: 2026-03-18 11:30:07,777 - Getting records for Mailmerge...
INFO: 2026-03-18 11:30:07,778 - Got 0 records!
INFO: 2026-03-18 11:30:08,833 - Processing project 1993745 - hcr_usa_re_blast_nyc...
INFO: 2026-03-18 11:30:08,833 - Getting records for Mailmerge...
INFO: 2026-03-18 11:30:08,907 - Got 38 records!
INFO: 2026-03-18 11:30:19,315 - Processing project 1993746 - hcr_usa_re_blast_west...
INFO: 2026-03-18 11:30:19,316 - Getting records for Mailmerge...
INFO: 2026-03-18 11:30:19,359 - Got 58 records!
INFO: 2026-03-18 11:30:20,054 - Processing project 2003712 - tra_sydney_aus_only...
INFO: 2026-03-18 11:30:20,054 - Getting records for Mailmerge...
INFO: 2026-03-18 11:30:36,013 - Got 73 records!
INFO: 2026-03-18 11:30:36,588 - Processing project 2010271 - vidlet_spain...
INFO: 2026-03-18 11:30:36,588 - Getting records for Mailmerge...
INFO: 2026-03-18 11:30:36,998 - Got 36 records!
INFO: 2026-03-18 11:30:37,137 - Processing project 2010272 - vidlet_japan...
INFO: 2026-03-18 11:30:37,137 - Getting records for Mailmerge...
INFO: 2026-03-18 11:30:37,383 - Got 29 records!
INFO: 2026-03-18 11:30:37,429 - Processing project 1432181 - reputation_leaders_csuite...
INFO: 2026-03-18 11:30:37,430 - Getting records for Mailmerge...
INFO: 2026-03-18 11:30:37,651 - Got 22 records!
INFO: 2026-03-18 11:30:41,436 - Processing project 1150717 - red_associates_cancer_spain_referrals...
INFO: 2026-03-18 11:30:41,437 - Getting records for Mailmerge...
INFO: 2026-03-18 11:30:41,776 - Got 15 records!
INFO: 2026-03-18 11:30:43,571 - Processing project 1150716 - red_associates_cancer_canada_referrals...
INFO: 2026-03-18 11:30:43,572 - Getting records for Mailmerge...
INFO: 2026-03-18 11:30:44,450 - Got 7 records!
INFO: 2026-03-18 11:30:44,451 - FINISHED LOOP

INFO: 2026-03-18 11:30:44,471 - STARTING LOOP
INFO: 2026-03-18 11:30:44,471 - Sending out mailerge list...
INFO: 2026-03-18 11:37:33,623 - DONE!
INFO: 2026-03-18 11:37:33,625 - FINISHED LOOP


email sent to ranjan.lall@citi.com
1 sent emails in total

email sent to agrebenstein@hitt-gc.com
2 sent emails in total

email sent to crose2@ur.com
3 sent emails in total

email sent to amirn@dpr.com
4 sent emails in total

email sent to justin.drysdale@hillwood.com
5 sent emails in total

email sent to sabrina.pagani@aecom.com
6 sent emails in total

email sent to adaeze.nwachuku@bd.com
7 sent emails in total

email sent to tom.polen@bd.com
8 sent emails in total

email sent to michael_chen@bd.com
9 sent emails in total

email sent to syed_zaidi@bd.com
10 sent emails in total

email sent to tejash_patel@glic.com
11 sent emails in total

email sent to ian@total-management.com
12 sent emails in total

email sent to andrew.li@aprio.com
13 sent emails in total

email sent to victoria.pellegrino@aprio.com
14 sent emails in total

email sent to dan_peters@tomsofmaine.com
15 sent emails in total

email sent to dmitriy.voloshin@anthem.com
16 sent emails in total

email sent to ignacio.herrero@metlife.com
17 sent emails in total

email sent to michele_henson@glic.com
18 sent emails in total

email sent to alexandra.peluso@ge.com
19 sent emails in total

email sent to andre.moraes@pepsico.com
20 sent emails in total

email sent to christopher.leach@pepsico.com
21 sent emails in total

email sent to svelazquez@websterbank.com
22 sent emails in total

email sent to mrasani@bloomberg.net
23 sent emails in total

email sent to lauren.pleener@morganstanley.com
24 sent emails in total

email sent to erica.strunkey@bofa.com
25 sent emails in total

email sent to ethan.rubin@bofa.com
26 sent emails in total

email sent to paula.forte@tiaa.org
27 sent emails in total

email sent to agalarza@chestnutholdings.com
28 sent emails in total

email sent to kanika.pandey@jaspercolin.com
29 sent emails in total

email sent to brian.baker@teneo.com
30 sent emails in total

email sent to will.sullivan@aspiringbetterhuman.com
31 sent emails in total

email sent to kgeiger@kpmg.com
32 sent emails in total

email sent to todd.davis@franklincovey.com
33 sent emails in total

email sent to stephanie.iaboni@theceosrighthand.co
34 sent emails in total

email sent to nicholas@hellonavigo.com
35 sent emails in total

email sent to chris.berger@divsearch.com
36 sent emails in total

email sent to carlos@planetm.us
37 sent emails in total

email sent to amy.freedman@loreal.com
38 sent emails in total

email sent to charles.hetzel@alight.com
39 sent emails in total

email sent to ben@craftbeertime.com
40 sent emails in total

email sent to alex.young@todayspatio.com
41 sent emails in total

email sent to julie.spaccarelli@cchmc.org
42 sent emails in total

email sent to bwesselhoff@waterstonemortgage.com
43 sent emails in total

email sent to sharon@catalyst4fitness.com
44 sent emails in total

email sent to jbelk@spraguehotels.com
45 sent emails in total

email sent to kim.stanley@carletonhart.com
46 sent emails in total

email sent to cklube@unioncafe.com
47 sent emails in total

email sent to amanda.stadler@froedtert.com
48 sent emails in total

email sent to stevel@laughland.com
49 sent emails in total

email sent to julie.masterson@esgarch.com
50 sent emails in total

email sent to jlu@plexium.com
51 sent emails in total

email sent to rihana.robison@qdoba.com
52 sent emails in total

email sent to eliot@mercurymotos.com
53 sent emails in total

email sent to ktaylor@powersagency.com
54 sent emails in total

email sent to pwegert@bhpros.com
55 sent emails in total

email sent to edgar.ocampo@kochcompanies.com
56 sent emails in total

email sent to mb@pharmapropertygroup.com
57 sent emails in total

email sent to benp@kbadvisorsnw.com
58 sent emails in total

email sent to kyuquimpo@kumc.edu
59 sent emails in total

email sent to nglimsdahl@govds.com
60 sent emails in total

email sent to adoran@prevailiws.com
61 sent emails in total

email sent to mhylland1@farmersagent.com
62 sent emails in total

email sent to sbennett@newglarusbrewing.com
63 sent emails in total

email sent to debra@debrawildedesign.com
64 sent emails in total

email sent to karla@thetalentloop.com
65 sent emails in total

email sent to amys@ambassadormilwaukee.com
66 sent emails in total

email sent to pfrye@newschoolarch.edu
67 sent emails in total

email sent to barryg@celebconn.com
68 sent emails in total

email sent to cmeyer@lockton.com
69 sent emails in total

email sent to rhollister@farmersagent.com
70 sent emails in total

email sent to rsdavis@financialcompass.com
71 sent emails in total

email sent to jesposito@estradalandplan.com
72 sent emails in total

email sent to dave@gardenenlightenment.com
73 sent emails in total

email sent to heidi@knechts.net
74 sent emails in total

email sent to jasonluster@google.com
75 sent emails in total

email sent to marvinr@danvoscc.com
76 sent emails in total

email sent to mmaltby@walshgroup.com
77 sent emails in total

email sent to matth@immelconstruction.com
78 sent emails in total

email sent to selah@normanbuilding.com
79 sent emails in total

email sent to laurie.frew@pultegroup.com
80 sent emails in total

email sent to azra.kikanovic-gmyr@oracle.com
81 sent emails in total

email sent to becky@curvychiccloset.com
82 sent emails in total

email sent to eric@imagegear.com
83 sent emails in total

email sent to jamief@tartcollections.com
84 sent emails in total

email sent to angela@kosmosinsurance.com
85 sent emails in total

email sent to fashley@nextgen.com
86 sent emails in total

email sent to shuntington@evergreenhomeloans.com
87 sent emails in total

email sent to neil@montlakebike.com
88 sent emails in total

email sent to marypr@wfmtg.com
89 sent emails in total

email sent to kmcelrea@tahomasd.us
90 sent emails in total

email sent to jesce.walz@perkinswill.com
91 sent emails in total

email sent to charlie@development-investment.com
92 sent emails in total

email sent to annie.tian@albertsons.com
93 sent emails in total

email sent to wes.peper@coffman.com
94 sent emails in total

email sent to ingrid.phemister@seattle.gov
95 sent emails in total

email sent to meghan@happeningideas.com
96 sent emails in total

email sent to msillekens@mentisassist.org.au
97 sent emails in total

email sent to ebarrett@remi.ai
98 sent emails in total

email sent to manuel.constantinidis@speedshield.com
99 sent emails in total

email sent to pnaik@appen.com
100 sent emails in total
INFO: 2026-03-18 12:00:06,856 - STARTING LOOP
INFO: 2026-03-18 12:00:06,856 - Getting blasts quota...
INFO: 2026-03-18 12:00:06,873 - DONE!
INFO: 2026-03-18 12:00:07,418 - Processing project 1995971 - Vanguardcharitable...
INFO: 2026-03-18 12:00:07,419 - Getting records for Mailmerge...
INFO: 2026-03-18 12:00:07,420 - Got 0 records!
INFO: 2026-03-18 12:00:08,446 - Processing project 1993745 - hcr_usa_re_blast_nyc...
INFO: 2026-03-18 12:00:08,447 - Getting records for Mailmerge...
INFO: 2026-03-18 12:00:08,448 - Got 0 records!
INFO: 2026-03-18 12:00:17,094 - Processing project 1993746 - hcr_usa_re_blast_west...
INFO: 2026-03-18 12:00:17,095 - Getting records for Mailmerge...
INFO: 2026-03-18 12:00:17,096 - Got 0 records!
INFO: 2026-03-18 12:00:17,642 - Processing project 2003712 - tra_sydney_aus_only...
INFO: 2026-03-18 12:00:17,642 - Getting records for Mailmerge...
INFO: 2026-03-18 12:00:31,803 - Got 69 records!
INFO: 2026-03-18 12:00:32,330 - Processing project 2010271 - vidlet_spain...
INFO: 2026-03-18 12:00:32,330 - Getting records for Mailmerge...
INFO: 2026-03-18 12:00:32,953 - Got 36 records!
INFO: 2026-03-18 12:00:33,079 - Processing project 2010272 - vidlet_japan...
INFO: 2026-03-18 12:00:33,079 - Getting records for Mailmerge...
INFO: 2026-03-18 12:00:33,290 - Got 29 records!
INFO: 2026-03-18 12:00:33,337 - Processing project 1432181 - reputation_leaders_csuite...
INFO: 2026-03-18 12:00:33,337 - Getting records for Mailmerge...
INFO: 2026-03-18 12:00:33,564 - Got 22 records!
INFO: 2026-03-18 12:00:35,375 - Processing project 1150717 - red_associates_cancer_spain_referrals...
INFO: 2026-03-18 12:00:35,375 - Getting records for Mailmerge...
INFO: 2026-03-18 12:00:35,430 - Got 15 records!
INFO: 2026-03-18 12:00:36,976 - Processing project 1150716 - red_associates_cancer_canada_referrals...
INFO: 2026-03-18 12:00:36,976 - Getting records for Mailmerge...
INFO: 2026-03-18 12:00:37,767 - Got 7 records!
INFO: 2026-03-18 12:00:37,767 - FINISHED LOOP

INFO: 2026-03-18 12:00:37,780 - STARTING LOOP
INFO: 2026-03-18 12:00:37,780 - Sending out mailerge list...
Traceback (most recent call last):
  File "/Users/albertoruizcajiga/python/sis_international/smtp_worker.py", line 103, in <module>
    send_out_mm_list()
  File "/Users/albertoruizcajiga/python/sis_international/smtp_worker.py", line 85, in send_out_mm_list
    hourly_remaining = data[4] - data[6]
                       ~~~~^^^
TypeError: 'NoneType' object is not subscriptable
INFO: 2026-03-18 12:30:07,689 - STARTING LOOP
INFO: 2026-03-18 12:30:07,689 - Getting blasts quota...
INFO: 2026-03-18 12:30:07,698 - DONE!
INFO: 2026-03-18 12:30:08,402 - Processing project 1995971 - Vanguardcharitable...
INFO: 2026-03-18 12:30:08,403 - Getting records for Mailmerge...
INFO: 2026-03-18 12:30:08,403 - Got 0 records!
INFO: 2026-03-18 12:30:09,709 - Processing project 1993745 - hcr_usa_re_blast_nyc...
INFO: 2026-03-18 12:30:09,709 - Getting records for Mailmerge...
INFO: 2026-03-18 12:30:09,711 - Got 0 records!
INFO: 2026-03-18 12:30:20,183 - Processing project 1993746 - hcr_usa_re_blast_west...
INFO: 2026-03-18 12:30:20,185 - Getting records for Mailmerge...
INFO: 2026-03-18 12:30:20,187 - Got 0 records!
INFO: 2026-03-18 12:30:20,957 - Processing project 2003712 - tra_sydney_aus_only...
INFO: 2026-03-18 12:30:20,958 - Getting records for Mailmerge...
INFO: 2026-03-18 12:30:36,740 - Got 69 records!
INFO: 2026-03-18 12:30:37,688 - Processing project 2010271 - vidlet_spain...
INFO: 2026-03-18 12:30:37,688 - Getting records for Mailmerge...
INFO: 2026-03-18 12:30:38,126 - Got 36 records!
INFO: 2026-03-18 12:30:38,294 - Processing project 2010272 - vidlet_japan...
INFO: 2026-03-18 12:30:38,295 - Getting records for Mailmerge...
INFO: 2026-03-18 12:30:38,519 - Got 29 records!
INFO: 2026-03-18 12:30:38,576 - Processing project 1432181 - reputation_leaders_csuite...
INFO: 2026-03-18 12:30:38,576 - Getting records for Mailmerge...
INFO: 2026-03-18 12:30:38,805 - Got 22 records!
INFO: 2026-03-18 12:30:41,563 - Processing project 1150717 - red_associates_cancer_spain_referrals...
INFO: 2026-03-18 12:30:41,564 - Getting records for Mailmerge...
INFO: 2026-03-18 12:30:41,971 - Got 15 records!
INFO: 2026-03-18 12:30:43,823 - Processing project 1150716 - red_associates_cancer_canada_referrals...
INFO: 2026-03-18 12:30:43,823 - Getting records for Mailmerge...
INFO: 2026-03-18 12:30:44,682 - Got 7 records!
INFO: 2026-03-18 12:30:44,683 - FINISHED LOOP

INFO: 2026-03-18 12:30:44,695 - STARTING LOOP
INFO: 2026-03-18 12:30:44,696 - Sending out mailerge list...
INFO: 2026-03-18 12:37:43,731 - DONE!
INFO: 2026-03-18 12:37:43,733 - FINISHED LOOP


email sent to popy.bernardo@yha.com.au
1 sent emails in total

email sent to rob.sturgeon@srcentre.com.au
2 sent emails in total

email sent to daniel.dickens@cromwell.com.au
3 sent emails in total

email sent to stephanie.bracci@jonesradiology.com.au
4 sent emails in total

email sent to feiern@gmx.li
5 sent emails in total

email sent to brogers@ppg.com
6 sent emails in total

email sent to erica.warner@sanofi.com
7 sent emails in total

email sent to anita.britcher@auspost.com.au
8 sent emails in total

email sent to kchng@lrh.com.au
9 sent emails in total

email sent to susanna.murphy@sjog.org.au
10 sent emails in total

email sent to gareth.simpson@rch.org.au
11 sent emails in total

email sent to ash.doherty@rch.org.au
12 sent emails in total

email sent to anita.pax@teagasc.ie
13 sent emails in total

email sent to gus.donofrio@unitedworkers.org.au
14 sent emails in total

email sent to spencer.clements@spc.com.au
15 sent emails in total

email sent to haly.calderwood@danone.com
16 sent emails in total

email sent to peter.scott@goodmanfielder.com.au
17 sent emails in total

email sent to charlotte.hurn@ipn.com.au
18 sent emails in total

email sent to dylan.baker@qldxray.com.au
19 sent emails in total

email sent to sarah.chesher@therapyfocus.org.au
20 sent emails in total

email sent to tchapman@raq.org.au
21 sent emails in total

email sent to mikayela.hill@wcs.org.au
22 sent emails in total

email sent to elizabeth.mcinnes@autismqld.com.au
23 sent emails in total

email sent to alyce@becentre.org.au
24 sent emails in total

email sent to kiki.chen@nextpracticehealth.com
25 sent emails in total

email sent to jack.burns@awh.org.au
26 sent emails in total

email sent to rebecca.blackwood@petermac.org
27 sent emails in total

email sent to elsa.tesi@petermac.org
28 sent emails in total

email sent to craisbeck@boltonclarke.com.au
29 sent emails in total

email sent to simon@sdr.com.au
30 sent emails in total

email sent to sarah.broome@monashhealth.org
31 sent emails in total

email sent to pdewet@usc.edu.au
32 sent emails in total

email sent to sgopalan@warrigal.com.au
33 sent emails in total

email sent to kirk.downey@equigroup.com
34 sent emails in total

email sent to mona.chung@bluemountcapital.com
35 sent emails in total

email sent to marcelle.powell@det.nsw.edu.au
36 sent emails in total

email sent to thickey@contango.com.au
37 sent emails in total

email sent to nicolas.guerineau@thalesgroup.com
38 sent emails in total

email sent to jhennessy@stjohn.org.pg
39 sent emails in total

email sent to michelle@audiologic.net.au
40 sent emails in total

email sent to thys.matthews@cannatrek.com
41 sent emails in total

email sent to marc.warshall@creaturetechnology.com
42 sent emails in total

email sent to barry.maitland@ausvenueco.com.au
43 sent emails in total

email sent to jourdan.templeton@awaregroup.com
44 sent emails in total

email sent to unal.altay@vline.com.au
45 sent emails in total

email sent to jimmy.lee@cedarwoods.com.au
46 sent emails in total

email sent to rmostacci@uniting.org
47 sent emails in total

email sent to daniel.johnson@dementia.org.au
48 sent emails in total

email sent to manohar.esarapu@portphillip.vic.gov.au
49 sent emails in total

email sent to mspinelli@juniper.net
50 sent emails in total

email sent to kaan.ergen@pfizer.com
51 sent emails in total

email sent to shannon.reynolds@casellafamilybrands.com
52 sent emails in total

email sent to kari.richter@health.qld.gov.au
53 sent emails in total

email sent to psmith@bcarch.net
54 sent emails in total

email sent to vdarnoc@sheargoldgroup.com
55 sent emails in total

email sent to shalline.chok@gmail.com
56 sent emails in total

email sent to james.purdom@gmail.com
57 sent emails in total

email sent to heather.goldsmith@gmail.com
58 sent emails in total

email sent to macquariedental@gmail.com
59 sent emails in total

email sent to steven.pearce@gmail.com
60 sent emails in total

email sent to kiran.raj@gmail.com
61 sent emails in total

email sent to wade.neumann@gmail.com
62 sent emails in total

email sent to allen.james@gmail.com
63 sent emails in total

email sent to kerry.mcnally@gmail.com
64 sent emails in total

email sent to giulia.penna@gmail.com
65 sent emails in total

email sent to ricky.khan@gmail.com
66 sent emails in total

email sent to iqbal.chowdhury@gmail.com
67 sent emails in total

email sent to garry.wilcock@health.nsw.gov.au
68 sent emails in total

email sent to rhonda.pitt@rsllifecare.org.au
69 sent emails in total

email sent to klincke@mariscal-abogados.com
70 sent emails in total

email sent to pboix@laberit.com
71 sent emails in total

email sent to cayuso@wible.es
72 sent emails in total

email sent to alessandra.rasa@norwegian.com
73 sent emails in total

email sent to hbernabeu@bioinicia.com
74 sent emails in total

email sent to rafael.reyes@smart.com
75 sent emails in total

email sent to sgomez@innoupfarma.com
76 sent emails in total

email sent to rbarcelona@aim.edu
77 sent emails in total

email sent to juliocesar@vitalsad.com
78 sent emails in total

email sent to jonathan.gomez@fundesalud.es
79 sent emails in total

email sent to daniela@xpeer.app
80 sent emails in total

email sent to natalia.cazcarra@hermadrid.com
81 sent emails in total

email sent to puribe@ayudaenaccion.org
82 sent emails in total

email sent to ana-zeralda.canalshamann@debiopharm.com
83 sent emails in total

email sent to bsantiago1@live.com
84 sent emails in total

email sent to p.duran@live.com
85 sent emails in total

email sent to teresa@teresaferreiro.com
86 sent emails in total

email sent to alcoleahervas@gmail.com
87 sent emails in total

email sent to halilsaidi@gmail.com
88 sent emails in total

email sent to victor.escribano@urjc.es
89 sent emails in total

email sent to vicenteramirezrubio@gmail.com
90 sent emails in total

email sent to vicente.ramos@uib.es
91 sent emails in total

email sent to vaishnavi.kale@ie.edu
92 sent emails in total

email sent to teresa.escardo@uab.cat
93 sent emails in total

email sent to shm29@hotmail.com
94 sent emails in total

email sent to albertoalbalopez@gmail.com
95 sent emails in total

email sent to aliciademanuel@hotmail.com
96 sent emails in total

email sent to andres.prado@uclm.es
97 sent emails in total

email sent to antonietta.elia@gmail.com
98 sent emails in total

email sent to arta.antonovica@urjc.es
99 sent emails in total

email sent to bullinkh@gmail.com
100 sent emails in total
INFO: 2026-03-18 13:00:42,940 - STARTING LOOP
INFO: 2026-03-18 13:00:42,940 - Getting blasts quota...
INFO: 2026-03-18 13:00:42,948 - DONE!
INFO: 2026-03-18 13:00:43,434 - Processing project 1995971 - Vanguardcharitable...
INFO: 2026-03-18 13:00:43,434 - Getting records for Mailmerge...
INFO: 2026-03-18 13:00:43,435 - Got 0 records!
INFO: 2026-03-18 13:00:44,867 - Processing project 1993745 - hcr_usa_re_blast_nyc...
INFO: 2026-03-18 13:00:44,868 - Getting records for Mailmerge...
INFO: 2026-03-18 13:00:44,869 - Got 0 records!
INFO: 2026-03-18 13:00:53,607 - Processing project 1993746 - hcr_usa_re_blast_west...
INFO: 2026-03-18 13:00:53,608 - Getting records for Mailmerge...
INFO: 2026-03-18 13:00:53,610 - Got 0 records!
INFO: 2026-03-18 13:00:54,181 - Processing project 2003712 - tra_sydney_aus_only...
INFO: 2026-03-18 13:00:54,181 - Getting records for Mailmerge...
INFO: 2026-03-18 13:01:08,214 - Got 0 records!
INFO: 2026-03-18 13:01:08,849 - Processing project 2010271 - vidlet_spain...
INFO: 2026-03-18 13:01:08,849 - Getting records for Mailmerge...
INFO: 2026-03-18 13:01:09,257 - Got 5 records!
INFO: 2026-03-18 13:01:09,378 - Processing project 2010272 - vidlet_japan...
INFO: 2026-03-18 13:01:09,378 - Getting records for Mailmerge...
INFO: 2026-03-18 13:01:09,600 - Got 29 records!
INFO: 2026-03-18 13:01:09,646 - Processing project 1432181 - reputation_leaders_csuite...
INFO: 2026-03-18 13:01:09,646 - Getting records for Mailmerge...
INFO: 2026-03-18 13:01:09,898 - Got 22 records!
INFO: 2026-03-18 13:04:24,040 - Processing project 1150717 - red_associates_cancer_spain_referrals...
INFO: 2026-03-18 13:04:24,040 - Getting records for Mailmerge...
INFO: 2026-03-18 13:04:24,387 - Got 15 records!
INFO: 2026-03-18 13:04:25,996 - Processing project 1150716 - red_associates_cancer_canada_referrals...
INFO: 2026-03-18 13:04:25,996 - Getting records for Mailmerge...
INFO: 2026-03-18 13:04:26,784 - Got 7 records!
INFO: 2026-03-18 13:04:26,784 - FINISHED LOOP

INFO: 2026-03-18 13:04:26,794 - STARTING LOOP
INFO: 2026-03-18 13:04:26,794 - Sending out mailerge list...

email sent to carlen.long@ie.edu
1 sent emails in total

email sent to carlos.garriga@ie.edu
2 sent emails in total

email sent to carlos@ttmadrid.com
3 sent emails in total

email sent to carlosariza@uma.es
4 sent emails in total

email sent to ccalvo@udc.es
5 sent emails in total

email sent to galiajp@yahoo.co.jp
6 sent emails in total

email sent to go@eqiq-group.com
7 sent emails in total

email sent to gojorides@gmail.com
8 sent emails in total

email sent to hazelsarahfederico@gmail.com
9 sent emails in total

email sent to hikaru394@gmail.com
10 sent emails in total

email sent to inada.patrick@gmail.com
11 sent emails in total

email sent to jack.langtoft@gmail.com
12 sent emails in total

email sent to jamesleppo@gmail.com
13 sent emails in total

email sent to jeanmarcfigari@yahoo.com
14 sent emails in total

email sent to jeanroch_licari@yahoo.com
15 sent emails in total

email sent to jismanila@gmail.com
16 sent emails in total

email sent to jjeido@gmial.com
17 sent emails in total

email sent to jkarhu15@gmail.com
18 sent emails in total

email sent to josephine.dennis4649@gmail.com
19 sent emails in total
failed emails saved

email sent to judyitoh@gmail.com
20 sent emails in total
failed emails saved

email sent to julianaaloisa@hotmail.com
21 sent emails in total
failed emails saved

email sent to k-aoru@yamauchi.co.jp
22 sent emails in total
failed emails saved

email sent to katrinaasuzuki@gmail.com
23 sent emails in total
failed emails saved

email sent to kho_jepoy@yahoo.com
24 sent emails in total
failed emails saved

email sent to kristinamar8@mac.com
25 sent emails in total
failed emails saved

email sent to maboroshi.sublimity@gmail.com
26 sent emails in total
failed emails saved

email sent to mario.waka_jp@outlook.jp
27 sent emails in total
failed emails saved

email sent to masanorikudo@me.com
28 sent emails in total
failed emails saved

email sent to mawaddah-ibrahim@kke.co.jp
29 sent emails in total
failed emails saved

email sent to maxgiutronich@gmail.com
30 sent emails in total
failed emails saved

email sent to megananjelicaholt@gmail.com
31 sent emails in total
failed emails saved

email sent to mugu@be.to
32 sent emails in total
failed emails saved

email sent to mwbdomingo@gmail.com
33 sent emails in total
failed emails saved

email sent to nagaosa.isao@kao.com
34 sent emails in total
failed emails saved

email sent to sami.miettinen@dcmcapital.fi
35 sent emails in total
failed emails saved

email sent to helena.schill@medius.com
36 sent emails in total
failed emails saved

email sent to jesper.jensen@electrolux.com
37 sent emails in total
failed emails saved

email sent to andrey.busk@na-kd.com
38 sent emails in total
failed emails saved

email sent to annica.isacsson@haaga-helia.fi
39 sent emails in total
failed emails saved

email sent to charlotte.andre@21-0.net
40 sent emails in total
failed emails saved

email sent to christoffer.malm@autoliv.com
41 sent emails in total
failed emails saved

email sent to elsebeth@roskilde.dk
42 sent emails in total
failed emails saved

email sent to henrik.runnerstrom@arjo.com
43 sent emails in total
failed emails saved

email sent to ignacio.cadenas@semcon.com
44 sent emails in total
failed emails saved

email sent to joster1@volvocars.com
45 sent emails in total
failed emails saved

email sent to dap@kommunekredit.dk
46 sent emails in total
failed emails saved

email sent to john.bergamini@questback.com
47 sent emails in total
failed emails saved

email sent to tone.sundhagen@yahoo.no
48 sent emails in total
failed emails saved

email sent to merete.salmeling@widenarrow.com
49 sent emails in total
failed emails saved

email sent to jonas.vestlund@thorn.se
50 sent emails in total
failed emails saved

email sent to zaed.alhashimi@apotekhjartat.se
51 sent emails in total
failed emails saved

email sent to mustafa.saidely@kronansapotek.se
52 sent emails in total
failed emails saved

email sent to prab.takhar@regionostergotland.se
53 sent emails in total
failed emails saved

email sent to sienna@rsvp-popup.com
54 sent emails in total
failed emails saved

email sent to svifi@svifi.com
55 sent emails in total
failed emails saved

email sent to michael.sandberg@falckrenewables.com
56 sent emails in total
failed emails saved

email sent to klincke@mariscal-abogados.com
57 sent emails in total
failed emails saved

email sent to pboix@laberit.com
58 sent emails in total
failed emails saved

email sent to cayuso@wible.es
59 sent emails in total
failed emails saved

email sent to alessandra.rasa@norwegian.com
60 sent emails in total
failed emails saved

email sent to hbernabeu@bioinicia.com
61 sent emails in total
failed emails saved

email sent to rafael.reyes@smart.com
62 sent emails in total
failed emails saved

email sent to sgomez@innoupfarma.com
63 sent emails in total
failed emails saved

email sent to rbarcelona@aim.edu
64 sent emails in total
failed emails saved

email sent to juliocesar@vitalsad.com
65 sent emails in total
failed emails saved

email sent to jonathan.gomez@fundesalud.es
66 sent emails in total
failed emails saved

email sent to daniela@xpeer.app
67 sent emails in total
failed emails saved

email sent to natalia.cazcarra@hermadrid.com
68 sent emails in total
failed emails saved

email sent to puribe@ayudaenaccion.org
69 sent emails in total
failed emails saved

email sent to ana-zeralda.canalshamann@debiopharm.com
70 sent emails in total
failed emails saved

email sent to bsantiago1@live.com
71 sent emails in total
failed emails saved

email sent to matthew.murphy@nshealth.ca
72 sent emails in total
failed emails saved

email sent to jeffrey.norris@fraserhealth.ca
73 sent emails in total
failed emails saved

email sent to mcampbell@hugeinc.com
74 sent emails in total
failed emails saved

email sent to zeerak.khan@telus.com
75 sent emails in total
failed emails saved

email sent to scott.woodside@camh.ca
76 sent emails in total
failed emails saved

email sent to kachmart@macewan.ca
77 sent emails in total
failed emails saved

email sent to ajanik-kelly@rrc.ca
78 sent emails in total
Traceback (most recent call last):
  File "/Users/albertoruizcajiga/python/sis_international/smtp_worker.py", line 103, in <module>
    send_out_mm_list()
  File "/Users/albertoruizcajiga/python/sis_international/smtp_worker.py", line 93, in send_out_mm_list
    handler.send_emails_smtp(email_id, remaining)
  File "/Users/albertoruizcajiga/python/sis_international/modules/smtp_bot/smtp_bot.py", line 157, in send_emails_smtp
    self.mailserver.quit()
  File "/Library/Frameworks/Python.framework/Versions/3.11/lib/python3.11/smtplib.py", line 1004, in quit
    res = self.docmd("quit")
          ^^^^^^^^^^^^^^^^^^
  File "/Library/Frameworks/Python.framework/Versions/3.11/lib/python3.11/smtplib.py", line 431, in docmd
    self.putcmd(cmd, args)
  File "/Library/Frameworks/Python.framework/Versions/3.11/lib/python3.11/smtplib.py", line 378, in putcmd
    self.send(f'{s}{CRLF}')
  File "/Library/Frameworks/Python.framework/Versions/3.11/lib/python3.11/smtplib.py", line 365, in send
    raise SMTPServerDisconnected('please run connect() first')
smtplib.SMTPServerDisconnected: please run connect() first
INFO: 2026-03-18 14:30:19,457 - STARTING LOOP
INFO: 2026-03-18 14:30:19,457 - Getting blasts quota...
INFO: 2026-03-18 14:30:19,467 - DONE!
INFO: 2026-03-18 14:30:20,338 - Processing project 1995971 - Vanguardcharitable...
INFO: 2026-03-18 14:30:20,338 - Getting records for Mailmerge...
INFO: 2026-03-18 14:30:20,340 - Got 0 records!
INFO: 2026-03-18 14:30:23,008 - Processing project 1993745 - hcr_usa_re_blast_nyc...
INFO: 2026-03-18 14:30:23,019 - Getting records for Mailmerge...
INFO: 2026-03-18 14:30:23,021 - Got 0 records!
INFO: 2026-03-18 14:30:40,429 - Processing project 1993746 - hcr_usa_re_blast_west...
INFO: 2026-03-18 14:30:40,432 - Getting records for Mailmerge...
INFO: 2026-03-18 14:30:40,433 - Got 0 records!
INFO: 2026-03-18 14:30:41,269 - Processing project 2003712 - tra_sydney_aus_only...
INFO: 2026-03-18 14:30:41,270 - Getting records for Mailmerge...
INFO: 2026-03-18 14:31:03,633 - Got 0 records!
INFO: 2026-03-18 14:31:04,615 - Processing project 2010271 - vidlet_spain...
INFO: 2026-03-18 14:31:04,615 - Getting records for Mailmerge...
INFO: 2026-03-18 14:31:04,617 - Got 0 records!
INFO: 2026-03-18 14:31:04,831 - Processing project 2010272 - vidlet_japan...
INFO: 2026-03-18 14:31:04,832 - Getting records for Mailmerge...
INFO: 2026-03-18 14:31:05,124 - Got 15 records!
INFO: 2026-03-18 14:31:05,186 - Processing project 1432181 - reputation_leaders_csuite...
INFO: 2026-03-18 14:31:05,186 - Getting records for Mailmerge...
INFO: 2026-03-18 14:31:05,441 - Got 22 records!
INFO: 2026-03-18 14:31:07,897 - Processing project 1150717 - red_associates_cancer_spain_referrals...
INFO: 2026-03-18 14:31:07,898 - Getting records for Mailmerge...
INFO: 2026-03-18 14:31:08,290 - Got 15 records!
INFO: 2026-03-18 14:31:10,314 - Processing project 1150716 - red_associates_cancer_canada_referrals...
INFO: 2026-03-18 14:31:10,314 - Getting records for Mailmerge...
INFO: 2026-03-18 14:31:11,200 - Got 7 records!
INFO: 2026-03-18 14:31:11,201 - FINISHED LOOP

INFO: 2026-03-18 14:31:11,206 - STARTING LOOP
INFO: 2026-03-18 14:31:11,207 - Sending out mailerge list...
INFO: 2026-03-18 14:35:49,586 - DONE!
INFO: 2026-03-18 14:35:49,588 - FINISHED LOOP


email sent to judyitoh@gmail.com
1 sent emails in total

email sent to julianaaloisa@hotmail.com
2 sent emails in total

email sent to k-aoru@yamauchi.co.jp
3 sent emails in total

email sent to katrinaasuzuki@gmail.com
4 sent emails in total

email sent to kho_jepoy@yahoo.com
5 sent emails in total

email sent to kristinamar8@mac.com
6 sent emails in total

email sent to maboroshi.sublimity@gmail.com
7 sent emails in total

email sent to mario.waka_jp@outlook.jp
8 sent emails in total

email sent to masanorikudo@me.com
9 sent emails in total

email sent to mawaddah-ibrahim@kke.co.jp
10 sent emails in total

email sent to maxgiutronich@gmail.com
11 sent emails in total

email sent to megananjelicaholt@gmail.com
12 sent emails in total

email sent to mugu@be.to
13 sent emails in total

email sent to mwbdomingo@gmail.com
14 sent emails in total

email sent to nagaosa.isao@kao.com
15 sent emails in total

email sent to sami.miettinen@dcmcapital.fi
16 sent emails in total

email sent to helena.schill@medius.com
17 sent emails in total

email sent to jesper.jensen@electrolux.com
18 sent emails in total

email sent to andrey.busk@na-kd.com
19 sent emails in total

email sent to annica.isacsson@haaga-helia.fi
20 sent emails in total

email sent to charlotte.andre@21-0.net
21 sent emails in total

email sent to christoffer.malm@autoliv.com
22 sent emails in total

email sent to elsebeth@roskilde.dk
23 sent emails in total

email sent to henrik.runnerstrom@arjo.com
24 sent emails in total

email sent to ignacio.cadenas@semcon.com
25 sent emails in total

email sent to joster1@volvocars.com
26 sent emails in total

email sent to dap@kommunekredit.dk
27 sent emails in total

email sent to john.bergamini@questback.com
28 sent emails in total

email sent to tone.sundhagen@yahoo.no
29 sent emails in total

email sent to merete.salmeling@widenarrow.com
30 sent emails in total

email sent to jonas.vestlund@thorn.se
31 sent emails in total

email sent to zaed.alhashimi@apotekhjartat.se
32 sent emails in total

email sent to mustafa.saidely@kronansapotek.se
33 sent emails in total

email sent to prab.takhar@regionostergotland.se
34 sent emails in total

email sent to sienna@rsvp-popup.com
35 sent emails in total

email sent to svifi@svifi.com
36 sent emails in total

email sent to michael.sandberg@falckrenewables.com
37 sent emails in total

email sent to klincke@mariscal-abogados.com
38 sent emails in total

email sent to pboix@laberit.com
39 sent emails in total

email sent to cayuso@wible.es
40 sent emails in total

email sent to alessandra.rasa@norwegian.com
41 sent emails in total

email sent to hbernabeu@bioinicia.com
42 sent emails in total

email sent to rafael.reyes@smart.com
43 sent emails in total

email sent to sgomez@innoupfarma.com
44 sent emails in total

email sent to rbarcelona@aim.edu
45 sent emails in total

email sent to juliocesar@vitalsad.com
46 sent emails in total

email sent to jonathan.gomez@fundesalud.es
47 sent emails in total

email sent to daniela@xpeer.app
48 sent emails in total

email sent to natalia.cazcarra@hermadrid.com
49 sent emails in total

email sent to puribe@ayudaenaccion.org
50 sent emails in total

email sent to ana-zeralda.canalshamann@debiopharm.com
51 sent emails in total

email sent to bsantiago1@live.com
52 sent emails in total

email sent to matthew.murphy@nshealth.ca
53 sent emails in total

email sent to jeffrey.norris@fraserhealth.ca
54 sent emails in total

email sent to mcampbell@hugeinc.com
55 sent emails in total

email sent to zeerak.khan@telus.com
56 sent emails in total

email sent to scott.woodside@camh.ca
57 sent emails in total

email sent to kachmart@macewan.ca
58 sent emails in total

email sent to ajanik-kelly@rrc.ca
59 sent emails in total
INFO: 2026-03-18 17:02:48,800 - STARTING LOOP
INFO: 2026-03-18 17:02:48,814 - Getting blasts quota...
INFO: 2026-03-18 17:02:48,847 - DONE!
INFO: 2026-03-18 17:02:49,410 - Processing project 1995971 - Vanguardcharitable...
INFO: 2026-03-18 17:02:49,410 - Getting records for Mailmerge...
INFO: 2026-03-18 17:02:49,411 - Got 0 records!
INFO: 2026-03-18 17:02:51,177 - Processing project 1993745 - hcr_usa_re_blast_nyc...
INFO: 2026-03-18 17:02:51,177 - Getting records for Mailmerge...
INFO: 2026-03-18 17:02:51,179 - Got 0 records!
INFO: 2026-03-18 17:09:50,771 - Processing project 1993746 - hcr_usa_re_blast_west...
INFO: 2026-03-18 17:09:50,772 - Getting records for Mailmerge...
INFO: 2026-03-18 17:09:50,773 - Got 0 records!
INFO: 2026-03-18 17:09:51,582 - Processing project 2003712 - tra_sydney_aus_only...
INFO: 2026-03-18 17:09:51,582 - Getting records for Mailmerge...
INFO: 2026-03-18 17:12:56,830 - Got 0 records!
INFO: 2026-03-18 17:12:57,302 - Processing project 2010271 - vidlet_spain...
INFO: 2026-03-18 17:12:57,302 - Getting records for Mailmerge...
INFO: 2026-03-18 17:12:57,303 - Got 0 records!
INFO: 2026-03-18 17:12:57,411 - Processing project 2010272 - vidlet_japan...
INFO: 2026-03-18 17:12:57,412 - Getting records for Mailmerge...
INFO: 2026-03-18 17:12:57,413 - Got 0 records!
INFO: 2026-03-18 17:12:57,444 - Processing project 1432181 - reputation_leaders_csuite...
INFO: 2026-03-18 17:12:57,444 - Getting records for Mailmerge...
INFO: 2026-03-18 17:12:57,444 - Got 0 records!
INFO: 2026-03-18 17:12:59,637 - Processing project 1150717 - red_associates_cancer_spain_referrals...
INFO: 2026-03-18 17:12:59,638 - Getting records for Mailmerge...
INFO: 2026-03-18 17:12:59,639 - Got 0 records!
INFO: 2026-03-18 17:13:01,487 - Processing project 1150716 - red_associates_cancer_canada_referrals...
INFO: 2026-03-18 17:13:01,487 - Getting records for Mailmerge...
INFO: 2026-03-18 17:13:01,489 - Got 0 records!
INFO: 2026-03-18 17:13:01,489 - FINISHED LOOP

INFO: 2026-03-18 17:13:01,490 - STARTING LOOP
INFO: 2026-03-18 17:13:01,497 - there's no mailmerge list. Skipping for now...
INFO: 2026-03-18 17:13:01,498 - FINISHED LOOP

INFO: 2026-03-18 19:00:06,744 - STARTING LOOP
INFO: 2026-03-18 19:00:06,744 - Getting blasts quota...
INFO: 2026-03-18 19:00:06,757 - DONE!
WARNING: 2026-03-18 19:00:06,758 - No projects to work on!
INFO: 2026-03-18 19:00:06,758 - FINISHED LOOP

INFO: 2026-03-18 19:00:06,758 - STARTING LOOP
INFO: 2026-03-18 19:00:06,758 - there's no mailmerge list. Skipping for now...
INFO: 2026-03-18 19:00:06,758 - FINISHED LOOP

INFO: 2026-03-18 19:30:08,251 - STARTING LOOP
INFO: 2026-03-18 19:30:08,251 - Getting blasts quota...
INFO: 2026-03-18 19:30:08,257 - DONE!
WARNING: 2026-03-18 19:30:08,258 - No projects to work on!
INFO: 2026-03-18 19:30:08,258 - FINISHED LOOP

INFO: 2026-03-18 19:30:08,258 - STARTING LOOP
INFO: 2026-03-18 19:30:08,258 - there's no mailmerge list. Skipping for now...
INFO: 2026-03-18 19:30:08,258 - FINISHED LOOP

INFO: 2026-03-19 06:01:29,707 - STARTING LOOP
INFO: 2026-03-19 06:01:29,707 - Getting blasts quota...
INFO: 2026-03-19 06:01:29,715 - DONE!
WARNING: 2026-03-19 06:01:29,715 - No projects to work on!
INFO: 2026-03-19 06:01:29,716 - FINISHED LOOP

INFO: 2026-03-19 06:01:29,716 - STARTING LOOP
INFO: 2026-03-19 06:01:29,716 - there's no mailmerge list. Skipping for now...
INFO: 2026-03-19 06:01:29,716 - FINISHED LOOP

INFO: 2026-03-19 10:32:52,826 - STARTING LOOP
INFO: 2026-03-19 10:32:52,826 - Getting blasts quota...
INFO: 2026-03-19 10:32:52,836 - DONE!
WARNING: 2026-03-19 10:32:52,836 - No projects to work on!
INFO: 2026-03-19 10:32:52,836 - FINISHED LOOP

INFO: 2026-03-19 10:32:52,836 - STARTING LOOP
INFO: 2026-03-19 10:32:52,836 - there's no mailmerge list. Skipping for now...
INFO: 2026-03-19 10:32:52,836 - FINISHED LOOP

INFO: 2026-03-19 11:00:05,320 - STARTING LOOP
INFO: 2026-03-19 11:00:05,321 - Getting blasts quota...
INFO: 2026-03-19 11:00:05,325 - DONE!
WARNING: 2026-03-19 11:00:05,326 - No projects to work on!
INFO: 2026-03-19 11:00:05,326 - FINISHED LOOP

INFO: 2026-03-19 11:00:05,326 - STARTING LOOP
INFO: 2026-03-19 11:00:05,326 - there's no mailmerge list. Skipping for now...
INFO: 2026-03-19 11:00:05,326 - FINISHED LOOP

INFO: 2026-03-19 11:33:03,176 - STARTING LOOP
INFO: 2026-03-19 11:33:03,176 - Getting blasts quota...
INFO: 2026-03-19 11:33:03,180 - DONE!
WARNING: 2026-03-19 11:33:03,180 - No projects to work on!
INFO: 2026-03-19 11:33:03,180 - FINISHED LOOP

INFO: 2026-03-19 11:33:03,180 - STARTING LOOP
INFO: 2026-03-19 11:33:03,180 - there's no mailmerge list. Skipping for now...
INFO: 2026-03-19 11:33:03,181 - FINISHED LOOP

INFO: 2026-03-19 12:12:13,374 - STARTING LOOP
INFO: 2026-03-19 12:12:13,374 - Getting blasts quota...
INFO: 2026-03-19 12:12:13,379 - DONE!
WARNING: 2026-03-19 12:12:13,380 - No projects to work on!
INFO: 2026-03-19 12:12:13,380 - FINISHED LOOP

INFO: 2026-03-19 12:12:13,380 - STARTING LOOP
INFO: 2026-03-19 12:12:13,380 - there's no mailmerge list. Skipping for now...
INFO: 2026-03-19 12:12:13,380 - FINISHED LOOP

INFO: 2026-03-19 13:04:32,315 - STARTING LOOP
INFO: 2026-03-19 13:04:32,315 - Getting blasts quota...
INFO: 2026-03-19 13:04:32,320 - DONE!
WARNING: 2026-03-19 13:04:32,320 - No projects to work on!
INFO: 2026-03-19 13:04:32,320 - FINISHED LOOP

INFO: 2026-03-19 13:04:32,320 - STARTING LOOP
INFO: 2026-03-19 13:04:32,321 - there's no mailmerge list. Skipping for now...
INFO: 2026-03-19 13:04:32,321 - FINISHED LOOP

INFO: 2026-03-19 20:04:08,914 - STARTING LOOP
INFO: 2026-03-19 20:04:08,914 - Getting blasts quota...
INFO: 2026-03-19 20:04:08,918 - DONE!
WARNING: 2026-03-19 20:04:08,918 - No projects to work on!
INFO: 2026-03-19 20:04:08,918 - FINISHED LOOP

INFO: 2026-03-19 20:04:08,918 - STARTING LOOP
INFO: 2026-03-19 20:04:08,919 - there's no mailmerge list. Skipping for now...
INFO: 2026-03-19 20:04:08,919 - FINISHED LOOP

INFO: 2026-03-19 20:31:02,390 - STARTING LOOP
INFO: 2026-03-19 20:31:02,390 - Getting blasts quota...
INFO: 2026-03-19 20:31:02,392 - DONE!
WARNING: 2026-03-19 20:31:02,392 - No projects to work on!
INFO: 2026-03-19 20:31:02,392 - FINISHED LOOP

INFO: 2026-03-19 20:31:02,392 - STARTING LOOP
INFO: 2026-03-19 20:31:02,392 - there's no mailmerge list. Skipping for now...
INFO: 2026-03-19 20:31:02,392 - FINISHED LOOP

INFO: 2026-03-20 00:00:07,374 - STARTING LOOP
INFO: 2026-03-20 00:00:07,374 - Getting blasts quota...
INFO: 2026-03-20 00:00:07,381 - DONE!
WARNING: 2026-03-20 00:00:07,381 - No projects to work on!
INFO: 2026-03-20 00:00:07,381 - FINISHED LOOP

INFO: 2026-03-20 00:00:07,381 - STARTING LOOP
INFO: 2026-03-20 00:00:07,382 - there's no mailmerge list. Skipping for now...
INFO: 2026-03-20 00:00:07,382 - FINISHED LOOP

INFO: 2026-03-20 01:00:06,758 - STARTING LOOP
INFO: 2026-03-20 01:00:06,758 - Getting blasts quota...
INFO: 2026-03-20 01:00:06,763 - DONE!
WARNING: 2026-03-20 01:00:06,763 - No projects to work on!
INFO: 2026-03-20 01:00:06,763 - FINISHED LOOP

INFO: 2026-03-20 01:00:06,763 - STARTING LOOP
INFO: 2026-03-20 01:00:06,763 - there's no mailmerge list. Skipping for now...
INFO: 2026-03-20 01:00:06,764 - FINISHED LOOP

INFO: 2026-03-20 06:38:22,031 - STARTING LOOP
INFO: 2026-03-20 06:38:22,031 - Getting blasts quota...
INFO: 2026-03-20 06:38:22,035 - DONE!
WARNING: 2026-03-20 06:38:22,035 - No projects to work on!
INFO: 2026-03-20 06:38:22,035 - FINISHED LOOP

INFO: 2026-03-20 06:38:22,035 - STARTING LOOP
INFO: 2026-03-20 06:38:22,036 - there's no mailmerge list. Skipping for now...
INFO: 2026-03-20 06:38:22,036 - FINISHED LOOP

INFO: 2026-03-20 07:32:13,567 - STARTING LOOP
INFO: 2026-03-20 07:32:13,567 - Getting blasts quota...
INFO: 2026-03-20 07:32:13,570 - DONE!
WARNING: 2026-03-20 07:32:13,571 - No projects to work on!
INFO: 2026-03-20 07:32:13,571 - FINISHED LOOP

INFO: 2026-03-20 07:32:13,571 - STARTING LOOP
INFO: 2026-03-20 07:32:13,571 - there's no mailmerge list. Skipping for now...
INFO: 2026-03-20 07:32:13,571 - FINISHED LOOP

INFO: 2026-03-20 08:40:21,717 - STARTING LOOP
INFO: 2026-03-20 08:40:21,717 - Getting blasts quota...
INFO: 2026-03-20 08:40:21,726 - DONE!
WARNING: 2026-03-20 08:40:21,726 - No projects to work on!
INFO: 2026-03-20 08:40:21,726 - FINISHED LOOP

INFO: 2026-03-20 08:40:21,726 - STARTING LOOP
INFO: 2026-03-20 08:40:21,726 - there's no mailmerge list. Skipping for now...
INFO: 2026-03-20 08:40:21,726 - FINISHED LOOP

INFO: 2026-03-20 09:00:07,173 - STARTING LOOP
INFO: 2026-03-20 09:00:07,174 - Getting blasts quota...
INFO: 2026-03-20 09:00:07,186 - DONE!
WARNING: 2026-03-20 09:00:07,186 - No projects to work on!
INFO: 2026-03-20 09:00:07,186 - FINISHED LOOP

INFO: 2026-03-20 09:00:07,186 - STARTING LOOP
INFO: 2026-03-20 09:00:07,187 - there's no mailmerge list. Skipping for now...
INFO: 2026-03-20 09:00:07,187 - FINISHED LOOP

INFO: 2026-03-20 09:33:07,319 - STARTING LOOP
INFO: 2026-03-20 09:33:07,319 - Getting blasts quota...
INFO: 2026-03-20 09:33:07,322 - DONE!
WARNING: 2026-03-20 09:33:07,322 - No projects to work on!
INFO: 2026-03-20 09:33:07,322 - FINISHED LOOP

INFO: 2026-03-20 09:33:07,322 - STARTING LOOP
INFO: 2026-03-20 09:33:07,322 - there's no mailmerge list. Skipping for now...
INFO: 2026-03-20 09:33:07,323 - FINISHED LOOP

INFO: 2026-03-20 10:30:08,097 - STARTING LOOP
INFO: 2026-03-20 10:30:08,098 - Getting blasts quota...
INFO: 2026-03-20 10:30:08,106 - DONE!
WARNING: 2026-03-20 10:30:08,106 - No projects to work on!
INFO: 2026-03-20 10:30:08,106 - FINISHED LOOP

INFO: 2026-03-20 10:30:08,106 - STARTING LOOP
INFO: 2026-03-20 10:30:08,107 - there's no mailmerge list. Skipping for now...
INFO: 2026-03-20 10:30:08,107 - FINISHED LOOP

INFO: 2026-03-20 10:59:13,079 - STARTING LOOP
INFO: 2026-03-20 10:59:13,079 - Getting blasts quota...
INFO: 2026-03-20 10:59:13,080 - DONE!
INFO: 2026-03-20 10:59:13,260 - Processing project 2003711 - tra_sydney...
INFO: 2026-03-20 10:59:13,260 - Getting records for Mailmerge...
INFO: 2026-03-20 10:59:19,978 - Got 64 records!
INFO: 2026-03-20 10:59:20,217 - Processing project 2003712 - tra_sydney_aus_only...
INFO: 2026-03-20 10:59:20,217 - Getting records for Mailmerge...
INFO: 2026-03-20 10:59:31,576 - Got 0 records!
INFO: 2026-03-20 10:59:31,600 - Processing project 1432181 - reputation_leaders_csuite...
INFO: 2026-03-20 10:59:31,600 - Getting records for Mailmerge...
INFO: 2026-03-20 10:59:33,919 - Got 33 records!
INFO: 2026-03-20 10:59:33,932 - Processing project 2002111 - hlm_prison_research...
INFO: 2026-03-20 10:59:33,932 - Getting records for Mailmerge...
INFO: 2026-03-20 10:59:33,956 - Got 0 records!
INFO: 2026-03-20 10:59:34,072 - Processing project 1949181 - northwestel...
INFO: 2026-03-20 10:59:34,072 - Getting records for Mailmerge...
INFO: 2026-03-20 10:59:34,080 - Got 36 records!
INFO: 2026-03-20 10:59:35,892 - Processing project 1150717 - red_associates_cancer_spain_referrals...
INFO: 2026-03-20 10:59:35,893 - Getting records for Mailmerge...
INFO: 2026-03-20 10:59:36,154 - Got 27 records!
INFO: 2026-03-20 10:59:37,542 - Processing project 1150716 - red_associates_cancer_canada_referrals...
INFO: 2026-03-20 10:59:37,542 - Getting records for Mailmerge...
INFO: 2026-03-20 10:59:38,158 - Got 18 records!
INFO: 2026-03-20 10:59:38,257 - Processing project 1995971 - Vanguardcharitable...
INFO: 2026-03-20 10:59:38,257 - Getting records for Mailmerge...
INFO: 2026-03-20 10:59:38,262 - Got 9 records!
INFO: 2026-03-20 10:59:38,262 - FINISHED LOOP

INFO: 2026-03-20 10:59:38,266 - STARTING LOOP
INFO: 2026-03-20 10:59:38,266 - Sending out mailerge list...
INFO: 2026-03-20 11:06:26,015 - DONE!
INFO: 2026-03-20 11:06:26,016 - FINISHED LOOP

INFO: 2026-03-20 11:24:13,491 - STARTING LOOP
INFO: 2026-03-20 11:24:13,491 - Getting blasts quota...
INFO: 2026-03-20 11:24:13,492 - DONE!
INFO: 2026-03-20 11:24:13,637 - Processing project 2003711 - tra_sydney...
INFO: 2026-03-20 11:24:13,637 - Getting records for Mailmerge...
INFO: 2026-03-20 11:24:19,844 - Got 0 records!
INFO: 2026-03-20 11:24:20,080 - Processing project 2003712 - tra_sydney_aus_only...
INFO: 2026-03-20 11:24:20,080 - Getting records for Mailmerge...
INFO: 2026-03-20 11:24:30,466 - Got 0 records!
INFO: 2026-03-20 11:24:30,490 - Processing project 1432181 - reputation_leaders_csuite...
INFO: 2026-03-20 11:24:30,490 - Getting records for Mailmerge...
INFO: 2026-03-20 11:24:32,674 - Got 1 records!
INFO: 2026-03-20 11:24:32,687 - Processing project 2002111 - hlm_prison_research...
INFO: 2026-03-20 11:24:32,687 - Getting records for Mailmerge...
INFO: 2026-03-20 11:24:32,711 - Got 0 records!
INFO: 2026-03-20 11:24:32,753 - Processing project 1949181 - northwestel...
INFO: 2026-03-20 11:24:32,753 - Getting records for Mailmerge...
INFO: 2026-03-20 11:24:32,762 - Got 33 records!
INFO: 2026-03-20 11:24:34,403 - Processing project 1150717 - red_associates_cancer_spain_referrals...
INFO: 2026-03-20 11:24:34,403 - Getting records for Mailmerge...
INFO: 2026-03-20 11:24:34,654 - Got 27 records!
INFO: 2026-03-20 11:24:36,039 - Processing project 1150716 - red_associates_cancer_canada_referrals...
INFO: 2026-03-20 11:24:36,039 - Getting records for Mailmerge...
INFO: 2026-03-20 11:24:36,687 - Got 18 records!
INFO: 2026-03-20 11:24:36,788 - Processing project 1995971 - Vanguardcharitable...
INFO: 2026-03-20 11:24:36,788 - Getting records for Mailmerge...
INFO: 2026-03-20 11:24:36,792 - Got 9 records!
INFO: 2026-03-20 11:26:23,927 - STARTING LOOP
INFO: 2026-03-20 11:26:23,927 - Getting blasts quota...
INFO: 2026-03-20 11:26:23,932 - DONE!
INFO: 2026-03-20 11:26:24,076 - Processing project 2003711 - tra_sydney...
INFO: 2026-03-20 11:26:24,076 - Getting records for Mailmerge...
INFO: 2026-03-20 11:26:30,974 - Got 0 records!
INFO: 2026-03-20 11:26:31,225 - Processing project 2003712 - tra_sydney_aus_only...
INFO: 2026-03-20 11:26:31,225 - Getting records for Mailmerge...
INFO: 2026-03-20 11:26:42,767 - Got 0 records!
INFO: 2026-03-20 11:26:42,831 - Processing project 1432181 - reputation_leaders_csuite...
INFO: 2026-03-20 11:26:42,831 - Getting records for Mailmerge...
INFO: 2026-03-20 11:26:45,153 - Got 1 records!
INFO: 2026-03-20 11:26:45,167 - Processing project 2002111 - hlm_prison_research...
INFO: 2026-03-20 11:26:45,167 - Getting records for Mailmerge...
INFO: 2026-03-20 11:26:45,197 - Got 0 records!
INFO: 2026-03-20 11:26:45,242 - Processing project 1949181 - northwestel...
INFO: 2026-03-20 11:26:45,242 - Getting records for Mailmerge...
INFO: 2026-03-20 11:26:45,251 - Got 33 records!
INFO: 2026-03-20 11:26:47,076 - Processing project 1150717 - red_associates_cancer_spain_referrals...
INFO: 2026-03-20 11:26:47,076 - Getting records for Mailmerge...
INFO: 2026-03-20 11:26:47,298 - Got 27 records!
INFO: 2026-03-20 11:26:48,972 - Processing project 1150716 - red_associates_cancer_canada_referrals...
INFO: 2026-03-20 11:26:48,972 - Getting records for Mailmerge...
INFO: 2026-03-20 11:26:49,655 - Got 18 records!
INFO: 2026-03-20 11:26:49,766 - Processing project 1995971 - Vanguardcharitable...
INFO: 2026-03-20 11:26:49,766 - Getting records for Mailmerge...
INFO: 2026-03-20 11:26:49,771 - Got 9 records!
INFO: 2026-03-20 11:26:50,229 - Processing project 123456 - sales...
INFO: 2026-03-20 11:26:50,229 - Getting records for Mailmerge...
INFO: 2026-03-20 11:26:51,586 - Got 163 records!
INFO: 2026-03-20 11:26:51,586 - FINISHED LOOP

INFO: 2026-03-20 11:26:51,594 - STARTING LOOP
INFO: 2026-03-20 11:26:51,595 - Sending out mailerge list...
INFO: 2026-03-20 11:34:04,976 - DONE!
INFO: 2026-03-20 11:34:04,981 - FINISHED LOOP

INFO: 2026-03-20 12:00:08,367 - STARTING LOOP
INFO: 2026-03-20 12:00:08,367 - Getting blasts quota...
INFO: 2026-03-20 12:00:08,424 - DONE!
INFO: 2026-03-20 12:00:08,899 - Processing project 2003711 - tra_sydney...
INFO: 2026-03-20 12:00:08,899 - Getting records for Mailmerge...
INFO: 2026-03-20 12:00:19,320 - Got 0 records!
INFO: 2026-03-20 12:00:19,705 - Processing project 2003712 - tra_sydney_aus_only...
INFO: 2026-03-20 12:00:19,705 - Getting records for Mailmerge...
INFO: 2026-03-20 12:00:33,841 - Got 0 records!
INFO: 2026-03-20 12:00:33,893 - Processing project 1432181 - reputation_leaders_csuite...
INFO: 2026-03-20 12:00:33,893 - Getting records for Mailmerge...
INFO: 2026-03-20 12:00:36,690 - Got 1 records!
INFO: 2026-03-20 12:00:36,722 - Processing project 2002111 - hlm_prison_research...
INFO: 2026-03-20 12:00:36,722 - Getting records for Mailmerge...
INFO: 2026-03-20 12:00:36,755 - Got 0 records!
INFO: 2026-03-20 12:00:36,810 - Processing project 1949181 - northwestel...
INFO: 2026-03-20 12:00:36,810 - Getting records for Mailmerge...
INFO: 2026-03-20 12:00:36,812 - Got 0 records!
INFO: 2026-03-20 12:00:39,023 - Processing project 1150717 - red_associates_cancer_spain_referrals...
INFO: 2026-03-20 12:00:39,024 - Getting records for Mailmerge...
INFO: 2026-03-20 12:00:39,027 - Got 0 records!
INFO: 2026-03-20 12:00:40,723 - Processing project 1150716 - red_associates_cancer_canada_referrals...
INFO: 2026-03-20 12:00:40,723 - Getting records for Mailmerge...
INFO: 2026-03-20 12:00:40,725 - Got 0 records!
INFO: 2026-03-20 12:00:40,872 - Processing project 1995971 - Vanguardcharitable...
INFO: 2026-03-20 12:00:40,872 - Getting records for Mailmerge...
INFO: 2026-03-20 12:00:40,874 - Got 0 records!
INFO: 2026-03-20 12:00:41,488 - Processing project 123456 - sales...
INFO: 2026-03-20 12:00:41,488 - Getting records for Mailmerge...
INFO: 2026-03-20 12:00:43,234 - Got 151 records!
INFO: 2026-03-20 12:00:43,234 - FINISHED LOOP

INFO: 2026-03-20 12:00:43,246 - STARTING LOOP
INFO: 2026-03-20 12:00:43,246 - Sending out mailerge list...
error: No project saved for the project id: 1995581.
Failed to send email to {'id': 1560666, 'First_name': 'carina johansson nyvoll', 'Email': 'carina.nyvoll@kristianiano', 'message': '£200 Compensated Interview with Senior Business Professionals. \n\nHello carina johansson nyvoll,\n\nSIS International Research is conducting a compensated research interview with senior business professionals and C-suite executives.\n\nWe are providing compensation of £200 USD for those who qualify, are selected, and successfully complete an online interview of approximately 50 minutes.\n\nIn this engaging study, we aim to learn more about your opinions and insights. \n\nIf you are interested, we would first like to see if this project is a fit. Please answer the pre-screening questions below to be considered. If this study is a fit, we will get in touch.\n\nhttps://www.surveymonkey.com/r/DRHK67C\n\nThis email is not confirmation that you are formally accepted for the study. We reserve the right to validate all information.\nThe incentive processing time is approximately 4 to 6 weeks.\n\nKind regards,\nInsights Team 143218\n\nSIS International Research\n11 E 22nd Street NY, NY 10010\n\nYou are receiving this email because we have identified you as a potential candidate for participation in voluntary, paid market research based on your publicly available professional contact information.\n\nIn accordance with Article 6(1)(f) of the GDPR, we process limited personal data on the basis of our legitimate interest in conducting market research.\n\nIf you prefer not to be contacted again or wish to exercise your data rights (access, correction, deletion, objection), please reply “NO” to this email. \n\nTo learn more about how we process your data, please refer to our Privacy Policy on our website.', 'project_id': 1432181}. Adding it to the list of failed emails.
failed emails saved

email sent to carina.nyvoll@kristianiano
1 sent emails in total

email sent to dkatsikas@tensilecapital.com
2 sent emails in total

email sent to michael.kaufman@bridgeig.com
3 sent emails in total

email sent to vpatel@epacllc.com
4 sent emails in total

email sent to cory@falconwealthadvisors.com
5 sent emails in total

email sent to jp@cmcfirm.com
6 sent emails in total

email sent to mshue@clemson.edu
7 sent emails in total

email sent to douglas.x.freund@us.hsbc.com
8 sent emails in total

email sent to kcoe@mccollisters.com
9 sent emails in total

email sent to zack@mashcole.com
10 sent emails in total

email sent to dania@nalenders.com
11 sent emails in total

email sent to mbrady@cmbinfo.com
12 sent emails in total

email sent to douglas.norton@idropmaterials.com
13 sent emails in total

email sent to kamran.zafar@cantor.com
14 sent emails in total

email sent to scott@buddywdd.com
15 sent emails in total

email sent to brian@harrismortgage.net
16 sent emails in total

email sent to dan.guy@clutch.com
17 sent emails in total

email sent to ivan@theshulmangroup.com
18 sent emails in total

email sent to kenb@allencomm.com
19 sent emails in total

email sent to kkirk@roedelcompanies.com
20 sent emails in total

email sent to queenie@queensentertainmentgroup.com
21 sent emails in total

email sent to jpelrine@coastalheritagebank.com
22 sent emails in total

email sent to david.gottdiener@siemens.com
23 sent emails in total

email sent to jluski@jmlworldwide.com
24 sent emails in total

email sent to marc@thebertrandeducationgroup.com
25 sent emails in total

email sent to ben@vanishingpoint.one
26 sent emails in total

email sent to brandon@radiantfirst.com
27 sent emails in total

email sent to gil@ariumeeg.com
28 sent emails in total

email sent to joe.bolanos@worldbrainmapping.org
29 sent emails in total

email sent to yu.liu@ibm.com
30 sent emails in total

email sent to ean@infinite8institute.com
31 sent emails in total

email sent to mark@phenomx.co
32 sent emails in total

email sent to cory.ohlendorf@valetmag.com
33 sent emails in total

email sent to faguilar@estal.com
34 sent emails in total

email sent to essence@theestablished.co
35 sent emails in total

email sent to lisag@bayardad.com
36 sent emails in total

email sent to matt@beermkr.com
37 sent emails in total

email sent to aallam@goleafe.com
38 sent emails in total

email sent to gbendert@sbrginc.com
39 sent emails in total

email sent to steve@spark-partners.com
40 sent emails in total

email sent to edenlord@thedashalliance.com
41 sent emails in total

email sent to famiabdu@digi.com.my
42 sent emails in total

email sent to charles@miamistring.com
43 sent emails in total

email sent to nico@bonneetfilou.com
44 sent emails in total

email sent to alex@gopassage.com
45 sent emails in total

email sent to lese@newsun.com
46 sent emails in total

email sent to justin@themedicarehelpdesk.com
47 sent emails in total

email sent to ian.gertler@symplegades.com
48 sent emails in total

email sent to jim.quiggins@eminence.com
49 sent emails in total

email sent to sostipow@horizonra.com
50 sent emails in total

email sent to janette@kidsandcars.org
51 sent emails in total

email sent to datrostic@ccmcnet.com
52 sent emails in total

email sent to rteall@biodico.com
53 sent emails in total

email sent to michael.jacobs@jcrew.com
54 sent emails in total

email sent to todd.cohn@fidelioadvisors.com
55 sent emails in total

email sent to jkuhn@wilburellis.com
56 sent emails in total

email sent to rmcvay@indymca.org
57 sent emails in total

email sent to marc@sostevinobile.com
58 sent emails in total

email sent to chris@nottinghammd.com
59 sent emails in total

email sent to katarina@spgtech.co.za
60 sent emails in total

email sent to dbb@getplunk.com
61 sent emails in total

email sent to bruce@optimaldsi.com
62 sent emails in total

email sent to coumba@coumba.win
63 sent emails in total

email sent to cliff.hicks@roimich.com
64 sent emails in total

email sent to stevek@compowercorp.com
65 sent emails in total

email sent to ben@immersivedge.com
66 sent emails in total

email sent to dillion@creativenestlings.com
67 sent emails in total

email sent to hicham.daghri@horizontrades.com
68 sent emails in total

email sent to susan@indiedogood.com
69 sent emails in total

email sent to shelly@talesofthekitty.com
70 sent emails in total

email sent to ysanchez@lamariposafilms.com
71 sent emails in total

email sent to jwolfson@shulefoundation.org
72 sent emails in total

email sent to andrades@frarents.com
73 sent emails in total

email sent to cvitton@rehabsynergies.com
74 sent emails in total

email sent to michael.lusto@vigilantpharma.com
75 sent emails in total

email sent to sperezcash@hacr.org
76 sent emails in total

email sent to lorry@absolutcare.com
77 sent emails in total

email sent to michele@balloonswithatwist.com
78 sent emails in total

email sent to robert.emrich@riskcop.com
79 sent emails in total

email sent to cristina@lightoptech.com
80 sent emails in total

email sent to eva@akilashes.com
81 sent emails in total

email sent to adam@humanpixel.com.au
82 sent emails in total

email sent to jaime.muldoon@positioninguniversal.com
83 sent emails in total

email sent to jdaley@saratogapublishing.com
84 sent emails in total

email sent to lgardner@persimmonai.com
85 sent emails in total

email sent to john@axismusic.com
86 sent emails in total

email sent to emma@theideafarm.net
87 sent emails in total

email sent to shakeel@bolonetwork.com
88 sent emails in total

email sent to jeanmarc.laurent@milliwavess.com
89 sent emails in total

email sent to dmann@byerlycapital.com
90 sent emails in total

email sent to mhalperin@act2financial.com
91 sent emails in total

email sent to avi.mehl@newcompventures.com
92 sent emails in total

email sent to thomas.steckenreiter@samsongroup.com
93 sent emails in total

email sent to jflory@cereusre.com
94 sent emails in total

email sent to rashidat.edunjobi@bakerhughes.com
95 sent emails in total

email sent to lianab@etissl.com
96 sent emails in total

email sent to gwen.braden@unitedbank.com
97 sent emails in total

email sent to om@inspirave.com
98 sent emails in total

email sent to warren@mylanguagehero.com
99 sent emails in total
INFO: 2026-03-20 12:07:59,657 - DONE!
INFO: 2026-03-20 12:07:59,659 - FINISHED LOOP


email sent to ayao@waupelani.com
100 sent emails in total
INFO: 2026-03-20 12:30:07,973 - STARTING LOOP
INFO: 2026-03-20 12:30:07,973 - Getting blasts quota...
INFO: 2026-03-20 12:30:07,980 - DONE!
INFO: 2026-03-20 12:30:08,544 - Processing project 2003711 - tra_sydney...
INFO: 2026-03-20 12:30:08,544 - Getting records for Mailmerge...
INFO: 2026-03-20 12:30:18,486 - Got 0 records!
INFO: 2026-03-20 12:30:19,109 - Processing project 2003712 - tra_sydney_aus_only...
INFO: 2026-03-20 12:30:19,110 - Getting records for Mailmerge...
INFO: 2026-03-20 12:30:33,522 - Got 0 records!
INFO: 2026-03-20 12:30:33,591 - Processing project 1432181 - reputation_leaders_csuite...
INFO: 2026-03-20 12:30:33,592 - Getting records for Mailmerge...
INFO: 2026-03-20 12:30:36,434 - Got 1 records!
INFO: 2026-03-20 12:30:36,463 - Processing project 2002111 - hlm_prison_research...
INFO: 2026-03-20 12:30:36,463 - Getting records for Mailmerge...
INFO: 2026-03-20 12:30:36,501 - Got 0 records!
INFO: 2026-03-20 12:30:36,579 - Processing project 1949181 - northwestel...
INFO: 2026-03-20 12:30:36,579 - Getting records for Mailmerge...
INFO: 2026-03-20 12:30:36,581 - Got 0 records!
INFO: 2026-03-20 12:30:38,693 - Processing project 1150717 - red_associates_cancer_spain_referrals...
INFO: 2026-03-20 12:30:38,693 - Getting records for Mailmerge...
INFO: 2026-03-20 12:30:38,696 - Got 0 records!
INFO: 2026-03-20 12:30:40,395 - Processing project 1150716 - red_associates_cancer_canada_referrals...
INFO: 2026-03-20 12:30:40,395 - Getting records for Mailmerge...
INFO: 2026-03-20 12:30:40,400 - Got 0 records!
INFO: 2026-03-20 12:30:40,569 - Processing project 1995971 - Vanguardcharitable...
INFO: 2026-03-20 12:30:40,569 - Getting records for Mailmerge...
INFO: 2026-03-20 12:30:40,571 - Got 0 records!
INFO: 2026-03-20 12:30:41,183 - Processing project 123456 - sales...
INFO: 2026-03-20 12:30:41,183 - Getting records for Mailmerge...
INFO: 2026-03-20 12:30:42,930 - Got 52 records!
INFO: 2026-03-20 12:30:42,930 - FINISHED LOOP

INFO: 2026-03-20 12:30:42,936 - STARTING LOOP
INFO: 2026-03-20 12:30:42,937 - Sending out mailerge list...
INFO: 2026-03-20 12:34:52,778 - DONE!
INFO: 2026-03-20 12:34:52,781 - FINISHED LOOP

error: No project saved for the project id: 1995581.
Failed to send email to {'id': 1560666, 'First_name': 'carina johansson nyvoll', 'Email': 'carina.nyvoll@kristianiano', 'message': '£200 Compensated Interview with Senior Business Professionals. \n\nHello carina johansson nyvoll,\n\nSIS International Research is conducting a compensated research interview with senior business professionals and C-suite executives.\n\nWe are providing compensation of £200 USD for those who qualify, are selected, and successfully complete an online interview of approximately 50 minutes.\n\nIn this engaging study, we aim to learn more about your opinions and insights. \n\nIf you are interested, we would first like to see if this project is a fit. Please answer the pre-screening questions below to be considered. If this study is a fit, we will get in touch.\n\nhttps://www.surveymonkey.com/r/DRHK67C\n\nThis email is not confirmation that you are formally accepted for the study. We reserve the right to validate all information.\nThe incentive processing time is approximately 4 to 6 weeks.\n\nKind regards,\nInsights Team 143218\n\nSIS International Research\n11 E 22nd Street NY, NY 10010\n\nYou are receiving this email because we have identified you as a potential candidate for participation in voluntary, paid market research based on your publicly available professional contact information.\n\nIn accordance with Article 6(1)(f) of the GDPR, we process limited personal data on the basis of our legitimate interest in conducting market research.\n\nIf you prefer not to be contacted again or wish to exercise your data rights (access, correction, deletion, objection), please reply “NO” to this email. \n\nTo learn more about how we process your data, please refer to our Privacy Policy on our website.', 'project_id': 1432181}. Adding it to the list of failed emails.
failed emails saved

email sent to carina.nyvoll@kristianiano
1 sent emails in total

email sent to roscilli@takisbiotech.it
2 sent emails in total

email sent to jparker@parkerbrowninc.com
3 sent emails in total

email sent to jmarz@rothmarz.com
4 sent emails in total

email sent to arjun.bhattarai@vflowtech.com
5 sent emails in total

email sent to gb@aellagroup.com
6 sent emails in total

email sent to jay@threecreeksbrewing.com
7 sent emails in total

email sent to steven.ganz@teamifier.com
8 sent emails in total

email sent to shannon@gowaxhead.com
9 sent emails in total

email sent to ariel@easternskytheatre.org
10 sent emails in total

email sent to sandra@vibratehigher.com
11 sent emails in total

email sent to agneta.rosenberg@interimventures.com
12 sent emails in total

email sent to mbk@ideaeng.com
13 sent emails in total

email sent to obedd@smdi.com
14 sent emails in total

email sent to michael@fhit.io
15 sent emails in total

email sent to amiller@adrianmiller.com
16 sent emails in total

email sent to brian@brainstorm-institute.com
17 sent emails in total

email sent to jr@revboost.com
18 sent emails in total

email sent to jl@johnlutz.com
19 sent emails in total

email sent to tmorfitt@gs-rx.com
20 sent emails in total

email sent to larryrueff@swinevetservices.com
21 sent emails in total

email sent to oliverb@jaycee-herb.com
22 sent emails in total

email sent to amy@amplifyinnovate.com
23 sent emails in total

email sent to giraffe@giraffe.com
24 sent emails in total

email sent to rlucas@nesteggadvice.com
25 sent emails in total

email sent to steve@day8labs.com
26 sent emails in total

email sent to kbolyai@altamareagroup.com
27 sent emails in total

email sent to lane.tabb@llabb.co
28 sent emails in total

email sent to miguel@gudpod.com
29 sent emails in total

email sent to mike@showtimemike.com
30 sent emails in total

email sent to brad.gubler@ascendiaadvisors.com
31 sent emails in total

email sent to rs@rochellesara.com
32 sent emails in total

email sent to mandy@palladiummind.com
33 sent emails in total

email sent to andyc@starfishjunction.com
34 sent emails in total

email sent to babak@quadribot.com
35 sent emails in total

email sent to kverola@undertone.com
36 sent emails in total

email sent to patrick.frimat@abvtechnology.com
37 sent emails in total

email sent to santosh@ultrasolartech.com
38 sent emails in total

email sent to moses@politicalrobocalls.com
39 sent emails in total

email sent to john.dobbyn@pepsico.com
40 sent emails in total

email sent to carolina@adventuresportsinnovation.com
41 sent emails in total

email sent to alung@cisco.com
42 sent emails in total

email sent to atulr@cisco.com
43 sent emails in total

email sent to wepmanj@leidos.com
44 sent emails in total

email sent to dylon.dsouza@westernunion.com
45 sent emails in total

email sent to sdelafraz@firstquality.com
46 sent emails in total

email sent to atandon@mmsholdings.com
47 sent emails in total

email sent to kerry.shih@servera-inc.com
48 sent emails in total

email sent to alex.purtell@rekovo.com
49 sent emails in total

email sent to bill@willissinclair.com
50 sent emails in total

email sent to andrea.farb@roofstock.com
51 sent emails in total

email sent to abishop@referencetek.com
52 sent emails in total

email sent to alex@barnabasclothing.com
53 sent emails in total
INFO: 2026-03-20 13:00:08,021 - STARTING LOOP
INFO: 2026-03-20 13:00:08,022 - Getting blasts quota...
INFO: 2026-03-20 13:00:08,030 - DONE!
INFO: 2026-03-20 13:00:08,750 - Processing project 2003711 - tra_sydney...
INFO: 2026-03-20 13:00:08,751 - Getting records for Mailmerge...
INFO: 2026-03-20 13:00:20,591 - Got 0 records!
INFO: 2026-03-20 13:00:21,022 - Processing project 2003712 - tra_sydney_aus_only...
INFO: 2026-03-20 13:00:21,022 - Getting records for Mailmerge...
INFO: 2026-03-20 13:00:35,903 - Got 0 records!
INFO: 2026-03-20 13:00:35,965 - Processing project 1432181 - reputation_leaders_csuite...
INFO: 2026-03-20 13:00:35,965 - Getting records for Mailmerge...
INFO: 2026-03-20 13:00:38,850 - Got 1 records!
INFO: 2026-03-20 13:00:38,883 - Processing project 2002111 - hlm_prison_research...
INFO: 2026-03-20 13:00:38,884 - Getting records for Mailmerge...
INFO: 2026-03-20 13:00:38,923 - Got 0 records!
INFO: 2026-03-20 13:00:38,986 - Processing project 1949181 - northwestel...
INFO: 2026-03-20 13:00:38,986 - Getting records for Mailmerge...
INFO: 2026-03-20 13:00:38,988 - Got 0 records!
INFO: 2026-03-20 13:00:41,058 - Processing project 1150717 - red_associates_cancer_spain_referrals...
INFO: 2026-03-20 13:00:41,059 - Getting records for Mailmerge...
INFO: 2026-03-20 13:00:41,060 - Got 0 records!
INFO: 2026-03-20 13:00:42,805 - Processing project 1150716 - red_associates_cancer_canada_referrals...
INFO: 2026-03-20 13:00:42,805 - Getting records for Mailmerge...
INFO: 2026-03-20 13:00:42,807 - Got 0 records!
INFO: 2026-03-20 13:00:42,951 - Processing project 1995971 - Vanguardcharitable...
INFO: 2026-03-20 13:00:42,951 - Getting records for Mailmerge...
INFO: 2026-03-20 13:00:42,953 - Got 0 records!
INFO: 2026-03-20 13:00:43,562 - Processing project 123456 - sales...
INFO: 2026-03-20 13:00:43,562 - Getting records for Mailmerge...
INFO: 2026-03-20 13:00:45,857 - Got 0 records!
INFO: 2026-03-20 13:00:45,857 - FINISHED LOOP

INFO: 2026-03-20 13:00:45,860 - STARTING LOOP
INFO: 2026-03-20 13:00:45,860 - Sending out mailerge list...
INFO: 2026-03-20 13:00:48,771 - DONE!
INFO: 2026-03-20 13:00:48,773 - FINISHED LOOP

error: No project saved for the project id: 1995581.
Failed to send email to {'id': 1560666, 'First_name': 'carina johansson nyvoll', 'Email': 'carina.nyvoll@kristianiano', 'message': '£200 Compensated Interview with Senior Business Professionals. \n\nHello carina johansson nyvoll,\n\nSIS International Research is conducting a compensated research interview with senior business professionals and C-suite executives.\n\nWe are providing compensation of £200 USD for those who qualify, are selected, and successfully complete an online interview of approximately 50 minutes.\n\nIn this engaging study, we aim to learn more about your opinions and insights. \n\nIf you are interested, we would first like to see if this project is a fit. Please answer the pre-screening questions below to be considered. If this study is a fit, we will get in touch.\n\nhttps://www.surveymonkey.com/r/DRHK67C\n\nThis email is not confirmation that you are formally accepted for the study. We reserve the right to validate all information.\nThe incentive processing time is approximately 4 to 6 weeks.\n\nKind regards,\nInsights Team 143218\n\nSIS International Research\n11 E 22nd Street NY, NY 10010\n\nYou are receiving this email because we have identified you as a potential candidate for participation in voluntary, paid market research based on your publicly available professional contact information.\n\nIn accordance with Article 6(1)(f) of the GDPR, we process limited personal data on the basis of our legitimate interest in conducting market research.\n\nIf you prefer not to be contacted again or wish to exercise your data rights (access, correction, deletion, objection), please reply “NO” to this email. \n\nTo learn more about how we process your data, please refer to our Privacy Policy on our website.', 'project_id': 1432181}. Adding it to the list of failed emails.
failed emails saved

email sent to carina.nyvoll@kristianiano
1 sent emails in total
INFO: 2026-03-20 13:30:05,846 - STARTING LOOP
INFO: 2026-03-20 13:30:05,847 - Getting blasts quota...
INFO: 2026-03-20 13:30:05,854 - DONE!
INFO: 2026-03-20 13:30:06,229 - Processing project 2003711 - tra_sydney...
INFO: 2026-03-20 13:30:06,230 - Getting records for Mailmerge...
INFO: 2026-03-20 13:30:15,977 - Got 0 records!
INFO: 2026-03-20 13:30:16,409 - Processing project 2003712 - tra_sydney_aus_only...
INFO: 2026-03-20 13:30:16,409 - Getting records for Mailmerge...
INFO: 2026-03-20 13:30:30,017 - Got 0 records!
INFO: 2026-03-20 13:30:30,073 - Processing project 1432181 - reputation_leaders_csuite...
INFO: 2026-03-20 13:30:30,073 - Getting records for Mailmerge...
INFO: 2026-03-20 13:30:32,718 - Got 1 records!
INFO: 2026-03-20 13:30:32,755 - Processing project 2002111 - hlm_prison_research...
INFO: 2026-03-20 13:30:32,755 - Getting records for Mailmerge...
INFO: 2026-03-20 13:30:32,791 - Got 0 records!
INFO: 2026-03-20 13:30:32,850 - Processing project 1949181 - northwestel...
INFO: 2026-03-20 13:30:32,850 - Getting records for Mailmerge...
INFO: 2026-03-20 13:30:32,852 - Got 0 records!
INFO: 2026-03-20 13:30:34,898 - Processing project 1150717 - red_associates_cancer_spain_referrals...
INFO: 2026-03-20 13:30:34,898 - Getting records for Mailmerge...
INFO: 2026-03-20 13:30:34,901 - Got 0 records!
INFO: 2026-03-20 13:30:36,546 - Processing project 1150716 - red_associates_cancer_canada_referrals...
INFO: 2026-03-20 13:30:36,546 - Getting records for Mailmerge...
INFO: 2026-03-20 13:30:36,549 - Got 0 records!
INFO: 2026-03-20 13:30:36,709 - Processing project 1995971 - Vanguardcharitable...
INFO: 2026-03-20 13:30:36,710 - Getting records for Mailmerge...
INFO: 2026-03-20 13:30:36,711 - Got 0 records!
INFO: 2026-03-20 13:30:37,313 - Processing project 123456 - sales...
INFO: 2026-03-20 13:30:37,314 - Getting records for Mailmerge...
INFO: 2026-03-20 13:30:38,879 - Got 0 records!
INFO: 2026-03-20 13:30:38,879 - FINISHED LOOP

INFO: 2026-03-20 13:30:38,882 - STARTING LOOP
INFO: 2026-03-20 13:30:38,882 - Sending out mailerge list...
INFO: 2026-03-20 13:30:43,125 - DONE!
INFO: 2026-03-20 13:30:43,126 - FINISHED LOOP

error: No project saved for the project id: 1995581.
Failed to send email to {'id': 1560666, 'First_name': 'carina johansson nyvoll', 'Email': 'carina.nyvoll@kristianiano', 'message': '£200 Compensated Interview with Senior Business Professionals. \n\nHello carina johansson nyvoll,\n\nSIS International Research is conducting a compensated research interview with senior business professionals and C-suite executives.\n\nWe are providing compensation of £200 USD for those who qualify, are selected, and successfully complete an online interview of approximately 50 minutes.\n\nIn this engaging study, we aim to learn more about your opinions and insights. \n\nIf you are interested, we would first like to see if this project is a fit. Please answer the pre-screening questions below to be considered. If this study is a fit, we will get in touch.\n\nhttps://www.surveymonkey.com/r/DRHK67C\n\nThis email is not confirmation that you are formally accepted for the study. We reserve the right to validate all information.\nThe incentive processing time is approximately 4 to 6 weeks.\n\nKind regards,\nInsights Team 143218\n\nSIS International Research\n11 E 22nd Street NY, NY 10010\n\nYou are receiving this email because we have identified you as a potential candidate for participation in voluntary, paid market research based on your publicly available professional contact information.\n\nIn accordance with Article 6(1)(f) of the GDPR, we process limited personal data on the basis of our legitimate interest in conducting market research.\n\nIf you prefer not to be contacted again or wish to exercise your data rights (access, correction, deletion, objection), please reply “NO” to this email. \n\nTo learn more about how we process your data, please refer to our Privacy Policy on our website.', 'project_id': 1432181}. Adding it to the list of failed emails.
failed emails saved

email sent to carina.nyvoll@kristianiano
1 sent emails in total
INFO: 2026-03-20 14:03:46,560 - STARTING LOOP
INFO: 2026-03-20 14:03:46,561 - Getting blasts quota...
INFO: 2026-03-20 14:03:46,569 - DONE!
INFO: 2026-03-20 14:03:46,978 - Processing project 2003711 - tra_sydney...
INFO: 2026-03-20 14:03:46,978 - Getting records for Mailmerge...
INFO: 2026-03-20 14:03:56,653 - Got 0 records!
INFO: 2026-03-20 14:03:57,022 - Processing project 2003712 - tra_sydney_aus_only...
INFO: 2026-03-20 14:03:57,023 - Getting records for Mailmerge...
INFO: 2026-03-20 14:04:11,135 - Got 0 records!
INFO: 2026-03-20 14:04:11,184 - Processing project 1432181 - reputation_leaders_csuite...
INFO: 2026-03-20 14:04:11,184 - Getting records for Mailmerge...
INFO: 2026-03-20 14:04:13,921 - Got 1 records!
INFO: 2026-03-20 14:04:13,948 - Processing project 2002111 - hlm_prison_research...
INFO: 2026-03-20 14:04:13,948 - Getting records for Mailmerge...
INFO: 2026-03-20 14:04:13,983 - Got 0 records!
INFO: 2026-03-20 14:04:14,041 - Processing project 1949181 - northwestel...
INFO: 2026-03-20 14:04:14,042 - Getting records for Mailmerge...
INFO: 2026-03-20 14:04:14,044 - Got 0 records!
INFO: 2026-03-20 14:04:16,276 - Processing project 1150717 - red_associates_cancer_spain_referrals...
INFO: 2026-03-20 14:04:16,276 - Getting records for Mailmerge...
INFO: 2026-03-20 14:04:16,279 - Got 0 records!
INFO: 2026-03-20 14:04:17,921 - Processing project 1150716 - red_associates_cancer_canada_referrals...
INFO: 2026-03-20 14:04:17,921 - Getting records for Mailmerge...
INFO: 2026-03-20 14:04:17,925 - Got 0 records!
INFO: 2026-03-20 14:04:18,075 - Processing project 1995971 - Vanguardcharitable...
INFO: 2026-03-20 14:04:18,075 - Getting records for Mailmerge...
INFO: 2026-03-20 14:04:18,077 - Got 0 records!
INFO: 2026-03-20 14:04:18,699 - Processing project 123456 - sales...
INFO: 2026-03-20 14:04:18,699 - Getting records for Mailmerge...
INFO: 2026-03-20 14:04:20,236 - Got 0 records!
INFO: 2026-03-20 14:04:20,236 - FINISHED LOOP

INFO: 2026-03-20 14:04:20,239 - STARTING LOOP
INFO: 2026-03-20 14:04:20,239 - Sending out mailerge list...
INFO: 2026-03-20 14:04:25,386 - DONE!
INFO: 2026-03-20 14:04:25,386 - FINISHED LOOP

error: No project saved for the project id: 1995581.
Failed to send email to {'id': 1560666, 'First_name': 'carina johansson nyvoll', 'Email': 'carina.nyvoll@kristianiano', 'message': '£200 Compensated Interview with Senior Business Professionals. \n\nHello carina johansson nyvoll,\n\nSIS International Research is conducting a compensated research interview with senior business professionals and C-suite executives.\n\nWe are providing compensation of £200 USD for those who qualify, are selected, and successfully complete an online interview of approximately 50 minutes.\n\nIn this engaging study, we aim to learn more about your opinions and insights. \n\nIf you are interested, we would first like to see if this project is a fit. Please answer the pre-screening questions below to be considered. If this study is a fit, we will get in touch.\n\nhttps://www.surveymonkey.com/r/DRHK67C\n\nThis email is not confirmation that you are formally accepted for the study. We reserve the right to validate all information.\nThe incentive processing time is approximately 4 to 6 weeks.\n\nKind regards,\nInsights Team 143218\n\nSIS International Research\n11 E 22nd Street NY, NY 10010\n\nYou are receiving this email because we have identified you as a potential candidate for participation in voluntary, paid market research based on your publicly available professional contact information.\n\nIn accordance with Article 6(1)(f) of the GDPR, we process limited personal data on the basis of our legitimate interest in conducting market research.\n\nIf you prefer not to be contacted again or wish to exercise your data rights (access, correction, deletion, objection), please reply “NO” to this email. \n\nTo learn more about how we process your data, please refer to our Privacy Policy on our website.', 'project_id': 1432181}. Adding it to the list of failed emails.
failed emails saved

email sent to carina.nyvoll@kristianiano
1 sent emails in total
INFO: 2026-03-20 15:02:05,454 - STARTING LOOP
INFO: 2026-03-20 15:02:05,455 - Getting blasts quota...
INFO: 2026-03-20 15:02:05,458 - DONE!
INFO: 2026-03-20 15:02:05,820 - Processing project 2003711 - tra_sydney...
INFO: 2026-03-20 15:02:05,820 - Getting records for Mailmerge...
INFO: 2026-03-20 15:02:15,440 - Got 0 records!
INFO: 2026-03-20 15:02:15,813 - Processing project 2003712 - tra_sydney_aus_only...
INFO: 2026-03-20 15:02:15,813 - Getting records for Mailmerge...
INFO: 2026-03-20 15:02:28,999 - Got 0 records!
INFO: 2026-03-20 15:02:29,050 - Processing project 1432181 - reputation_leaders_csuite...
INFO: 2026-03-20 15:02:29,050 - Getting records for Mailmerge...
INFO: 2026-03-20 15:02:31,657 - Got 1 records!
INFO: 2026-03-20 15:02:31,687 - Processing project 2002111 - hlm_prison_research...
INFO: 2026-03-20 15:02:31,688 - Getting records for Mailmerge...
INFO: 2026-03-20 15:02:31,727 - Got 0 records!
INFO: 2026-03-20 15:02:32,112 - Processing project 1949181 - northwestel...
INFO: 2026-03-20 15:02:32,112 - Getting records for Mailmerge...
INFO: 2026-03-20 15:02:32,115 - Got 0 records!
INFO: 2026-03-20 15:02:34,123 - Processing project 1150717 - red_associates_cancer_spain_referrals...
INFO: 2026-03-20 15:02:34,123 - Getting records for Mailmerge...
INFO: 2026-03-20 15:02:34,126 - Got 0 records!
INFO: 2026-03-20 15:02:35,783 - Processing project 1150716 - red_associates_cancer_canada_referrals...
INFO: 2026-03-20 15:02:35,783 - Getting records for Mailmerge...
INFO: 2026-03-20 15:02:35,787 - Got 0 records!
INFO: 2026-03-20 15:02:35,964 - Processing project 1995971 - Vanguardcharitable...
INFO: 2026-03-20 15:02:35,964 - Getting records for Mailmerge...
INFO: 2026-03-20 15:02:35,966 - Got 0 records!
INFO: 2026-03-20 15:02:36,577 - Processing project 123456 - sales...
INFO: 2026-03-20 15:02:36,577 - Getting records for Mailmerge...
INFO: 2026-03-20 15:02:38,139 - Got 0 records!
INFO: 2026-03-20 15:02:38,139 - FINISHED LOOP

INFO: 2026-03-20 15:02:38,142 - STARTING LOOP
INFO: 2026-03-20 15:02:38,142 - Sending out mailerge list...
INFO: 2026-03-20 15:02:43,851 - DONE!
INFO: 2026-03-20 15:02:43,851 - FINISHED LOOP

error: No project saved for the project id: 1995581.
Failed to send email to {'id': 1560666, 'First_name': 'carina johansson nyvoll', 'Email': 'carina.nyvoll@kristianiano', 'message': '£200 Compensated Interview with Senior Business Professionals. \n\nHello carina johansson nyvoll,\n\nSIS International Research is conducting a compensated research interview with senior business professionals and C-suite executives.\n\nWe are providing compensation of £200 USD for those who qualify, are selected, and successfully complete an online interview of approximately 50 minutes.\n\nIn this engaging study, we aim to learn more about your opinions and insights. \n\nIf you are interested, we would first like to see if this project is a fit. Please answer the pre-screening questions below to be considered. If this study is a fit, we will get in touch.\n\nhttps://www.surveymonkey.com/r/DRHK67C\n\nThis email is not confirmation that you are formally accepted for the study. We reserve the right to validate all information.\nThe incentive processing time is approximately 4 to 6 weeks.\n\nKind regards,\nInsights Team 143218\n\nSIS International Research\n11 E 22nd Street NY, NY 10010\n\nYou are receiving this email because we have identified you as a potential candidate for participation in voluntary, paid market research based on your publicly available professional contact information.\n\nIn accordance with Article 6(1)(f) of the GDPR, we process limited personal data on the basis of our legitimate interest in conducting market research.\n\nIf you prefer not to be contacted again or wish to exercise your data rights (access, correction, deletion, objection), please reply “NO” to this email. \n\nTo learn more about how we process your data, please refer to our Privacy Policy on our website.', 'project_id': 1432181}. Adding it to the list of failed emails.
failed emails saved

email sent to carina.nyvoll@kristianiano
1 sent emails in total
INFO: 2026-03-20 20:04:25,217 - STARTING LOOP
INFO: 2026-03-20 20:04:25,218 - Getting blasts quota...
INFO: 2026-03-20 20:04:25,223 - DONE!
WARNING: 2026-03-20 20:04:25,223 - No projects to work on!
INFO: 2026-03-20 20:04:25,223 - FINISHED LOOP

INFO: 2026-03-20 20:04:25,223 - STARTING LOOP
INFO: 2026-03-20 20:04:25,223 - there's no mailmerge list. Skipping for now...
INFO: 2026-03-20 20:04:25,223 - FINISHED LOOP

INFO: 2026-03-20 21:37:03,340 - STARTING LOOP
INFO: 2026-03-20 21:37:03,340 - Getting blasts quota...
INFO: 2026-03-20 21:37:03,348 - DONE!
WARNING: 2026-03-20 21:37:03,349 - No projects to work on!
INFO: 2026-03-20 21:37:03,349 - FINISHED LOOP

INFO: 2026-03-20 21:37:03,349 - STARTING LOOP
INFO: 2026-03-20 21:37:03,349 - there's no mailmerge list. Skipping for now...
INFO: 2026-03-20 21:37:03,349 - FINISHED LOOP

INFO: 2026-03-20 22:00:41,791 - STARTING LOOP
INFO: 2026-03-20 22:00:41,792 - Getting blasts quota...
INFO: 2026-03-20 22:00:41,795 - DONE!
WARNING: 2026-03-20 22:00:41,796 - No projects to work on!
INFO: 2026-03-20 22:00:41,796 - FINISHED LOOP

INFO: 2026-03-20 22:00:41,796 - STARTING LOOP
INFO: 2026-03-20 22:00:41,796 - there's no mailmerge list. Skipping for now...
INFO: 2026-03-20 22:00:41,796 - FINISHED LOOP

INFO: 2026-03-20 22:31:32,152 - STARTING LOOP
INFO: 2026-03-20 22:31:32,153 - Getting blasts quota...
INFO: 2026-03-20 22:31:32,157 - DONE!
WARNING: 2026-03-20 22:31:32,157 - No projects to work on!
INFO: 2026-03-20 22:31:32,157 - FINISHED LOOP

INFO: 2026-03-20 22:31:32,157 - STARTING LOOP
INFO: 2026-03-20 22:31:32,157 - there's no mailmerge list. Skipping for now...
INFO: 2026-03-20 22:31:32,157 - FINISHED LOOP

INFO: 2026-03-21 00:30:05,554 - STARTING LOOP
INFO: 2026-03-21 00:30:05,554 - Getting blasts quota...
INFO: 2026-03-21 00:30:05,559 - DONE!
WARNING: 2026-03-21 00:30:05,559 - No projects to work on!
INFO: 2026-03-21 00:30:05,559 - FINISHED LOOP

INFO: 2026-03-21 00:30:05,559 - STARTING LOOP
INFO: 2026-03-21 00:30:05,560 - there's no mailmerge list. Skipping for now...
INFO: 2026-03-21 00:30:05,560 - FINISHED LOOP

INFO: 2026-03-21 01:00:05,755 - STARTING LOOP
INFO: 2026-03-21 01:00:05,755 - Getting blasts quota...
INFO: 2026-03-21 01:00:05,760 - DONE!
WARNING: 2026-03-21 01:00:05,760 - No projects to work on!
INFO: 2026-03-21 01:00:05,760 - FINISHED LOOP

INFO: 2026-03-21 01:00:05,760 - STARTING LOOP
INFO: 2026-03-21 01:00:05,761 - there's no mailmerge list. Skipping for now...
INFO: 2026-03-21 01:00:05,761 - FINISHED LOOP

INFO: 2026-03-21 06:38:49,522 - STARTING LOOP
INFO: 2026-03-21 06:38:49,522 - Getting blasts quota...
INFO: 2026-03-21 06:38:49,527 - DONE!
WARNING: 2026-03-21 06:38:49,527 - No projects to work on!
INFO: 2026-03-21 06:38:49,527 - FINISHED LOOP

INFO: 2026-03-21 06:38:49,527 - STARTING LOOP
INFO: 2026-03-21 06:38:49,527 - there's no mailmerge list. Skipping for now...
INFO: 2026-03-21 06:38:49,527 - FINISHED LOOP

INFO: 2026-03-21 07:05:37,476 - STARTING LOOP
INFO: 2026-03-21 07:05:37,477 - Getting blasts quota...
INFO: 2026-03-21 07:05:37,482 - DONE!
WARNING: 2026-03-21 07:05:37,482 - No projects to work on!
INFO: 2026-03-21 07:05:37,482 - FINISHED LOOP

INFO: 2026-03-21 07:05:37,482 - STARTING LOOP
INFO: 2026-03-21 07:05:37,483 - there's no mailmerge list. Skipping for now...
INFO: 2026-03-21 07:05:37,483 - FINISHED LOOP

INFO: 2026-03-21 08:06:32,233 - STARTING LOOP
INFO: 2026-03-21 08:06:32,233 - Getting blasts quota...
INFO: 2026-03-21 08:06:32,238 - DONE!
WARNING: 2026-03-21 08:06:32,238 - No projects to work on!
INFO: 2026-03-21 08:06:32,238 - FINISHED LOOP

INFO: 2026-03-21 08:06:32,238 - STARTING LOOP
INFO: 2026-03-21 08:06:32,239 - there's no mailmerge list. Skipping for now...
INFO: 2026-03-21 08:06:32,239 - FINISHED LOOP

INFO: 2026-03-21 08:32:57,700 - STARTING LOOP
INFO: 2026-03-21 08:32:57,700 - Getting blasts quota...
INFO: 2026-03-21 08:32:57,704 - DONE!
WARNING: 2026-03-21 08:32:57,704 - No projects to work on!
INFO: 2026-03-21 08:32:57,704 - FINISHED LOOP

INFO: 2026-03-21 08:32:57,704 - STARTING LOOP
INFO: 2026-03-21 08:32:57,704 - there's no mailmerge list. Skipping for now...
INFO: 2026-03-21 08:32:57,704 - FINISHED LOOP

INFO: 2026-03-21 11:31:29,659 - STARTING LOOP
INFO: 2026-03-21 11:31:29,660 - Getting blasts quota...
INFO: 2026-03-21 11:31:29,697 - DONE!
WARNING: 2026-03-21 11:31:29,697 - No projects to work on!
INFO: 2026-03-21 11:31:29,697 - FINISHED LOOP

INFO: 2026-03-21 11:31:29,697 - STARTING LOOP
INFO: 2026-03-21 11:31:29,697 - there's no mailmerge list. Skipping for now...
INFO: 2026-03-21 11:31:29,697 - FINISHED LOOP

INFO: 2026-03-21 12:00:29,589 - STARTING LOOP
INFO: 2026-03-21 12:00:29,589 - Getting blasts quota...
INFO: 2026-03-21 12:00:29,594 - DONE!
WARNING: 2026-03-21 12:00:29,594 - No projects to work on!
INFO: 2026-03-21 12:00:29,594 - FINISHED LOOP

INFO: 2026-03-21 12:00:29,594 - STARTING LOOP
INFO: 2026-03-21 12:00:29,595 - there's no mailmerge list. Skipping for now...
INFO: 2026-03-21 12:00:29,595 - FINISHED LOOP

INFO: 2026-03-21 12:30:07,890 - STARTING LOOP
INFO: 2026-03-21 12:30:07,891 - Getting blasts quota...
INFO: 2026-03-21 12:30:07,897 - DONE!
WARNING: 2026-03-21 12:30:07,897 - No projects to work on!
INFO: 2026-03-21 12:30:07,898 - FINISHED LOOP

INFO: 2026-03-21 12:30:07,898 - STARTING LOOP
INFO: 2026-03-21 12:30:07,898 - there's no mailmerge list. Skipping for now...
INFO: 2026-03-21 12:30:07,898 - FINISHED LOOP

INFO: 2026-03-21 13:06:12,414 - STARTING LOOP
INFO: 2026-03-21 13:06:12,414 - Getting blasts quota...
INFO: 2026-03-21 13:06:12,420 - DONE!
WARNING: 2026-03-21 13:06:12,420 - No projects to work on!
INFO: 2026-03-21 13:06:12,420 - FINISHED LOOP

INFO: 2026-03-21 13:06:12,420 - STARTING LOOP
INFO: 2026-03-21 13:06:12,421 - there's no mailmerge list. Skipping for now...
INFO: 2026-03-21 13:06:12,421 - FINISHED LOOP

INFO: 2026-03-21 13:30:05,391 - STARTING LOOP
INFO: 2026-03-21 13:30:05,391 - Getting blasts quota...
INFO: 2026-03-21 13:30:05,399 - DONE!
WARNING: 2026-03-21 13:30:05,399 - No projects to work on!
INFO: 2026-03-21 13:30:05,399 - FINISHED LOOP

INFO: 2026-03-21 13:30:05,399 - STARTING LOOP
INFO: 2026-03-21 13:30:05,400 - there's no mailmerge list. Skipping for now...
INFO: 2026-03-21 13:30:05,400 - FINISHED LOOP

INFO: 2026-03-21 14:00:07,227 - STARTING LOOP
INFO: 2026-03-21 14:00:07,227 - Getting blasts quota...
INFO: 2026-03-21 14:00:07,231 - DONE!
WARNING: 2026-03-21 14:00:07,232 - No projects to work on!
INFO: 2026-03-21 14:00:07,232 - FINISHED LOOP

INFO: 2026-03-21 14:00:07,232 - STARTING LOOP
INFO: 2026-03-21 14:00:07,232 - there's no mailmerge list. Skipping for now...
INFO: 2026-03-21 14:00:07,232 - FINISHED LOOP

INFO: 2026-03-21 15:00:44,150 - STARTING LOOP
INFO: 2026-03-21 15:00:44,151 - Getting blasts quota...
INFO: 2026-03-21 15:00:44,160 - DONE!
WARNING: 2026-03-21 15:00:44,160 - No projects to work on!
INFO: 2026-03-21 15:00:44,161 - FINISHED LOOP

INFO: 2026-03-21 15:00:44,161 - STARTING LOOP
INFO: 2026-03-21 15:00:44,161 - there's no mailmerge list. Skipping for now...
INFO: 2026-03-21 15:00:44,161 - FINISHED LOOP

INFO: 2026-03-21 17:31:07,273 - STARTING LOOP
INFO: 2026-03-21 17:31:07,274 - Getting blasts quota...
INFO: 2026-03-21 17:31:07,278 - DONE!
WARNING: 2026-03-21 17:31:07,278 - No projects to work on!
INFO: 2026-03-21 17:31:07,278 - FINISHED LOOP

INFO: 2026-03-21 17:31:07,278 - STARTING LOOP
INFO: 2026-03-21 17:31:07,279 - there's no mailmerge list. Skipping for now...
INFO: 2026-03-21 17:31:07,279 - FINISHED LOOP

INFO: 2026-03-21 20:00:08,757 - STARTING LOOP
INFO: 2026-03-21 20:00:08,757 - Getting blasts quota...
INFO: 2026-03-21 20:00:08,765 - DONE!
WARNING: 2026-03-21 20:00:08,765 - No projects to work on!
INFO: 2026-03-21 20:00:08,765 - FINISHED LOOP

INFO: 2026-03-21 20:00:08,765 - STARTING LOOP
INFO: 2026-03-21 20:00:08,766 - there's no mailmerge list. Skipping for now...
INFO: 2026-03-21 20:00:08,766 - FINISHED LOOP

INFO: 2026-03-21 20:34:44,492 - STARTING LOOP
INFO: 2026-03-21 20:34:44,492 - Getting blasts quota...
INFO: 2026-03-21 20:34:44,500 - DONE!
WARNING: 2026-03-21 20:34:44,501 - No projects to work on!
INFO: 2026-03-21 20:34:44,501 - FINISHED LOOP

INFO: 2026-03-21 20:34:44,501 - STARTING LOOP
INFO: 2026-03-21 20:34:44,501 - there's no mailmerge list. Skipping for now...
INFO: 2026-03-21 20:34:44,501 - FINISHED LOOP

INFO: 2026-03-21 22:30:06,097 - STARTING LOOP
INFO: 2026-03-21 22:30:06,098 - Getting blasts quota...
INFO: 2026-03-21 22:30:06,107 - DONE!
WARNING: 2026-03-21 22:30:06,107 - No projects to work on!
INFO: 2026-03-21 22:30:06,107 - FINISHED LOOP

INFO: 2026-03-21 22:30:06,107 - STARTING LOOP
INFO: 2026-03-21 22:30:06,108 - there's no mailmerge list. Skipping for now...
INFO: 2026-03-21 22:30:06,108 - FINISHED LOOP

INFO: 2026-03-21 23:30:06,478 - STARTING LOOP
INFO: 2026-03-21 23:30:06,478 - Getting blasts quota...
INFO: 2026-03-21 23:30:06,485 - DONE!
WARNING: 2026-03-21 23:30:06,485 - No projects to work on!
INFO: 2026-03-21 23:30:06,485 - FINISHED LOOP

INFO: 2026-03-21 23:30:06,485 - STARTING LOOP
INFO: 2026-03-21 23:30:06,485 - there's no mailmerge list. Skipping for now...
INFO: 2026-03-21 23:30:06,485 - FINISHED LOOP

INFO: 2026-03-22 00:30:05,468 - STARTING LOOP
INFO: 2026-03-22 00:30:05,468 - Getting blasts quota...
INFO: 2026-03-22 00:30:05,476 - DONE!
WARNING: 2026-03-22 00:30:05,476 - No projects to work on!
INFO: 2026-03-22 00:30:05,476 - FINISHED LOOP

INFO: 2026-03-22 00:30:05,476 - STARTING LOOP
INFO: 2026-03-22 00:30:05,476 - there's no mailmerge list. Skipping for now...
INFO: 2026-03-22 00:30:05,476 - FINISHED LOOP

INFO: 2026-03-23 10:30:07,383 - STARTING LOOP
INFO: 2026-03-23 10:30:07,383 - Getting blasts quota...
INFO: 2026-03-23 10:30:07,392 - DONE!
WARNING: 2026-03-23 10:30:07,392 - No projects to work on!
INFO: 2026-03-23 10:30:07,392 - FINISHED LOOP

INFO: 2026-03-23 10:30:07,392 - STARTING LOOP
INFO: 2026-03-23 10:30:07,392 - there's no mailmerge list. Skipping for now...
INFO: 2026-03-23 10:30:07,392 - FINISHED LOOP

INFO: 2026-03-23 10:55:53,918 - STARTING LOOP
INFO: 2026-03-23 10:55:53,919 - Getting blasts quota...
INFO: 2026-03-23 10:55:53,923 - DONE!
INFO: 2026-03-23 10:55:54,132 - Processing project 2003711 - tra_sydney...
INFO: 2026-03-23 10:55:54,132 - Getting records for Mailmerge...
INFO: 2026-03-23 10:55:57,809 - Got 0 records!
INFO: 2026-03-23 10:55:59,457 - Processing project 1150717 - red_associates_cancer_spain_referrals...
INFO: 2026-03-23 10:55:59,457 - Getting records for Mailmerge...
INFO: 2026-03-23 10:55:59,464 - Got 86 records!
INFO: 2026-03-23 10:56:00,806 - Processing project 1150716 - red_associates_cancer_canada_referrals...
INFO: 2026-03-23 10:56:00,807 - Getting records for Mailmerge...
INFO: 2026-03-23 10:56:01,101 - Got 71 records!
INFO: 2026-03-23 10:56:01,622 - Processing project 1993745 - hcr_usa_re_blast_nyc...
INFO: 2026-03-23 10:56:01,623 - Getting records for Mailmerge...
INFO: 2026-03-23 10:56:01,641 - Got 57 records!
INFO: 2026-03-23 10:56:05,482 - Processing project 1993746 - hcr_usa_re_blast_west...
INFO: 2026-03-23 10:56:05,482 - Getting records for Mailmerge...
INFO: 2026-03-23 10:56:05,498 - Got 43 records!
INFO: 2026-03-23 10:56:05,539 - Processing project 1949181 - northwestel...
INFO: 2026-03-23 10:56:05,539 - Getting records for Mailmerge...
INFO: 2026-03-23 10:56:05,549 - Got 29 records!
INFO: 2026-03-23 10:56:05,641 - Processing project 1995971 - Vanguardcharitable...
INFO: 2026-03-23 10:56:05,641 - Getting records for Mailmerge...
INFO: 2026-03-23 10:56:05,645 - Got 14 records!
INFO: 2026-03-23 10:56:06,063 - Processing project 123456 - sales...
INFO: 2026-03-23 10:56:06,063 - Getting records for Mailmerge...
INFO: 2026-03-23 10:56:06,796 - Got 0 records!
INFO: 2026-03-23 10:56:06,796 - FINISHED LOOP

INFO: 2026-03-23 10:56:06,806 - STARTING LOOP
INFO: 2026-03-23 10:56:06,806 - Sending out mailerge list...
INFO: 2026-03-23 11:03:18,771 - DONE!
INFO: 2026-03-23 11:03:18,773 - FINISHED LOOP

INFO: 2026-03-23 11:30:08,219 - STARTING LOOP
INFO: 2026-03-23 11:30:08,220 - Getting blasts quota...
INFO: 2026-03-23 11:30:08,227 - DONE!
INFO: 2026-03-23 11:30:08,821 - Processing project 2003711 - tra_sydney...
INFO: 2026-03-23 11:30:08,821 - Getting records for Mailmerge...
INFO: 2026-03-23 11:30:15,721 - Got 0 records!
INFO: 2026-03-23 11:30:17,902 - Processing project 1150717 - red_associates_cancer_spain_referrals...
INFO: 2026-03-23 11:30:17,903 - Getting records for Mailmerge...
INFO: 2026-03-23 11:30:17,904 - Got 0 records!
INFO: 2026-03-23 11:30:19,792 - Processing project 1150716 - red_associates_cancer_canada_referrals...
INFO: 2026-03-23 11:30:19,793 - Getting records for Mailmerge...
INFO: 2026-03-23 11:30:20,259 - Got 57 records!
INFO: 2026-03-23 11:30:21,592 - Processing project 1993745 - hcr_usa_re_blast_nyc...
INFO: 2026-03-23 11:30:21,593 - Getting records for Mailmerge...
INFO: 2026-03-23 11:30:21,624 - Got 57 records!
INFO: 2026-03-23 11:30:29,114 - Processing project 1993746 - hcr_usa_re_blast_west...
INFO: 2026-03-23 11:30:29,114 - Getting records for Mailmerge...
INFO: 2026-03-23 11:30:29,152 - Got 43 records!
INFO: 2026-03-23 11:30:29,218 - Processing project 1949181 - northwestel...
INFO: 2026-03-23 11:30:29,219 - Getting records for Mailmerge...
INFO: 2026-03-23 11:30:29,231 - Got 29 records!
INFO: 2026-03-23 11:30:29,380 - Processing project 1995971 - Vanguardcharitable...
INFO: 2026-03-23 11:30:29,380 - Getting records for Mailmerge...
INFO: 2026-03-23 11:30:29,389 - Got 14 records!
INFO: 2026-03-23 11:30:29,786 - Processing project 123456 - sales...
INFO: 2026-03-23 11:30:29,786 - Getting records for Mailmerge...
INFO: 2026-03-23 11:30:31,302 - Got 0 records!
INFO: 2026-03-23 11:30:31,302 - FINISHED LOOP

INFO: 2026-03-23 11:30:31,318 - STARTING LOOP
INFO: 2026-03-23 11:30:31,318 - Sending out mailerge list...
INFO: 2026-03-23 11:38:12,397 - DONE!
INFO: 2026-03-23 11:38:12,525 - FINISHED LOOP


email sent to gzhu@yorku.ca
1 sent emails in total

email sent to rdominic@apple.com
2 sent emails in total

email sent to kcoventry@sourcenutra.com
3 sent emails in total

email sent to arichard@hospicefredericton.ca
4 sent emails in total

email sent to brooke.gamache@albertahealthservices.ca
5 sent emails in total

email sent to shelly.dalueg@covenanthealth.ca
6 sent emails in total

email sent to kristen.miller@nygh.on.ca
7 sent emails in total

email sent to elizabeth.martin@livercarecanada.com
8 sent emails in total

email sent to sonya.marleau-bonacci@cornwallhospital.ca
9 sent emails in total

email sent to ranjit.bhangal@albertahealthservices.ca
10 sent emails in total

email sent to sheri.ferkl@nygh.on.ca
11 sent emails in total

email sent to lbarroso@haltonhealthcare.com
12 sent emails in total

email sent to nikko.joson@nshealth.ca
13 sent emails in total

email sent to melissa.fortune@nshealth.ca
14 sent emails in total

email sent to laura.butler@mackenziehealth.ca
15 sent emails in total

email sent to peggy.cook@horizonnb.ca
16 sent emails in total

email sent to kristie.butler@hpha.ca
17 sent emails in total

email sent to keshia.morgan@albertahealthservices.ca
18 sent emails in total

email sent to faizel.alladina@peoplecorporation.com
19 sent emails in total

email sent to jeremy.coughlin@coastcapitalsavings.com
20 sent emails in total

email sent to eric_saczuk@bcit.ca
21 sent emails in total

email sent to nate.fuks@mcgill.ca
22 sent emails in total

email sent to paul.morrison@utoronto.ca
23 sent emails in total

email sent to lauren.robertson@saxxunderwear.com
24 sent emails in total

email sent to kevin.lau@ubc.ca
25 sent emails in total

email sent to rgill@dt.com
26 sent emails in total

email sent to andrew.nemirovsky@nshealth.ca
27 sent emails in total

email sent to vmisra@aviso.ca
28 sent emails in total

email sent to lash.phillips@acden.com
29 sent emails in total

email sent to gordon@modernadvisor.ca
30 sent emails in total

email sent to sumo.jallah@un.org
31 sent emails in total

email sent to stephanie@affluencepartners.com
32 sent emails in total

email sent to todd.romaine@galianogold.com
33 sent emails in total

email sent to jason@airunlimited.ca
34 sent emails in total

email sent to jfoley@communitylivingessex.org
35 sent emails in total

email sent to jchoi@sheenasplace.org
36 sent emails in total

email sent to ang@opatoday.com
37 sent emails in total

email sent to mpereira@habitat.mb.ca
38 sent emails in total

email sent to klu@ontariospca.ca
39 sent emails in total

email sent to ridham.zalawadiya@enyr.ca
40 sent emails in total

email sent to raza@organicocean.com
41 sent emails in total

email sent to ann.rankin@revitalpolymers.com
42 sent emails in total

email sent to sean@truenorthaccounting.com
43 sent emails in total

email sent to fred@autoliquidation.ca
44 sent emails in total

email sent to anaoumov@greenq.ca
45 sent emails in total

email sent to andi.shi@cpac-canada.ca
46 sent emails in total

email sent to cgreenwood@tiaontario.ca
47 sent emails in total

email sent to executive.director@alzheimernb.ca
48 sent emails in total

email sent to shawnm@ofe.ca
49 sent emails in total

email sent to atower@bcadoption.com
50 sent emails in total

email sent to nicole@fpcanada.org
51 sent emails in total

email sent to bglauser@davidsuzuki.org
52 sent emails in total

email sent to laura_smith@amacathera.ca
53 sent emails in total

email sent to jzhang@fgcu.edu
54 sent emails in total

email sent to wes.brulotte@teck.com
55 sent emails in total

email sent to ken@iadirect.ca
56 sent emails in total

email sent to jjohnson@mantrapharma.ca
57 sent emails in total

email sent to conner.elliott@retail.allbirds.com
58 sent emails in total

email sent to sanjay.devi@loreal.com
59 sent emails in total

email sent to kim@whoodencollective.com
60 sent emails in total

email sent to cbenitez@unifiedleather.com
61 sent emails in total

email sent to jmininberg@vanguardstaffing.com
62 sent emails in total

email sent to mschostak@aritzia.com
63 sent emails in total

email sent to dustin@unifiedcommercegroup.com
64 sent emails in total

email sent to ksweeney@24seveninc.com
65 sent emails in total

email sent to isabel.lane@gucci.com
66 sent emails in total

email sent to kristen@iterationera.com
67 sent emails in total

email sent to hernan.ruiz@pfizer.com
68 sent emails in total

email sent to jfurch@tandmassociates.com
69 sent emails in total

email sent to susan.gerulis@pepsico.com
70 sent emails in total

email sent to thiago.veiga@effem.com
71 sent emails in total

email sent to alice.krauze@adm.com
72 sent emails in total

email sent to tfriedland@partnersintorah.org
73 sent emails in total

email sent to hoffman@civicbuilders.org
74 sent emails in total

email sent to dkarydas@flaretx.com
75 sent emails in total

email sent to as@compass.com
76 sent emails in total

email sent to stephmac@mit.edu
77 sent emails in total

email sent to stephen@compass.com
78 sent emails in total

email sent to trusha.mehta@ey.com
79 sent emails in total

email sent to mmezo@dalton.org
80 sent emails in total

email sent to eren@theenergyproject.com
81 sent emails in total

email sent to jacqueline.amato@rgp.com
82 sent emails in total

email sent to mfarhadi@sophelle.com
83 sent emails in total

email sent to fstamatiades@artsconsulting.com
84 sent emails in total

email sent to rzaccheo@fallfittings.com
85 sent emails in total

email sent to camarroj@kerry-grp.com
86 sent emails in total

email sent to bmassarsky@citrincooperman.com
87 sent emails in total

email sent to jdelacruz@sophelle.com
88 sent emails in total

email sent to kasturi.dutta@amolpharma.com
89 sent emails in total

email sent to maeve.imossi@merck.com
90 sent emails in total

email sent to rbordwell@jcj.com
91 sent emails in total

email sent to william.cohen@nmrk.com
92 sent emails in total

email sent to cmiller@hpone.com
93 sent emails in total

email sent to yinan.tong@sia-partners.com
94 sent emails in total

email sent to edgar.westerhof@arcadis.com
95 sent emails in total

email sent to bdizik@guidepostsolutions.com
96 sent emails in total

email sent to jermaine.pugh@matthews.com
97 sent emails in total

email sent to claire.jiang@bbva.com
98 sent emails in total

email sent to spencer.davidson@hunterhotels.net
99 sent emails in total

email sent to cameron@builtd.com
100 sent emails in total
INFO: 2026-03-23 12:03:18,240 - STARTING LOOP
INFO: 2026-03-23 12:03:18,262 - Getting blasts quota...
INFO: 2026-03-23 12:03:18,735 - DONE!
INFO: 2026-03-23 12:03:25,978 - Processing project 2003711 - tra_sydney...
INFO: 2026-03-23 12:03:26,002 - Getting records for Mailmerge...
INFO: 2026-03-23 12:05:32,597 - Got 0 records!
INFO: 2026-03-23 12:06:11,425 - Processing project 1150717 - red_associates_cancer_spain_referrals...
INFO: 2026-03-23 12:06:12,380 - Getting records for Mailmerge...
INFO: 2026-03-23 12:06:13,009 - Got 0 records!
INFO: 2026-03-23 12:06:40,539 - Processing project 1150716 - red_associates_cancer_canada_referrals...
INFO: 2026-03-23 12:06:40,540 - Getting records for Mailmerge...
INFO: 2026-03-23 12:06:40,546 - Got 0 records!
INFO: 2026-03-23 12:06:43,630 - Processing project 1993745 - hcr_usa_re_blast_nyc...
INFO: 2026-03-23 12:06:43,630 - Getting records for Mailmerge...
INFO: 2026-03-23 12:06:43,642 - Got 14 records!
INFO: 2026-03-23 12:06:49,003 - Processing project 1993746 - hcr_usa_re_blast_west...
INFO: 2026-03-23 12:06:49,004 - Getting records for Mailmerge...
INFO: 2026-03-23 12:06:49,036 - Got 43 records!
INFO: 2026-03-23 12:06:49,112 - Processing project 1949181 - northwestel...
INFO: 2026-03-23 12:06:49,112 - Getting records for Mailmerge...
INFO: 2026-03-23 12:06:49,129 - Got 29 records!
INFO: 2026-03-23 12:06:49,370 - Processing project 1995971 - Vanguardcharitable...
INFO: 2026-03-23 12:06:49,371 - Getting records for Mailmerge...
INFO: 2026-03-23 12:06:49,382 - Got 14 records!
INFO: 2026-03-23 12:06:50,087 - Processing project 123456 - sales...
INFO: 2026-03-23 12:06:50,087 - Getting records for Mailmerge...
INFO: 2026-03-23 12:06:51,638 - Got 0 records!
INFO: 2026-03-23 12:06:51,638 - FINISHED LOOP

INFO: 2026-03-23 12:06:51,650 - STARTING LOOP
INFO: 2026-03-23 12:06:51,652 - Sending out mailerge list...
INFO: 2026-03-23 12:14:16,946 - DONE!
INFO: 2026-03-23 12:14:17,312 - FINISHED LOOP


email sent to bdonofrio@fifthwall.com
1 sent emails in total

email sent to sharon.m.fields@verizon.com
2 sent emails in total

email sent to rstrand@theblakeproject.com
3 sent emails in total

email sent to britt.raymond@srsre.com
4 sent emails in total

email sent to eli@methodgc.com
5 sent emails in total

email sent to deborah.berebichez@ey.com
6 sent emails in total

email sent to mariel.huerta@avangrid.com
7 sent emails in total

email sent to charlesgp@publicis.com
8 sent emails in total

email sent to ajeet.batra@genpact.com
9 sent emails in total

email sent to jparra@accordion.com
10 sent emails in total

email sent to morourke@salesxceleration.com
11 sent emails in total

email sent to jordan.house@fticonsulting.com
12 sent emails in total

email sent to mhewavitharana@vhb.com
13 sent emails in total

email sent to mollie.wasser@fmr.com
14 sent emails in total

email sent to rebecca@heylocannabis.com
15 sent emails in total

email sent to michaelk@amazon.com
16 sent emails in total

email sent to karen.beauchamp@symetra.com
17 sent emails in total

email sent to kinsey@hudsonvilleicecream.com
18 sent emails in total

email sent to eguzik@nch.org
19 sent emails in total

email sent to ahodzic@acrisure.com
20 sent emails in total

email sent to sramegowda@cisco.com
21 sent emails in total

email sent to ctamboli@cisco.com
22 sent emails in total

email sent to howard.berry@colliers.com
23 sent emails in total

email sent to adamski@graceland.edu
24 sent emails in total

email sent to kristina.metzger@cbre.com
25 sent emails in total

email sent to afoxhoven@centeronhalsted.org
26 sent emails in total

email sent to brent@wdgyradio.com
27 sent emails in total

email sent to janglin@hedmananglinagency.com
28 sent emails in total

email sent to scott@hulanetworks.com
29 sent emails in total

email sent to albert@progressiverep.com
30 sent emails in total

email sent to kathy@tgifauto.com
31 sent emails in total

email sent to taylor@joshsfrogs.com
32 sent emails in total

email sent to claire@mortgagefirstcorp.com
33 sent emails in total

email sent to stephen@navalign.com
34 sent emails in total

email sent to kyle@ashwillassociates.com
35 sent emails in total

email sent to arados@crcre.com
36 sent emails in total

email sent to karen@cityolive.com
37 sent emails in total

email sent to jforan@teamneo.org
38 sent emails in total

email sent to amckeegan@meirealty.com
39 sent emails in total

email sent to rick@aia4lowrates.com
40 sent emails in total

email sent to truman@alphapos.net
41 sent emails in total

email sent to nnegri@retailassociates.com
42 sent emails in total

email sent to dave@insideoutnetworking.com
43 sent emails in total

email sent to kelli@kpiinsurance.com
44 sent emails in total

email sent to paul.su@progressiverep.com
45 sent emails in total

email sent to sean@foresightinsure.com
46 sent emails in total

email sent to jims@signsplusnw.com
47 sent emails in total

email sent to rob@rfeest.com
48 sent emails in total

email sent to paras@pncstudios.com
49 sent emails in total

email sent to tmehta@paloaltonetworks.com
50 sent emails in total

email sent to jbrignetti@paloaltonetworks.com
51 sent emails in total

email sent to mnanjanagud@paloaltonetworks.com
52 sent emails in total

email sent to lanette.faulkner@mission4health.com
53 sent emails in total

email sent to mike.wynne@colliers.com
54 sent emails in total

email sent to jpercy@apple.com
55 sent emails in total

email sent to ida.kim@evgo.com
56 sent emails in total

email sent to rrushing@motorola.com
57 sent emails in total

email sent to steadman.josh@gvea.com
58 sent emails in total

email sent to jbottorff@cpgh.org
59 sent emails in total

email sent to jason.kronebusch@arcticom.com
60 sent emails in total

email sent to rcooper@structured.com
61 sent emails in total

email sent to daniel.elder@alaska.gov
62 sent emails in total

email sent to chris.motz@matsuk12.us
63 sent emails in total

email sent to vkichura@gci.com
64 sent emails in total

email sent to larry.jones@aptalaska.com
65 sent emails in total

email sent to joshua.goin@akima.com
66 sent emails in total

email sent to mary.cordova@tananachiefs.org
67 sent emails in total

email sent to nwallette@structured.com
68 sent emails in total

email sent to sai@alaskapacific.edu
69 sent emails in total

email sent to mark.dundore@sealaska.com
70 sent emails in total

email sent to sh@faa.gov
71 sent emails in total

email sent to michael.trumbo@alaska.gov
72 sent emails in total

email sent to jon_s@coastalvillages.org
73 sent emails in total

email sent to jcockman@slrconsulting.com
74 sent emails in total

email sent to michael.grediagin@wwt.com
75 sent emails in total

email sent to jr@alaska.edu
76 sent emails in total

email sent to jack.lowe@thenineminds.com
77 sent emails in total

email sent to pgerdes@gci.com
78 sent emails in total

email sent to ahendrickson@tatitlek.com
79 sent emails in total

email sent to michael.mack@alaska.gov
80 sent emails in total

email sent to jay@kputel.com
81 sent emails in total

email sent to eric.bender@imagingak.com
82 sent emails in total

email sent to c.hamman@cvtc.org
83 sent emails in total

email sent to r.geraghty@cvtc.org
84 sent emails in total

email sent to evansbrian@micronics.net
85 sent emails in total

email sent to b.cavender@alaskausa.org
86 sent emails in total

email sent to zolbrys@microf.com
87 sent emails in total

email sent to christian.roddy@53.com
88 sent emails in total

email sent to knetherland@amazon.co.uk
89 sent emails in total

email sent to lchang@axoniccap.com
90 sent emails in total

email sent to richard.dorleans@dorleansproservices.com
91 sent emails in total

email sent to william.jones@ustrust.com
92 sent emails in total

email sent to jennifer.cruz@amexglobalbusinesstravel.com
93 sent emails in total

email sent to gsmith@lpenterprises-llc.com
94 sent emails in total

email sent to ravi.singh@amd.com
95 sent emails in total

email sent to thaas@roarkcapital.com
96 sent emails in total

email sent to bill.mckendry@amerisbank.com
97 sent emails in total

email sent to jordan.krugman@invesco.com
98 sent emails in total

email sent to paula.lin@dell.com
99 sent emails in total

email sent to john.kidd@flextecs.com
100 sent emails in total
INFO: 2026-03-23 12:30:09,319 - STARTING LOOP
INFO: 2026-03-23 12:30:09,319 - Getting blasts quota...
INFO: 2026-03-23 12:30:09,329 - DONE!
INFO: 2026-03-23 12:30:09,853 - Processing project 2003711 - tra_sydney...
INFO: 2026-03-23 12:30:09,853 - Getting records for Mailmerge...
INFO: 2026-03-23 12:30:15,693 - Got 0 records!
INFO: 2026-03-23 12:30:17,697 - Processing project 1150717 - red_associates_cancer_spain_referrals...
INFO: 2026-03-23 12:30:17,697 - Getting records for Mailmerge...
INFO: 2026-03-23 12:30:17,698 - Got 0 records!
INFO: 2026-03-23 12:30:19,420 - Processing project 1150716 - red_associates_cancer_canada_referrals...
INFO: 2026-03-23 12:30:19,421 - Getting records for Mailmerge...
INFO: 2026-03-23 12:30:19,422 - Got 0 records!
INFO: 2026-03-23 12:30:20,545 - Processing project 1993745 - hcr_usa_re_blast_nyc...
INFO: 2026-03-23 12:30:20,545 - Getting records for Mailmerge...
INFO: 2026-03-23 12:30:20,546 - Got 0 records!
INFO: 2026-03-23 12:30:27,132 - Processing project 1993746 - hcr_usa_re_blast_west...
INFO: 2026-03-23 12:30:27,133 - Getting records for Mailmerge...
INFO: 2026-03-23 12:30:27,135 - Got 0 records!
INFO: 2026-03-23 12:30:27,205 - Processing project 1949181 - northwestel...
INFO: 2026-03-23 12:30:27,205 - Getting records for Mailmerge...
INFO: 2026-03-23 12:30:27,208 - Got 0 records!
INFO: 2026-03-23 12:30:27,364 - Processing project 1995971 - Vanguardcharitable...
INFO: 2026-03-23 12:30:27,364 - Getting records for Mailmerge...
INFO: 2026-03-23 12:30:27,366 - Got 0 records!
INFO: 2026-03-23 12:30:27,701 - Processing project 123456 - sales...
INFO: 2026-03-23 12:30:27,701 - Getting records for Mailmerge...
INFO: 2026-03-23 12:30:28,953 - Got 0 records!
INFO: 2026-03-23 12:30:28,954 - FINISHED LOOP

INFO: 2026-03-23 12:30:28,954 - STARTING LOOP
INFO: 2026-03-23 12:30:28,955 - there's no mailmerge list. Skipping for now...
INFO: 2026-03-23 12:30:28,955 - FINISHED LOOP

INFO: 2026-03-23 13:01:46,418 - STARTING LOOP
INFO: 2026-03-23 13:01:46,418 - Getting blasts quota...
INFO: 2026-03-23 13:01:46,426 - DONE!
INFO: 2026-03-23 13:01:46,919 - Processing project 2003711 - tra_sydney...
INFO: 2026-03-23 13:01:46,920 - Getting records for Mailmerge...
INFO: 2026-03-23 13:01:52,892 - Got 0 records!
INFO: 2026-03-23 13:01:55,016 - Processing project 1150717 - red_associates_cancer_spain_referrals...
INFO: 2026-03-23 13:01:55,016 - Getting records for Mailmerge...
INFO: 2026-03-23 13:01:55,018 - Got 0 records!
INFO: 2026-03-23 13:01:56,904 - Processing project 1150716 - red_associates_cancer_canada_referrals...
INFO: 2026-03-23 13:01:56,904 - Getting records for Mailmerge...
INFO: 2026-03-23 13:01:56,906 - Got 0 records!
INFO: 2026-03-23 13:01:58,267 - Processing project 1993745 - hcr_usa_re_blast_nyc...
INFO: 2026-03-23 13:01:58,267 - Getting records for Mailmerge...
INFO: 2026-03-23 13:01:58,269 - Got 0 records!
INFO: 2026-03-23 13:02:06,662 - Processing project 1993746 - hcr_usa_re_blast_west...
INFO: 2026-03-23 13:02:06,663 - Getting records for Mailmerge...
INFO: 2026-03-23 13:02:06,665 - Got 0 records!
INFO: 2026-03-23 13:02:06,726 - Processing project 1949181 - northwestel...
INFO: 2026-03-23 13:02:06,726 - Getting records for Mailmerge...
INFO: 2026-03-23 13:02:06,728 - Got 0 records!
INFO: 2026-03-23 13:02:06,929 - Processing project 1995971 - Vanguardcharitable...
INFO: 2026-03-23 13:02:06,929 - Getting records for Mailmerge...
INFO: 2026-03-23 13:02:06,930 - Got 0 records!
INFO: 2026-03-23 13:02:07,553 - Processing project 123456 - sales...
INFO: 2026-03-23 13:02:07,553 - Getting records for Mailmerge...
INFO: 2026-03-23 13:02:08,966 - Got 0 records!
INFO: 2026-03-23 13:02:08,967 - FINISHED LOOP

INFO: 2026-03-23 13:02:08,968 - STARTING LOOP
INFO: 2026-03-23 13:02:08,969 - there's no mailmerge list. Skipping for now...
INFO: 2026-03-23 13:02:08,969 - FINISHED LOOP

INFO: 2026-03-23 13:31:06,419 - STARTING LOOP
INFO: 2026-03-23 13:31:06,419 - Getting blasts quota...
INFO: 2026-03-23 13:31:06,429 - DONE!
INFO: 2026-03-23 13:31:07,587 - Processing project 2003711 - tra_sydney...
INFO: 2026-03-23 13:31:07,587 - Getting records for Mailmerge...
INFO: 2026-03-23 13:31:16,585 - Got 0 records!
INFO: 2026-03-23 13:31:20,484 - Processing project 1150717 - red_associates_cancer_spain_referrals...
INFO: 2026-03-23 13:31:20,486 - Getting records for Mailmerge...
INFO: 2026-03-23 13:31:20,488 - Got 0 records!
INFO: 2026-03-23 13:31:22,681 - Processing project 1150716 - red_associates_cancer_canada_referrals...
INFO: 2026-03-23 13:31:22,681 - Getting records for Mailmerge...
INFO: 2026-03-23 13:31:22,683 - Got 0 records!
INFO: 2026-03-23 13:31:24,213 - Processing project 1993745 - hcr_usa_re_blast_nyc...
INFO: 2026-03-23 13:31:24,213 - Getting records for Mailmerge...
INFO: 2026-03-23 13:31:24,215 - Got 0 records!
INFO: 2026-03-23 13:31:32,485 - Processing project 1993746 - hcr_usa_re_blast_west...
INFO: 2026-03-23 13:31:32,486 - Getting records for Mailmerge...
INFO: 2026-03-23 13:31:32,488 - Got 0 records!
INFO: 2026-03-23 13:31:32,548 - Processing project 1949181 - northwestel...
INFO: 2026-03-23 13:31:32,548 - Getting records for Mailmerge...
INFO: 2026-03-23 13:31:32,550 - Got 0 records!
INFO: 2026-03-23 13:31:32,686 - Processing project 1995971 - Vanguardcharitable...
INFO: 2026-03-23 13:31:32,687 - Getting records for Mailmerge...
INFO: 2026-03-23 13:31:32,688 - Got 0 records!
INFO: 2026-03-23 13:31:33,066 - Processing project 123456 - sales...
INFO: 2026-03-23 13:31:33,066 - Getting records for Mailmerge...
INFO: 2026-03-23 13:31:34,245 - Got 0 records!
INFO: 2026-03-23 13:31:34,245 - FINISHED LOOP

INFO: 2026-03-23 13:31:34,246 - STARTING LOOP
INFO: 2026-03-23 13:31:34,247 - there's no mailmerge list. Skipping for now...
INFO: 2026-03-23 13:31:34,247 - FINISHED LOOP

INFO: 2026-03-23 16:16:10,732 - STARTING LOOP
INFO: 2026-03-23 16:16:10,733 - Getting blasts quota...
INFO: 2026-03-23 16:16:10,743 - DONE!
INFO: 2026-03-23 16:16:13,216 - Processing project 2003711 - tra_sydney...
INFO: 2026-03-23 16:16:13,216 - Getting records for Mailmerge...
INFO: 2026-03-23 16:16:20,236 - Got 0 records!
INFO: 2026-03-23 16:16:22,746 - Processing project 1150717 - red_associates_cancer_spain_referrals...
INFO: 2026-03-23 16:16:22,746 - Getting records for Mailmerge...
INFO: 2026-03-23 16:16:22,749 - Got 0 records!
INFO: 2026-03-23 16:16:24,674 - Processing project 1150716 - red_associates_cancer_canada_referrals...
INFO: 2026-03-23 16:16:24,675 - Getting records for Mailmerge...
INFO: 2026-03-23 16:16:24,678 - Got 0 records!
INFO: 2026-03-23 16:16:25,659 - Processing project 1993745 - hcr_usa_re_blast_nyc...
INFO: 2026-03-23 16:16:25,660 - Getting records for Mailmerge...
INFO: 2026-03-23 16:16:25,662 - Got 0 records!
INFO: 2026-03-23 16:20:41,294 - Processing project 1993746 - hcr_usa_re_blast_west...
INFO: 2026-03-23 16:20:41,305 - Getting records for Mailmerge...
INFO: 2026-03-23 16:20:41,321 - Got 0 records!
INFO: 2026-03-23 16:20:41,623 - Processing project 1949181 - northwestel...
INFO: 2026-03-23 16:20:41,623 - Getting records for Mailmerge...
INFO: 2026-03-23 16:20:41,626 - Got 0 records!
INFO: 2026-03-23 16:20:42,074 - Processing project 1995971 - Vanguardcharitable...
INFO: 2026-03-23 16:20:42,074 - Getting records for Mailmerge...
INFO: 2026-03-23 16:20:42,075 - Got 0 records!
INFO: 2026-03-23 16:20:43,434 - Processing project 123456 - sales...
INFO: 2026-03-23 16:20:43,434 - Getting records for Mailmerge...
INFO: 2026-03-23 16:20:46,550 - Got 0 records!
INFO: 2026-03-23 16:20:46,551 - FINISHED LOOP

INFO: 2026-03-23 16:20:46,554 - STARTING LOOP
INFO: 2026-03-23 16:20:46,568 - there's no mailmerge list. Skipping for now...
INFO: 2026-03-23 16:20:46,568 - FINISHED LOOP

INFO: 2026-03-23 16:34:14,607 - STARTING LOOP
INFO: 2026-03-23 16:34:14,612 - Getting blasts quota...
INFO: 2026-03-23 16:34:15,198 - DONE!
INFO: 2026-03-23 16:34:22,731 - Processing project 2003711 - tra_sydney...
INFO: 2026-03-23 16:34:22,736 - Getting records for Mailmerge...
INFO: 2026-03-23 16:35:17,123 - Got 0 records!
INFO: 2026-03-23 16:35:22,263 - Processing project 1150717 - red_associates_cancer_spain_referrals...
INFO: 2026-03-23 16:35:22,263 - Getting records for Mailmerge...
INFO: 2026-03-23 16:35:22,265 - Got 0 records!
INFO: 2026-03-23 16:35:24,514 - Processing project 1150716 - red_associates_cancer_canada_referrals...
INFO: 2026-03-23 16:35:24,515 - Getting records for Mailmerge...
INFO: 2026-03-23 16:35:24,520 - Got 0 records!
INFO: 2026-03-23 16:36:39,356 - Processing project 1993745 - hcr_usa_re_blast_nyc...
INFO: 2026-03-23 16:36:39,748 - Getting records for Mailmerge...
INFO: 2026-03-23 16:36:40,115 - Got 0 records!
INFO: 2026-03-23 16:39:01,837 - Processing project 1993746 - hcr_usa_re_blast_west...
INFO: 2026-03-23 16:39:01,850 - Getting records for Mailmerge...
INFO: 2026-03-23 16:39:01,863 - Got 0 records!
INFO: 2026-03-23 16:39:02,006 - Processing project 1949181 - northwestel...
INFO: 2026-03-23 16:39:02,007 - Getting records for Mailmerge...
INFO: 2026-03-23 16:39:02,010 - Got 0 records!
INFO: 2026-03-23 16:39:02,110 - Processing project 1995971 - Vanguardcharitable...
INFO: 2026-03-23 16:39:02,110 - Getting records for Mailmerge...
INFO: 2026-03-23 16:39:02,111 - Got 0 records!
INFO: 2026-03-23 16:39:02,447 - Processing project 123456 - sales...
INFO: 2026-03-23 16:39:02,447 - Getting records for Mailmerge...
INFO: 2026-03-23 16:39:04,016 - Got 0 records!
INFO: 2026-03-23 16:39:04,017 - FINISHED LOOP

INFO: 2026-03-23 16:39:04,018 - STARTING LOOP
INFO: 2026-03-23 16:39:04,026 - there's no mailmerge list. Skipping for now...
INFO: 2026-03-23 16:39:04,026 - FINISHED LOOP

INFO: 2026-03-23 18:01:46,291 - STARTING LOOP
INFO: 2026-03-23 18:01:46,291 - Getting blasts quota...
INFO: 2026-03-23 18:01:46,294 - DONE!
WARNING: 2026-03-23 18:01:46,294 - No projects to work on!
INFO: 2026-03-23 18:01:46,294 - FINISHED LOOP

INFO: 2026-03-23 18:01:46,294 - STARTING LOOP
INFO: 2026-03-23 18:01:46,295 - there's no mailmerge list. Skipping for now...
INFO: 2026-03-23 18:01:46,295 - FINISHED LOOP

INFO: 2026-03-23 18:36:10,373 - STARTING LOOP
INFO: 2026-03-23 18:36:10,373 - Getting blasts quota...
INFO: 2026-03-23 18:36:10,374 - DONE!
WARNING: 2026-03-23 18:36:10,375 - No projects to work on!
INFO: 2026-03-23 18:36:10,375 - FINISHED LOOP

INFO: 2026-03-23 18:36:10,375 - STARTING LOOP
INFO: 2026-03-23 18:36:10,375 - there's no mailmerge list. Skipping for now...
INFO: 2026-03-23 18:36:10,375 - FINISHED LOOP

INFO: 2026-03-23 19:03:08,034 - STARTING LOOP
INFO: 2026-03-23 19:03:08,034 - Getting blasts quota...
INFO: 2026-03-23 19:03:08,035 - DONE!
WARNING: 2026-03-23 19:03:08,036 - No projects to work on!
INFO: 2026-03-23 19:03:08,036 - FINISHED LOOP

INFO: 2026-03-23 19:03:08,036 - STARTING LOOP
INFO: 2026-03-23 19:03:08,036 - there's no mailmerge list. Skipping for now...
INFO: 2026-03-23 19:03:08,036 - FINISHED LOOP

INFO: 2026-03-23 21:01:10,889 - STARTING LOOP
INFO: 2026-03-23 21:01:10,889 - Getting blasts quota...
INFO: 2026-03-23 21:01:10,891 - DONE!
WARNING: 2026-03-23 21:01:10,891 - No projects to work on!
INFO: 2026-03-23 21:01:10,891 - FINISHED LOOP

INFO: 2026-03-23 21:01:10,891 - STARTING LOOP
INFO: 2026-03-23 21:01:10,891 - there's no mailmerge list. Skipping for now...
INFO: 2026-03-23 21:01:10,891 - FINISHED LOOP

INFO: 2026-03-24 07:33:06,726 - STARTING LOOP
INFO: 2026-03-24 07:33:06,727 - Getting blasts quota...
INFO: 2026-03-24 07:33:06,729 - DONE!
WARNING: 2026-03-24 07:33:06,729 - No projects to work on!
INFO: 2026-03-24 07:33:06,729 - FINISHED LOOP

INFO: 2026-03-24 07:33:06,729 - STARTING LOOP
INFO: 2026-03-24 07:33:06,729 - there's no mailmerge list. Skipping for now...
INFO: 2026-03-24 07:33:06,729 - FINISHED LOOP

INFO: 2026-03-24 08:00:43,518 - STARTING LOOP
INFO: 2026-03-24 08:00:43,518 - Getting blasts quota...
INFO: 2026-03-24 08:00:43,525 - DONE!
WARNING: 2026-03-24 08:00:43,525 - No projects to work on!
INFO: 2026-03-24 08:00:43,525 - FINISHED LOOP

INFO: 2026-03-24 08:00:43,525 - STARTING LOOP
INFO: 2026-03-24 08:00:43,525 - there's no mailmerge list. Skipping for now...
INFO: 2026-03-24 08:00:43,525 - FINISHED LOOP

INFO: 2026-03-24 08:30:05,230 - STARTING LOOP
INFO: 2026-03-24 08:30:05,231 - Getting blasts quota...
INFO: 2026-03-24 08:30:05,237 - DONE!
WARNING: 2026-03-24 08:30:05,237 - No projects to work on!
INFO: 2026-03-24 08:30:05,237 - FINISHED LOOP

INFO: 2026-03-24 08:30:05,237 - STARTING LOOP
INFO: 2026-03-24 08:30:05,237 - there's no mailmerge list. Skipping for now...
INFO: 2026-03-24 08:30:05,237 - FINISHED LOOP

INFO: 2026-03-24 09:00:05,860 - STARTING LOOP
INFO: 2026-03-24 09:00:05,860 - Getting blasts quota...
INFO: 2026-03-24 09:00:05,868 - DONE!
WARNING: 2026-03-24 09:00:05,869 - No projects to work on!
INFO: 2026-03-24 09:00:05,869 - FINISHED LOOP

INFO: 2026-03-24 09:00:05,869 - STARTING LOOP
INFO: 2026-03-24 09:00:05,870 - there's no mailmerge list. Skipping for now...
INFO: 2026-03-24 09:00:05,870 - FINISHED LOOP

INFO: 2026-03-24 09:30:07,202 - STARTING LOOP
INFO: 2026-03-24 09:30:07,203 - Getting blasts quota...
INFO: 2026-03-24 09:30:07,210 - DONE!
WARNING: 2026-03-24 09:30:07,211 - No projects to work on!
INFO: 2026-03-24 09:30:07,211 - FINISHED LOOP

INFO: 2026-03-24 09:30:07,211 - STARTING LOOP
INFO: 2026-03-24 09:30:07,211 - there's no mailmerge list. Skipping for now...
INFO: 2026-03-24 09:30:07,211 - FINISHED LOOP

INFO: 2026-03-24 10:00:06,900 - STARTING LOOP
INFO: 2026-03-24 10:00:06,900 - Getting blasts quota...
INFO: 2026-03-24 10:00:06,906 - DONE!
WARNING: 2026-03-24 10:00:06,906 - No projects to work on!
INFO: 2026-03-24 10:00:06,906 - FINISHED LOOP

INFO: 2026-03-24 10:00:06,906 - STARTING LOOP
INFO: 2026-03-24 10:00:06,907 - there's no mailmerge list. Skipping for now...
INFO: 2026-03-24 10:00:06,907 - FINISHED LOOP

INFO: 2026-03-24 10:30:06,941 - STARTING LOOP
INFO: 2026-03-24 10:30:06,941 - Getting blasts quota...
INFO: 2026-03-24 10:30:06,950 - DONE!
WARNING: 2026-03-24 10:30:06,950 - No projects to work on!
INFO: 2026-03-24 10:30:06,950 - FINISHED LOOP

INFO: 2026-03-24 10:30:06,950 - STARTING LOOP
INFO: 2026-03-24 10:30:06,951 - there's no mailmerge list. Skipping for now...
INFO: 2026-03-24 10:30:06,951 - FINISHED LOOP

INFO: 2026-03-24 11:00:06,412 - STARTING LOOP
INFO: 2026-03-24 11:00:06,412 - Getting blasts quota...
INFO: 2026-03-24 11:00:06,416 - DONE!
WARNING: 2026-03-24 11:00:06,416 - No projects to work on!
INFO: 2026-03-24 11:00:06,416 - FINISHED LOOP

INFO: 2026-03-24 11:00:06,417 - STARTING LOOP
INFO: 2026-03-24 11:00:06,417 - there's no mailmerge list. Skipping for now...
INFO: 2026-03-24 11:00:06,417 - FINISHED LOOP

INFO: 2026-03-24 11:30:07,192 - STARTING LOOP
INFO: 2026-03-24 11:30:07,193 - Getting blasts quota...
INFO: 2026-03-24 11:30:07,200 - DONE!
WARNING: 2026-03-24 11:30:07,200 - No projects to work on!
INFO: 2026-03-24 11:30:07,200 - FINISHED LOOP

INFO: 2026-03-24 11:30:07,200 - STARTING LOOP
INFO: 2026-03-24 11:30:07,201 - there's no mailmerge list. Skipping for now...
INFO: 2026-03-24 11:30:07,201 - FINISHED LOOP

INFO: 2026-03-24 12:00:08,674 - STARTING LOOP
INFO: 2026-03-24 12:00:08,675 - Getting blasts quota...
INFO: 2026-03-24 12:00:08,678 - DONE!
WARNING: 2026-03-24 12:00:08,678 - No projects to work on!
INFO: 2026-03-24 12:00:08,678 - FINISHED LOOP

INFO: 2026-03-24 12:00:08,678 - STARTING LOOP
INFO: 2026-03-24 12:00:08,679 - there's no mailmerge list. Skipping for now...
INFO: 2026-03-24 12:00:08,679 - FINISHED LOOP

INFO: 2026-03-24 12:30:11,810 - STARTING LOOP
INFO: 2026-03-24 12:30:11,810 - Getting blasts quota...
INFO: 2026-03-24 12:30:11,836 - DONE!
WARNING: 2026-03-24 12:30:11,837 - No projects to work on!
INFO: 2026-03-24 12:30:11,837 - FINISHED LOOP

INFO: 2026-03-24 12:30:11,837 - STARTING LOOP
INFO: 2026-03-24 12:30:11,840 - there's no mailmerge list. Skipping for now...
INFO: 2026-03-24 12:30:11,840 - FINISHED LOOP

INFO: 2026-03-24 13:00:07,468 - STARTING LOOP
INFO: 2026-03-24 13:00:07,469 - Getting blasts quota...
INFO: 2026-03-24 13:00:07,477 - DONE!
WARNING: 2026-03-24 13:00:07,477 - No projects to work on!
INFO: 2026-03-24 13:00:07,477 - FINISHED LOOP

INFO: 2026-03-24 13:00:07,477 - STARTING LOOP
INFO: 2026-03-24 13:00:07,478 - there's no mailmerge list. Skipping for now...
INFO: 2026-03-24 13:00:07,478 - FINISHED LOOP

INFO: 2026-03-24 13:31:11,690 - STARTING LOOP
INFO: 2026-03-24 13:31:11,691 - Getting blasts quota...
INFO: 2026-03-24 13:31:11,698 - DONE!
WARNING: 2026-03-24 13:31:11,701 - No projects to work on!
INFO: 2026-03-24 13:31:11,701 - FINISHED LOOP

INFO: 2026-03-24 13:31:11,701 - STARTING LOOP
INFO: 2026-03-24 13:31:11,702 - there's no mailmerge list. Skipping for now...
INFO: 2026-03-24 13:31:11,702 - FINISHED LOOP

INFO: 2026-03-24 14:00:06,261 - STARTING LOOP
INFO: 2026-03-24 14:00:06,261 - Getting blasts quota...
INFO: 2026-03-24 14:00:06,272 - DONE!
WARNING: 2026-03-24 14:00:06,272 - No projects to work on!
INFO: 2026-03-24 14:00:06,272 - FINISHED LOOP

INFO: 2026-03-24 14:00:06,272 - STARTING LOOP
INFO: 2026-03-24 14:00:06,272 - there's no mailmerge list. Skipping for now...
INFO: 2026-03-24 14:00:06,272 - FINISHED LOOP

INFO: 2026-03-24 14:30:09,017 - STARTING LOOP
INFO: 2026-03-24 14:30:09,018 - Getting blasts quota...
INFO: 2026-03-24 14:30:09,029 - DONE!
WARNING: 2026-03-24 14:30:09,029 - No projects to work on!
INFO: 2026-03-24 14:30:09,029 - FINISHED LOOP

INFO: 2026-03-24 14:30:09,029 - STARTING LOOP
INFO: 2026-03-24 14:30:09,029 - there's no mailmerge list. Skipping for now...
INFO: 2026-03-24 14:30:09,030 - FINISHED LOOP

INFO: 2026-03-24 15:00:07,512 - STARTING LOOP
INFO: 2026-03-24 15:00:07,513 - Getting blasts quota...
INFO: 2026-03-24 15:00:07,525 - DONE!
WARNING: 2026-03-24 15:00:07,526 - No projects to work on!
INFO: 2026-03-24 15:00:07,526 - FINISHED LOOP

INFO: 2026-03-24 15:00:07,526 - STARTING LOOP
INFO: 2026-03-24 15:00:07,526 - there's no mailmerge list. Skipping for now...
INFO: 2026-03-24 15:00:07,526 - FINISHED LOOP

INFO: 2026-03-24 15:30:09,553 - STARTING LOOP
INFO: 2026-03-24 15:30:09,554 - Getting blasts quota...
INFO: 2026-03-24 15:30:09,579 - DONE!
WARNING: 2026-03-24 15:30:09,579 - No projects to work on!
INFO: 2026-03-24 15:30:09,579 - FINISHED LOOP

INFO: 2026-03-24 15:30:09,579 - STARTING LOOP
INFO: 2026-03-24 15:30:09,581 - there's no mailmerge list. Skipping for now...
INFO: 2026-03-24 15:30:09,581 - FINISHED LOOP

INFO: 2026-03-24 16:00:05,798 - STARTING LOOP
INFO: 2026-03-24 16:00:05,799 - Getting blasts quota...
INFO: 2026-03-24 16:00:05,807 - DONE!
WARNING: 2026-03-24 16:00:05,807 - No projects to work on!
INFO: 2026-03-24 16:00:05,807 - FINISHED LOOP

INFO: 2026-03-24 16:00:05,807 - STARTING LOOP
INFO: 2026-03-24 16:00:05,808 - there's no mailmerge list. Skipping for now...
INFO: 2026-03-24 16:00:05,808 - FINISHED LOOP

INFO: 2026-03-24 16:30:07,402 - STARTING LOOP
INFO: 2026-03-24 16:30:07,402 - Getting blasts quota...
INFO: 2026-03-24 16:30:07,411 - DONE!
WARNING: 2026-03-24 16:30:07,411 - No projects to work on!
INFO: 2026-03-24 16:30:07,411 - FINISHED LOOP

INFO: 2026-03-24 16:30:07,411 - STARTING LOOP
INFO: 2026-03-24 16:30:07,413 - there's no mailmerge list. Skipping for now...
INFO: 2026-03-24 16:30:07,413 - FINISHED LOOP

INFO: 2026-03-24 17:00:06,279 - STARTING LOOP
INFO: 2026-03-24 17:00:06,279 - Getting blasts quota...
INFO: 2026-03-24 17:00:06,284 - DONE!
WARNING: 2026-03-24 17:00:06,284 - No projects to work on!
INFO: 2026-03-24 17:00:06,284 - FINISHED LOOP

INFO: 2026-03-24 17:00:06,284 - STARTING LOOP
INFO: 2026-03-24 17:00:06,285 - there's no mailmerge list. Skipping for now...
INFO: 2026-03-24 17:00:06,285 - FINISHED LOOP

INFO: 2026-03-24 17:30:07,210 - STARTING LOOP
INFO: 2026-03-24 17:30:07,210 - Getting blasts quota...
INFO: 2026-03-24 17:30:07,218 - DONE!
WARNING: 2026-03-24 17:30:07,219 - No projects to work on!
INFO: 2026-03-24 17:30:07,219 - FINISHED LOOP

INFO: 2026-03-24 17:30:07,219 - STARTING LOOP
INFO: 2026-03-24 17:30:07,219 - there's no mailmerge list. Skipping for now...
INFO: 2026-03-24 17:30:07,219 - FINISHED LOOP

INFO: 2026-03-24 18:00:06,111 - STARTING LOOP
INFO: 2026-03-24 18:00:06,112 - Getting blasts quota...
INFO: 2026-03-24 18:00:06,121 - DONE!
WARNING: 2026-03-24 18:00:06,121 - No projects to work on!
INFO: 2026-03-24 18:00:06,121 - FINISHED LOOP

INFO: 2026-03-24 18:00:06,121 - STARTING LOOP
INFO: 2026-03-24 18:00:06,122 - there's no mailmerge list. Skipping for now...
INFO: 2026-03-24 18:00:06,122 - FINISHED LOOP

INFO: 2026-03-24 18:30:05,970 - STARTING LOOP
INFO: 2026-03-24 18:30:05,970 - Getting blasts quota...
INFO: 2026-03-24 18:30:05,975 - DONE!
WARNING: 2026-03-24 18:30:05,975 - No projects to work on!
INFO: 2026-03-24 18:30:05,975 - FINISHED LOOP

INFO: 2026-03-24 18:30:05,975 - STARTING LOOP
INFO: 2026-03-24 18:30:05,975 - there's no mailmerge list. Skipping for now...
INFO: 2026-03-24 18:30:05,975 - FINISHED LOOP

INFO: 2026-03-24 19:31:45,432 - STARTING LOOP
INFO: 2026-03-24 19:31:45,432 - Getting blasts quota...
INFO: 2026-03-24 19:31:45,438 - DONE!
WARNING: 2026-03-24 19:31:45,438 - No projects to work on!
INFO: 2026-03-24 19:31:45,438 - FINISHED LOOP

INFO: 2026-03-24 19:31:45,438 - STARTING LOOP
INFO: 2026-03-24 19:31:45,439 - there's no mailmerge list. Skipping for now...
INFO: 2026-03-24 19:31:45,439 - FINISHED LOOP

INFO: 2026-03-24 20:00:06,729 - STARTING LOOP
INFO: 2026-03-24 20:00:06,729 - Getting blasts quota...
INFO: 2026-03-24 20:00:06,744 - DONE!
WARNING: 2026-03-24 20:00:06,744 - No projects to work on!
INFO: 2026-03-24 20:00:06,744 - FINISHED LOOP

INFO: 2026-03-24 20:00:06,745 - STARTING LOOP
INFO: 2026-03-24 20:00:06,745 - there's no mailmerge list. Skipping for now...
INFO: 2026-03-24 20:00:06,745 - FINISHED LOOP

INFO: 2026-03-25 07:32:13,230 - STARTING LOOP
INFO: 2026-03-25 07:32:13,231 - Getting blasts quota...
INFO: 2026-03-25 07:32:13,233 - DONE!
WARNING: 2026-03-25 07:32:13,234 - No projects to work on!
INFO: 2026-03-25 07:32:13,234 - FINISHED LOOP

INFO: 2026-03-25 07:32:13,234 - STARTING LOOP
INFO: 2026-03-25 07:32:13,234 - there's no mailmerge list. Skipping for now...
INFO: 2026-03-25 07:32:13,234 - FINISHED LOOP

INFO: 2026-03-25 09:00:16,805 - STARTING LOOP
INFO: 2026-03-25 09:00:16,806 - Getting blasts quota...
INFO: 2026-03-25 09:00:16,822 - DONE!
WARNING: 2026-03-25 09:00:16,822 - No projects to work on!
INFO: 2026-03-25 09:00:16,822 - FINISHED LOOP

INFO: 2026-03-25 09:00:16,822 - STARTING LOOP
INFO: 2026-03-25 09:00:16,822 - there's no mailmerge list. Skipping for now...
INFO: 2026-03-25 09:00:16,823 - FINISHED LOOP

INFO: 2026-03-25 09:30:08,766 - STARTING LOOP
INFO: 2026-03-25 09:30:08,766 - Getting blasts quota...
INFO: 2026-03-25 09:30:08,775 - DONE!
WARNING: 2026-03-25 09:30:08,775 - No projects to work on!
INFO: 2026-03-25 09:30:08,775 - FINISHED LOOP

INFO: 2026-03-25 09:30:08,775 - STARTING LOOP
INFO: 2026-03-25 09:30:08,775 - there's no mailmerge list. Skipping for now...
INFO: 2026-03-25 09:30:08,775 - FINISHED LOOP

INFO: 2026-03-25 10:00:08,435 - STARTING LOOP
INFO: 2026-03-25 10:00:08,435 - Getting blasts quota...
INFO: 2026-03-25 10:00:08,443 - DONE!
WARNING: 2026-03-25 10:00:08,443 - No projects to work on!
INFO: 2026-03-25 10:00:08,443 - FINISHED LOOP

INFO: 2026-03-25 10:00:08,443 - STARTING LOOP
INFO: 2026-03-25 10:00:08,444 - there's no mailmerge list. Skipping for now...
INFO: 2026-03-25 10:00:08,444 - FINISHED LOOP

INFO: 2026-03-25 10:30:08,211 - STARTING LOOP
INFO: 2026-03-25 10:30:08,212 - Getting blasts quota...
INFO: 2026-03-25 10:30:08,221 - DONE!
WARNING: 2026-03-25 10:30:08,222 - No projects to work on!
INFO: 2026-03-25 10:30:08,222 - FINISHED LOOP

INFO: 2026-03-25 10:30:08,222 - STARTING LOOP
INFO: 2026-03-25 10:30:08,222 - there's no mailmerge list. Skipping for now...
INFO: 2026-03-25 10:30:08,222 - FINISHED LOOP

INFO: 2026-03-25 11:00:08,323 - STARTING LOOP
INFO: 2026-03-25 11:00:08,323 - Getting blasts quota...
INFO: 2026-03-25 11:00:08,331 - DONE!
WARNING: 2026-03-25 11:00:08,331 - No projects to work on!
INFO: 2026-03-25 11:00:08,332 - FINISHED LOOP

INFO: 2026-03-25 11:00:08,332 - STARTING LOOP
INFO: 2026-03-25 11:00:08,332 - there's no mailmerge list. Skipping for now...
INFO: 2026-03-25 11:00:08,332 - FINISHED LOOP

INFO: 2026-03-25 11:30:08,253 - STARTING LOOP
INFO: 2026-03-25 11:30:08,253 - Getting blasts quota...
INFO: 2026-03-25 11:30:08,261 - DONE!
INFO: 2026-03-25 11:30:08,728 - Processing project 2010041 - tra_usa...
INFO: 2026-03-25 11:30:08,728 - Getting records for Mailmerge...
INFO: 2026-03-25 11:30:08,877 - Got 89 records!
INFO: 2026-03-25 11:30:08,917 - Processing project 1995973 - vanguardcharitable_quant...
INFO: 2026-03-25 11:30:08,918 - Getting records for Mailmerge...
Traceback (most recent call last):
  File "/Users/albertoruizcajiga/python/sis_international/smtp_worker.py", line 102, in <module>
    create_mm_list()
  File "/Users/albertoruizcajiga/python/sis_international/smtp_worker.py", line 62, in create_mm_list
    mm_list_ = [(x[0], x[1], x[2], message.format(First_name=x[1], FROM_NAME='Ruth Stanat'), project_id) for x in data]
               ^^^^^^^^^^^^^^^^^^^^^^^^^^^^^^^^^^^^^^^^^^^^^^^^^^^^^^^^^^^^^^^^^^^^^^^^^^^^^^^^^^^^^^^^^^^^^^^^^^^^^^^^
  File "/Users/albertoruizcajiga/python/sis_international/smtp_worker.py", line 62, in <listcomp>
    mm_list_ = [(x[0], x[1], x[2], message.format(First_name=x[1], FROM_NAME='Ruth Stanat'), project_id) for x in data]
                                   ^^^^^^^^^^^^^^
AttributeError: 'float' object has no attribute 'format'
INFO: 2026-03-25 12:00:08,485 - STARTING LOOP
INFO: 2026-03-25 12:00:08,486 - Getting blasts quota...
INFO: 2026-03-25 12:00:08,494 - DONE!
INFO: 2026-03-25 12:00:09,059 - Processing project 2010041 - tra_usa...
INFO: 2026-03-25 12:00:09,060 - Getting records for Mailmerge...
INFO: 2026-03-25 12:00:09,214 - Got 89 records!
INFO: 2026-03-25 12:00:09,251 - Processing project 1995973 - vanguardcharitable_quant...
INFO: 2026-03-25 12:00:09,251 - Getting records for Mailmerge...
Traceback (most recent call last):
  File "/Users/albertoruizcajiga/python/sis_international/smtp_worker.py", line 102, in <module>
    create_mm_list()
  File "/Users/albertoruizcajiga/python/sis_international/smtp_worker.py", line 62, in create_mm_list
    mm_list_ = [(x[0], x[1], x[2], message.format(First_name=x[1], FROM_NAME='Ruth Stanat'), project_id) for x in data]
               ^^^^^^^^^^^^^^^^^^^^^^^^^^^^^^^^^^^^^^^^^^^^^^^^^^^^^^^^^^^^^^^^^^^^^^^^^^^^^^^^^^^^^^^^^^^^^^^^^^^^^^^^
  File "/Users/albertoruizcajiga/python/sis_international/smtp_worker.py", line 62, in <listcomp>
    mm_list_ = [(x[0], x[1], x[2], message.format(First_name=x[1], FROM_NAME='Ruth Stanat'), project_id) for x in data]
                                   ^^^^^^^^^^^^^^
AttributeError: 'float' object has no attribute 'format'
INFO: 2026-03-25 12:30:09,051 - STARTING LOOP
INFO: 2026-03-25 12:30:09,051 - Getting blasts quota...
INFO: 2026-03-25 12:30:09,060 - DONE!
INFO: 2026-03-25 12:30:09,665 - Processing project 2010041 - tra_usa...
INFO: 2026-03-25 12:30:09,665 - Getting records for Mailmerge...
INFO: 2026-03-25 12:30:09,845 - Got 89 records!
INFO: 2026-03-25 12:30:09,888 - Processing project 1995973 - vanguardcharitable_quant...
INFO: 2026-03-25 12:30:09,889 - Getting records for Mailmerge...
INFO: 2026-03-25 12:30:09,963 - Got 78 records!
INFO: 2026-03-25 12:30:13,436 - Processing project 1150717 - red_associates_cancer_spain_referrals...
INFO: 2026-03-25 12:30:13,437 - Getting records for Mailmerge...
INFO: 2026-03-25 12:30:13,446 - Got 67 records!
INFO: 2026-03-25 12:30:15,875 - Processing project 1150716 - red_associates_cancer_canada_referrals...
INFO: 2026-03-25 12:30:15,876 - Getting records for Mailmerge...
INFO: 2026-03-25 12:30:30,446 - Got 56 records!
INFO: 2026-03-25 12:30:30,537 - Processing project 2003711 - tra_sydney...
INFO: 2026-03-25 12:30:30,537 - Getting records for Mailmerge...
INFO: 2026-03-25 12:30:31,067 - Got 0 records!
INFO: 2026-03-25 12:30:31,099 - Processing project 2002111 - hlm_prison_research...
INFO: 2026-03-25 12:30:31,099 - Getting records for Mailmerge...
INFO: 2026-03-25 12:30:31,137 - Got 0 records!
INFO: 2026-03-25 12:30:31,165 - Processing project 1467231 - hsj_medical_sis_lists...
INFO: 2026-03-25 12:30:31,165 - Getting records for Mailmerge...
INFO: 2026-03-25 12:30:31,174 - Got 0 records!
INFO: 2026-03-25 12:30:31,357 - Processing project 1995971 - Vanguardcharitable...
INFO: 2026-03-25 12:30:31,358 - Getting records for Mailmerge...
INFO: 2026-03-25 12:30:31,364 - Got 11 records!
INFO: 2026-03-25 12:30:31,365 - FINISHED LOOP

INFO: 2026-03-25 12:30:31,406 - STARTING LOOP
INFO: 2026-03-25 12:30:31,407 - Sending out mailerge list...
INFO: 2026-03-25 12:37:19,189 - DONE!
INFO: 2026-03-25 12:37:19,198 - FINISHED LOOP


email sent to phillip.gregory@bofa.com
1 sent emails in total

email sent to agupta@microsoft.com
2 sent emails in total

email sent to sgireesan@concentrix.com
3 sent emails in total

email sent to david.harp@wearetrustedally.com
4 sent emails in total

email sent to roman@remsis.com
5 sent emails in total

email sent to marie.cohan@dir.texas.gov
6 sent emails in total

email sent to mflynt@onestreamsoftware.com
7 sent emails in total

email sent to wlivezey@microsoft.com
8 sent emails in total

email sent to mark@wehrmeister.org
9 sent emails in total

email sent to sheela.sonone@axaxl.com
10 sent emails in total

email sent to arup.nanda@jpmchase.com
11 sent emails in total

email sent to zorica.stojcevski@wellsfargo.com
12 sent emails in total

email sent to scott.lombardo@jpmchase.com
13 sent emails in total

email sent to james.baldwin@pepsico.com
14 sent emails in total

email sent to robin.randall@hp.com
15 sent emails in total

email sent to meli.witucki@hp.com
16 sent emails in total

email sent to mark.odom@jefferson.edu
17 sent emails in total

email sent to smita.raut@ubs.com
18 sent emails in total

email sent to david.carmona@microsoft.com
19 sent emails in total

email sent to taylorblack@microsoft.com
20 sent emails in total

email sent to mahmoud.elassir@optum.com
21 sent emails in total

email sent to pranav.joshi@merck.com
22 sent emails in total

email sent to hagen.hottmann@oit.state.nj.us
23 sent emails in total

email sent to sethuram.shivashankar@agilysys.com
24 sent emails in total

email sent to sal@webmettle.com
25 sent emails in total

email sent to ccontino9@bloomberg.net
26 sent emails in total

email sent to robert.seymour@roc360.com
27 sent emails in total

email sent to andrew@synop.ai
28 sent emails in total

email sent to amolselot@microsoft.com
29 sent emails in total

email sent to scottm@personetics.com
30 sent emails in total

email sent to frank.coloccia@freemanclarke.com
31 sent emails in total

email sent to bbizik@spectrumscience.com
32 sent emails in total

email sent to nathan@invergehq.com
33 sent emails in total

email sent to ljames@microsoft.com
34 sent emails in total

email sent to erichards@nvidia.com
35 sent emails in total

email sent to tyler.evans@dell.com
36 sent emails in total

email sent to scotta@microsoft.com
37 sent emails in total

email sent to lkrattig@cisco.com
38 sent emails in total

email sent to juscelino@takerit.com
39 sent emails in total

email sent to joel@dorothyai.com
40 sent emails in total

email sent to ffcordova@tekdesign.net
41 sent emails in total

email sent to sheron.dinnoo@nsiindustries.com
42 sent emails in total

email sent to sduan20@bloomberg.net
43 sent emails in total

email sent to ihummel@bloomberg.net
44 sent emails in total

email sent to amusial@bloomberg.net
45 sent emails in total

email sent to jonathan.alboum@servicenow.com
46 sent emails in total

email sent to nadhan@redhat.com
47 sent emails in total

email sent to miro.curac@toyota.com
48 sent emails in total

email sent to zachary.reed@gm.com
49 sent emails in total

email sent to summer@ecocollective.com
50 sent emails in total

email sent to natalie.wood@microsoft.com
51 sent emails in total

email sent to rick.lemelin@dell.com
52 sent emails in total

email sent to matt.berry@wwt.com
53 sent emails in total

email sent to ravi.vaidyanathan@ericsson.com
54 sent emails in total

email sent to kamaldhawan@microsoft.com
55 sent emails in total

email sent to cory.bannerman@cdw.com
56 sent emails in total

email sent to dilip.maringanti@cognizant.com
57 sent emails in total

email sent to tina.bemis@uvmhealth.org
58 sent emails in total

email sent to xavier@hp.com
59 sent emails in total

email sent to david.keenan@theodpcorp.com
60 sent emails in total

email sent to todd.edmunds@dell.com
61 sent emails in total

email sent to cindy.carlson@dell.com
62 sent emails in total

email sent to bhawani@microsoft.com
63 sent emails in total

email sent to bradley.lew@hp.com
64 sent emails in total

email sent to jonathan.hooker@cdw.com
65 sent emails in total

email sent to azawadow@cisco.com
66 sent emails in total

email sent to belcherm@google.com
67 sent emails in total

email sent to dwiener@cisco.com
68 sent emails in total

email sent to mirella.batista@ibm.com
69 sent emails in total

email sent to byju@google.com
70 sent emails in total

email sent to thomasquarton@optiver.com
71 sent emails in total

email sent to phillip.eng@credit-suisse.com
72 sent emails in total

email sent to monica.l.estrada@kp.org
73 sent emails in total

email sent to danny@websitedepot.com
74 sent emails in total

email sent to jonathan@techqbd.com
75 sent emails in total

email sent to andy.jones@freemanclarke.co.uk
76 sent emails in total

email sent to eleander@cg-ins.com
77 sent emails in total

email sent to ks@yfc.ag
78 sent emails in total

email sent to matthew.reeves@sfgov.org
79 sent emails in total

email sent to bryce.w.kinnamon@ssa.gov
80 sent emails in total

email sent to denny@churchofthehighlands.com
81 sent emails in total

email sent to mschweitzer@falconwood.biz
82 sent emails in total

email sent to reagan@esolutiongroup.net
83 sent emails in total

email sent to mkillean@uwyo.edu
84 sent emails in total

email sent to robert@highemotionalintelligence.com
85 sent emails in total

email sent to tleng@hiec.com
86 sent emails in total

email sent to richard.crawford@microsoft.com
87 sent emails in total

email sent to engineeringvcd@tamu.edu
88 sent emails in total

email sent to moied.wahid@experian.com
89 sent emails in total

email sent to cornelia.hillman@bankofamerica.com
90 sent emails in total

email sent to james.waggoner@aetna.com
91 sent emails in total

email sent to bob@humanvoicemedia.com
92 sent emails in total

email sent to viviana.perrotti@bofa.com
93 sent emails in total

email sent to bowen.liu@se.com
94 sent emails in total

email sent to suzanne.landers@bofa.com
95 sent emails in total

email sent to kyle.mayo@truist.com
96 sent emails in total

email sent to darshan.patel@bofa.com
97 sent emails in total

email sent to blake.wiedman@hubinternational.com
98 sent emails in total

email sent to bryan.preston@securitas.com
99 sent emails in total

email sent to brent.gay@af247.com
100 sent emails in total
INFO: 2026-03-25 13:30:09,254 - STARTING LOOP
INFO: 2026-03-25 13:30:09,254 - Getting blasts quota...
INFO: 2026-03-25 13:30:09,267 - DONE!
INFO: 2026-03-25 13:30:09,816 - Processing project 2010041 - tra_usa...
INFO: 2026-03-25 13:30:09,816 - Getting records for Mailmerge...
INFO: 2026-03-25 13:30:09,818 - Got 0 records!
INFO: 2026-03-25 13:30:09,858 - Processing project 1995973 - vanguardcharitable_quant...
INFO: 2026-03-25 13:30:09,858 - Getting records for Mailmerge...
INFO: 2026-03-25 13:30:09,937 - Got 67 records!
INFO: 2026-03-25 13:30:11,529 - Processing project 1150717 - red_associates_cancer_spain_referrals...
INFO: 2026-03-25 13:30:11,529 - Getting records for Mailmerge...
INFO: 2026-03-25 13:30:11,535 - Got 67 records!
INFO: 2026-03-25 13:30:13,131 - Processing project 1150716 - red_associates_cancer_canada_referrals...
INFO: 2026-03-25 13:30:13,131 - Getting records for Mailmerge...
INFO: 2026-03-25 13:30:26,423 - Got 56 records!
INFO: 2026-03-25 13:30:26,511 - Processing project 2003711 - tra_sydney...
INFO: 2026-03-25 13:30:26,511 - Getting records for Mailmerge...
INFO: 2026-03-25 13:30:26,982 - Got 0 records!
INFO: 2026-03-25 13:30:27,011 - Processing project 2002111 - hlm_prison_research...
INFO: 2026-03-25 13:30:27,012 - Getting records for Mailmerge...
INFO: 2026-03-25 13:30:27,058 - Got 3 records!
INFO: 2026-03-25 13:30:27,087 - Processing project 1467231 - hsj_medical_sis_lists...
INFO: 2026-03-25 13:30:27,087 - Getting records for Mailmerge...
INFO: 2026-03-25 13:30:27,103 - Got 2 records!
INFO: 2026-03-25 13:30:27,254 - Processing project 1995971 - Vanguardcharitable...
INFO: 2026-03-25 13:30:27,254 - Getting records for Mailmerge...
INFO: 2026-03-25 13:30:27,260 - Got 11 records!
INFO: 2026-03-25 13:30:27,260 - FINISHED LOOP

INFO: 2026-03-25 13:30:27,276 - STARTING LOOP
INFO: 2026-03-25 13:30:27,276 - Sending out mailerge list...
Traceback (most recent call last):
  File "/Users/albertoruizcajiga/python/sis_international/smtp_worker.py", line 103, in <module>
    send_out_mm_list()
  File "/Users/albertoruizcajiga/python/sis_international/smtp_worker.py", line 85, in send_out_mm_list
    hourly_remaining = data[4] - data[6]
                       ~~~~^^^
TypeError: 'NoneType' object is not subscriptable
INFO: 2026-03-25 14:00:07,282 - STARTING LOOP
INFO: 2026-03-25 14:00:07,283 - Getting blasts quota...
INFO: 2026-03-25 14:00:07,290 - DONE!
INFO: 2026-03-25 14:00:07,596 - Processing project 2010041 - tra_usa...
INFO: 2026-03-25 14:00:07,596 - Getting records for Mailmerge...
INFO: 2026-03-25 14:00:07,597 - Got 0 records!
INFO: 2026-03-25 14:00:07,633 - Processing project 1995973 - vanguardcharitable_quant...
INFO: 2026-03-25 14:00:07,634 - Getting records for Mailmerge...
INFO: 2026-03-25 14:00:07,711 - Got 67 records!
INFO: 2026-03-25 14:00:09,689 - Processing project 1150717 - red_associates_cancer_spain_referrals...
INFO: 2026-03-25 14:00:09,689 - Getting records for Mailmerge...
INFO: 2026-03-25 14:00:09,695 - Got 67 records!
INFO: 2026-03-25 14:00:11,485 - Processing project 1150716 - red_associates_cancer_canada_referrals...
INFO: 2026-03-25 14:00:11,485 - Getting records for Mailmerge...
INFO: 2026-03-25 14:00:25,198 - Got 56 records!
INFO: 2026-03-25 14:00:25,264 - Processing project 2003711 - tra_sydney...
INFO: 2026-03-25 14:00:25,264 - Getting records for Mailmerge...
INFO: 2026-03-25 14:00:25,729 - Got 0 records!
INFO: 2026-03-25 14:00:25,763 - Processing project 2002111 - hlm_prison_research...
INFO: 2026-03-25 14:00:25,763 - Getting records for Mailmerge...
INFO: 2026-03-25 14:00:25,810 - Got 3 records!
INFO: 2026-03-25 14:00:25,838 - Processing project 1467231 - hsj_medical_sis_lists...
INFO: 2026-03-25 14:00:25,838 - Getting records for Mailmerge...
INFO: 2026-03-25 14:00:25,853 - Got 2 records!
INFO: 2026-03-25 14:00:26,017 - Processing project 1995971 - Vanguardcharitable...
INFO: 2026-03-25 14:00:26,017 - Getting records for Mailmerge...
INFO: 2026-03-25 14:00:26,021 - Got 11 records!
INFO: 2026-03-25 14:00:26,021 - FINISHED LOOP

INFO: 2026-03-25 14:00:26,041 - STARTING LOOP
INFO: 2026-03-25 14:00:26,041 - Sending out mailerge list...
INFO: 2026-03-25 14:07:31,247 - DONE!
INFO: 2026-03-25 14:07:31,292 - FINISHED LOOP


email sent to jlefkovitz@fortresstech.net
1 sent emails in total

email sent to peggy_richardson@teamhealth.com
2 sent emails in total

email sent to easa@hastingsarchitecture.com
3 sent emails in total

email sent to peyton.pratt@se.com
4 sent emails in total

email sent to john.gregory@rich.frb.org
5 sent emails in total

email sent to rchapski@lewisthomason.com
6 sent emails in total

email sent to phillip.gregory@bofa.com
7 sent emails in total

email sent to agupta@microsoft.com
8 sent emails in total

email sent to kk@dow.com
9 sent emails in total

email sent to ar@pfizer.com
10 sent emails in total

email sent to swaby.danielle@bcg.com
11 sent emails in total

email sent to mike.sacco@falconriskservices.com
12 sent emails in total

email sent to scho@nanocellect.com
13 sent emails in total

email sent to rbrown@trimontrea.com
14 sent emails in total

email sent to aaron.tagwerker@safelite.com
15 sent emails in total

email sent to jzhang@sgintl.com
16 sent emails in total

email sent to brianna.burgert@se.com
17 sent emails in total

email sent to dan.reeves@ihg.com
18 sent emails in total

email sent to dara_chen@partech.com
19 sent emails in total

email sent to michael.pizzalato@accenture.com
20 sent emails in total

email sent to malgorzata.pawlowska@dell.com
21 sent emails in total

email sent to jkinning@rkmi.com
22 sent emails in total

email sent to teresa.tulipana@mymlc.com
23 sent emails in total

email sent to stephanie.effron@bermancapital.com
24 sent emails in total

email sent to deawaika.dolo@accenture.com
25 sent emails in total

email sent to john.burdecki@forvis.com
26 sent emails in total

email sent to ashley@empify.com
27 sent emails in total

email sent to zkhan@lendmarkfinancial.com
28 sent emails in total

email sent to fefferas@bv.com
29 sent emails in total

email sent to sjaggers@iuhealth.org
30 sent emails in total

email sent to zach.misler@netapp.com
31 sent emails in total

email sent to tambra@castlebri.com
32 sent emails in total

email sent to benjamin@summitmgmtpartners.com
33 sent emails in total

email sent to joe.gioe@inrd.com
34 sent emails in total

email sent to kerry.reeder@ge.com
35 sent emails in total

email sent to spencer.apel@53.com
36 sent emails in total

email sent to brouse@exactsciences.com
37 sent emails in total

email sent to melissamartinez@ge.com
38 sent emails in total

email sent to bahaiyyih.arevalo-carn@bankofamerica.com
39 sent emails in total

email sent to mark.halfhill@fmr.com
40 sent emails in total

email sent to bryan.applequist@fmr.com
41 sent emails in total

email sent to jwalton@mitre.org
42 sent emails in total

email sent to acoleman@synamedia.com
43 sent emails in total

email sent to sgireesan@concentrix.com
44 sent emails in total

email sent to david.harp@wearetrustedally.com
45 sent emails in total

email sent to mcachine@icmec.org
46 sent emails in total

email sent to scott.douglas@cdk.com
47 sent emails in total

email sent to bwesselhoff@waterstonemortgage.com
48 sent emails in total

email sent to sara.moss@lushusa.com
49 sent emails in total

email sent to mulcahy.p@apple.com
50 sent emails in total

email sent to gina.kennedy@nm.com
51 sent emails in total

email sent to jeffrey.buyak@truist.com
52 sent emails in total

email sent to bwilliamson@endeavorb2b.com
53 sent emails in total

email sent to roman@remsis.com
54 sent emails in total

email sent to michellemoore@sandiego.edu
55 sent emails in total

email sent to mattk@reliant-partners.com
56 sent emails in total

email sent to cbrowne@biohabitats.com
57 sent emails in total

email sent to noe.garcia@riotinto.com
58 sent emails in total

email sent to daniel.story@cvshealth.com
59 sent emails in total

email sent to tom@terawattinfrastructure.com
60 sent emails in total

email sent to kenneth.khoo@cfacorp.com
61 sent emails in total

email sent to sandra.torres@phoenix.gov
62 sent emails in total

email sent to rgill@onestreamsoftware.com
63 sent emails in total

email sent to jaci.milligan@kellyocg.com
64 sent emails in total

email sent to snaser@uwm.com
65 sent emails in total

email sent to amanda.rosseter@pnc.com
66 sent emails in total

email sent to bnye@narwhalcapital.com
67 sent emails in total

email sent to info@consultarespira.com
68 sent emails in total

email sent to inigoanza@gmail.com
69 sent emails in total

email sent to isamorales_09@hotmail.com
70 sent emails in total

email sent to j.nevadocastro@gmail.com
71 sent emails in total

email sent to jaciecunningham@gmail.com
72 sent emails in total

email sent to jaid82@hotmail.com
73 sent emails in total

email sent to jalemanramirez@gmail.com
74 sent emails in total

email sent to jalemany@fundslink.com
75 sent emails in total

email sent to javier@margen.com
76 sent emails in total

email sent to javier@zond.tv
77 sent emails in total

email sent to jbcebrian@yahoo.es
78 sent emails in total

email sent to jcasariegocueto@gmail.com
79 sent emails in total

email sent to jesgilper@outlook.com
80 sent emails in total

email sent to jesus.fernandez@bidafarma.es
81 sent emails in total

email sent to jjlayo1@gmail.com
82 sent emails in total

email sent to jjm@yutopias.com
83 sent emails in total

email sent to jlsfarma@gmail.com
84 sent emails in total

email sent to jmubo9@gmail.com
85 sent emails in total

email sent to joanserral91@gmail.com
86 sent emails in total

email sent to joelshz@yahoo.es
87 sent emails in total

email sent to jolugonz@gmail.com
88 sent emails in total

email sent to jordi@finteca.es
89 sent emails in total

email sent to jorgetaramon@bentham.co.uk
90 sent emails in total

email sent to josemanuelsanchezalonso@hotmail.com
91 sent emails in total

email sent to josemazon@ivann.es
92 sent emails in total

email sent to joyarzabal123@gmail.com
93 sent emails in total

email sent to jpagonabarraga@santpau.cat
94 sent emails in total

email sent to judit_otero@hotmail.com
95 sent emails in total

email sent to kaisharim@gmail.com
96 sent emails in total

email sent to kimalay@hotmail.com
97 sent emails in total

email sent to kimberly_rasmijn@hotmail.com
98 sent emails in total

email sent to krkosgergo54@gmail.com
99 sent emails in total

email sent to lcastillo770@gmail.com
100 sent emails in total
INFO: 2026-03-25 14:30:15,465 - STARTING LOOP
INFO: 2026-03-25 14:30:15,466 - Getting blasts quota...
INFO: 2026-03-25 14:30:15,482 - DONE!
INFO: 2026-03-25 14:30:16,006 - Processing project 2010041 - tra_usa...
INFO: 2026-03-25 14:30:16,007 - Getting records for Mailmerge...
INFO: 2026-03-25 14:30:16,009 - Got 0 records!
INFO: 2026-03-25 14:30:16,055 - Processing project 1995973 - vanguardcharitable_quant...
INFO: 2026-03-25 14:30:16,055 - Getting records for Mailmerge...
INFO: 2026-03-25 14:30:16,056 - Got 0 records!
INFO: 2026-03-25 14:30:19,191 - Processing project 1150717 - red_associates_cancer_spain_referrals...
INFO: 2026-03-25 14:30:19,193 - Getting records for Mailmerge...
INFO: 2026-03-25 14:30:19,200 - Got 34 records!
INFO: 2026-03-25 14:30:21,581 - Processing project 1150716 - red_associates_cancer_canada_referrals...
INFO: 2026-03-25 14:30:21,581 - Getting records for Mailmerge...
INFO: 2026-03-25 14:30:37,224 - Got 56 records!
INFO: 2026-03-25 14:30:37,298 - Processing project 2003711 - tra_sydney...
INFO: 2026-03-25 14:30:37,298 - Getting records for Mailmerge...
INFO: 2026-03-25 14:30:37,837 - Got 0 records!
INFO: 2026-03-25 14:30:37,872 - Processing project 2002111 - hlm_prison_research...
INFO: 2026-03-25 14:30:37,873 - Getting records for Mailmerge...
INFO: 2026-03-25 14:30:37,920 - Got 3 records!
INFO: 2026-03-25 14:30:37,946 - Processing project 1467231 - hsj_medical_sis_lists...
INFO: 2026-03-25 14:30:37,946 - Getting records for Mailmerge...
INFO: 2026-03-25 14:30:37,963 - Got 2 records!
INFO: 2026-03-25 14:30:38,105 - Processing project 1995971 - Vanguardcharitable...
INFO: 2026-03-25 14:30:38,106 - Getting records for Mailmerge...
INFO: 2026-03-25 14:30:38,110 - Got 11 records!
INFO: 2026-03-25 14:30:38,110 - FINISHED LOOP

INFO: 2026-03-25 14:30:38,131 - STARTING LOOP
INFO: 2026-03-25 14:30:38,131 - Sending out mailerge list...
Traceback (most recent call last):
  File "/Users/albertoruizcajiga/python/sis_international/smtp_worker.py", line 103, in <module>
    send_out_mm_list()
  File "/Users/albertoruizcajiga/python/sis_international/smtp_worker.py", line 85, in send_out_mm_list
    hourly_remaining = data[4] - data[6]
                       ~~~~^^^
TypeError: 'NoneType' object is not subscriptable
INFO: 2026-03-25 15:00:07,877 - STARTING LOOP
INFO: 2026-03-25 15:00:07,877 - Getting blasts quota...
INFO: 2026-03-25 15:00:07,889 - DONE!
INFO: 2026-03-25 15:00:08,440 - Processing project 2010041 - tra_usa...
INFO: 2026-03-25 15:00:08,440 - Getting records for Mailmerge...
INFO: 2026-03-25 15:00:08,441 - Got 0 records!
INFO: 2026-03-25 15:00:08,484 - Processing project 1995973 - vanguardcharitable_quant...
INFO: 2026-03-25 15:00:08,484 - Getting records for Mailmerge...
INFO: 2026-03-25 15:00:08,486 - Got 0 records!
INFO: 2026-03-25 15:00:10,718 - Processing project 1150717 - red_associates_cancer_spain_referrals...
INFO: 2026-03-25 15:00:10,718 - Getting records for Mailmerge...
INFO: 2026-03-25 15:00:10,725 - Got 34 records!
INFO: 2026-03-25 15:00:12,614 - Processing project 1150716 - red_associates_cancer_canada_referrals...
INFO: 2026-03-25 15:00:12,614 - Getting records for Mailmerge...
INFO: 2026-03-25 15:00:27,882 - Got 56 records!
INFO: 2026-03-25 15:00:28,098 - Processing project 2003711 - tra_sydney...
INFO: 2026-03-25 15:00:28,098 - Getting records for Mailmerge...
INFO: 2026-03-25 15:00:28,625 - Got 0 records!
INFO: 2026-03-25 15:00:28,693 - Processing project 2002111 - hlm_prison_research...
INFO: 2026-03-25 15:00:28,693 - Getting records for Mailmerge...
INFO: 2026-03-25 15:00:28,766 - Got 3 records!
INFO: 2026-03-25 15:00:28,796 - Processing project 1467231 - hsj_medical_sis_lists...
INFO: 2026-03-25 15:00:28,796 - Getting records for Mailmerge...
INFO: 2026-03-25 15:00:28,810 - Got 2 records!
INFO: 2026-03-25 15:00:28,937 - Processing project 1995971 - Vanguardcharitable...
INFO: 2026-03-25 15:00:28,937 - Getting records for Mailmerge...
INFO: 2026-03-25 15:00:28,941 - Got 11 records!
INFO: 2026-03-25 15:00:28,941 - FINISHED LOOP

INFO: 2026-03-25 15:00:28,950 - STARTING LOOP
INFO: 2026-03-25 15:00:28,951 - Sending out mailerge list...
Traceback (most recent call last):
  File "/Users/albertoruizcajiga/python/sis_international/smtp_worker.py", line 103, in <module>
    send_out_mm_list()
  File "/Users/albertoruizcajiga/python/sis_international/smtp_worker.py", line 85, in send_out_mm_list
    hourly_remaining = data[4] - data[6]
                       ~~~~^^^
TypeError: 'NoneType' object is not subscriptable
INFO: 2026-03-25 15:30:07,296 - STARTING LOOP
INFO: 2026-03-25 15:30:07,296 - Getting blasts quota...
INFO: 2026-03-25 15:30:07,306 - DONE!
INFO: 2026-03-25 15:30:07,731 - Processing project 2010041 - tra_usa...
INFO: 2026-03-25 15:30:07,732 - Getting records for Mailmerge...
INFO: 2026-03-25 15:30:07,733 - Got 0 records!
INFO: 2026-03-25 15:30:07,777 - Processing project 1995973 - vanguardcharitable_quant...
INFO: 2026-03-25 15:30:07,777 - Getting records for Mailmerge...
INFO: 2026-03-25 15:30:07,778 - Got 0 records!
INFO: 2026-03-25 15:30:10,035 - Processing project 1150717 - red_associates_cancer_spain_referrals...
INFO: 2026-03-25 15:30:10,035 - Getting records for Mailmerge...
INFO: 2026-03-25 15:30:10,041 - Got 34 records!
INFO: 2026-03-25 15:30:12,006 - Processing project 1150716 - red_associates_cancer_canada_referrals...
INFO: 2026-03-25 15:30:12,009 - Getting records for Mailmerge...
INFO: 2026-03-25 15:30:26,286 - Got 56 records!
INFO: 2026-03-25 15:30:26,409 - Processing project 2003711 - tra_sydney...
INFO: 2026-03-25 15:30:26,409 - Getting records for Mailmerge...
INFO: 2026-03-25 15:30:26,918 - Got 0 records!
INFO: 2026-03-25 15:30:26,949 - Processing project 2002111 - hlm_prison_research...
INFO: 2026-03-25 15:30:26,949 - Getting records for Mailmerge...
INFO: 2026-03-25 15:30:26,993 - Got 3 records!
INFO: 2026-03-25 15:30:27,019 - Processing project 1467231 - hsj_medical_sis_lists...
INFO: 2026-03-25 15:30:27,019 - Getting records for Mailmerge...
INFO: 2026-03-25 15:30:27,038 - Got 2 records!
INFO: 2026-03-25 15:30:27,189 - Processing project 1995971 - Vanguardcharitable...
INFO: 2026-03-25 15:30:27,189 - Getting records for Mailmerge...
INFO: 2026-03-25 15:30:27,194 - Got 11 records!
INFO: 2026-03-25 15:30:27,194 - FINISHED LOOP

INFO: 2026-03-25 15:30:27,203 - STARTING LOOP
INFO: 2026-03-25 15:30:27,203 - Sending out mailerge list...
Traceback (most recent call last):
  File "/Users/albertoruizcajiga/python/sis_international/smtp_worker.py", line 103, in <module>
    send_out_mm_list()
  File "/Users/albertoruizcajiga/python/sis_international/smtp_worker.py", line 85, in send_out_mm_list
    hourly_remaining = data[4] - data[6]
                       ~~~~^^^
TypeError: 'NoneType' object is not subscriptable
INFO: 2026-03-25 16:00:07,664 - STARTING LOOP
INFO: 2026-03-25 16:00:07,664 - Getting blasts quota...
INFO: 2026-03-25 16:00:07,673 - DONE!
INFO: 2026-03-25 16:00:08,069 - Processing project 2010041 - tra_usa...
INFO: 2026-03-25 16:00:08,069 - Getting records for Mailmerge...
INFO: 2026-03-25 16:00:08,070 - Got 0 records!
INFO: 2026-03-25 16:00:08,110 - Processing project 1995973 - vanguardcharitable_quant...
INFO: 2026-03-25 16:00:08,111 - Getting records for Mailmerge...
INFO: 2026-03-25 16:00:08,113 - Got 0 records!
INFO: 2026-03-25 16:00:10,276 - Processing project 1150717 - red_associates_cancer_spain_referrals...
INFO: 2026-03-25 16:00:10,276 - Getting records for Mailmerge...
INFO: 2026-03-25 16:00:10,308 - Got 34 records!
INFO: 2026-03-25 16:00:12,144 - Processing project 1150716 - red_associates_cancer_canada_referrals...
INFO: 2026-03-25 16:00:12,144 - Getting records for Mailmerge...
INFO: 2026-03-25 16:00:25,578 - Got 56 records!
INFO: 2026-03-25 16:00:25,645 - Processing project 2003711 - tra_sydney...
INFO: 2026-03-25 16:00:25,645 - Getting records for Mailmerge...
INFO: 2026-03-25 16:00:26,114 - Got 0 records!
INFO: 2026-03-25 16:00:26,145 - Processing project 2002111 - hlm_prison_research...
INFO: 2026-03-25 16:00:26,145 - Getting records for Mailmerge...
INFO: 2026-03-25 16:00:26,187 - Got 3 records!
INFO: 2026-03-25 16:00:26,210 - Processing project 1467231 - hsj_medical_sis_lists...
INFO: 2026-03-25 16:00:26,211 - Getting records for Mailmerge...
INFO: 2026-03-25 16:00:26,226 - Got 2 records!
INFO: 2026-03-25 16:00:26,351 - Processing project 1995971 - Vanguardcharitable...
INFO: 2026-03-25 16:00:26,351 - Getting records for Mailmerge...
INFO: 2026-03-25 16:00:26,355 - Got 11 records!
INFO: 2026-03-25 16:00:26,355 - FINISHED LOOP

INFO: 2026-03-25 16:00:26,366 - STARTING LOOP
INFO: 2026-03-25 16:00:26,366 - Sending out mailerge list...
Traceback (most recent call last):
  File "/Users/albertoruizcajiga/python/sis_international/smtp_worker.py", line 103, in <module>
    send_out_mm_list()
  File "/Users/albertoruizcajiga/python/sis_international/smtp_worker.py", line 85, in send_out_mm_list
    hourly_remaining = data[4] - data[6]
                       ~~~~^^^
TypeError: 'NoneType' object is not subscriptable
INFO: 2026-03-25 16:30:07,261 - STARTING LOOP
INFO: 2026-03-25 16:30:07,261 - Getting blasts quota...
INFO: 2026-03-25 16:30:07,272 - DONE!
INFO: 2026-03-25 16:30:07,621 - Processing project 2010041 - tra_usa...
INFO: 2026-03-25 16:30:07,621 - Getting records for Mailmerge...
INFO: 2026-03-25 16:30:07,622 - Got 0 records!
INFO: 2026-03-25 16:30:07,661 - Processing project 1995973 - vanguardcharitable_quant...
INFO: 2026-03-25 16:30:07,661 - Getting records for Mailmerge...
INFO: 2026-03-25 16:30:07,662 - Got 0 records!
INFO: 2026-03-25 16:30:09,814 - Processing project 1150717 - red_associates_cancer_spain_referrals...
INFO: 2026-03-25 16:30:09,814 - Getting records for Mailmerge...
INFO: 2026-03-25 16:30:09,822 - Got 34 records!
INFO: 2026-03-25 16:30:11,754 - Processing project 1150716 - red_associates_cancer_canada_referrals...
INFO: 2026-03-25 16:30:11,754 - Getting records for Mailmerge...
INFO: 2026-03-25 16:30:25,054 - Got 56 records!
INFO: 2026-03-25 16:30:25,118 - Processing project 2003711 - tra_sydney...
INFO: 2026-03-25 16:30:25,118 - Getting records for Mailmerge...
INFO: 2026-03-25 16:30:25,583 - Got 0 records!
INFO: 2026-03-25 16:30:25,611 - Processing project 2002111 - hlm_prison_research...
INFO: 2026-03-25 16:30:25,611 - Getting records for Mailmerge...
INFO: 2026-03-25 16:30:25,653 - Got 3 records!
INFO: 2026-03-25 16:30:25,677 - Processing project 1467231 - hsj_medical_sis_lists...
INFO: 2026-03-25 16:30:25,677 - Getting records for Mailmerge...
INFO: 2026-03-25 16:30:25,691 - Got 2 records!
INFO: 2026-03-25 16:30:25,817 - Processing project 1995971 - Vanguardcharitable...
INFO: 2026-03-25 16:30:25,817 - Getting records for Mailmerge...
INFO: 2026-03-25 16:30:25,821 - Got 11 records!
INFO: 2026-03-25 16:30:25,822 - FINISHED LOOP

INFO: 2026-03-25 16:30:25,830 - STARTING LOOP
INFO: 2026-03-25 16:30:25,830 - Sending out mailerge list...
Traceback (most recent call last):
  File "/Users/albertoruizcajiga/python/sis_international/smtp_worker.py", line 103, in <module>
    send_out_mm_list()
  File "/Users/albertoruizcajiga/python/sis_international/smtp_worker.py", line 85, in send_out_mm_list
    hourly_remaining = data[4] - data[6]
                       ~~~~^^^
TypeError: 'NoneType' object is not subscriptable
INFO: 2026-03-25 17:00:07,581 - STARTING LOOP
INFO: 2026-03-25 17:00:07,581 - Getting blasts quota...
INFO: 2026-03-25 17:00:07,589 - DONE!
INFO: 2026-03-25 17:00:07,957 - Processing project 2010041 - tra_usa...
INFO: 2026-03-25 17:00:07,957 - Getting records for Mailmerge...
INFO: 2026-03-25 17:00:07,958 - Got 0 records!
INFO: 2026-03-25 17:00:07,998 - Processing project 1995973 - vanguardcharitable_quant...
INFO: 2026-03-25 17:00:07,998 - Getting records for Mailmerge...
INFO: 2026-03-25 17:00:07,999 - Got 0 records!
INFO: 2026-03-25 17:00:10,069 - Processing project 1150717 - red_associates_cancer_spain_referrals...
INFO: 2026-03-25 17:00:10,070 - Getting records for Mailmerge...
INFO: 2026-03-25 17:00:10,075 - Got 34 records!
INFO: 2026-03-25 17:00:11,932 - Processing project 1150716 - red_associates_cancer_canada_referrals...
INFO: 2026-03-25 17:00:11,932 - Getting records for Mailmerge...
INFO: 2026-03-25 17:00:25,655 - Got 56 records!
INFO: 2026-03-25 17:00:25,730 - Processing project 2003711 - tra_sydney...
INFO: 2026-03-25 17:00:25,730 - Getting records for Mailmerge...
INFO: 2026-03-25 17:00:26,219 - Got 0 records!
INFO: 2026-03-25 17:00:26,251 - Processing project 2002111 - hlm_prison_research...
INFO: 2026-03-25 17:00:26,251 - Getting records for Mailmerge...
INFO: 2026-03-25 17:00:26,295 - Got 3 records!
INFO: 2026-03-25 17:00:26,321 - Processing project 1467231 - hsj_medical_sis_lists...
INFO: 2026-03-25 17:00:26,321 - Getting records for Mailmerge...
INFO: 2026-03-25 17:00:26,338 - Got 2 records!
INFO: 2026-03-25 17:00:26,470 - Processing project 1995971 - Vanguardcharitable...
INFO: 2026-03-25 17:00:26,470 - Getting records for Mailmerge...
INFO: 2026-03-25 17:00:26,474 - Got 11 records!
INFO: 2026-03-25 17:00:26,474 - FINISHED LOOP

INFO: 2026-03-25 17:00:26,483 - STARTING LOOP
INFO: 2026-03-25 17:00:26,484 - Sending out mailerge list...
Traceback (most recent call last):
  File "/Users/albertoruizcajiga/python/sis_international/smtp_worker.py", line 103, in <module>
    send_out_mm_list()
  File "/Users/albertoruizcajiga/python/sis_international/smtp_worker.py", line 85, in send_out_mm_list
    hourly_remaining = data[4] - data[6]
                       ~~~~^^^
TypeError: 'NoneType' object is not subscriptable
INFO: 2026-03-25 17:30:07,769 - STARTING LOOP
INFO: 2026-03-25 17:30:07,769 - Getting blasts quota...
INFO: 2026-03-25 17:30:07,777 - DONE!
INFO: 2026-03-25 17:30:08,184 - Processing project 2010041 - tra_usa...
INFO: 2026-03-25 17:30:08,184 - Getting records for Mailmerge...
INFO: 2026-03-25 17:30:08,188 - Got 0 records!
INFO: 2026-03-25 17:30:08,233 - Processing project 1995973 - vanguardcharitable_quant...
INFO: 2026-03-25 17:30:08,233 - Getting records for Mailmerge...
INFO: 2026-03-25 17:30:08,235 - Got 0 records!
INFO: 2026-03-25 17:30:10,453 - Processing project 1150717 - red_associates_cancer_spain_referrals...
INFO: 2026-03-25 17:30:10,453 - Getting records for Mailmerge...
INFO: 2026-03-25 17:30:10,459 - Got 34 records!
INFO: 2026-03-25 17:30:12,292 - Processing project 1150716 - red_associates_cancer_canada_referrals...
INFO: 2026-03-25 17:30:12,292 - Getting records for Mailmerge...
INFO: 2026-03-25 17:30:29,099 - Got 56 records!
INFO: 2026-03-25 17:30:29,177 - Processing project 2003711 - tra_sydney...
INFO: 2026-03-25 17:30:29,178 - Getting records for Mailmerge...
INFO: 2026-03-25 17:30:29,701 - Got 0 records!
INFO: 2026-03-25 17:30:29,732 - Processing project 2002111 - hlm_prison_research...
INFO: 2026-03-25 17:30:29,732 - Getting records for Mailmerge...
INFO: 2026-03-25 17:30:29,796 - Got 3 records!
INFO: 2026-03-25 17:30:29,824 - Processing project 1467231 - hsj_medical_sis_lists...
INFO: 2026-03-25 17:30:29,824 - Getting records for Mailmerge...
INFO: 2026-03-25 17:30:29,847 - Got 2 records!
INFO: 2026-03-25 17:30:29,984 - Processing project 1995971 - Vanguardcharitable...
INFO: 2026-03-25 17:30:29,984 - Getting records for Mailmerge...
INFO: 2026-03-25 17:30:29,989 - Got 11 records!
INFO: 2026-03-25 17:30:29,989 - FINISHED LOOP

INFO: 2026-03-25 17:30:29,998 - STARTING LOOP
INFO: 2026-03-25 17:30:29,998 - Sending out mailerge list...
Traceback (most recent call last):
  File "/Users/albertoruizcajiga/python/sis_international/smtp_worker.py", line 103, in <module>
    send_out_mm_list()
  File "/Users/albertoruizcajiga/python/sis_international/smtp_worker.py", line 85, in send_out_mm_list
    hourly_remaining = data[4] - data[6]
                       ~~~~^^^
TypeError: 'NoneType' object is not subscriptable
INFO: 2026-03-25 18:30:06,922 - STARTING LOOP
INFO: 2026-03-25 18:30:06,923 - Getting blasts quota...
INFO: 2026-03-25 18:30:06,939 - DONE!
WARNING: 2026-03-25 18:30:06,939 - No projects to work on!
INFO: 2026-03-25 18:30:06,939 - FINISHED LOOP

INFO: 2026-03-25 18:30:06,939 - STARTING LOOP
INFO: 2026-03-25 18:30:06,940 - Sending out mailerge list...
INFO: 2026-03-25 18:37:53,610 - DONE!
INFO: 2026-03-25 18:37:53,612 - FINISHED LOOP


email sent to leonaafjes@eurofins.com
1 sent emails in total

email sent to lomora84@gmail.com
2 sent emails in total

email sent to lopez_villarroel@hotmail.com
3 sent emails in total

email sent to lopezbelmonte@yahoo.es
4 sent emails in total

email sent to loretoalegre_11@hotmail.com
5 sent emails in total

email sent to lucia_montemayor@hotmail.com
6 sent emails in total

email sent to m.vargas@terra-dev.org
7 sent emails in total

email sent to madeleine.ezell@gmail.com
8 sent emails in total

email sent to magarciamartinez2@gmail.com
9 sent emails in total

email sent to maira_cabrini@hotmail.com
10 sent emails in total

email sent to malvher@hotmail.com
11 sent emails in total

email sent to manel.peiro@esade.edu
12 sent emails in total

email sent to manolorios39@yahoo.es
13 sent emails in total

email sent to mar.hormigo@bakerandbaker.com
14 sent emails in total

email sent to mar.hormigo@gmail.com
15 sent emails in total

email sent to maricarballido@gmail.com
16 sent emails in total

email sent to mark_smet@hotmail.com
17 sent emails in total

email sent to matiasleiva@hotmail.com
18 sent emails in total

email sent to miguel@laespada.com
19 sent emails in total

email sent to mijaresortegalaur@gmail.com
20 sent emails in total

email sent to mmengel@gmx.de
21 sent emails in total

email sent to molinadsx@gmail.com
22 sent emails in total

email sent to monicamaiz@hotmail.com
23 sent emails in total

email sent to mpardal@uvigo.es
24 sent emails in total

email sent to mparellada@bancomediolanum.es
25 sent emails in total

email sent to nacho.pancho@gmail.com
26 sent emails in total

email sent to nacida2002@hotmail.com
27 sent emails in total

email sent to natalia.castanys@gmail.com
28 sent emails in total

email sent to nicolalombardi@student.ie.edu
29 sent emails in total

email sent to nmiketic@gmail.com
30 sent emails in total

email sent to nol.bosman@tecsq.com
31 sent emails in total

email sent to noviedo@iberdrola.es
32 sent emails in total

email sent to pablo.zubiaur@salud.madrid.org
33 sent emails in total

email sent to palcina@gmail.com
34 sent emails in total

email sent to sjay@rrc.ca
35 sent emails in total

email sent to richard.leblanc@usask.ca
36 sent emails in total

email sent to elias.schwieler@su.se
37 sent emails in total

email sent to kstroesser@stclaircollege.ca
38 sent emails in total

email sent to mstork@lululemon.com
39 sent emails in total

email sent to david.demelo@cantire.com
40 sent emails in total

email sent to kal-nasrallah@lululemon.com
41 sent emails in total

email sent to jeff.urovitz@cantire.com
42 sent emails in total

email sent to jennifer@talkofthetowntravel.com
43 sent emails in total

email sent to nicola@yyztravel.com
44 sent emails in total

email sent to musman@sawridge.com
45 sent emails in total

email sent to sol@calgaryhotelassociation.com
46 sent emails in total

email sent to jthomas@stregishotel.com
47 sent emails in total

email sent to sarahb@saskatoonclub.com
48 sent emails in total

email sent to binod@azuridgehotel.com
49 sent emails in total

email sent to cstaniloff@masterbuilthotels.com
50 sent emails in total

email sent to bruce.knapp@bharchitects.com
51 sent emails in total

email sent to spencer.wood@humber.ca
52 sent emails in total

email sent to robyn.huezo@halton.com
53 sent emails in total

email sent to jeannette.eason@gov.bc.ca
54 sent emails in total

email sent to sscholz@wildplay.com
55 sent emails in total

email sent to anis@naturalproductscanada.com
56 sent emails in total

email sent to dschwarz@kelowna.ca
57 sent emails in total

email sent to mmoukas@transperfect.com
58 sent emails in total

email sent to jianfu.deng@calgary.ca
59 sent emails in total

email sent to bbarros@sfu.ca
60 sent emails in total

email sent to chris@travelmarketingexperts.com
61 sent emails in total

email sent to m.hope@coasthotels.com
62 sent emails in total

email sent to matt.poirier@cme-mec.ca
63 sent emails in total

email sent to borodenko@pra.ca
64 sent emails in total

email sent to patrick.lee@thetalent.co
65 sent emails in total

email sent to olav_hanrath@cooperators.ca
66 sent emails in total

email sent to jay.gandhi@sap.com
67 sent emails in total

email sent to tarang.khare@enrichbioscience.com
68 sent emails in total

email sent to nkerr@amsterdambeer.com
69 sent emails in total

email sent to jcox@whites.com
70 sent emails in total

email sent to bfelker@mconpipe.com
71 sent emails in total

email sent to tony.groves@gaspro.ca
72 sent emails in total

email sent to mgadsby@seaspan.com
73 sent emails in total

email sent to msingh@enerkem.com
74 sent emails in total

email sent to npaulozza@alpineservices.ca
75 sent emails in total

email sent to ebalderson@virl.bc.ca
76 sent emails in total

email sent to song.wang@aflglobal.com
77 sent emails in total

email sent to allan.wong@mackenziehealth.ca
78 sent emails in total

email sent to carl.banze@nrc.no
79 sent emails in total

email sent to daniel.eugen@ontario.ca
80 sent emails in total

email sent to traductionsdym@gmail.com
81 sent emails in total

email sent to thesoftwarecoach@gmail.com
82 sent emails in total

email sent to aksharaccounting@gmail.com
83 sent emails in total

email sent to brightcloudcounseling@gmail.com
84 sent emails in total

email sent to john.geistlinger@interiorhealth.ca
85 sent emails in total

email sent to derek.lucas@phsa.ca
86 sent emails in total

email sent to calendarcustommade@gmail.com
87 sent emails in total

email sent to reinkdepot@gmail.com
88 sent emails in total

email sent to ekkocabinetry@gmail.com
89 sent emails in total

email sent to orromosaic@gmail.com
90 sent emails in total

email sent to markus.appenzeller@mlaplus.com
91 sent emails in total

email sent to mc@afternic.com
92 sent emails in total

email sent to maria@godaddy.com
93 sent emails in total

email sent to joe@alterg.com
94 sent emails in total

email sent to geoff.davison@als-dental.com
95 sent emails in total

email sent to abhatt@slb.com
96 sent emails in total

email sent to nicholas.anton@53.com
97 sent emails in total

email sent to ryan@forthepeople.com
98 sent emails in total

email sent to devon.french@edwardjones.com
99 sent emails in total

email sent to sshadburn@hotelinvestmentgroup.com
100 sent emails in total
INFO: 2026-03-25 19:00:06,807 - STARTING LOOP
INFO: 2026-03-25 19:00:06,807 - Getting blasts quota...
INFO: 2026-03-25 19:00:06,812 - DONE!
WARNING: 2026-03-25 19:00:06,812 - No projects to work on!
INFO: 2026-03-25 19:00:06,813 - FINISHED LOOP

INFO: 2026-03-25 19:00:06,813 - STARTING LOOP
INFO: 2026-03-25 19:00:06,813 - there's no mailmerge list. Skipping for now...
INFO: 2026-03-25 19:00:06,813 - FINISHED LOOP

INFO: 2026-03-26 06:30:04,441 - STARTING LOOP
INFO: 2026-03-26 06:30:04,442 - Getting blasts quota...
INFO: 2026-03-26 06:30:04,445 - DONE!
WARNING: 2026-03-26 06:30:04,445 - No projects to work on!
INFO: 2026-03-26 06:30:04,445 - FINISHED LOOP

INFO: 2026-03-26 06:30:04,445 - STARTING LOOP
INFO: 2026-03-26 06:30:04,445 - there's no mailmerge list. Skipping for now...
INFO: 2026-03-26 06:30:04,445 - FINISHED LOOP

INFO: 2026-03-26 07:33:05,489 - STARTING LOOP
INFO: 2026-03-26 07:33:05,490 - Getting blasts quota...
INFO: 2026-03-26 07:33:05,493 - DONE!
WARNING: 2026-03-26 07:33:05,493 - No projects to work on!
INFO: 2026-03-26 07:33:05,493 - FINISHED LOOP

INFO: 2026-03-26 07:33:05,493 - STARTING LOOP
INFO: 2026-03-26 07:33:05,493 - there's no mailmerge list. Skipping for now...
INFO: 2026-03-26 07:33:05,493 - FINISHED LOOP

INFO: 2026-03-26 09:02:20,254 - STARTING LOOP
INFO: 2026-03-26 09:02:20,254 - Getting blasts quota...
INFO: 2026-03-26 09:02:20,279 - DONE!
WARNING: 2026-03-26 09:02:20,281 - No projects to work on!
INFO: 2026-03-26 09:02:20,282 - FINISHED LOOP

INFO: 2026-03-26 09:02:20,282 - STARTING LOOP
INFO: 2026-03-26 09:02:20,282 - there's no mailmerge list. Skipping for now...
INFO: 2026-03-26 09:02:20,282 - FINISHED LOOP

INFO: 2026-03-26 09:30:07,921 - STARTING LOOP
INFO: 2026-03-26 09:30:07,922 - Getting blasts quota...
INFO: 2026-03-26 09:30:07,932 - DONE!
WARNING: 2026-03-26 09:30:07,932 - No projects to work on!
INFO: 2026-03-26 09:30:07,932 - FINISHED LOOP

INFO: 2026-03-26 09:30:07,932 - STARTING LOOP
INFO: 2026-03-26 09:30:07,933 - there's no mailmerge list. Skipping for now...
INFO: 2026-03-26 09:30:07,933 - FINISHED LOOP

INFO: 2026-03-26 10:00:08,010 - STARTING LOOP
INFO: 2026-03-26 10:00:08,010 - Getting blasts quota...
INFO: 2026-03-26 10:00:08,019 - DONE!
WARNING: 2026-03-26 10:00:08,019 - No projects to work on!
INFO: 2026-03-26 10:00:08,019 - FINISHED LOOP

INFO: 2026-03-26 10:00:08,019 - STARTING LOOP
INFO: 2026-03-26 10:00:08,019 - there's no mailmerge list. Skipping for now...
INFO: 2026-03-26 10:00:08,020 - FINISHED LOOP

INFO: 2026-03-26 10:30:08,646 - STARTING LOOP
INFO: 2026-03-26 10:30:08,646 - Getting blasts quota...
INFO: 2026-03-26 10:30:08,654 - DONE!
WARNING: 2026-03-26 10:30:08,654 - No projects to work on!
INFO: 2026-03-26 10:30:08,654 - FINISHED LOOP

INFO: 2026-03-26 10:30:08,654 - STARTING LOOP
INFO: 2026-03-26 10:30:08,655 - there's no mailmerge list. Skipping for now...
INFO: 2026-03-26 10:30:08,655 - FINISHED LOOP

INFO: 2026-03-26 11:00:15,727 - STARTING LOOP
INFO: 2026-03-26 11:00:15,728 - Getting blasts quota...
INFO: 2026-03-26 11:00:15,777 - DONE!
WARNING: 2026-03-26 11:00:15,778 - No projects to work on!
INFO: 2026-03-26 11:00:15,778 - FINISHED LOOP

INFO: 2026-03-26 11:00:15,778 - STARTING LOOP
INFO: 2026-03-26 11:00:15,778 - there's no mailmerge list. Skipping for now...
INFO: 2026-03-26 11:00:15,778 - FINISHED LOOP

INFO: 2026-03-26 11:30:07,983 - STARTING LOOP
INFO: 2026-03-26 11:30:07,983 - Getting blasts quota...
INFO: 2026-03-26 11:30:07,990 - DONE!
WARNING: 2026-03-26 11:30:07,990 - No projects to work on!
INFO: 2026-03-26 11:30:07,990 - FINISHED LOOP

INFO: 2026-03-26 11:30:07,990 - STARTING LOOP
INFO: 2026-03-26 11:30:07,991 - there's no mailmerge list. Skipping for now...
INFO: 2026-03-26 11:30:07,991 - FINISHED LOOP

INFO: 2026-03-26 12:00:08,542 - STARTING LOOP
INFO: 2026-03-26 12:00:08,542 - Getting blasts quota...
INFO: 2026-03-26 12:00:08,550 - DONE!
WARNING: 2026-03-26 12:00:08,550 - No projects to work on!
INFO: 2026-03-26 12:00:08,550 - FINISHED LOOP

INFO: 2026-03-26 12:00:08,550 - STARTING LOOP
INFO: 2026-03-26 12:00:08,551 - there's no mailmerge list. Skipping for now...
INFO: 2026-03-26 12:00:08,551 - FINISHED LOOP

INFO: 2026-03-26 12:19:46,866 - STARTING LOOP
INFO: 2026-03-26 12:19:46,866 - Getting blasts quota...
INFO: 2026-03-26 12:19:46,867 - DONE!
INFO: 2026-03-26 12:19:47,201 - Processing project 2002111 - hlm_prison_research...
INFO: 2026-03-26 12:19:47,201 - Getting records for Mailmerge...
INFO: 2026-03-26 12:19:47,822 - Got 0 records!
INFO: 2026-03-26 12:19:47,823 - FINISHED LOOP

INFO: 2026-03-26 12:19:47,823 - STARTING LOOP
INFO: 2026-03-26 12:19:47,823 - there's no mailmerge list. Skipping for now...
INFO: 2026-03-26 12:19:47,823 - FINISHED LOOP

INFO: 2026-03-26 12:28:44,492 - STARTING LOOP
INFO: 2026-03-26 12:28:44,492 - Getting blasts quota...
INFO: 2026-03-26 12:28:44,493 - DONE!
INFO: 2026-03-26 12:28:44,723 - Processing project 2002111 - hlm_prison_research...
INFO: 2026-03-26 12:28:44,723 - Getting records for Mailmerge...
INFO: 2026-03-26 12:28:45,318 - Got 6 records!
INFO: 2026-03-26 12:28:45,318 - FINISHED LOOP

INFO: 2026-03-26 12:28:45,320 - STARTING LOOP
INFO: 2026-03-26 12:28:45,320 - Sending out mailerge list...
INFO: 2026-03-26 12:29:12,571 - DONE!
INFO: 2026-03-26 12:29:12,571 - FINISHED LOOP

INFO: 2026-03-26 12:30:07,990 - STARTING LOOP
INFO: 2026-03-26 12:30:07,990 - Getting blasts quota...
INFO: 2026-03-26 12:30:07,993 - DONE!
INFO: 2026-03-26 12:30:08,465 - Processing project 2002111 - hlm_prison_research...
INFO: 2026-03-26 12:30:08,465 - Getting records for Mailmerge...
INFO: 2026-03-26 12:30:09,448 - Got 0 records!
INFO: 2026-03-26 12:30:09,448 - FINISHED LOOP

INFO: 2026-03-26 12:30:09,449 - STARTING LOOP
INFO: 2026-03-26 12:30:09,449 - there's no mailmerge list. Skipping for now...
INFO: 2026-03-26 12:30:09,449 - FINISHED LOOP

INFO: 2026-03-26 13:00:07,976 - STARTING LOOP
INFO: 2026-03-26 13:00:07,977 - Getting blasts quota...
INFO: 2026-03-26 13:00:07,992 - DONE!
INFO: 2026-03-26 13:00:08,531 - Processing project 2002111 - hlm_prison_research...
INFO: 2026-03-26 13:00:08,531 - Getting records for Mailmerge...
INFO: 2026-03-26 13:00:09,733 - Got 0 records!
INFO: 2026-03-26 13:00:09,733 - FINISHED LOOP

INFO: 2026-03-26 13:00:09,734 - STARTING LOOP
INFO: 2026-03-26 13:00:09,735 - there's no mailmerge list. Skipping for now...
INFO: 2026-03-26 13:00:09,735 - FINISHED LOOP

INFO: 2026-03-26 13:06:41,074 - STARTING LOOP
INFO: 2026-03-26 13:06:41,074 - Getting blasts quota...
INFO: 2026-03-26 13:06:41,076 - DONE!
INFO: 2026-03-26 13:06:41,321 - Processing project 2002111 - hlm_prison_research...
INFO: 2026-03-26 13:06:41,321 - Getting records for Mailmerge...
INFO: 2026-03-26 13:06:41,925 - Got 39 records!
INFO: 2026-03-26 13:06:41,925 - FINISHED LOOP

INFO: 2026-03-26 13:06:41,927 - STARTING LOOP
INFO: 2026-03-26 13:06:41,927 - Sending out mailerge list...
INFO: 2026-03-26 13:09:15,295 - DONE!
INFO: 2026-03-26 13:09:15,305 - FINISHED LOOP

INFO: 2026-03-26 13:29:20,339 - STARTING LOOP
INFO: 2026-03-26 13:29:20,339 - Getting blasts quota...
INFO: 2026-03-26 13:29:20,344 - DONE!
INFO: 2026-03-26 13:29:20,581 - Processing project 2002111 - hlm_prison_research...
INFO: 2026-03-26 13:29:20,581 - Getting records for Mailmerge...
INFO: 2026-03-26 13:29:21,448 - Got 0 records!
INFO: 2026-03-26 13:29:21,448 - FINISHED LOOP

INFO: 2026-03-26 13:29:21,448 - STARTING LOOP
INFO: 2026-03-26 13:29:21,448 - there's no mailmerge list. Skipping for now...
INFO: 2026-03-26 13:29:21,448 - FINISHED LOOP

INFO: 2026-03-26 13:30:10,701 - STARTING LOOP
INFO: 2026-03-26 13:30:10,701 - Getting blasts quota...
INFO: 2026-03-26 13:30:10,712 - DONE!
INFO: 2026-03-26 13:30:11,200 - Processing project 2002111 - hlm_prison_research...
INFO: 2026-03-26 13:30:11,200 - Getting records for Mailmerge...
INFO: 2026-03-26 13:30:13,135 - Got 0 records!
INFO: 2026-03-26 13:30:13,138 - FINISHED LOOP

INFO: 2026-03-26 13:30:13,139 - STARTING LOOP
INFO: 2026-03-26 13:30:13,140 - there's no mailmerge list. Skipping for now...
INFO: 2026-03-26 13:30:13,140 - FINISHED LOOP

INFO: 2026-03-26 13:31:30,052 - STARTING LOOP
INFO: 2026-03-26 13:31:30,053 - Getting blasts quota...
INFO: 2026-03-26 13:31:30,053 - DONE!
INFO: 2026-03-26 13:31:30,264 - Processing project 2002111 - hlm_prison_research...
INFO: 2026-03-26 13:31:30,264 - Getting records for Mailmerge...
INFO: 2026-03-26 13:31:31,078 - Got 0 records!
INFO: 2026-03-26 13:31:31,078 - FINISHED LOOP

INFO: 2026-03-26 13:31:31,078 - STARTING LOOP
INFO: 2026-03-26 13:31:31,078 - there's no mailmerge list. Skipping for now...
INFO: 2026-03-26 13:31:31,078 - FINISHED LOOP

INFO: 2026-03-26 13:35:48,331 - STARTING LOOP
INFO: 2026-03-26 13:35:48,331 - Getting blasts quota...
INFO: 2026-03-26 13:35:48,332 - DONE!
INFO: 2026-03-26 13:35:48,573 - Processing project 2002111 - hlm_prison_research...
INFO: 2026-03-26 13:35:48,574 - Getting records for Mailmerge...
INFO: 2026-03-26 13:35:50,272 - Got 0 records!
INFO: 2026-03-26 13:35:50,272 - FINISHED LOOP

INFO: 2026-03-26 13:35:50,272 - STARTING LOOP
INFO: 2026-03-26 13:35:50,272 - there's no mailmerge list. Skipping for now...
INFO: 2026-03-26 13:35:50,272 - FINISHED LOOP

INFO: 2026-03-26 13:45:12,025 - STARTING LOOP
INFO: 2026-03-26 13:45:12,026 - Getting blasts quota...
INFO: 2026-03-26 13:45:12,033 - DONE!
INFO: 2026-03-26 13:45:12,321 - Processing project 2002111 - hlm_prison_research...
INFO: 2026-03-26 13:45:12,321 - Getting records for Mailmerge...
INFO: 2026-03-26 13:45:14,293 - Got 0 records!
INFO: 2026-03-26 13:45:14,294 - FINISHED LOOP

INFO: 2026-03-26 13:45:14,294 - STARTING LOOP
INFO: 2026-03-26 13:45:14,294 - there's no mailmerge list. Skipping for now...
INFO: 2026-03-26 13:45:14,294 - FINISHED LOOP

INFO: 2026-03-26 13:46:12,163 - STARTING LOOP
INFO: 2026-03-26 13:46:12,163 - Getting blasts quota...
INFO: 2026-03-26 13:46:12,165 - DONE!
INFO: 2026-03-26 13:46:12,407 - Processing project 2002111 - hlm_prison_research...
INFO: 2026-03-26 13:46:12,407 - Getting records for Mailmerge...
INFO: 2026-03-26 13:57:54,608 - STARTING LOOP
INFO: 2026-03-26 13:57:54,608 - Getting blasts quota...
INFO: 2026-03-26 13:57:54,614 - DONE!
INFO: 2026-03-26 13:57:54,887 - Processing project 2002111 - hlm_prison_research...
INFO: 2026-03-26 13:57:54,887 - Getting records for Mailmerge...
INFO: 2026-03-26 13:57:58,634 - Got 7 records!
INFO: 2026-03-26 13:57:58,635 - FINISHED LOOP

INFO: 2026-03-26 13:57:58,637 - STARTING LOOP
INFO: 2026-03-26 13:57:58,637 - Sending out mailerge list...
INFO: 2026-03-26 13:58:34,221 - DONE!
INFO: 2026-03-26 13:58:34,222 - FINISHED LOOP

INFO: 2026-03-26 14:00:07,934 - STARTING LOOP
INFO: 2026-03-26 14:00:07,934 - Getting blasts quota...
INFO: 2026-03-26 14:00:07,944 - DONE!
INFO: 2026-03-26 14:00:08,462 - Processing project 2002111 - hlm_prison_research...
INFO: 2026-03-26 14:00:08,463 - Getting records for Mailmerge...
INFO: 2026-03-26 14:00:13,392 - Got 0 records!
INFO: 2026-03-26 14:00:13,394 - FINISHED LOOP

INFO: 2026-03-26 14:00:13,397 - STARTING LOOP
INFO: 2026-03-26 14:00:13,398 - there's no mailmerge list. Skipping for now...
INFO: 2026-03-26 14:00:13,398 - FINISHED LOOP

INFO: 2026-03-26 14:30:06,930 - STARTING LOOP
INFO: 2026-03-26 14:30:06,931 - Getting blasts quota...
INFO: 2026-03-26 14:30:06,935 - DONE!
INFO: 2026-03-26 14:30:07,468 - Processing project 2002111 - hlm_prison_research...
INFO: 2026-03-26 14:30:07,469 - Getting records for Mailmerge...
INFO: 2026-03-26 14:30:24,734 - Got 0 records!
INFO: 2026-03-26 14:30:24,736 - FINISHED LOOP

INFO: 2026-03-26 14:30:24,744 - STARTING LOOP
INFO: 2026-03-26 14:30:24,746 - there's no mailmerge list. Skipping for now...
INFO: 2026-03-26 14:30:24,746 - FINISHED LOOP

INFO: 2026-03-26 14:45:22,443 - STARTING LOOP
INFO: 2026-03-26 14:45:22,443 - Getting blasts quota...
INFO: 2026-03-26 14:45:22,444 - DONE!
INFO: 2026-03-26 14:45:23,114 - Processing project 2002111 - hlm_prison_research...
INFO: 2026-03-26 14:45:23,114 - Getting records for Mailmerge...
INFO: 2026-03-26 14:45:25,287 - Got 45 records!
INFO: 2026-03-26 14:45:25,287 - FINISHED LOOP

INFO: 2026-03-26 14:45:25,289 - STARTING LOOP
INFO: 2026-03-26 14:45:25,289 - Sending out mailerge list...
INFO: 2026-03-26 14:48:56,111 - DONE!
INFO: 2026-03-26 14:48:56,114 - FINISHED LOOP

INFO: 2026-03-26 15:00:08,145 - STARTING LOOP
INFO: 2026-03-26 15:00:08,146 - Getting blasts quota...
INFO: 2026-03-26 15:00:08,155 - DONE!
INFO: 2026-03-26 15:00:09,355 - Processing project 2002111 - hlm_prison_research...
INFO: 2026-03-26 15:00:09,355 - Getting records for Mailmerge...
INFO: 2026-03-26 15:00:09,356 - Got 0 records!
INFO: 2026-03-26 15:00:09,389 - Processing project 2010041 - tra_usa...
INFO: 2026-03-26 15:00:09,389 - Getting records for Mailmerge...
INFO: 2026-03-26 15:00:12,989 - Got 100 records!
INFO: 2026-03-26 15:00:13,135 - Processing project 1995971 - Vanguardcharitable...
INFO: 2026-03-26 15:00:13,136 - Getting records for Mailmerge...
INFO: 2026-03-26 15:00:13,284 - Got 25 records!
INFO: 2026-03-26 15:00:13,400 - Processing project 1995973 - vanguardcharitable_quant...
INFO: 2026-03-26 15:00:13,400 - Getting records for Mailmerge...
INFO: 2026-03-26 15:00:13,415 - Got 30 records!
INFO: 2026-03-26 15:00:13,457 - Processing project 1432181 - reputation_leaders_csuite...
INFO: 2026-03-26 15:00:13,457 - Getting records for Mailmerge...
INFO: 2026-03-26 15:00:16,334 - Got 0 records!
INFO: 2026-03-26 15:00:18,524 - Processing project 1150717 - red_associates_cancer_spain_referrals...
INFO: 2026-03-26 15:00:18,525 - Getting records for Mailmerge...
INFO: 2026-03-26 15:00:40,902 - Got 0 records!
INFO: 2026-03-26 15:00:42,943 - Processing project 1150716 - red_associates_cancer_canada_referrals...
INFO: 2026-03-26 15:00:42,943 - Getting records for Mailmerge...
INFO: 2026-03-26 15:01:05,969 - Got 4 records!
INFO: 2026-03-26 15:01:05,973 - FINISHED LOOP

INFO: 2026-03-26 15:01:06,009 - STARTING LOOP
INFO: 2026-03-26 15:01:06,010 - Sending out mailerge list...
INFO: 2026-03-26 15:01:18,852 - DONE!
INFO: 2026-03-26 15:01:18,853 - FINISHED LOOP


email sent to pawel.chwiecko@wellsfargo.com
1 sent emails in total

email sent to mattm@microsoft.com
2 sent emails in total

email sent to david@37signals.com
3 sent emails in total
INFO: 2026-03-26 15:30:11,617 - STARTING LOOP
INFO: 2026-03-26 15:30:11,617 - Getting blasts quota...
INFO: 2026-03-26 15:30:11,633 - DONE!
INFO: 2026-03-26 15:30:13,157 - Processing project 2002111 - hlm_prison_research...
INFO: 2026-03-26 15:30:13,157 - Getting records for Mailmerge...
INFO: 2026-03-26 15:30:13,158 - Got 0 records!
INFO: 2026-03-26 15:30:13,194 - Processing project 2010041 - tra_usa...
INFO: 2026-03-26 15:30:13,195 - Getting records for Mailmerge...
INFO: 2026-03-26 15:30:13,388 - Got 97 records!
INFO: 2026-03-26 15:30:13,579 - Processing project 1995971 - Vanguardcharitable...
INFO: 2026-03-26 15:30:13,579 - Getting records for Mailmerge...
INFO: 2026-03-26 15:30:13,674 - Got 25 records!
INFO: 2026-03-26 15:30:13,848 - Processing project 1995973 - vanguardcharitable_quant...
INFO: 2026-03-26 15:30:13,848 - Getting records for Mailmerge...
INFO: 2026-03-26 15:30:13,861 - Got 30 records!
INFO: 2026-03-26 15:30:13,909 - Processing project 1432181 - reputation_leaders_csuite...
INFO: 2026-03-26 15:30:13,909 - Getting records for Mailmerge...
INFO: 2026-03-26 15:30:17,746 - Got 0 records!
INFO: 2026-03-26 15:30:20,392 - Processing project 1150717 - red_associates_cancer_spain_referrals...
INFO: 2026-03-26 15:30:20,392 - Getting records for Mailmerge...
INFO: 2026-03-26 15:30:48,312 - Got 0 records!
INFO: 2026-03-26 15:30:51,615 - Processing project 1150716 - red_associates_cancer_canada_referrals...
INFO: 2026-03-26 15:30:51,615 - Getting records for Mailmerge...
INFO: 2026-03-26 15:31:17,548 - Got 4 records!
INFO: 2026-03-26 15:31:17,559 - FINISHED LOOP

INFO: 2026-03-26 15:31:17,585 - STARTING LOOP
INFO: 2026-03-26 15:31:17,586 - Sending out mailerge list...
Traceback (most recent call last):
  File "/Users/albertoruizcajiga/python/sis_international/smtp_worker.py", line 103, in <module>
    send_out_mm_list()
  File "/Users/albertoruizcajiga/python/sis_international/smtp_worker.py", line 85, in send_out_mm_list
    hourly_remaining = data[4] - data[6]
                       ~~~~^^^
TypeError: 'NoneType' object is not subscriptable
INFO: 2026-03-26 16:00:08,879 - STARTING LOOP
INFO: 2026-03-26 16:00:08,880 - Getting blasts quota...
INFO: 2026-03-26 16:00:08,887 - DONE!
INFO: 2026-03-26 16:00:10,179 - Processing project 2002111 - hlm_prison_research...
INFO: 2026-03-26 16:00:10,179 - Getting records for Mailmerge...
INFO: 2026-03-26 16:00:10,180 - Got 0 records!
INFO: 2026-03-26 16:00:10,209 - Processing project 2010041 - tra_usa...
INFO: 2026-03-26 16:00:10,210 - Getting records for Mailmerge...
INFO: 2026-03-26 16:00:10,375 - Got 97 records!
INFO: 2026-03-26 16:00:10,542 - Processing project 1995971 - Vanguardcharitable...
INFO: 2026-03-26 16:00:10,543 - Getting records for Mailmerge...
INFO: 2026-03-26 16:00:10,559 - Got 25 records!
INFO: 2026-03-26 16:00:10,691 - Processing project 1995973 - vanguardcharitable_quant...
INFO: 2026-03-26 16:00:10,691 - Getting records for Mailmerge...
INFO: 2026-03-26 16:00:10,705 - Got 30 records!
INFO: 2026-03-26 16:00:10,751 - Processing project 1432181 - reputation_leaders_csuite...
INFO: 2026-03-26 16:00:10,752 - Getting records for Mailmerge...
INFO: 2026-03-26 16:00:13,931 - Got 0 records!
INFO: 2026-03-26 16:00:16,771 - Processing project 1150717 - red_associates_cancer_spain_referrals...
INFO: 2026-03-26 16:00:16,771 - Getting records for Mailmerge...
INFO: 2026-03-26 16:00:40,021 - Got 0 records!
INFO: 2026-03-26 16:00:41,894 - Processing project 1150716 - red_associates_cancer_canada_referrals...
INFO: 2026-03-26 16:00:41,895 - Getting records for Mailmerge...
INFO: 2026-03-26 16:01:05,023 - Got 4 records!
INFO: 2026-03-26 16:01:05,025 - FINISHED LOOP

INFO: 2026-03-26 16:01:05,116 - STARTING LOOP
INFO: 2026-03-26 16:01:05,116 - Sending out mailerge list...
Traceback (most recent call last):
  File "/Users/albertoruizcajiga/python/sis_international/smtp_worker.py", line 103, in <module>
    send_out_mm_list()
  File "/Users/albertoruizcajiga/python/sis_international/smtp_worker.py", line 85, in send_out_mm_list
    hourly_remaining = data[4] - data[6]
                       ~~~~^^^
TypeError: 'NoneType' object is not subscriptable
INFO: 2026-03-26 16:30:11,081 - STARTING LOOP
INFO: 2026-03-26 16:30:11,082 - Getting blasts quota...
INFO: 2026-03-26 16:30:11,099 - DONE!
INFO: 2026-03-26 16:30:12,753 - Processing project 2002111 - hlm_prison_research...
INFO: 2026-03-26 16:30:12,753 - Getting records for Mailmerge...
INFO: 2026-03-26 16:30:12,754 - Got 0 records!
INFO: 2026-03-26 16:30:12,784 - Processing project 2010041 - tra_usa...
INFO: 2026-03-26 16:30:12,784 - Getting records for Mailmerge...
INFO: 2026-03-26 16:30:13,005 - Got 97 records!
INFO: 2026-03-26 16:30:13,236 - Processing project 1995971 - Vanguardcharitable...
INFO: 2026-03-26 16:30:13,236 - Getting records for Mailmerge...
INFO: 2026-03-26 16:30:13,260 - Got 25 records!
INFO: 2026-03-26 16:30:13,533 - Processing project 1995973 - vanguardcharitable_quant...
INFO: 2026-03-26 16:30:13,533 - Getting records for Mailmerge...
INFO: 2026-03-26 16:30:13,549 - Got 30 records!
INFO: 2026-03-26 16:30:13,607 - Processing project 1432181 - reputation_leaders_csuite...
INFO: 2026-03-26 16:30:13,607 - Getting records for Mailmerge...
INFO: 2026-03-26 16:30:17,673 - Got 0 records!
INFO: 2026-03-26 16:30:20,715 - Processing project 1150717 - red_associates_cancer_spain_referrals...
INFO: 2026-03-26 16:30:20,716 - Getting records for Mailmerge...
INFO: 2026-03-26 16:31:02,094 - Got 0 records!
INFO: 2026-03-26 16:31:07,416 - Processing project 1150716 - red_associates_cancer_canada_referrals...
INFO: 2026-03-26 16:31:07,419 - Getting records for Mailmerge...
INFO: 2026-03-26 16:31:30,291 - Got 4 records!
INFO: 2026-03-26 16:31:30,293 - FINISHED LOOP

INFO: 2026-03-26 16:31:30,327 - STARTING LOOP
INFO: 2026-03-26 16:31:30,328 - Sending out mailerge list...
Traceback (most recent call last):
  File "/Users/albertoruizcajiga/python/sis_international/smtp_worker.py", line 103, in <module>
    send_out_mm_list()
  File "/Users/albertoruizcajiga/python/sis_international/smtp_worker.py", line 85, in send_out_mm_list
    hourly_remaining = data[4] - data[6]
                       ~~~~^^^
TypeError: 'NoneType' object is not subscriptable
INFO: 2026-03-26 17:00:10,206 - STARTING LOOP
INFO: 2026-03-26 17:00:10,207 - Getting blasts quota...
INFO: 2026-03-26 17:00:10,237 - DONE!
INFO: 2026-03-26 17:00:11,885 - Processing project 2002111 - hlm_prison_research...
INFO: 2026-03-26 17:00:11,885 - Getting records for Mailmerge...
INFO: 2026-03-26 17:00:11,887 - Got 0 records!
INFO: 2026-03-26 17:00:11,929 - Processing project 2010041 - tra_usa...
INFO: 2026-03-26 17:00:11,930 - Getting records for Mailmerge...
INFO: 2026-03-26 17:00:12,104 - Got 97 records!
INFO: 2026-03-26 17:00:12,304 - Processing project 1995971 - Vanguardcharitable...
INFO: 2026-03-26 17:00:12,304 - Getting records for Mailmerge...
INFO: 2026-03-26 17:00:12,321 - Got 25 records!
INFO: 2026-03-26 17:00:12,556 - Processing project 1995973 - vanguardcharitable_quant...
INFO: 2026-03-26 17:00:12,556 - Getting records for Mailmerge...
INFO: 2026-03-26 17:00:12,578 - Got 30 records!
INFO: 2026-03-26 17:00:12,641 - Processing project 1432181 - reputation_leaders_csuite...
INFO: 2026-03-26 17:00:12,641 - Getting records for Mailmerge...
INFO: 2026-03-26 17:00:15,366 - Got 0 records!
INFO: 2026-03-26 17:00:17,801 - Processing project 1150717 - red_associates_cancer_spain_referrals...
INFO: 2026-03-26 17:00:17,801 - Getting records for Mailmerge...
INFO: 2026-03-26 17:00:48,438 - Got 0 records!
INFO: 2026-03-26 17:00:54,029 - Processing project 1150716 - red_associates_cancer_canada_referrals...
INFO: 2026-03-26 17:00:54,029 - Getting records for Mailmerge...
INFO: 2026-03-26 17:01:21,361 - Got 4 records!
INFO: 2026-03-26 17:01:21,372 - FINISHED LOOP

INFO: 2026-03-26 17:01:21,414 - STARTING LOOP
INFO: 2026-03-26 17:01:21,415 - Sending out mailerge list...
Traceback (most recent call last):
  File "/Users/albertoruizcajiga/python/sis_international/smtp_worker.py", line 103, in <module>
    send_out_mm_list()
  File "/Users/albertoruizcajiga/python/sis_international/smtp_worker.py", line 85, in send_out_mm_list
    hourly_remaining = data[4] - data[6]
                       ~~~~^^^
TypeError: 'NoneType' object is not subscriptable
INFO: 2026-03-26 17:30:10,514 - STARTING LOOP
INFO: 2026-03-26 17:30:10,515 - Getting blasts quota...
INFO: 2026-03-26 17:30:10,539 - DONE!
INFO: 2026-03-26 17:30:12,163 - Processing project 2002111 - hlm_prison_research...
INFO: 2026-03-26 17:30:12,164 - Getting records for Mailmerge...
INFO: 2026-03-26 17:30:12,165 - Got 0 records!
INFO: 2026-03-26 17:30:12,207 - Processing project 2010041 - tra_usa...
INFO: 2026-03-26 17:30:12,207 - Getting records for Mailmerge...
INFO: 2026-03-26 17:30:12,414 - Got 97 records!
INFO: 2026-03-26 17:30:12,603 - Processing project 1995971 - Vanguardcharitable...
INFO: 2026-03-26 17:30:12,603 - Getting records for Mailmerge...
INFO: 2026-03-26 17:30:12,622 - Got 25 records!
INFO: 2026-03-26 17:30:12,800 - Processing project 1995973 - vanguardcharitable_quant...
INFO: 2026-03-26 17:30:12,800 - Getting records for Mailmerge...
INFO: 2026-03-26 17:30:12,816 - Got 30 records!
INFO: 2026-03-26 17:30:12,879 - Processing project 1432181 - reputation_leaders_csuite...
INFO: 2026-03-26 17:30:12,880 - Getting records for Mailmerge...
INFO: 2026-03-26 17:30:15,975 - Got 0 records!
INFO: 2026-03-26 17:30:18,779 - Processing project 1150717 - red_associates_cancer_spain_referrals...
INFO: 2026-03-26 17:30:18,779 - Getting records for Mailmerge...
INFO: 2026-03-26 17:30:48,693 - Got 0 records!
INFO: 2026-03-26 17:30:53,318 - Processing project 1150716 - red_associates_cancer_canada_referrals...
INFO: 2026-03-26 17:30:53,319 - Getting records for Mailmerge...
INFO: 2026-03-26 17:31:12,450 - Got 4 records!
INFO: 2026-03-26 17:31:12,452 - FINISHED LOOP

INFO: 2026-03-26 17:31:12,476 - STARTING LOOP
INFO: 2026-03-26 17:31:12,477 - Sending out mailerge list...
Traceback (most recent call last):
  File "/Users/albertoruizcajiga/python/sis_international/smtp_worker.py", line 103, in <module>
    send_out_mm_list()
  File "/Users/albertoruizcajiga/python/sis_international/smtp_worker.py", line 85, in send_out_mm_list
    hourly_remaining = data[4] - data[6]
                       ~~~~^^^
TypeError: 'NoneType' object is not subscriptable
INFO: 2026-03-26 18:00:08,893 - STARTING LOOP
INFO: 2026-03-26 18:00:08,893 - Getting blasts quota...
INFO: 2026-03-26 18:00:08,907 - DONE!
WARNING: 2026-03-26 18:00:08,907 - No projects to work on!
INFO: 2026-03-26 18:00:08,907 - FINISHED LOOP

INFO: 2026-03-26 18:00:08,907 - STARTING LOOP
INFO: 2026-03-26 18:00:08,907 - Sending out mailerge list...
INFO: 2026-03-26 18:07:14,565 - DONE!
INFO: 2026-03-26 18:07:14,568 - FINISHED LOOP


email sent to tim.richardson@enexsolutions.com
1 sent emails in total

email sent to alex.grimshaw@microsoft.com
2 sent emails in total

email sent to bjones@microsoft.com
3 sent emails in total

email sent to drutherford@hc3.io
4 sent emails in total

email sent to lloyd@cyberdata-robotics.com
5 sent emails in total

email sent to darren.cumbie@codelynx.com
6 sent emails in total

email sent to tomspalding91@gmail.com
7 sent emails in total

email sent to mmcgovern@metrocu.org
8 sent emails in total

email sent to risto.dukovski@graincorp.com.au
9 sent emails in total

email sent to fabio.manzoni@inspirededu.com
10 sent emails in total

email sent to kirk.downey@chg-meridian.com
11 sent emails in total

email sent to david.gillespie@alintaenergy.com.au
12 sent emails in total

email sent to tmorrell@singular.health
13 sent emails in total

email sent to nick.thackray@gmail.com
14 sent emails in total

email sent to ronmclay@gmail.com
15 sent emails in total

email sent to harshit.mehta@syf.com
16 sent emails in total

email sent to r.nadkarni@f5.com
17 sent emails in total

email sent to mei.jiang@hp.com
18 sent emails in total

email sent to joshua.raymer@fmr.com
19 sent emails in total

email sent to raju.tallapaneni@fidelity.com
20 sent emails in total

email sent to vels@microsoft.com
21 sent emails in total

email sent to roger@leadersoft.com
22 sent emails in total

email sent to qconsultinggroup@gmail.com
23 sent emails in total

email sent to bsahu@plugpower.com
24 sent emails in total

email sent to boren@microsoft.com
25 sent emails in total

email sent to davidt@exigo.com
26 sent emails in total

email sent to jerry.hall@cdwg.com
27 sent emails in total

email sent to cmainor@callen-lorde.org
28 sent emails in total

email sent to salvaggio@dynamicsolutions.com
29 sent emails in total

email sent to joseph.taets@adm.com
30 sent emails in total

email sent to vyomesh.gajera@pepsico.com
31 sent emails in total

email sent to dannyt@microsoft.com
32 sent emails in total

email sent to shane@clearsumm.it
33 sent emails in total

email sent to chao@ubi-interactive.com
34 sent emails in total

email sent to hcaplan@deloitte.com
35 sent emails in total

email sent to thierry.menager@saascharge.com
36 sent emails in total

email sent to a.n@ge.com
37 sent emails in total

email sent to david_deters@orioncarbons.com
38 sent emails in total

email sent to m.pritchard@conocophillips.com
39 sent emails in total

email sent to matthew.pritchard@conocophillips.com
40 sent emails in total

email sent to rbacker@entransinternational.com
41 sent emails in total

email sent to david.figoli@wellaware.us
42 sent emails in total

email sent to william@tentechllc.com
43 sent emails in total

email sent to kaitlin@marathonpetroleum.com
44 sent emails in total

email sent to rashmi.shetty@bakerhughes.com
45 sent emails in total

email sent to kristen@bluebirdbio.com
46 sent emails in total

email sent to r.rowe@spiritaero.com
47 sent emails in total

email sent to c.hart@thermofisher.com
48 sent emails in total

email sent to jhaveri.a@indegene.com
49 sent emails in total

email sent to joshuai@pill-popper.com
50 sent emails in total

email sent to a.vasavada@marronebio.com
51 sent emails in total

email sent to christian.kuhtz@nokia.com
52 sent emails in total

email sent to martindickau@morningstar.com
53 sent emails in total

email sent to todd.willsie@echonous.com
54 sent emails in total

email sent to dan@crusherrors.com
55 sent emails in total

email sent to dael.williamson@avanade.com
56 sent emails in total

email sent to ronj@washington.edu
57 sent emails in total

email sent to jr@uw.edu
58 sent emails in total

email sent to jr@washington.edu
59 sent emails in total

email sent to alison@northerntrust.com
60 sent emails in total

email sent to jc@openai.com
61 sent emails in total

email sent to craig@hatchloyalty.com
62 sent emails in total

email sent to jai.jaisimha@here.com
63 sent emails in total

email sent to donniew@microsoft.com
64 sent emails in total

email sent to a.arafa@mondelezinternational.com
65 sent emails in total

email sent to hernan@mondelezinternational.com
66 sent emails in total

email sent to clintonb@crosslaketech.com
67 sent emails in total

email sent to peter@orcfax.io
68 sent emails in total

email sent to francis@nexlaw.ai
69 sent emails in total

email sent to yogesh.kulkarni@icertis.com
70 sent emails in total

email sent to ky@icertis.com
71 sent emails in total

email sent to subodh.patil@icertis.com
72 sent emails in total

email sent to ilan.spillinger@imec-int.com
73 sent emails in total

email sent to tony@topicflow.com
74 sent emails in total

email sent to jariw@microsoft.com
75 sent emails in total

email sent to ts@icertis.com
76 sent emails in total

email sent to vaibhav.panchal@microsoft.com
77 sent emails in total

email sent to smichael@microsoft.com
78 sent emails in total

email sent to cmark@microsoft.com
79 sent emails in total

email sent to oliviak@microsoft.com
80 sent emails in total

email sent to nigel.smith@microsoft.com
81 sent emails in total

email sent to jovitan@microsoft.com
82 sent emails in total

email sent to mweilb@microsoft.com
83 sent emails in total

email sent to rob.harrast@zones.com
84 sent emails in total

email sent to matt.groshong@microsoft.com
85 sent emails in total

email sent to sameer.parve@microsoft.com
86 sent emails in total

email sent to gina.loften@microsoft.com
87 sent emails in total

email sent to vaibhav@vaibhavpanchal.com
88 sent emails in total

email sent to markd@microsoft.com
89 sent emails in total

email sent to mattb@microsoft.com
90 sent emails in total

email sent to mt@microsoft.com
91 sent emails in total

email sent to james.blair@microsoft.com
92 sent emails in total

email sent to richardq@microsoft.com
93 sent emails in total

email sent to manoj@microsoft.com
94 sent emails in total

email sent to thierry.rapatout@microsoft.com
95 sent emails in total

email sent to pravjit@netapp.com
96 sent emails in total

email sent to mtsang2@atlassian.com
97 sent emails in total

email sent to jmaddox@roarkcapital.com
98 sent emails in total

email sent to jsavage@banksouth.com
99 sent emails in total

email sent to david@expodevco.com
100 sent emails in total
INFO: 2026-03-26 18:08:31,933 - STARTING LOOP
INFO: 2026-03-26 18:08:31,933 - Getting blasts quota...
INFO: 2026-03-26 18:08:31,935 - DONE!
INFO: 2026-03-26 18:08:50,709 - STARTING LOOP
INFO: 2026-03-26 18:08:50,709 - Getting blasts quota...
INFO: 2026-03-26 18:08:50,715 - DONE!
INFO: 2026-03-26 18:08:50,876 - Processing project 2010273 - auran_nyc...
INFO: 2026-03-26 18:08:50,876 - Getting records for Mailmerge...
INFO: 2026-03-26 18:08:50,919 - Got 100 records!
INFO: 2026-03-26 18:08:50,919 - FINISHED LOOP

INFO: 2026-03-26 18:08:50,921 - STARTING LOOP
INFO: 2026-03-26 18:08:50,921 - Sending out mailerge list...
INFO: 2026-03-26 18:13:07,020 - STARTING LOOP
INFO: 2026-03-26 18:13:07,020 - Getting blasts quota...
INFO: 2026-03-26 18:13:07,026 - DONE!
INFO: 2026-03-26 18:13:07,198 - Processing project 2010273 - auran_nyc...
INFO: 2026-03-26 18:13:07,198 - Getting records for Mailmerge...
INFO: 2026-03-26 18:13:07,242 - Got 100 records!
INFO: 2026-03-26 18:13:07,242 - FINISHED LOOP

INFO: 2026-03-26 18:13:07,245 - STARTING LOOP
INFO: 2026-03-26 18:13:07,245 - Sending out mailerge list...
INFO: 2026-03-26 18:13:38,276 - STARTING LOOP
INFO: 2026-03-26 18:13:38,276 - Getting blasts quota...
INFO: 2026-03-26 18:13:38,277 - DONE!
INFO: 2026-03-26 18:13:38,431 - Processing project 2010273 - auran_nyc...
INFO: 2026-03-26 18:13:38,431 - Getting records for Mailmerge...
INFO: 2026-03-26 18:13:38,462 - Got 100 records!
INFO: 2026-03-26 18:13:38,462 - FINISHED LOOP

INFO: 2026-03-26 18:13:38,464 - STARTING LOOP
INFO: 2026-03-26 18:13:38,464 - Sending out mailerge list...
INFO: 2026-03-26 18:13:38,467 - No available accounts!
INFO: 2026-03-26 18:13:38,467 - FINISHED LOOP

INFO: 2026-03-26 18:14:25,886 - STARTING LOOP
INFO: 2026-03-26 18:14:25,887 - Getting blasts quota...
INFO: 2026-03-26 18:14:25,889 - DONE!
INFO: 2026-03-26 18:14:26,051 - Processing project 2010273 - auran_nyc...
INFO: 2026-03-26 18:14:26,051 - Getting records for Mailmerge...
INFO: 2026-03-26 18:14:26,098 - Got 100 records!
INFO: 2026-03-26 18:14:26,098 - FINISHED LOOP

INFO: 2026-03-26 18:14:26,101 - STARTING LOOP
INFO: 2026-03-26 18:14:26,101 - Sending out mailerge list...
INFO: 2026-03-26 18:14:26,104 - No available accounts!
INFO: 2026-03-26 18:14:26,104 - FINISHED LOOP

INFO: 2026-03-26 18:30:09,233 - STARTING LOOP
INFO: 2026-03-26 18:30:09,233 - Getting blasts quota...
INFO: 2026-03-26 18:30:09,244 - DONE!
INFO: 2026-03-26 18:30:10,129 - Processing project 2010273 - auran_nyc...
INFO: 2026-03-26 18:30:10,129 - Getting records for Mailmerge...
INFO: 2026-03-26 18:30:10,204 - Got 100 records!
INFO: 2026-03-26 18:30:10,205 - FINISHED LOOP

INFO: 2026-03-26 18:30:10,210 - STARTING LOOP
INFO: 2026-03-26 18:30:10,210 - Sending out mailerge list...
INFO: 2026-03-26 18:30:10,219 - No available accounts!
INFO: 2026-03-26 18:30:10,219 - FINISHED LOOP

INFO: 2026-03-26 19:00:07,902 - STARTING LOOP
INFO: 2026-03-26 19:00:07,903 - Getting blasts quota...
INFO: 2026-03-26 19:00:07,911 - DONE!
INFO: 2026-03-26 19:00:08,589 - Processing project 2010273 - auran_nyc...
INFO: 2026-03-26 19:00:08,589 - Getting records for Mailmerge...
INFO: 2026-03-26 19:00:08,649 - Got 100 records!
INFO: 2026-03-26 19:00:08,649 - FINISHED LOOP

INFO: 2026-03-26 19:00:08,656 - STARTING LOOP
INFO: 2026-03-26 19:00:08,657 - Sending out mailerge list...
INFO: 2026-03-26 19:07:09,275 - DONE!
INFO: 2026-03-26 19:07:09,278 - FINISHED LOOP


email sent to aton@swabalsley.com
1 sent emails in total

email sent to arsha@diawrks.com
2 sent emails in total

email sent to pamela.leacock@firstonsite.com
3 sent emails in total

email sent to chris.amarosa@aecom.com
4 sent emails in total

email sent to andrew.li@aprio.com
5 sent emails in total

email sent to safina.skaf@rendrcare.com
6 sent emails in total

email sent to mjefferson@communityp.com
7 sent emails in total

email sent to carlos@planetm.us
8 sent emails in total

email sent to kim@whoodencollective.com
9 sent emails in total

email sent to cbenitez@unifiedleather.com
10 sent emails in total

email sent to jhle@theprocaredental.com
11 sent emails in total

email sent to sam@eeboo.com
12 sent emails in total

email sent to mmezo@dalton.org
13 sent emails in total

email sent to drp@nycsmilespa.com
14 sent emails in total

email sent to ktatarynowicz@onelineagency.com
15 sent emails in total

email sent to raymond@forestparkny.com
16 sent emails in total

email sent to ravishankar.ramaswamy@mssm.edu
17 sent emails in total

email sent to wendy@womenseday.org
18 sent emails in total

email sent to james@countdownentertainment.com
19 sent emails in total

email sent to yuri.natkovich@belam.com
20 sent emails in total

email sent to peter@pcapital.com
21 sent emails in total

email sent to mmarrapodi@hitn.org
22 sent emails in total

email sent to adam@valerity.com
23 sent emails in total

email sent to shalini_sharma@swissre.com
24 sent emails in total

email sent to ellenfriedman@rpg57.com
25 sent emails in total

email sent to smurphy@hourchildren.org
26 sent emails in total

email sent to bgross@arenaco.com
27 sent emails in total

email sent to jeff@protectedharbor.com
28 sent emails in total

email sent to bryan@cove-brands.com
29 sent emails in total

email sent to blake.rogers@argogroupus.com
30 sent emails in total

email sent to diona.lumani@mountsinai.org
31 sent emails in total

email sent to cglickman@emanuelnyc.org
32 sent emails in total

email sent to dnewman@nymets.com
33 sent emails in total

email sent to courtney@benefactorgroup.com
34 sent emails in total

email sent to mvigario@actcommodities.com
35 sent emails in total

email sent to diaz@curepsp.org
36 sent emails in total

email sent to ccoster@smithcapital.com
37 sent emails in total

email sent to dkerge@hanklane.com
38 sent emails in total

email sent to adam.ross@diginn.com
39 sent emails in total

email sent to atanasescu@rockefeller.edu
40 sent emails in total

email sent to tbarkan@allagashpartners.com
41 sent emails in total

email sent to ioshman@genesisprize.org
42 sent emails in total

email sent to jerrycavaluzzi@kennedyjenks.com
43 sent emails in total

email sent to sgrossman@rumcsi.org
44 sent emails in total

email sent to vmcgovern@sullivannyc.com
45 sent emails in total

email sent to matthew.berry@histowiz.com
46 sent emails in total

email sent to jwhittier@brothersinternational.com
47 sent emails in total

email sent to sgreenst@montefiore.org
48 sent emails in total

email sent to willtompsett@4ad.com
49 sent emails in total

email sent to kyle@theghg.com
50 sent emails in total

email sent to dbehin@montefiore.org
51 sent emails in total

email sent to ifeinseth@tigressfp.com
52 sent emails in total

email sent to stephanie.olstad@sunycgcc.edu
53 sent emails in total

email sent to john.oleary@swius.com
54 sent emails in total

email sent to kimberly@pilatesonfifth.com
55 sent emails in total

email sent to ernie.ng@nymannings.com
56 sent emails in total

email sent to randy@bluemoon-nyc.com
57 sent emails in total

email sent to hthorpe@swedishinstitute.edu
58 sent emails in total

email sent to susan@visualizein360.com
59 sent emails in total

email sent to peter.keenan@lazard.com
60 sent emails in total

email sent to jcoleman@edgebeauty.com
61 sent emails in total

email sent to sarah.karges@havasmedia.com
62 sent emails in total

email sent to twong@abode-newyork.com
63 sent emails in total

email sent to henry.asemota@ml.com
64 sent emails in total

email sent to chris.liekens@alliedtpro.com
65 sent emails in total

email sent to sharon@theadmissionsplan.com
66 sent emails in total

email sent to acappon@thecbmgroup.com
67 sent emails in total

email sent to alireza@cornell.edu
68 sent emails in total

email sent to bschaufenbuel@paychex.com
69 sent emails in total

email sent to jferris@brockport.edu
70 sent emails in total

email sent to cindy@cindymillerinc.com
71 sent emails in total

email sent to tyler.reed@saratogaeagle.com
72 sent emails in total

email sent to jkepets@gtsx.com
73 sent emails in total

email sent to kimberly.disanto@mountsinai.org
74 sent emails in total

email sent to lrich@jgunnar.com
75 sent emails in total

email sent to pbaronowski@pristineadvisers.com
76 sent emails in total

email sent to carmen.fontaine@avoyanetwork.com
77 sent emails in total

email sent to edward.sirya@restorenyc.org
78 sent emails in total

email sent to kwalsh@cw.edu
79 sent emails in total

email sent to calm@creditriskmonitor.com
80 sent emails in total

email sent to deborah.lifshey@pearlmeyer.com
81 sent emails in total

email sent to kimfreehill@fsjpartners.com
82 sent emails in total

email sent to jfriedman@friedmanwilliams.com
83 sent emails in total

email sent to amandafjob@gmail.com
84 sent emails in total

email sent to heatherh712@hotmail.com
85 sent emails in total

email sent to irene1116@optonline.net
86 sent emails in total

email sent to ming700@outlook.com
87 sent emails in total

email sent to polariz14@msn.com
88 sent emails in total

email sent to smcutler@rcn.com
89 sent emails in total

email sent to amandapupino@gmail.com
90 sent emails in total

email sent to james_edward_anderson@hotmail.com
91 sent emails in total

email sent to kvbny@optonline.net
92 sent emails in total

email sent to sheldon_denise@outlook.com
93 sent emails in total

email sent to amber.h.levis@gmail.com
94 sent emails in total

email sent to jamielee92@hotmail.com
95 sent emails in total

email sent to timbuk21@outlook.com
96 sent emails in total

email sent to amedlin0726@gmail.com
97 sent emails in total

email sent to mloffredo@truveris.com
98 sent emails in total

email sent to secalvert@thebridgeny.org
99 sent emails in total

email sent to aminabadrous@gmail.com
100 sent emails in total
INFO: 2026-03-26 19:30:07,302 - STARTING LOOP
INFO: 2026-03-26 19:30:07,302 - Getting blasts quota...
INFO: 2026-03-26 19:30:07,311 - DONE!
INFO: 2026-03-26 19:30:07,831 - Processing project 2010273 - auran_nyc...
INFO: 2026-03-26 19:30:07,831 - Getting records for Mailmerge...
INFO: 2026-03-26 19:30:07,834 - Got 0 records!
INFO: 2026-03-26 19:30:07,834 - FINISHED LOOP

INFO: 2026-03-26 19:30:07,834 - STARTING LOOP
INFO: 2026-03-26 19:30:07,836 - there's no mailmerge list. Skipping for now...
INFO: 2026-03-26 19:30:07,836 - FINISHED LOOP

INFO: 2026-03-26 20:02:44,989 - STARTING LOOP
INFO: 2026-03-26 20:02:44,990 - Getting blasts quota...
INFO: 2026-03-26 20:02:45,009 - DONE!
INFO: 2026-03-26 20:02:45,612 - Processing project 2010273 - auran_nyc...
INFO: 2026-03-26 20:02:45,612 - Getting records for Mailmerge...
INFO: 2026-03-26 20:02:45,613 - Got 0 records!
INFO: 2026-03-26 20:02:45,613 - FINISHED LOOP

INFO: 2026-03-26 20:02:45,614 - STARTING LOOP
INFO: 2026-03-26 20:02:45,615 - there's no mailmerge list. Skipping for now...
INFO: 2026-03-26 20:02:45,615 - FINISHED LOOP

INFO: 2026-03-26 21:00:08,886 - STARTING LOOP
INFO: 2026-03-26 21:00:08,886 - Getting blasts quota...
INFO: 2026-03-26 21:00:08,896 - DONE!
INFO: 2026-03-26 21:00:09,497 - Processing project 2010273 - auran_nyc...
INFO: 2026-03-26 21:00:09,497 - Getting records for Mailmerge...
INFO: 2026-03-26 21:00:09,498 - Got 0 records!
INFO: 2026-03-26 21:00:09,498 - FINISHED LOOP

INFO: 2026-03-26 21:00:09,499 - STARTING LOOP
INFO: 2026-03-26 21:00:09,500 - there's no mailmerge list. Skipping for now...
INFO: 2026-03-26 21:00:09,500 - FINISHED LOOP

INFO: 2026-03-27 07:05:29,748 - STARTING LOOP
INFO: 2026-03-27 07:05:29,749 - Getting blasts quota...
INFO: 2026-03-27 07:05:29,755 - DONE!
INFO: 2026-03-27 07:05:30,565 - Processing project 2010273 - auran_nyc...
INFO: 2026-03-27 07:05:30,565 - Getting records for Mailmerge...
INFO: 2026-03-27 07:05:30,567 - Got 0 records!
INFO: 2026-03-27 07:05:30,567 - FINISHED LOOP

INFO: 2026-03-27 07:05:30,568 - STARTING LOOP
INFO: 2026-03-27 07:05:30,568 - there's no mailmerge list. Skipping for now...
INFO: 2026-03-27 07:05:30,568 - FINISHED LOOP

INFO: 2026-03-27 07:33:09,920 - STARTING LOOP
INFO: 2026-03-27 07:33:09,920 - Getting blasts quota...
INFO: 2026-03-27 07:33:09,925 - DONE!
INFO: 2026-03-27 07:33:10,435 - Processing project 2010273 - auran_nyc...
INFO: 2026-03-27 07:33:10,436 - Getting records for Mailmerge...
INFO: 2026-03-27 07:33:10,437 - Got 0 records!
INFO: 2026-03-27 07:33:10,437 - FINISHED LOOP

INFO: 2026-03-27 07:33:10,437 - STARTING LOOP
INFO: 2026-03-27 07:33:10,437 - there's no mailmerge list. Skipping for now...
INFO: 2026-03-27 07:33:10,437 - FINISHED LOOP

INFO: 2026-03-27 08:00:08,400 - STARTING LOOP
INFO: 2026-03-27 08:00:08,401 - Getting blasts quota...
INFO: 2026-03-27 08:00:08,414 - DONE!
INFO: 2026-03-27 08:00:09,000 - Processing project 2010273 - auran_nyc...
INFO: 2026-03-27 08:00:09,000 - Getting records for Mailmerge...
INFO: 2026-03-27 08:00:09,002 - Got 0 records!
INFO: 2026-03-27 08:00:09,002 - FINISHED LOOP

INFO: 2026-03-27 08:00:09,003 - STARTING LOOP
INFO: 2026-03-27 08:00:09,003 - there's no mailmerge list. Skipping for now...
INFO: 2026-03-27 08:00:09,003 - FINISHED LOOP

INFO: 2026-03-27 09:00:10,658 - STARTING LOOP
INFO: 2026-03-27 09:00:10,659 - Getting blasts quota...
INFO: 2026-03-27 09:00:10,677 - DONE!
INFO: 2026-03-27 09:00:11,288 - Processing project 2010273 - auran_nyc...
INFO: 2026-03-27 09:00:11,288 - Getting records for Mailmerge...
INFO: 2026-03-27 09:00:11,290 - Got 0 records!
INFO: 2026-03-27 09:00:11,290 - FINISHED LOOP

INFO: 2026-03-27 09:00:11,290 - STARTING LOOP
INFO: 2026-03-27 09:00:11,291 - there's no mailmerge list. Skipping for now...
INFO: 2026-03-27 09:00:11,291 - FINISHED LOOP

INFO: 2026-03-27 09:30:07,184 - STARTING LOOP
INFO: 2026-03-27 09:30:07,184 - Getting blasts quota...
INFO: 2026-03-27 09:30:07,192 - DONE!
INFO: 2026-03-27 09:30:07,663 - Processing project 2010273 - auran_nyc...
INFO: 2026-03-27 09:30:07,663 - Getting records for Mailmerge...
INFO: 2026-03-27 09:30:07,665 - Got 0 records!
INFO: 2026-03-27 09:30:07,665 - FINISHED LOOP

INFO: 2026-03-27 09:30:07,666 - STARTING LOOP
INFO: 2026-03-27 09:30:07,667 - there's no mailmerge list. Skipping for now...
INFO: 2026-03-27 09:30:07,667 - FINISHED LOOP

INFO: 2026-03-27 10:00:09,886 - STARTING LOOP
INFO: 2026-03-27 10:00:09,886 - Getting blasts quota...
INFO: 2026-03-27 10:00:09,894 - DONE!
INFO: 2026-03-27 10:00:11,143 - Processing project 2010273 - auran_nyc...
INFO: 2026-03-27 10:00:11,145 - Getting records for Mailmerge...
INFO: 2026-03-27 10:00:11,148 - Got 0 records!
INFO: 2026-03-27 10:00:11,148 - FINISHED LOOP

INFO: 2026-03-27 10:00:11,149 - STARTING LOOP
INFO: 2026-03-27 10:00:11,151 - there's no mailmerge list. Skipping for now...
INFO: 2026-03-27 10:00:11,151 - FINISHED LOOP

INFO: 2026-03-27 10:30:07,480 - STARTING LOOP
INFO: 2026-03-27 10:30:07,481 - Getting blasts quota...
INFO: 2026-03-27 10:30:07,490 - DONE!
INFO: 2026-03-27 10:30:07,989 - Processing project 2010273 - auran_nyc...
INFO: 2026-03-27 10:30:07,989 - Getting records for Mailmerge...
INFO: 2026-03-27 10:30:07,992 - Got 0 records!
INFO: 2026-03-27 10:30:07,992 - FINISHED LOOP

INFO: 2026-03-27 10:30:07,992 - STARTING LOOP
INFO: 2026-03-27 10:30:07,993 - there's no mailmerge list. Skipping for now...
INFO: 2026-03-27 10:30:07,993 - FINISHED LOOP

INFO: 2026-03-27 11:00:10,156 - STARTING LOOP
INFO: 2026-03-27 11:00:10,156 - Getting blasts quota...
INFO: 2026-03-27 11:00:10,166 - DONE!
INFO: 2026-03-27 11:00:10,734 - Processing project 2010273 - auran_nyc...
INFO: 2026-03-27 11:00:10,734 - Getting records for Mailmerge...
INFO: 2026-03-27 11:00:10,735 - Got 0 records!
INFO: 2026-03-27 11:00:10,735 - FINISHED LOOP

INFO: 2026-03-27 11:00:10,736 - STARTING LOOP
INFO: 2026-03-27 11:00:10,736 - there's no mailmerge list. Skipping for now...
INFO: 2026-03-27 11:00:10,736 - FINISHED LOOP

INFO: 2026-03-27 11:30:07,393 - STARTING LOOP
INFO: 2026-03-27 11:30:07,394 - Getting blasts quota...
INFO: 2026-03-27 11:30:07,401 - DONE!
INFO: 2026-03-27 11:30:07,859 - Processing project 2010273 - auran_nyc...
INFO: 2026-03-27 11:30:07,859 - Getting records for Mailmerge...
INFO: 2026-03-27 11:30:07,861 - Got 0 records!
INFO: 2026-03-27 11:30:07,861 - FINISHED LOOP

INFO: 2026-03-27 11:30:07,861 - STARTING LOOP
INFO: 2026-03-27 11:30:07,862 - there's no mailmerge list. Skipping for now...
INFO: 2026-03-27 11:30:07,862 - FINISHED LOOP

INFO: 2026-03-27 12:00:11,503 - STARTING LOOP
INFO: 2026-03-27 12:00:11,503 - Getting blasts quota...
INFO: 2026-03-27 12:00:11,524 - DONE!
INFO: 2026-03-27 12:00:12,236 - Processing project 2010273 - auran_nyc...
INFO: 2026-03-27 12:00:12,236 - Getting records for Mailmerge...
INFO: 2026-03-27 12:00:12,238 - Got 0 records!
INFO: 2026-03-27 12:00:12,238 - FINISHED LOOP

INFO: 2026-03-27 12:00:12,238 - STARTING LOOP
INFO: 2026-03-27 12:00:12,239 - there's no mailmerge list. Skipping for now...
INFO: 2026-03-27 12:00:12,239 - FINISHED LOOP

INFO: 2026-03-27 12:30:07,796 - STARTING LOOP
INFO: 2026-03-27 12:30:07,797 - Getting blasts quota...
INFO: 2026-03-27 12:30:07,803 - DONE!
INFO: 2026-03-27 12:30:08,444 - Processing project 2010273 - auran_nyc...
INFO: 2026-03-27 12:30:08,444 - Getting records for Mailmerge...
INFO: 2026-03-27 12:30:08,445 - Got 0 records!
INFO: 2026-03-27 12:30:09,094 - Processing project 2002111 - hlm_prison_research...
INFO: 2026-03-27 12:30:09,094 - Getting records for Mailmerge...
INFO: 2026-03-27 12:31:00,613 - Got 65 records!
INFO: 2026-03-27 12:31:00,619 - FINISHED LOOP

INFO: 2026-03-27 12:31:00,640 - STARTING LOOP
INFO: 2026-03-27 12:31:00,641 - Sending out mailerge list...
INFO: 2026-03-27 12:31:00,654 - No available accounts!
INFO: 2026-03-27 12:31:00,654 - FINISHED LOOP

INFO: 2026-03-27 12:50:57,409 - STARTING LOOP
INFO: 2026-03-27 12:50:57,409 - Getting blasts quota...
INFO: 2026-03-27 12:50:57,411 - DONE!
INFO: 2026-03-27 12:50:57,673 - Processing project 2010273 - auran_nyc...
INFO: 2026-03-27 12:50:57,674 - Getting records for Mailmerge...
INFO: 2026-03-27 12:50:57,674 - Got 0 records!
INFO: 2026-03-27 12:50:58,328 - Processing project 2002111 - hlm_prison_research...
INFO: 2026-03-27 12:50:58,328 - Getting records for Mailmerge...
INFO: 2026-03-27 12:51:34,715 - Got 100 records!
INFO: 2026-03-27 12:52:36,811 - STARTING LOOP
INFO: 2026-03-27 12:52:36,811 - Getting blasts quota...
INFO: 2026-03-27 12:52:36,817 - DONE!
INFO: 2026-03-27 12:52:36,979 - Processing project 2010273 - auran_nyc...
INFO: 2026-03-27 12:52:36,979 - Getting records for Mailmerge...
INFO: 2026-03-27 12:52:36,980 - Got 0 records!
INFO: 2026-03-27 12:52:37,649 - Processing project 2002111 - hlm_prison_research...
INFO: 2026-03-27 12:52:37,649 - Getting records for Mailmerge...
INFO: 2026-03-27 12:53:12,686 - Got 100 records!
INFO: 2026-03-27 12:53:12,699 - Processing project 1546582 - bigalli_hats_2...
INFO: 2026-03-27 12:53:12,699 - Getting records for Mailmerge...
INFO: 2026-03-27 12:53:12,703 - Got 0 records!
INFO: 2026-03-27 12:53:12,703 - FINISHED LOOP

INFO: 2026-03-27 12:53:12,707 - STARTING LOOP
INFO: 2026-03-27 12:53:12,707 - Sending out mailerge list...
INFO: 2026-03-27 13:00:08,013 - DONE!
INFO: 2026-03-27 13:00:08,015 - FINISHED LOOP

INFO: 2026-03-27 13:00:11,560 - STARTING LOOP
INFO: 2026-03-27 13:00:11,560 - Getting blasts quota...
INFO: 2026-03-27 13:00:11,564 - DONE!
INFO: 2026-03-27 13:00:12,099 - Processing project 2010273 - auran_nyc...
INFO: 2026-03-27 13:00:12,099 - Getting records for Mailmerge...
INFO: 2026-03-27 13:00:12,100 - Got 0 records!
INFO: 2026-03-27 13:00:12,999 - Processing project 2002111 - hlm_prison_research...
INFO: 2026-03-27 13:00:12,999 - Getting records for Mailmerge...
INFO: 2026-03-27 13:00:13,000 - Got 0 records!
INFO: 2026-03-27 13:00:13,014 - Processing project 1546582 - bigalli_hats_2...
INFO: 2026-03-27 13:00:13,017 - Getting records for Mailmerge...
INFO: 2026-03-27 13:00:13,027 - Got 0 records!
INFO: 2026-03-27 13:00:13,028 - FINISHED LOOP

INFO: 2026-03-27 13:00:13,028 - STARTING LOOP
INFO: 2026-03-27 13:00:13,028 - there's no mailmerge list. Skipping for now...
INFO: 2026-03-27 13:00:13,028 - FINISHED LOOP

INFO: 2026-03-27 13:30:07,217 - STARTING LOOP
INFO: 2026-03-27 13:30:07,217 - Getting blasts quota...
INFO: 2026-03-27 13:30:07,226 - DONE!
INFO: 2026-03-27 13:30:07,809 - Processing project 2010273 - auran_nyc...
INFO: 2026-03-27 13:30:07,809 - Getting records for Mailmerge...
INFO: 2026-03-27 13:30:07,810 - Got 0 records!
INFO: 2026-03-27 13:30:08,767 - Processing project 2002111 - hlm_prison_research...
INFO: 2026-03-27 13:30:08,767 - Getting records for Mailmerge...
INFO: 2026-03-27 13:30:08,769 - Got 0 records!
INFO: 2026-03-27 13:30:08,783 - Processing project 1546582 - bigalli_hats_2...
INFO: 2026-03-27 13:30:08,783 - Getting records for Mailmerge...
INFO: 2026-03-27 13:30:08,791 - Got 0 records!
INFO: 2026-03-27 13:30:08,791 - FINISHED LOOP

INFO: 2026-03-27 13:30:08,791 - STARTING LOOP
INFO: 2026-03-27 13:30:08,792 - there's no mailmerge list. Skipping for now...
INFO: 2026-03-27 13:30:08,792 - FINISHED LOOP

INFO: 2026-03-27 13:37:20,760 - STARTING LOOP
INFO: 2026-03-27 13:37:20,761 - Getting blasts quota...
INFO: 2026-03-27 13:37:20,762 - DONE!
INFO: 2026-03-27 13:37:20,930 - Processing project 2010273 - auran_nyc...
INFO: 2026-03-27 13:37:20,930 - Getting records for Mailmerge...
INFO: 2026-03-27 13:37:20,931 - Got 0 records!
INFO: 2026-03-27 13:37:21,630 - Processing project 2002111 - hlm_prison_research...
INFO: 2026-03-27 13:37:21,630 - Getting records for Mailmerge...
INFO: 2026-03-27 13:37:21,631 - Got 0 records!
INFO: 2026-03-27 13:37:21,635 - Processing project 1546582 - bigalli_hats_2...
INFO: 2026-03-27 13:37:21,635 - Getting records for Mailmerge...
INFO: 2026-03-27 13:37:21,639 - Got 46 records!
INFO: 2026-03-27 13:37:21,639 - FINISHED LOOP

INFO: 2026-03-27 13:37:21,641 - STARTING LOOP
INFO: 2026-03-27 13:37:21,641 - Sending out mailerge list...
INFO: 2026-03-27 13:40:39,935 - DONE!
INFO: 2026-03-27 13:40:39,940 - FINISHED LOOP

INFO: 2026-03-27 14:00:07,904 - STARTING LOOP
INFO: 2026-03-27 14:00:07,904 - Getting blasts quota...
INFO: 2026-03-27 14:00:07,912 - DONE!
INFO: 2026-03-27 14:00:10,021 - Processing project 2010273 - auran_nyc...
INFO: 2026-03-27 14:00:10,022 - Getting records for Mailmerge...
INFO: 2026-03-27 14:00:10,023 - Got 0 records!
INFO: 2026-03-27 14:00:11,333 - Processing project 2002111 - hlm_prison_research...
INFO: 2026-03-27 14:00:11,333 - Getting records for Mailmerge...
INFO: 2026-03-27 14:00:11,335 - Got 0 records!
INFO: 2026-03-27 14:00:11,349 - Processing project 1546582 - bigalli_hats_2...
INFO: 2026-03-27 14:00:11,350 - Getting records for Mailmerge...
INFO: 2026-03-27 14:00:11,354 - Got 0 records!
INFO: 2026-03-27 14:00:11,354 - FINISHED LOOP

INFO: 2026-03-27 14:00:11,354 - STARTING LOOP
INFO: 2026-03-27 14:00:11,355 - there's no mailmerge list. Skipping for now...
INFO: 2026-03-27 14:00:11,355 - FINISHED LOOP

INFO: 2026-03-27 14:30:05,804 - STARTING LOOP
INFO: 2026-03-27 14:30:05,807 - Getting blasts quota...
INFO: 2026-03-27 14:30:05,818 - DONE!
INFO: 2026-03-27 14:30:07,531 - Processing project 2010273 - auran_nyc...
INFO: 2026-03-27 14:30:07,532 - Getting records for Mailmerge...
INFO: 2026-03-27 14:30:07,533 - Got 0 records!
INFO: 2026-03-27 14:30:08,260 - Processing project 2002111 - hlm_prison_research...
INFO: 2026-03-27 14:30:08,260 - Getting records for Mailmerge...
INFO: 2026-03-27 14:30:08,261 - Got 0 records!
INFO: 2026-03-27 14:30:08,274 - Processing project 1546582 - bigalli_hats_2...
INFO: 2026-03-27 14:30:08,274 - Getting records for Mailmerge...
INFO: 2026-03-27 14:30:08,279 - Got 0 records!
INFO: 2026-03-27 14:30:08,279 - FINISHED LOOP

INFO: 2026-03-27 14:30:08,279 - STARTING LOOP
INFO: 2026-03-27 14:30:08,279 - there's no mailmerge list. Skipping for now...
INFO: 2026-03-27 14:30:08,279 - FINISHED LOOP

INFO: 2026-03-27 15:00:08,278 - STARTING LOOP
INFO: 2026-03-27 15:00:08,278 - Getting blasts quota...
INFO: 2026-03-27 15:00:08,294 - DONE!
INFO: 2026-03-27 15:00:10,650 - Processing project 2010273 - auran_nyc...
INFO: 2026-03-27 15:00:10,651 - Getting records for Mailmerge...
INFO: 2026-03-27 15:00:10,652 - Got 0 records!
INFO: 2026-03-27 15:00:11,791 - Processing project 2002111 - hlm_prison_research...
INFO: 2026-03-27 15:00:11,791 - Getting records for Mailmerge...
INFO: 2026-03-27 15:00:11,793 - Got 0 records!
INFO: 2026-03-27 15:00:11,807 - Processing project 1546582 - bigalli_hats_2...
INFO: 2026-03-27 15:00:11,807 - Getting records for Mailmerge...
INFO: 2026-03-27 15:00:11,811 - Got 0 records!
INFO: 2026-03-27 15:00:11,812 - FINISHED LOOP

INFO: 2026-03-27 15:00:11,812 - STARTING LOOP
INFO: 2026-03-27 15:00:11,812 - there's no mailmerge list. Skipping for now...
INFO: 2026-03-27 15:00:11,812 - FINISHED LOOP

INFO: 2026-03-27 15:30:08,590 - STARTING LOOP
INFO: 2026-03-27 15:30:08,591 - Getting blasts quota...
INFO: 2026-03-27 15:30:08,599 - DONE!
INFO: 2026-03-27 15:30:11,071 - Processing project 2010273 - auran_nyc...
INFO: 2026-03-27 15:30:11,071 - Getting records for Mailmerge...
INFO: 2026-03-27 15:30:11,073 - Got 0 records!
INFO: 2026-03-27 15:30:12,314 - Processing project 2002111 - hlm_prison_research...
INFO: 2026-03-27 15:30:12,314 - Getting records for Mailmerge...
INFO: 2026-03-27 15:30:12,315 - Got 0 records!
INFO: 2026-03-27 15:30:12,333 - Processing project 1546582 - bigalli_hats_2...
INFO: 2026-03-27 15:30:12,333 - Getting records for Mailmerge...
INFO: 2026-03-27 15:30:12,338 - Got 0 records!
INFO: 2026-03-27 15:30:12,338 - FINISHED LOOP

INFO: 2026-03-27 15:30:12,339 - STARTING LOOP
INFO: 2026-03-27 15:30:12,339 - there's no mailmerge list. Skipping for now...
INFO: 2026-03-27 15:30:12,339 - FINISHED LOOP

INFO: 2026-03-27 16:00:08,730 - STARTING LOOP
INFO: 2026-03-27 16:00:08,731 - Getting blasts quota...
INFO: 2026-03-27 16:00:08,760 - DONE!
INFO: 2026-03-27 16:00:11,164 - Processing project 2010273 - auran_nyc...
INFO: 2026-03-27 16:00:11,165 - Getting records for Mailmerge...
INFO: 2026-03-27 16:00:11,167 - Got 0 records!
INFO: 2026-03-27 16:00:12,510 - Processing project 2002111 - hlm_prison_research...
INFO: 2026-03-27 16:00:12,511 - Getting records for Mailmerge...
INFO: 2026-03-27 16:00:12,512 - Got 0 records!
INFO: 2026-03-27 16:00:12,529 - Processing project 1546582 - bigalli_hats_2...
INFO: 2026-03-27 16:00:12,529 - Getting records for Mailmerge...
INFO: 2026-03-27 16:00:12,534 - Got 0 records!
INFO: 2026-03-27 16:00:12,534 - FINISHED LOOP

INFO: 2026-03-27 16:00:12,535 - STARTING LOOP
INFO: 2026-03-27 16:00:12,536 - there's no mailmerge list. Skipping for now...
INFO: 2026-03-27 16:00:12,536 - FINISHED LOOP

INFO: 2026-03-27 16:30:08,273 - STARTING LOOP
INFO: 2026-03-27 16:30:08,274 - Getting blasts quota...
INFO: 2026-03-27 16:30:08,287 - DONE!
INFO: 2026-03-27 16:30:10,319 - Processing project 2010273 - auran_nyc...
INFO: 2026-03-27 16:30:10,319 - Getting records for Mailmerge...
INFO: 2026-03-27 16:30:10,321 - Got 0 records!
INFO: 2026-03-27 16:30:11,675 - Processing project 2002111 - hlm_prison_research...
INFO: 2026-03-27 16:30:11,675 - Getting records for Mailmerge...
INFO: 2026-03-27 16:30:11,677 - Got 0 records!
INFO: 2026-03-27 16:30:11,695 - Processing project 1546582 - bigalli_hats_2...
INFO: 2026-03-27 16:30:11,695 - Getting records for Mailmerge...
INFO: 2026-03-27 16:30:11,699 - Got 0 records!
INFO: 2026-03-27 16:30:11,699 - FINISHED LOOP

INFO: 2026-03-27 16:30:11,699 - STARTING LOOP
INFO: 2026-03-27 16:30:11,700 - there's no mailmerge list. Skipping for now...
INFO: 2026-03-27 16:30:11,700 - FINISHED LOOP

INFO: 2026-03-27 18:00:08,193 - STARTING LOOP
INFO: 2026-03-27 18:00:08,193 - Getting blasts quota...
INFO: 2026-03-27 18:00:08,207 - DONE!
WARNING: 2026-03-27 18:00:08,207 - No projects to work on!
INFO: 2026-03-27 18:00:08,207 - FINISHED LOOP

INFO: 2026-03-27 18:00:08,207 - STARTING LOOP
INFO: 2026-03-27 18:00:08,208 - there's no mailmerge list. Skipping for now...
INFO: 2026-03-27 18:00:08,208 - FINISHED LOOP

INFO: 2026-03-27 18:30:09,658 - STARTING LOOP
INFO: 2026-03-27 18:30:09,658 - Getting blasts quota...
INFO: 2026-03-27 18:30:09,672 - DONE!
WARNING: 2026-03-27 18:30:09,673 - No projects to work on!
INFO: 2026-03-27 18:30:09,673 - FINISHED LOOP

INFO: 2026-03-27 18:30:09,673 - STARTING LOOP
INFO: 2026-03-27 18:30:09,674 - there's no mailmerge list. Skipping for now...
INFO: 2026-03-27 18:30:09,674 - FINISHED LOOP

INFO: 2026-03-27 19:00:07,682 - STARTING LOOP
INFO: 2026-03-27 19:00:07,682 - Getting blasts quota...
INFO: 2026-03-27 19:00:07,694 - DONE!
WARNING: 2026-03-27 19:00:07,694 - No projects to work on!
INFO: 2026-03-27 19:00:07,694 - FINISHED LOOP

INFO: 2026-03-27 19:00:07,694 - STARTING LOOP
INFO: 2026-03-27 19:00:07,695 - there's no mailmerge list. Skipping for now...
INFO: 2026-03-27 19:00:07,695 - FINISHED LOOP

INFO: 2026-03-27 19:04:16,550 - STARTING LOOP
INFO: 2026-03-27 19:04:16,551 - Getting blasts quota...
INFO: 2026-03-27 19:04:16,555 - DONE!
WARNING: 2026-03-27 19:04:16,555 - No projects to work on!
INFO: 2026-03-27 19:04:16,555 - FINISHED LOOP

INFO: 2026-03-27 19:04:59,788 - STARTING LOOP
INFO: 2026-03-27 19:04:59,788 - Getting blasts quota...
INFO: 2026-03-27 19:04:59,789 - DONE!
WARNING: 2026-03-27 19:04:59,789 - No projects to work on!
INFO: 2026-03-27 19:04:59,789 - FINISHED LOOP

INFO: 2026-03-27 19:05:08,910 - STARTING LOOP
INFO: 2026-03-27 19:05:08,910 - Getting blasts quota...
INFO: 2026-03-27 19:05:08,911 - DONE!
WARNING: 2026-03-27 19:05:08,911 - No projects to work on!
INFO: 2026-03-27 19:05:08,911 - FINISHED LOOP

INFO: 2026-03-27 19:06:27,481 - STARTING LOOP
INFO: 2026-03-27 19:06:27,481 - Getting blasts quota...
INFO: 2026-03-27 19:06:27,483 - DONE!
INFO: 2026-03-27 19:06:28,567 - Processing project 2010273 - auran_nyc...
INFO: 2026-03-27 19:06:28,567 - Getting records for Mailmerge...
INFO: 2026-03-27 19:07:48,943 - Got 10000 records!
INFO: 2026-03-27 19:07:49,417 - Processing project 123456 - sales...
INFO: 2026-03-27 19:07:49,417 - Getting records for Mailmerge...
INFO: 2026-03-27 19:07:49,539 - Got 0 records!
INFO: 2026-03-27 19:07:49,540 - FINISHED LOOP

INFO: 2026-03-27 19:30:07,780 - STARTING LOOP
INFO: 2026-03-27 19:30:07,781 - Getting blasts quota...
INFO: 2026-03-27 19:30:07,790 - DONE!
INFO: 2026-03-27 19:30:09,384 - Processing project 2010273 - auran_nyc...
INFO: 2026-03-27 19:30:09,384 - Getting records for Mailmerge...
INFO: 2026-03-27 19:31:50,736 - Got 10000 records!
INFO: 2026-03-27 19:31:51,440 - Processing project 123456 - sales...
INFO: 2026-03-27 19:31:51,440 - Getting records for Mailmerge...
INFO: 2026-03-27 19:31:51,633 - Got 0 records!
INFO: 2026-03-27 19:31:51,633 - FINISHED LOOP

INFO: 2026-03-27 20:00:06,800 - STARTING LOOP
INFO: 2026-03-27 20:00:06,800 - Getting blasts quota...
INFO: 2026-03-27 20:00:06,803 - DONE!
INFO: 2026-03-27 20:00:08,488 - Processing project 2010273 - auran_nyc...
INFO: 2026-03-27 20:00:08,488 - Getting records for Mailmerge...
INFO: 2026-03-27 20:07:46,369 - Got 10000 records!
INFO: 2026-03-27 20:07:47,287 - Processing project 123456 - sales...
INFO: 2026-03-27 20:07:47,288 - Getting records for Mailmerge...
INFO: 2026-03-27 20:07:47,500 - Got 0 records!
INFO: 2026-03-27 20:07:49,773 - Processing project 2010273 - auran_nyc...
INFO: 2026-03-27 20:07:49,775 - Getting records for Mailmerge...
INFO: 2026-03-27 20:09:33,723 - Got 10000 records!
INFO: 2026-03-27 20:09:34,597 - Processing project 123456 - sales...
INFO: 2026-03-27 20:09:34,598 - Getting records for Mailmerge...
INFO: 2026-03-27 20:09:34,780 - Got 0 records!
INFO: 2026-03-27 20:09:34,780 - FINISHED LOOP

INFO: 2026-03-27 20:18:21,943 - STARTING LOOP
INFO: 2026-03-27 20:18:21,943 - Getting blasts quota...
INFO: 2026-03-27 20:18:21,949 - DONE!
INFO: 2026-03-27 20:18:47,889 - STARTING LOOP
INFO: 2026-03-27 20:18:47,889 - Getting blasts quota...
INFO: 2026-03-27 20:18:47,890 - DONE!
INFO: 2026-03-27 20:18:48,884 - Processing project 2010273 - auran_nyc...
INFO: 2026-03-27 20:18:48,884 - Getting records for Mailmerge...
INFO: 2026-03-27 20:20:07,592 - Got 10000 records!
INFO: 2026-03-27 20:20:08,143 - Processing project 123456 - sales...
INFO: 2026-03-27 20:20:08,143 - Getting records for Mailmerge...
INFO: 2026-03-27 20:20:08,268 - Got 0 records!
INFO: 2026-03-27 20:20:09,197 - Processing project 2010273 - auran_nyc...
INFO: 2026-03-27 20:20:09,197 - Getting records for Mailmerge...
INFO: 2026-03-27 20:21:29,918 - Got 10000 records!
INFO: 2026-03-27 20:21:30,490 - Processing project 123456 - sales...
INFO: 2026-03-27 20:21:30,490 - Getting records for Mailmerge...
INFO: 2026-03-27 20:21:30,620 - Got 0 records!
INFO: 2026-03-27 20:21:30,620 - FINISHED LOOP

INFO: 2026-03-27 20:30:42,269 - STARTING LOOP
INFO: 2026-03-27 20:30:42,270 - Getting blasts quota...
INFO: 2026-03-27 20:30:42,278 - DONE!
INFO: 2026-03-27 20:30:44,470 - Processing project 2010273 - auran_nyc...
INFO: 2026-03-27 20:30:44,470 - Getting records for Mailmerge...
INFO: 2026-03-27 20:32:45,664 - Got 10 records!
INFO: 2026-03-27 20:32:46,564 - Processing project 123456 - sales...
INFO: 2026-03-27 20:32:46,564 - Getting records for Mailmerge...
INFO: 2026-03-27 20:32:46,757 - Got 0 records!
INFO: 2026-03-27 20:32:46,757 - FINISHED LOOP

INFO: 2026-03-27 21:00:08,111 - STARTING LOOP
INFO: 2026-03-27 21:00:08,112 - Getting blasts quota...
INFO: 2026-03-27 21:00:08,121 - DONE!
INFO: 2026-03-27 21:00:10,132 - Processing project 2010273 - auran_nyc...
INFO: 2026-03-27 21:00:10,133 - Getting records for Mailmerge...
INFO: 2026-03-27 21:00:10,134 - Got 0 records!
INFO: 2026-03-27 21:00:10,680 - Processing project 123456 - sales...
INFO: 2026-03-27 21:00:10,680 - Getting records for Mailmerge...
INFO: 2026-03-27 21:00:10,681 - Got 0 records!
INFO: 2026-03-27 21:00:10,681 - FINISHED LOOP

